game_idx,p1_label,p2_label,winner,p1_reward_sum,p2_reward_sum,episode_length,timestamp
0,dqn,heuristic,2,0.5250,1.8125,64,2026-05-31T01:37:53
1,random,dqn,2,0.2625,1.3250,64,2026-05-31T01:44:24
2,dqn,random,1,0.4625,-0.7500,64,2026-05-31T01:44:25
3,random,dqn,2,0.1875,1.4750,64,2026-05-31T01:44:25
4,dqn,random,1,0.5375,-0.6625,64,2026-05-31T01:44:27
5,random,dqn,2,0.4750,1.7000,64,2026-05-31T01:44:29
6,dqn,random,2,0.3500,1.6000,64,2026-05-31T01:44:31
7,heuristic,dqn,1,0.9500,-0.4125,64,2026-05-31T01:44:32
8,dqn,heuristic,2,0.4500,1.8375,64,2026-05-31T01:44:34
9,random,dqn,1,0.6250,-0.7375,64,2026-05-31T01:44:36
10,dqn,heuristic,1,0.9000,-0.2375,64,2026-05-31T01:44:38
11,heuristic,dqn,2,0.7375,1.9875,64,2026-05-31T01:44:40
12,dqn,random,2,0.3250,1.5875,64,2026-05-31T01:44:41
13,heuristic,dqn,1,1.3125,-0.2250,64,2026-05-31T01:44:43
14,dqn,heuristic,2,0.6500,1.8750,64,2026-05-31T01:44:45
15,random,dqn,2,0.2250,1.4625,64,2026-05-31T01:44:47
16,dqn,random,1,0.4500,-0.8000,64,2026-05-31T01:44:48
17,random,dqn,1,0.5250,-0.6625,64,2026-05-31T01:44:50
18,dqn,random,1,0.5125,-0.6250,64,2026-05-31T01:44:52
19,random,dqn,1,0.5625,-0.6250,64,2026-05-31T01:44:54
20,dqn,random,1,0.4375,-0.7375,64,2026-05-31T01:44:56
21,random,dqn,1,0.6875,-0.5875,64,2026-05-31T01:44:57
22,dqn,random,2,0.4500,1.7875,64,2026-05-31T01:44:59
23,random,dqn,1,0.6500,-0.6250,64,2026-05-31T01:45:01
24,dqn,heuristic,1,1.0500,-0.3250,64,2026-05-31T01:45:03
25,random,dqn,1,0.4500,-0.8250,64,2026-05-31T01:45:05
26,dqn,heuristic,2,0.3000,1.7000,64,2026-05-31T01:45:06
27,random,dqn,2,0.3375,1.5000,64,2026-05-31T01:45:08
28,dqn,random,1,0.6500,-0.3875,64,2026-05-31T01:45:10
29,random,dqn,2,0.4000,1.4375,64,2026-05-31T01:45:12
30,dqn,random,1,0.3875,-0.7500,64,2026-05-31T01:45:14
31,random,dqn,2,0.3375,1.4500,64,2026-05-31T01:45:16
32,dqn,random,1,0.4625,-0.7375,64,2026-05-31T01:45:17
33,random,dqn,2,0.2625,1.5000,64,2026-05-31T01:45:19
34,dqn,heuristic,2,0.5500,1.6125,64,2026-05-31T01:45:21
35,heuristic,dqn,1,1.2625,0.0500,64,2026-05-31T01:45:23
36,dqn,random,2,0.2375,1.5625,64,2026-05-31T01:45:25
37,heuristic,dqn,1,1.0625,-0.4125,64,2026-05-31T01:45:26
38,dqn,heuristic,1,0.9375,-0.1250,64,2026-05-31T01:45:28
39,random,dqn,2,0.3750,1.3625,64,2026-05-31T01:45:30
40,dqn,random,1,0.5000,-0.5750,64,2026-05-31T01:45:32
41,heuristic,dqn,1,1.3750,-0.0250,64,2026-05-31T01:45:33
42,dqn,random,1,0.6125,-0.7875,64,2026-05-31T01:45:35
43,heuristic,dqn,1,0.9500,-0.2000,64,2026-05-31T01:45:37
44,dqn,random,1,0.3750,-0.7000,64,2026-05-31T01:45:39
45,random,dqn,1,0.3625,-0.6375,64,2026-05-31T01:45:41
46,dqn,random,1,0.6125,-0.5500,64,2026-05-31T01:45:42
47,heuristic,dqn,2,0.7625,1.6000,64,2026-05-31T01:45:44
48,dqn,random,2,0.3750,1.5750,64,2026-05-31T01:45:45
49,random,dqn,2,0.3250,1.3875,64,2026-05-31T01:45:47
50,dqn,random,1,0.6750,-0.5750,64,2026-05-31T01:45:49
51,random,dqn,2,0.2750,1.6625,64,2026-05-31T01:45:51
52,dqn,random,2,0.3500,1.3375,64,2026-05-31T01:45:53
53,heuristic,dqn,2,0.7250,1.8500,64,2026-05-31T01:45:55
54,dqn,heuristic,1,0.7375,-0.6250,64,2026-05-31T01:45:56
55,random,dqn,2,0.3875,1.6125,64,2026-05-31T01:45:58
56,dqn,random,1,0.5375,-0.5875,64,2026-05-31T01:46:00
57,random,dqn,1,0.3875,-0.7250,64,2026-05-31T01:46:02
58,dqn,random,2,0.3250,1.5000,64,2026-05-31T01:46:03
59,heuristic,dqn,1,0.9000,-0.4125,64,2026-05-31T01:46:05
60,dqn,random,2,0.3000,1.7250,64,2026-05-31T01:46:07
61,heuristic,dqn,2,0.5750,1.5250,64,2026-05-31T01:46:09
62,dqn,random,1,1.1000,-0.5750,64,2026-05-31T01:46:10
63,heuristic,dqn,1,0.7750,-0.6625,64,2026-05-31T01:46:12
64,dqn,random,2,0.2625,1.5125,64,2026-05-31T01:46:14
65,random,dqn,1,0.7625,-0.6125,64,2026-05-31T01:46:16
66,dqn,random,1,0.5125,-0.6000,64,2026-05-31T01:46:18
67,random,dqn,2,0.3250,1.3500,64,2026-05-31T01:46:20
68,dqn,random,2,0.2625,1.3375,64,2026-05-31T01:46:21
69,heuristic,dqn,1,1.1625,-0.5875,64,2026-05-31T01:46:23
70,dqn,random,1,0.4750,-0.6375,64,2026-05-31T01:46:25
71,random,dqn,2,0.3625,1.4000,64,2026-05-31T01:46:27
72,dqn,random,1,0.5000,-0.6250,64,2026-05-31T01:46:28
73,random,dqn,1,0.6000,-0.6125,64,2026-05-31T01:46:30
74,dqn,random,2,0.3375,1.4625,64,2026-05-31T01:46:32
75,random,dqn,1,0.3875,-0.7375,64,2026-05-31T01:46:34
76,dqn,random,2,0.4375,1.4875,64,2026-05-31T01:46:36
77,random,dqn,1,0.6500,-0.6625,64,2026-05-31T01:46:37
78,dqn,random,2,0.3625,1.4125,64,2026-05-31T01:46:39
79,random,dqn,1,0.6875,-0.4875,64,2026-05-31T01:46:41
80,dqn,random,1,0.5625,-0.6000,64,2026-05-31T01:46:43
81,heuristic,dqn,2,0.9625,2.1125,64,2026-05-31T01:46:45
82,dqn,heuristic,1,0.8875,-0.2875,64,2026-05-31T01:46:47
83,random,dqn,2,0.3375,1.4000,64,2026-05-31T01:46:48
84,dqn,random,1,0.4625,-0.6000,64,2026-05-31T01:46:50
85,random,dqn,1,0.6250,-0.6500,64,2026-05-31T01:46:52
86,dqn,random,1,0.6875,-0.8125,64,2026-05-31T01:46:53
87,heuristic,dqn,2,0.7875,1.9000,64,2026-05-31T01:46:55
88,dqn,random,2,0.4625,1.4875,64,2026-05-31T01:46:57
89,random,dqn,2,0.3250,1.6625,64,2026-05-31T01:46:59
90,dqn,random,2,0.2500,1.4125,64,2026-05-31T01:47:00
91,random,dqn,2,0.3875,1.4375,64,2026-05-31T01:47:02
92,dqn,heuristic,2,0.6000,1.7875,64,2026-05-31T01:47:04
93,random,dqn,2,0.3250,1.7750,64,2026-05-31T01:47:06
94,dqn,heuristic,2,0.7000,1.7250,64,2026-05-31T01:47:07
95,heuristic,dqn,1,0.6750,-0.7000,64,2026-05-31T01:47:09
96,dqn,random,2,0.2625,1.5250,64,2026-05-31T01:47:11
97,random,dqn,2,0.2250,1.4625,64,2026-05-31T01:47:13
98,dqn,random,1,0.9875,-0.7625,64,2026-05-31T01:47:15
99,heuristic,dqn,2,0.5625,1.7375,64,2026-05-31T01:47:17
100,dqn,heuristic,2,0.6750,1.8625,64,2026-05-31T01:47:18
101,random,dqn,2,0.3250,2.0500,64,2026-05-31T01:53:34
102,dqn,random,2,0.3125,1.5125,64,2026-05-31T01:53:35
103,heuristic,dqn,1,0.8500,-0.2500,64,2026-05-31T01:53:37
104,dqn,random,2,0.3375,1.5750,64,2026-05-31T01:53:39
105,heuristic,dqn,1,1.0250,-0.3500,64,2026-05-31T01:53:41
106,dqn,random,2,0.1875,1.2875,64,2026-05-31T01:53:43
107,random,dqn,2,0.3375,1.3000,64,2026-05-31T01:53:44
108,dqn,random,2,0.4000,1.4125,64,2026-05-31T01:53:46
109,random,dqn,2,0.2625,1.3625,64,2026-05-31T01:53:48
110,dqn,heuristic,1,0.8250,-0.2375,64,2026-05-31T01:53:50
111,heuristic,dqn,1,1.2375,0.0375,64,2026-05-31T01:53:52
112,dqn,heuristic,1,1.0750,-0.1750,64,2026-05-31T01:53:53
113,random,dqn,1,0.5625,-0.4750,64,2026-05-31T01:53:55
114,dqn,heuristic,2,0.9000,2.0000,64,2026-05-31T01:53:57
115,random,dqn,2,0.4250,1.4375,64,2026-05-31T01:53:59
116,dqn,heuristic,2,0.7125,1.7750,64,2026-05-31T01:54:00
117,random,dqn,2,0.4000,1.4625,64,2026-05-31T01:54:02
118,dqn,random,2,0.4125,1.4000,64,2026-05-31T01:54:04
119,heuristic,dqn,2,0.6750,1.5000,64,2026-05-31T01:54:06
120,dqn,random,2,0.4625,1.4625,64,2026-05-31T01:54:08
121,heuristic,dqn,1,0.8500,-0.3875,64,2026-05-31T01:54:09
122,dqn,random,2,0.4000,1.4875,64,2026-05-31T01:54:11
123,random,dqn,1,0.5375,-0.7250,64,2026-05-31T01:54:13
124,dqn,random,1,0.4250,-0.7125,64,2026-05-31T01:54:15
125,random,dqn,1,0.5625,-0.7750,64,2026-05-31T01:54:17
126,dqn,random,2,0.2000,1.3500,64,2026-05-31T01:54:19
127,random,dqn,2,0.2375,1.2625,64,2026-05-31T01:54:21
128,dqn,random,1,0.5625,-0.5875,64,2026-05-31T01:54:23
129,heuristic,dqn,1,0.3625,-0.8500,64,2026-05-31T01:54:25
130,dqn,random,1,0.6875,-0.8375,64,2026-05-31T01:54:27
131,heuristic,dqn,2,0.4625,1.5250,64,2026-05-31T01:54:29
132,dqn,heuristic,1,0.5500,-0.6125,64,2026-05-31T01:54:31
133,heuristic,dqn,1,0.8250,-0.3875,64,2026-05-31T01:54:32
134,dqn,random,1,0.4875,-0.6500,64,2026-05-31T01:54:34
135,heuristic,dqn,1,1.2750,-0.2375,64,2026-05-31T01:54:36
136,dqn,heuristic,1,0.9250,-0.4000,64,2026-05-31T01:54:37
137,random,dqn,1,0.6875,-0.6750,64,2026-05-31T01:54:39
138,dqn,heuristic,1,0.6125,-0.4375,64,2026-05-31T01:54:41
139,heuristic,dqn,1,1.0750,-0.4000,64,2026-05-31T01:54:43
140,dqn,heuristic,2,1.0125,2.1375,64,2026-05-31T01:54:44
141,random,dqn,1,0.4500,-0.6125,64,2026-05-31T01:54:46
142,dqn,random,2,0.3375,1.5000,64,2026-05-31T01:54:48
143,heuristic,dqn,2,0.4750,1.4875,64,2026-05-31T01:54:49
144,dqn,heuristic,2,0.7125,1.7625,64,2026-05-31T01:54:51
145,random,dqn,1,0.4750,-0.7125,64,2026-05-31T01:54:53
146,dqn,random,2,0.3125,1.5250,64,2026-05-31T01:54:55
147,random,dqn,1,0.5375,-0.6500,64,2026-05-31T01:54:57
148,dqn,random,2,0.3875,1.4875,64,2026-05-31T01:54:58
149,random,dqn,2,0.3500,1.4250,64,2026-05-31T01:55:00
150,dqn,random,1,0.4250,-0.6000,64,2026-05-31T01:55:02
151,random,dqn,2,0.3125,1.5500,64,2026-05-31T01:55:04
152,dqn,random,2,0.1875,1.2625,64,2026-05-31T01:55:06
153,random,dqn,1,0.5125,-0.6875,64,2026-05-31T01:55:07
154,dqn,random,2,0.3000,1.3125,64,2026-05-31T01:55:09
155,heuristic,dqn,2,0.9750,1.9625,64,2026-05-31T01:55:11
156,dqn,random,1,0.5250,-0.6500,64,2026-05-31T01:55:12
157,random,dqn,2,0.4625,1.6125,64,2026-05-31T01:55:14
158,dqn,random,2,0.2625,1.8625,64,2026-05-31T01:55:16
159,random,dqn,1,0.6125,-0.7250,64,2026-05-31T01:55:18
160,dqn,random,1,0.4500,-0.7625,64,2026-05-31T01:55:20
161,random,dqn,1,0.7125,-0.6250,64,2026-05-31T01:55:22
162,dqn,heuristic,2,0.6125,1.7750,64,2026-05-31T01:55:24
163,heuristic,dqn,2,0.8000,1.7125,64,2026-05-31T01:55:25
164,dqn,heuristic,2,0.6750,2.0250,64,2026-05-31T01:55:27
165,heuristic,dqn,1,0.8375,-0.3875,64,2026-05-31T01:55:29
166,dqn,heuristic,1,0.9875,-0.2500,64,2026-05-31T01:55:31
167,random,dqn,2,0.2875,1.6000,64,2026-05-31T01:55:33
168,dqn,random,2,0.3375,1.3500,64,2026-05-31T01:55:35
169,random,dqn,2,0.4250,1.5000,64,2026-05-31T01:55:37
170,dqn,random,2,0.4125,1.3875,64,2026-05-31T01:55:39
171,heuristic,dqn,1,0.9500,-0.3000,64,2026-05-31T01:55:41
172,dqn,heuristic,1,0.5875,-0.5875,64,2026-05-31T01:55:43
173,random,dqn,1,0.4625,-0.6500,64,2026-05-31T01:55:45
174,dqn,random,2,0.1875,1.4000,64,2026-05-31T01:55:47
175,random,dqn,2,0.3875,1.4875,64,2026-05-31T01:55:49
176,dqn,random,2,0.3875,1.3375,64,2026-05-31T01:55:51
177,random,dqn,2,0.2500,1.3250,64,2026-05-31T01:55:52
178,dqn,heuristic,1,0.7500,-0.3375,64,2026-05-31T01:55:54
179,random,dqn,1,0.7500,-0.4500,64,2026-05-31T01:55:56
180,dqn,heuristic,2,1.0875,2.2375,64,2026-05-31T01:55:58
181,heuristic,dqn,2,0.5000,1.5000,64,2026-05-31T01:55:59
182,dqn,heuristic,2,0.8875,1.9500,64,2026-05-31T01:56:01
183,random,dqn,2,0.3125,1.5500,64,2026-05-31T01:56:03
184,dqn,random,2,0.6375,1.7125,64,2026-05-31T01:56:04
185,random,dqn,1,0.5875,-0.6125,64,2026-05-31T01:56:06
186,dqn,random,1,0.3875,-0.7125,64,2026-05-31T01:56:08
187,random,dqn,1,0.7625,-0.4875,64,2026-05-31T01:56:10
188,dqn,heuristic,1,1.2125,0.0375,64,2026-05-31T01:56:12
189,heuristic,dqn,1,0.8125,-0.4250,64,2026-05-31T01:56:13
190,dqn,heuristic,2,0.9500,2.2000,64,2026-05-31T01:56:15
191,random,dqn,1,0.3250,-0.6750,64,2026-05-31T01:56:17
192,dqn,random,1,0.6125,-0.6125,64,2026-05-31T01:56:19
193,random,dqn,2,0.2625,1.5875,64,2026-05-31T01:56:21
194,dqn,random,2,0.2750,1.6000,64,2026-05-31T01:56:23
195,heuristic,dqn,2,0.8250,1.8125,64,2026-05-31T01:56:25
196,dqn,random,1,0.5375,-0.7250,64,2026-05-31T01:56:26
197,random,dqn,2,0.2750,1.4000,64,2026-05-31T01:56:28
198,dqn,random,2,0.5500,1.5625,64,2026-05-31T01:56:30
199,heuristic,dqn,1,1.0625,-0.2125,64,2026-05-31T01:56:31
200,dqn,heuristic,1,0.7500,-0.3750,64,2026-05-31T01:56:33
201,heuristic,dqn,1,1.2125,-0.1750,64,2026-05-31T02:02:56
202,dqn,random,2,0.3375,1.3625,64,2026-05-31T02:02:58
203,random,dqn,2,0.4125,1.3875,64,2026-05-31T02:03:00
204,dqn,random,2,0.3500,1.4500,64,2026-05-31T02:03:01
205,random,dqn,2,0.3250,1.7750,64,2026-05-31T02:03:03
206,dqn,random,1,0.6250,-0.8125,64,2026-05-31T02:03:05
207,random,dqn,1,0.5250,-0.6250,64,2026-05-31T02:03:07
208,dqn,random,2,0.4500,1.4625,64,2026-05-31T02:03:09
209,random,dqn,1,0.5750,-0.5875,64,2026-05-31T02:03:11
210,dqn,random,2,0.3625,1.4625,64,2026-05-31T02:03:13
211,random,dqn,1,0.3625,-0.6500,64,2026-05-31T02:03:15
212,dqn,random,2,0.1375,1.4000,64,2026-05-31T02:03:17
213,random,dqn,2,0.5375,1.5625,64,2026-05-31T02:03:18
214,dqn,random,2,0.4750,1.8125,64,2026-05-31T02:03:20
215,heuristic,dqn,1,0.7750,-0.5375,64,2026-05-31T02:03:22
216,dqn,random,2,0.2375,1.3375,64,2026-05-31T02:03:24
217,heuristic,dqn,1,0.8750,-0.5125,64,2026-05-31T02:03:26
218,dqn,random,2,0.2625,1.4750,64,2026-05-31T02:03:28
219,heuristic,dqn,2,0.7125,1.7125,64,2026-05-31T02:03:29
220,dqn,random,1,0.5250,-0.5875,64,2026-05-31T02:03:31
221,random,dqn,1,0.6750,-0.7125,64,2026-05-31T02:03:33
222,dqn,random,2,0.3500,1.4125,64,2026-05-31T02:03:35
223,random,dqn,1,0.6000,-0.4750,64,2026-05-31T02:03:37
224,dqn,random,2,0.5000,1.5250,64,2026-05-31T02:03:39
225,heuristic,dqn,2,1.0500,2.1500,64,2026-05-31T02:03:41
226,dqn,random,1,0.5375,-0.7125,64,2026-05-31T02:03:43
227,heuristic,dqn,1,0.7875,-0.4125,64,2026-05-31T02:03:45
228,dqn,random,1,0.5750,-0.6250,64,2026-05-31T02:03:46
229,heuristic,dqn,2,0.7625,1.9375,64,2026-05-31T02:03:48
230,dqn,random,1,0.7000,-0.4750,64,2026-05-31T02:03:50
231,random,dqn,2,0.4125,1.5875,64,2026-05-31T02:03:52
232,dqn,heuristic,2,0.7375,1.8250,64,2026-05-31T02:03:54
233,random,dqn,2,0.4500,1.6500,64,2026-05-31T02:03:56
234,dqn,heuristic,2,0.6500,1.6875,64,2026-05-31T02:03:58
235,random,dqn,1,0.6000,-0.5375,64,2026-05-31T02:03:59
236,dqn,random,2,0.3125,1.4250,64,2026-05-31T02:04:01
237,random,dqn,1,0.4125,-0.6500,64,2026-05-31T02:04:04
238,dqn,random,2,0.2750,1.3750,64,2026-05-31T02:04:05
239,heuristic,dqn,1,0.6375,-0.5000,64,2026-05-31T02:04:07
240,dqn,random,2,0.4875,1.5250,64,2026-05-31T02:04:09
241,heuristic,dqn,1,0.9125,-0.2625,64,2026-05-31T02:04:10
242,dqn,heuristic,2,0.8875,1.9250,64,2026-05-31T02:04:12
243,random,dqn,1,0.3500,-0.8000,64,2026-05-31T02:04:14
244,dqn,heuristic,2,0.6875,1.7750,64,2026-05-31T02:04:16
245,random,dqn,1,0.4125,-0.6750,64,2026-05-31T02:04:18
246,dqn,random,1,0.4375,-0.8000,64,2026-05-31T02:04:20
247,heuristic,dqn,2,0.7000,1.7500,64,2026-05-31T02:04:22
248,dqn,random,2,0.4625,1.4000,64,2026-05-31T02:04:23
249,random,dqn,2,0.4000,1.4000,64,2026-05-31T02:04:25
250,dqn,random,1,0.5000,-0.7250,64,2026-05-31T02:04:27
251,random,dqn,2,0.3625,1.4500,64,2026-05-31T02:04:29
252,dqn,heuristic,2,0.5500,1.7500,64,2026-05-31T02:04:31
253,heuristic,dqn,2,0.7750,1.8375,64,2026-05-31T02:04:32
254,dqn,heuristic,2,0.7750,1.9500,64,2026-05-31T02:04:34
255,random,dqn,2,0.5750,1.5500,64,2026-05-31T02:04:36
256,dqn,random,1,0.3000,-0.7750,64,2026-05-31T02:04:38
257,random,dqn,1,0.4875,-0.5750,64,2026-05-31T02:04:40
258,dqn,random,1,0.4875,-0.7125,64,2026-05-31T02:04:41
259,random,dqn,1,0.4125,-0.6375,64,2026-05-31T02:04:43
260,dqn,random,1,0.5125,-0.6875,64,2026-05-31T02:04:45
261,random,dqn,1,0.6250,-0.6250,64,2026-05-31T02:04:47
262,dqn,random,2,0.5125,1.5000,64,2026-05-31T02:04:49
263,random,dqn,2,0.4375,1.3250,64,2026-05-31T02:04:51
264,dqn,random,2,0.2500,1.3250,64,2026-05-31T02:04:53
265,random,dqn,1,0.4625,-0.6500,64,2026-05-31T02:04:55
266,dqn,random,1,0.5375,-0.8375,64,2026-05-31T02:04:57
267,heuristic,dqn,1,0.6000,-0.5375,64,2026-05-31T02:04:59
268,dqn,heuristic,2,0.6500,1.6875,64,2026-05-31T02:05:00
269,heuristic,dqn,2,0.7625,1.7250,64,2026-05-31T02:05:02
270,dqn,random,2,0.4250,1.4125,64,2026-05-31T02:05:04
271,random,dqn,2,0.3000,1.3500,64,2026-05-31T02:05:06
272,dqn,heuristic,1,0.3750,-0.6500,64,2026-05-31T02:05:08
273,random,dqn,1,0.4250,-0.6125,64,2026-05-31T02:05:10
274,dqn,heuristic,2,0.8375,1.8625,64,2026-05-31T02:05:12
275,heuristic,dqn,1,0.9500,-0.1750,64,2026-05-31T02:05:14
276,dqn,random,2,0.1875,1.4125,64,2026-05-31T02:05:16
277,random,dqn,1,0.6000,-0.5125,64,2026-05-31T02:05:18
278,dqn,random,1,0.6750,-0.7125,64,2026-05-31T02:05:19
279,random,dqn,1,0.6250,-0.7000,64,2026-05-31T02:05:21
280,dqn,random,1,0.3875,-0.6875,64,2026-05-31T02:05:23
281,random,dqn,2,0.4750,1.7000,64,2026-05-31T02:05:25
282,dqn,random,2,0.3875,1.4625,64,2026-05-31T02:05:27
283,random,dqn,2,0.4625,1.5625,64,2026-05-31T02:05:29
284,dqn,heuristic,2,0.5500,1.7750,64,2026-05-31T02:05:31
285,random,dqn,1,0.4750,-0.7125,64,2026-05-31T02:05:33
286,dqn,random,1,0.5500,-0.5625,64,2026-05-31T02:05:34
287,random,dqn,1,0.4875,-0.6875,64,2026-05-31T02:05:36
288,dqn,random,2,0.3875,1.3125,64,2026-05-31T02:05:38
289,random,dqn,2,0.5375,1.6375,64,2026-05-31T02:05:40
290,dqn,random,1,0.4750,-0.8500,64,2026-05-31T02:05:42
291,random,dqn,2,0.3250,1.6000,64,2026-05-31T02:05:44
292,dqn,heuristic,1,0.8875,-0.2375,64,2026-05-31T02:05:46
293,random,dqn,1,0.6250,-0.6625,64,2026-05-31T02:05:48
294,dqn,random,2,0.5250,1.4625,64,2026-05-31T02:05:50
295,heuristic,dqn,2,1.0375,2.0500,64,2026-05-31T02:05:51
296,dqn,random,1,0.5375,-0.7375,64,2026-05-31T02:05:53
297,heuristic,dqn,1,0.7875,-0.5750,64,2026-05-31T02:05:55
298,dqn,random,2,0.4750,1.4750,64,2026-05-31T02:05:57
299,random,dqn,1,0.4250,-0.8375,64,2026-05-31T02:05:59
300,dqn,heuristic,2,0.7250,1.8125,64,2026-05-31T02:06:01
301,random,dqn,2,0.3875,1.6750,64,2026-05-31T02:12:25
302,dqn,random,1,0.4375,-0.6125,64,2026-05-31T02:12:26
303,random,dqn,2,0.3750,1.4625,64,2026-05-31T02:12:28
304,dqn,heuristic,1,0.6625,-0.4125,64,2026-05-31T02:12:30
305,random,dqn,1,0.6625,-0.6875,64,2026-05-31T02:12:32
306,dqn,heuristic,1,0.8125,-0.5750,64,2026-05-31T02:12:34
307,heuristic,dqn,1,0.5250,-0.6750,64,2026-05-31T02:12:36
308,dqn,heuristic,1,0.8125,-0.3125,64,2026-05-31T02:12:37
309,random,dqn,2,0.3500,1.5500,64,2026-05-31T02:12:39
310,dqn,random,2,0.3500,1.6500,64,2026-05-31T02:12:41
311,random,dqn,2,0.3750,1.5875,64,2026-05-31T02:12:43
312,dqn,heuristic,1,0.9625,-0.1000,64,2026-05-31T02:12:45
313,heuristic,dqn,2,0.6625,1.8125,64,2026-05-31T02:12:46
314,dqn,random,2,0.2250,1.5625,64,2026-05-31T02:12:48
315,random,dqn,1,0.6875,-0.7125,64,2026-05-31T02:12:50
316,dqn,random,1,0.6875,-0.4875,64,2026-05-31T02:12:52
317,random,dqn,2,0.4125,1.5250,64,2026-05-31T02:12:54
318,dqn,random,1,0.6625,-0.4875,64,2026-05-31T02:12:55
319,random,dqn,2,0.2250,1.6000,64,2026-05-31T02:12:57
320,dqn,random,1,0.4125,-0.7375,64,2026-05-31T02:12:59
321,random,dqn,2,0.5500,1.6000,64,2026-05-31T02:13:01
322,dqn,random,1,0.5250,-0.6625,64,2026-05-31T02:13:03
323,random,dqn,1,0.5875,-0.5500,64,2026-05-31T02:13:05
324,dqn,heuristic,2,0.4750,1.5875,64,2026-05-31T02:13:06
325,random,dqn,2,0.3375,1.4250,64,2026-05-31T02:13:08
326,dqn,heuristic,1,1.0250,0.0125,64,2026-05-31T02:13:10
327,random,dqn,1,0.5625,-0.5000,64,2026-05-31T02:13:12
328,dqn,random,1,0.6125,-0.7375,64,2026-05-31T02:13:14
329,random,dqn,1,0.5500,-0.7250,64,2026-05-31T02:13:16
330,dqn,random,2,0.4625,1.7250,64,2026-05-31T02:13:18
331,random,dqn,1,0.6500,-0.7250,64,2026-05-31T02:13:20
332,dqn,random,2,0.3125,1.4500,64,2026-05-31T02:13:22
333,heuristic,dqn,1,0.7500,-0.3250,64,2026-05-31T02:13:23
334,dqn,heuristic,1,0.9375,-0.2375,64,2026-05-31T02:13:25
335,random,dqn,1,0.4500,-0.6875,64,2026-05-31T02:13:27
336,dqn,random,2,0.2375,1.4250,64,2026-05-31T02:13:29
337,random,dqn,1,0.6250,-0.5750,64,2026-05-31T02:13:31
338,dqn,random,1,0.8875,-0.5625,64,2026-05-31T02:13:33
339,heuristic,dqn,2,0.6125,1.5750,64,2026-05-31T02:13:35
340,dqn,random,1,0.6375,-0.7000,64,2026-05-31T02:13:37
341,random,dqn,1,0.5000,-0.7375,64,2026-05-31T02:13:39
342,dqn,heuristic,2,0.6500,2.1625,64,2026-05-31T02:13:41
343,random,dqn,1,0.4250,-0.8000,64,2026-05-31T02:13:43
344,dqn,random,1,0.4250,-0.6875,64,2026-05-31T02:13:45
345,random,dqn,2,0.3125,1.4625,64,2026-05-31T02:13:47
346,dqn,random,1,0.6250,-0.5500,64,2026-05-31T02:13:49
347,heuristic,dqn,2,0.9500,1.7625,64,2026-05-31T02:13:50
348,dqn,heuristic,1,0.8375,-0.1750,64,2026-05-31T02:13:52
349,random,dqn,1,0.5375,-0.5500,64,2026-05-31T02:13:54
350,dqn,random,1,0.7000,-0.7375,64,2026-05-31T02:13:56
351,random,dqn,2,0.3750,1.3625,64,2026-05-31T02:13:58
352,dqn,random,2,0.5250,1.5875,64,2026-05-31T02:14:00
353,random,dqn,2,0.3750,1.5750,64,2026-05-31T02:14:02
354,dqn,random,2,0.3875,1.2625,64,2026-05-31T02:14:04
355,random,dqn,1,0.6125,-0.6875,64,2026-05-31T02:14:06
356,dqn,random,2,0.4375,1.4500,64,2026-05-31T02:14:08
357,random,dqn,1,0.5375,-0.5625,64,2026-05-31T02:14:10
358,dqn,random,1,0.6500,-0.8250,64,2026-05-31T02:14:12
359,heuristic,dqn,2,0.6750,1.9750,64,2026-05-31T02:14:14
360,dqn,random,2,0.4250,1.4625,64,2026-05-31T02:14:15
361,heuristic,dqn,1,0.8125,-0.5375,64,2026-05-31T02:14:17
362,dqn,random,1,0.4750,-0.7000,64,2026-05-31T02:14:19
363,random,dqn,2,0.6000,1.5500,64,2026-05-31T02:14:21
364,dqn,random,2,0.4250,1.5375,64,2026-05-31T02:14:23
365,random,dqn,2,0.3375,1.3750,64,2026-05-31T02:14:25
366,dqn,heuristic,2,0.8500,2.0125,64,2026-05-31T02:14:27
367,random,dqn,2,0.2500,1.6250,64,2026-05-31T02:14:28
368,dqn,heuristic,2,1.0250,2.1125,64,2026-05-31T02:14:30
369,random,dqn,2,0.4875,1.5125,64,2026-05-31T02:14:32
370,dqn,random,2,0.3375,1.5250,64,2026-05-31T02:14:34
371,random,dqn,2,0.4875,1.4125,64,2026-05-31T02:14:36
372,dqn,random,2,0.5625,1.4625,64,2026-05-31T02:14:38
373,random,dqn,1,0.6500,-0.7000,64,2026-05-31T02:14:40
374,dqn,heuristic,2,0.5125,1.8375,64,2026-05-31T02:14:42
375,random,dqn,1,0.7500,-0.2875,64,2026-05-31T02:14:44
376,dqn,heuristic,2,0.7750,2.1375,64,2026-05-31T02:14:45
377,random,dqn,2,0.3250,1.3875,64,2026-05-31T02:14:47
378,dqn,random,1,0.5750,-0.7250,64,2026-05-31T02:14:49
379,random,dqn,1,0.9625,-0.7375,64,2026-05-31T02:14:51
380,dqn,random,2,0.3750,1.3750,64,2026-05-31T02:14:53
381,random,dqn,2,0.4125,1.7000,64,2026-05-31T02:14:55
382,dqn,random,2,0.3375,1.5875,64,2026-05-31T02:14:57
383,random,dqn,1,0.6250,-0.5875,64,2026-05-31T02:14:59
384,dqn,random,1,0.4125,-0.7625,64,2026-05-31T02:15:01
385,random,dqn,1,0.6500,-0.7625,64,2026-05-31T02:15:03
386,dqn,random,1,0.4125,-0.6625,64,2026-05-31T02:15:04
387,heuristic,dqn,1,0.8125,-0.5250,64,2026-05-31T02:15:06
388,dqn,heuristic,2,0.9000,1.9625,64,2026-05-31T02:15:08
389,random,dqn,2,0.2250,1.6625,64,2026-05-31T02:15:10
390,dqn,random,1,0.4750,-0.6250,64,2026-05-31T02:15:11
391,heuristic,dqn,2,0.7500,1.9250,64,2026-05-31T02:15:13
392,dqn,random,2,0.3375,1.5500,64,2026-05-31T02:15:15
393,random,dqn,2,0.3125,1.5750,64,2026-05-31T02:15:17
394,dqn,heuristic,2,0.6250,1.7750,64,2026-05-31T02:15:19
395,random,dqn,1,0.4625,-0.7000,64,2026-05-31T02:15:21
396,dqn,random,1,0.5125,-0.5125,64,2026-05-31T02:15:23
397,heuristic,dqn,1,1.0750,-0.4500,64,2026-05-31T02:15:24
398,dqn,heuristic,2,0.8375,2.1000,64,2026-05-31T02:15:26
399,random,dqn,2,0.5500,1.5500,64,2026-05-31T02:15:28
400,dqn,random,1,0.7375,-0.5000,64,2026-05-31T02:15:30
401,random,dqn,2,0.5125,1.5250,64,2026-05-31T02:21:53
402,dqn,random,1,0.4000,-0.7625,64,2026-05-31T02:21:55
403,heuristic,dqn,1,0.8000,-0.2875,64,2026-05-31T02:21:57
404,dqn,random,1,0.4750,-0.6125,64,2026-05-31T02:21:59
405,random,dqn,2,0.3875,1.4000,64,2026-05-31T02:22:01
406,dqn,heuristic,2,0.6500,2.0750,64,2026-05-31T02:22:03
407,random,dqn,1,0.4875,-0.6375,64,2026-05-31T02:22:04
408,dqn,heuristic,1,1.0375,-0.0750,64,2026-05-31T02:22:06
409,random,dqn,1,0.5250,-0.7000,64,2026-05-31T02:22:08
410,dqn,heuristic,2,0.5875,1.9125,64,2026-05-31T02:22:10
411,heuristic,dqn,2,0.6750,1.6000,64,2026-05-31T02:22:12
412,dqn,heuristic,1,0.9375,-0.2625,64,2026-05-31T02:22:14
413,random,dqn,1,0.3500,-0.7250,64,2026-05-31T02:22:16
414,dqn,heuristic,2,0.7625,1.9375,64,2026-05-31T02:22:18
415,random,dqn,2,0.2625,1.5375,64,2026-05-31T02:22:20
416,dqn,random,2,0.5250,1.6375,64,2026-05-31T02:22:22
417,random,dqn,1,0.4500,-0.7125,64,2026-05-31T02:22:23
418,dqn,random,1,0.3750,-0.7375,64,2026-05-31T02:22:25
419,heuristic,dqn,1,0.9375,-0.3625,64,2026-05-31T02:22:27
420,dqn,random,1,0.6250,-0.7500,64,2026-05-31T02:22:29
421,random,dqn,2,0.3750,1.4250,64,2026-05-31T02:22:31
422,dqn,heuristic,1,0.8250,-0.4625,64,2026-05-31T02:22:33
423,heuristic,dqn,2,1.0125,2.0625,64,2026-05-31T02:22:35
424,dqn,random,1,0.4000,-0.7750,64,2026-05-31T02:22:36
425,heuristic,dqn,1,1.3875,-0.1750,64,2026-05-31T02:22:38
426,dqn,random,2,0.1750,1.3750,64,2026-05-31T02:22:40
427,random,dqn,1,0.7250,-0.5875,64,2026-05-31T02:22:42
428,dqn,heuristic,1,0.8000,-0.4500,64,2026-05-31T02:22:44
429,random,dqn,2,0.3875,1.4750,64,2026-05-31T02:22:46
430,dqn,random,1,0.6000,-0.5000,64,2026-05-31T02:22:48
431,random,dqn,1,0.4500,-0.6375,64,2026-05-31T02:22:50
432,dqn,random,2,0.3375,1.3625,64,2026-05-31T02:22:52
433,random,dqn,1,0.5375,-0.7000,64,2026-05-31T02:22:53
434,dqn,heuristic,1,0.9375,-0.2250,64,2026-05-31T02:22:55
435,heuristic,dqn,2,0.9625,1.9000,64,2026-05-31T02:22:57
436,dqn,heuristic,1,1.1375,-0.2500,64,2026-05-31T02:22:59
437,random,dqn,2,0.2750,1.4125,64,2026-05-31T02:23:01
438,dqn,heuristic,1,0.8750,-0.3375,64,2026-05-31T02:23:03
439,random,dqn,2,0.5000,1.5125,64,2026-05-31T02:23:05
440,dqn,heuristic,2,0.7125,1.7500,64,2026-05-31T02:23:07
441,random,dqn,1,0.4375,-0.6750,64,2026-05-31T02:23:09
442,dqn,heuristic,1,1.0250,-0.3750,64,2026-05-31T02:23:12
443,random,dqn,1,0.7125,-0.6500,64,2026-05-31T02:23:14
444,dqn,random,1,0.5875,-0.7125,64,2026-05-31T02:23:16
445,random,dqn,2,0.4000,1.4750,64,2026-05-31T02:23:17
446,dqn,heuristic,2,0.5750,1.7125,64,2026-05-31T02:23:19
447,random,dqn,1,0.5875,-0.7875,64,2026-05-31T02:23:21
448,dqn,heuristic,1,1.1000,-0.1375,64,2026-05-31T02:23:23
449,heuristic,dqn,1,0.6750,-0.4625,64,2026-05-31T02:23:26
450,dqn,random,1,0.3250,-0.8000,64,2026-05-31T02:23:28
451,random,dqn,2,0.6250,1.4750,64,2026-05-31T02:23:30
452,dqn,heuristic,1,1.0250,-0.2625,64,2026-05-31T02:23:32
453,random,dqn,2,0.4750,1.4500,64,2026-05-31T02:23:34
454,dqn,random,2,0.4250,1.7500,64,2026-05-31T02:23:36
455,heuristic,dqn,2,0.6875,1.6750,64,2026-05-31T02:23:38
456,dqn,random,1,0.6625,-0.4750,64,2026-05-31T02:23:39
457,random,dqn,1,0.4875,-0.6000,64,2026-05-31T02:23:41
458,dqn,random,2,0.2000,1.3500,64,2026-05-31T02:23:44
459,random,dqn,2,0.4000,1.3375,64,2026-05-31T02:23:46
460,dqn,random,1,0.7875,-0.5375,64,2026-05-31T02:23:47
461,random,dqn,1,0.5125,-0.7125,64,2026-05-31T02:23:49
462,dqn,random,1,0.5500,-0.8625,64,2026-05-31T02:23:51
463,random,dqn,1,0.5625,-0.8625,64,2026-05-31T02:23:53
464,dqn,random,2,0.3875,1.6125,64,2026-05-31T02:23:55
465,random,dqn,1,0.6250,-0.6125,64,2026-05-31T02:23:57
466,dqn,random,1,0.6125,-0.8500,64,2026-05-31T02:23:59
467,random,dqn,1,0.5125,-0.7625,64,2026-05-31T02:24:01
468,dqn,heuristic,2,0.8750,1.9500,64,2026-05-31T02:24:03
469,heuristic,dqn,2,0.4875,1.9375,64,2026-05-31T02:24:04
470,dqn,random,2,0.3625,1.3875,64,2026-05-31T02:24:06
471,random,dqn,1,0.3875,-0.6125,64,2026-05-31T02:24:08
472,dqn,random,1,0.6500,-0.6875,64,2026-05-31T02:24:10
473,heuristic,dqn,1,0.7750,-0.5125,64,2026-05-31T02:24:12
474,dqn,random,1,0.6000,-0.7250,64,2026-05-31T02:24:14
475,random,dqn,1,0.3375,-0.8125,64,2026-05-31T02:24:16
476,dqn,random,1,0.5125,-0.5625,64,2026-05-31T02:24:18
477,heuristic,dqn,1,0.7625,-0.4000,64,2026-05-31T02:24:20
478,dqn,random,2,0.3500,1.5250,64,2026-05-31T02:24:22
479,random,dqn,2,0.5125,1.6125,64,2026-05-31T02:24:24
480,dqn,random,2,0.2000,1.6125,64,2026-05-31T02:24:25
481,random,dqn,2,0.3625,1.5250,64,2026-05-31T02:24:27
482,dqn,random,2,0.4375,1.4500,64,2026-05-31T02:24:29
483,random,dqn,1,0.4750,-0.7000,64,2026-05-31T02:24:31
484,dqn,random,2,0.3250,1.3875,64,2026-05-31T02:24:33
485,heuristic,dqn,1,0.7750,-0.3625,64,2026-05-31T02:24:35
486,dqn,random,1,0.4375,-0.7375,64,2026-05-31T02:24:37
487,heuristic,dqn,2,0.5250,1.5625,64,2026-05-31T02:24:39
488,dqn,random,1,0.7625,-0.3625,64,2026-05-31T02:24:41
489,random,dqn,1,0.5375,-0.7250,64,2026-05-31T02:24:43
490,dqn,heuristic,1,0.8625,-0.3625,64,2026-05-31T02:24:44
491,heuristic,dqn,2,0.8125,1.7500,64,2026-05-31T02:24:46
492,dqn,heuristic,1,0.6500,-0.5000,64,2026-05-31T02:24:48
493,heuristic,dqn,1,1.1500,-0.1625,64,2026-05-31T02:24:50
494,dqn,heuristic,1,0.6875,-0.5250,64,2026-05-31T02:24:52
495,random,dqn,2,0.4125,1.4375,64,2026-05-31T02:24:53
496,dqn,random,1,0.4375,-0.6500,64,2026-05-31T02:24:55
497,random,dqn,2,0.5125,1.4750,64,2026-05-31T02:24:57
498,dqn,random,2,0.3125,1.4000,64,2026-05-31T02:24:59
499,random,dqn,2,0.4250,1.4750,64,2026-05-31T02:25:01
500,dqn,random,2,0.5125,1.8250,64,2026-05-31T02:25:03
501,heuristic,dqn,2,0.6750,1.7375,64,2026-05-31T02:31:37
502,dqn,heuristic,2,0.4750,1.5000,64,2026-05-31T02:31:39
503,random,dqn,2,0.6000,1.5250,64,2026-05-31T02:31:41
504,dqn,heuristic,2,1.0500,2.0375,64,2026-05-31T02:31:42
505,heuristic,dqn,2,0.9000,1.7375,64,2026-05-31T02:31:43
506,dqn,random,1,0.4625,-0.6875,64,2026-05-31T02:31:45
507,random,dqn,2,0.3125,1.3500,64,2026-05-31T02:31:47
508,dqn,heuristic,2,0.4500,1.5875,64,2026-05-31T02:31:49
509,heuristic,dqn,1,0.8250,-0.3125,64,2026-05-31T02:31:51
510,dqn,heuristic,1,0.7500,-0.5625,64,2026-05-31T02:31:52
511,heuristic,dqn,2,0.8250,1.7125,64,2026-05-31T02:31:54
512,dqn,heuristic,1,0.5500,-0.5750,64,2026-05-31T02:31:56
513,random,dqn,2,0.2375,1.2375,64,2026-05-31T02:31:57
514,dqn,random,1,0.6500,-0.4000,64,2026-05-31T02:31:59
515,random,dqn,1,0.4000,-0.6750,64,2026-05-31T02:32:01
516,dqn,heuristic,2,0.2000,1.4375,64,2026-05-31T02:32:03
517,random,dqn,2,0.3125,1.5875,64,2026-05-31T02:32:05
518,dqn,heuristic,1,1.2000,-0.1250,64,2026-05-31T02:32:06
519,random,dqn,2,0.4500,1.5750,64,2026-05-31T02:32:08
520,dqn,random,1,0.5250,-0.8375,64,2026-05-31T02:32:10
521,random,dqn,1,0.8625,-0.5500,64,2026-05-31T02:32:12
522,dqn,heuristic,2,0.8000,2.4250,64,2026-05-31T02:32:13
523,random,dqn,2,0.4000,1.5250,64,2026-05-31T02:32:15
524,dqn,random,1,0.6500,-0.5250,64,2026-05-31T02:32:17
525,random,dqn,1,0.6000,-0.5500,64,2026-05-31T02:32:19
526,dqn,heuristic,2,0.4750,1.6125,64,2026-05-31T02:32:21
527,random,dqn,1,0.8375,-0.8500,64,2026-05-31T02:32:23
528,dqn,heuristic,1,0.9125,-0.2500,64,2026-05-31T02:32:24
529,random,dqn,2,0.3750,1.3375,64,2026-05-31T02:32:26
530,dqn,random,2,0.3000,1.5500,64,2026-05-31T02:32:28
531,random,dqn,1,0.6125,-0.5500,64,2026-05-31T02:32:29
532,dqn,heuristic,1,0.9000,-0.2125,64,2026-05-31T02:32:31
533,random,dqn,2,0.2875,1.6625,64,2026-05-31T02:32:32
534,dqn,heuristic,2,1.0875,2.3750,64,2026-05-31T02:32:34
535,random,dqn,2,0.4500,1.4625,64,2026-05-31T02:32:35
536,dqn,heuristic,1,1.1500,-0.1125,64,2026-05-31T02:32:37
537,random,dqn,2,0.4375,1.7375,64,2026-05-31T02:32:39
538,dqn,heuristic,2,0.8500,2.0000,64,2026-05-31T02:32:41
539,random,dqn,1,0.5375,-0.5125,64,2026-05-31T02:32:43
540,dqn,heuristic,2,0.7500,1.9000,64,2026-05-31T02:32:44
541,heuristic,dqn,2,0.7000,1.8625,64,2026-05-31T02:32:46
542,dqn,random,1,0.5125,-0.7125,64,2026-05-31T02:32:48
543,random,dqn,2,0.3750,1.4625,64,2026-05-31T02:32:49
544,dqn,heuristic,1,0.7625,-0.3250,64,2026-05-31T02:32:51
545,random,dqn,2,0.2750,1.3625,64,2026-05-31T02:32:53
546,dqn,heuristic,1,0.5375,-0.4625,64,2026-05-31T02:32:55
547,random,dqn,1,0.4625,-0.7750,64,2026-05-31T02:32:58
548,dqn,random,1,0.6500,-0.7625,64,2026-05-31T02:33:01
549,random,dqn,2,0.4000,1.3500,64,2026-05-31T02:33:04
550,dqn,random,2,0.4125,1.5375,64,2026-05-31T02:33:06
551,random,dqn,draw,0.4250,0.3500,64,2026-05-31T02:33:09
552,dqn,random,2,0.2875,1.5750,64,2026-05-31T02:33:12
553,random,dqn,1,0.4000,-0.7500,64,2026-05-31T02:33:14
554,dqn,heuristic,2,0.5750,1.6500,64,2026-05-31T02:33:17
555,random,dqn,2,0.3250,1.6625,64,2026-05-31T02:33:20
556,dqn,random,2,0.3750,1.5250,64,2026-05-31T02:33:22
557,random,dqn,2,0.4500,1.5250,64,2026-05-31T02:33:25
558,dqn,random,2,0.5500,1.6375,64,2026-05-31T02:33:27
559,heuristic,dqn,2,0.8250,1.8750,64,2026-05-31T02:33:30
560,dqn,random,2,0.2875,1.3250,64,2026-05-31T02:33:32
561,random,dqn,2,0.5500,1.5750,64,2026-05-31T02:33:35
562,dqn,heuristic,2,0.9625,2.0875,64,2026-05-31T02:33:37
563,heuristic,dqn,2,0.4000,1.4750,64,2026-05-31T02:33:40
564,dqn,random,2,0.3875,1.4625,64,2026-05-31T02:33:43
565,random,dqn,2,0.4625,1.6125,64,2026-05-31T02:33:46
566,dqn,random,1,0.2500,-0.8125,64,2026-05-31T02:33:48
567,random,dqn,2,0.6375,1.6625,64,2026-05-31T02:33:51
568,dqn,random,2,0.4000,1.6000,64,2026-05-31T02:33:54
569,random,dqn,2,0.2250,1.3750,64,2026-05-31T02:33:56
570,dqn,heuristic,1,0.7500,-0.5750,64,2026-05-31T02:33:59
571,random,dqn,2,0.4625,1.5000,64,2026-05-31T02:34:02
572,dqn,heuristic,1,1.1000,0.0250,64,2026-05-31T02:34:04
573,random,dqn,1,0.4250,-0.7625,64,2026-05-31T02:34:07
574,dqn,heuristic,2,0.7000,1.7125,64,2026-05-31T02:34:10
575,random,dqn,2,0.2875,1.3875,64,2026-05-31T02:34:12
576,dqn,random,1,0.5625,-0.5375,64,2026-05-31T02:34:15
577,random,dqn,1,0.4625,-0.7500,64,2026-05-31T02:34:18
578,dqn,random,2,0.3500,1.6500,64,2026-05-31T02:34:20
579,heuristic,dqn,2,1.1000,2.1625,64,2026-05-31T02:34:22
580,dqn,heuristic,1,1.0000,-0.1125,64,2026-05-31T02:34:25
581,heuristic,dqn,2,0.9000,1.8625,64,2026-05-31T02:34:27
582,dqn,random,1,0.7125,-0.5625,64,2026-05-31T02:34:30
583,random,dqn,1,0.3875,-0.7875,64,2026-05-31T02:34:33
584,dqn,random,1,0.4000,-0.6750,64,2026-05-31T02:34:35
585,heuristic,dqn,2,1.0125,1.9375,64,2026-05-31T02:34:38
586,dqn,heuristic,2,0.6125,1.7125,64,2026-05-31T02:34:41
587,heuristic,dqn,1,1.2625,0.1250,64,2026-05-31T02:34:43
588,dqn,random,1,0.5625,-0.6500,64,2026-05-31T02:34:46
589,random,dqn,2,0.3500,1.3750,64,2026-05-31T02:34:49
590,dqn,random,1,0.4625,-0.6125,64,2026-05-31T02:34:52
591,random,dqn,1,0.4875,-0.5750,64,2026-05-31T02:34:54
592,dqn,heuristic,1,0.5250,-0.5750,64,2026-05-31T02:34:57
593,random,dqn,1,0.5500,-0.6250,64,2026-05-31T02:35:00
594,dqn,random,1,0.6625,-0.5875,64,2026-05-31T02:35:02
595,random,dqn,1,0.4875,-0.5875,64,2026-05-31T02:35:05
596,dqn,random,1,0.4500,-0.6875,64,2026-05-31T02:35:07
597,heuristic,dqn,2,0.7125,1.5750,64,2026-05-31T02:35:10
598,dqn,random,1,0.5875,-0.5000,64,2026-05-31T02:35:13
599,random,dqn,1,0.5000,-0.7375,64,2026-05-31T02:35:15
600,dqn,random,1,0.3500,-0.7500,64,2026-05-31T02:35:18
601,random,dqn,1,0.6375,-0.5250,64,2026-05-31T02:43:51
602,dqn,random,1,0.3750,-0.8000,64,2026-05-31T02:43:53
603,random,dqn,1,0.4500,-0.7125,64,2026-05-31T02:43:56
604,dqn,random,1,0.6875,-0.5750,64,2026-05-31T02:43:59
605,random,dqn,1,0.5750,-0.7125,64,2026-05-31T02:44:01
606,dqn,heuristic,1,0.8875,-0.3750,64,2026-05-31T02:44:04
607,random,dqn,2,0.4750,1.5875,64,2026-05-31T02:44:07
608,dqn,random,2,0.3875,1.4500,64,2026-05-31T02:44:09
609,random,dqn,1,0.4375,-0.6750,64,2026-05-31T02:44:12
610,dqn,random,1,0.9625,-0.4125,64,2026-05-31T02:44:15
611,random,dqn,1,0.5375,-0.6500,64,2026-05-31T02:44:18
612,dqn,random,1,0.4500,-0.7625,64,2026-05-31T02:44:21
613,random,dqn,2,0.5125,1.5125,64,2026-05-31T02:44:23
614,dqn,random,2,0.3000,1.3625,64,2026-05-31T02:44:26
615,heuristic,dqn,1,0.7000,-0.5500,64,2026-05-31T02:44:28
616,dqn,random,1,0.5125,-0.6625,64,2026-05-31T02:44:31
617,random,dqn,2,0.4125,1.4875,64,2026-05-31T02:44:34
618,dqn,random,2,0.4000,1.5500,64,2026-05-31T02:44:37
619,random,dqn,1,0.5625,-0.5875,64,2026-05-31T02:44:39
620,dqn,random,1,1.0000,-0.7375,64,2026-05-31T02:44:42
621,heuristic,dqn,2,0.5750,1.6875,64,2026-05-31T02:44:45
622,dqn,heuristic,1,1.2875,-0.1375,64,2026-05-31T02:44:47
623,random,dqn,1,0.6000,-0.7875,64,2026-05-31T02:44:50
624,dqn,random,1,0.6125,-0.4750,64,2026-05-31T02:44:53
625,heuristic,dqn,1,0.8500,-0.5000,64,2026-05-31T02:44:55
626,dqn,random,2,0.2625,1.5500,64,2026-05-31T02:44:58
627,heuristic,dqn,1,1.1000,-0.1875,64,2026-05-31T02:45:00
628,dqn,random,1,0.3375,-0.7625,64,2026-05-31T02:45:03
629,random,dqn,2,0.2000,1.5250,64,2026-05-31T02:45:06
630,dqn,random,2,0.3375,1.6125,64,2026-05-31T02:45:08
631,random,dqn,2,0.5250,1.5750,64,2026-05-31T02:45:11
632,dqn,random,1,0.6125,-0.8125,64,2026-05-31T02:45:14
633,heuristic,dqn,2,0.6750,1.7125,64,2026-05-31T02:45:16
634,dqn,random,1,0.4875,-0.7000,64,2026-05-31T02:45:19
635,random,dqn,1,0.7375,-0.8000,64,2026-05-31T02:45:22
636,dqn,heuristic,2,0.7500,1.8375,64,2026-05-31T02:45:25
637,random,dqn,1,0.5750,-0.6375,64,2026-05-31T02:45:27
638,dqn,random,1,0.5250,-0.6625,64,2026-05-31T02:45:29
639,random,dqn,1,0.5875,-0.7625,64,2026-05-31T02:45:33
640,dqn,heuristic,1,0.6750,-0.4000,64,2026-05-31T02:45:35
641,random,dqn,1,0.4375,-0.7625,64,2026-05-31T02:45:38
642,dqn,random,1,0.7375,-0.4500,64,2026-05-31T02:45:41
643,random,dqn,1,0.5125,-0.5250,64,2026-05-31T02:45:44
644,dqn,random,2,0.2750,1.6000,64,2026-05-31T02:45:46
645,random,dqn,2,0.4750,1.3500,64,2026-05-31T02:45:49
646,dqn,random,1,0.7375,-0.7375,64,2026-05-31T02:45:52
647,random,dqn,1,0.6625,-0.6250,64,2026-05-31T02:45:54
648,dqn,random,1,0.4625,-0.5625,64,2026-05-31T02:45:57
649,heuristic,dqn,2,0.7125,2.0875,64,2026-05-31T02:46:00
650,dqn,random,2,0.4250,1.4625,64,2026-05-31T02:46:02
651,random,dqn,2,0.4000,1.7250,64,2026-05-31T02:46:05
652,dqn,heuristic,2,0.9250,2.1500,64,2026-05-31T02:46:08
653,heuristic,dqn,2,0.7500,1.7625,64,2026-05-31T02:46:10
654,dqn,random,1,0.3500,-0.8250,64,2026-05-31T02:46:13
655,random,dqn,2,0.5500,1.5750,64,2026-05-31T02:46:16
656,dqn,heuristic,1,1.0500,-0.3750,64,2026-05-31T02:46:19
657,random,dqn,1,0.5000,-0.6625,64,2026-05-31T02:46:21
658,dqn,random,1,0.3750,-0.7500,64,2026-05-31T02:46:24
659,heuristic,dqn,1,0.9125,-0.2250,64,2026-05-31T02:46:27
660,dqn,random,1,0.7375,-0.3625,64,2026-05-31T02:46:29
661,random,dqn,2,0.3875,1.5500,64,2026-05-31T02:46:32
662,dqn,random,1,0.2625,-0.7750,64,2026-05-31T02:46:35
663,random,dqn,2,0.2375,1.6500,64,2026-05-31T02:46:38
664,dqn,random,1,0.9500,-0.7375,64,2026-05-31T02:46:40
665,random,dqn,2,0.3250,1.4875,64,2026-05-31T02:46:43
666,dqn,random,1,0.6125,-0.6875,64,2026-05-31T02:46:46
667,random,dqn,1,0.6250,-0.4250,64,2026-05-31T02:46:48
668,dqn,random,2,0.4250,1.4750,64,2026-05-31T02:46:51
669,random,dqn,1,0.3500,-0.7250,64,2026-05-31T02:46:54
670,dqn,random,1,0.6500,-0.5500,64,2026-05-31T02:46:56
671,random,dqn,2,0.3750,1.6000,64,2026-05-31T02:46:59
672,dqn,random,2,0.3625,1.5125,64,2026-05-31T02:47:02
673,heuristic,dqn,2,0.6625,1.8375,64,2026-05-31T02:47:04
674,dqn,random,1,0.5125,-0.7750,64,2026-05-31T02:47:07
675,random,dqn,2,0.1750,1.2875,64,2026-05-31T02:47:10
676,dqn,heuristic,1,0.9875,-0.4375,64,2026-05-31T02:47:13
677,random,dqn,2,0.4750,1.5375,64,2026-05-31T02:47:15
678,dqn,random,1,0.5250,-0.7875,64,2026-05-31T02:47:18
679,heuristic,dqn,1,0.9750,-0.2000,64,2026-05-31T02:47:21
680,dqn,random,1,0.6500,-0.5750,64,2026-05-31T02:47:23
681,random,dqn,2,0.2250,1.4375,64,2026-05-31T02:47:26
682,dqn,random,2,0.2875,1.4625,64,2026-05-31T02:47:29
683,random,dqn,2,0.2875,1.6750,64,2026-05-31T02:47:32
684,dqn,random,1,0.5750,-0.6375,64,2026-05-31T02:47:35
685,random,dqn,2,0.4625,1.8125,64,2026-05-31T02:47:37
686,dqn,random,2,0.3500,1.4125,64,2026-05-31T02:47:40
687,random,dqn,2,0.2750,1.7750,64,2026-05-31T02:47:43
688,dqn,random,1,0.5250,-0.7000,64,2026-05-31T02:47:46
689,random,dqn,2,0.3875,1.4125,64,2026-05-31T02:47:48
690,dqn,heuristic,2,0.5625,1.9000,64,2026-05-31T02:47:51
691,random,dqn,2,0.2250,1.4875,64,2026-05-31T02:47:54
692,dqn,random,2,0.3750,1.4250,64,2026-05-31T02:47:57
693,random,dqn,2,0.3000,1.3000,64,2026-05-31T02:47:59
694,dqn,heuristic,1,1.0000,-0.0250,64,2026-05-31T02:48:02
695,random,dqn,1,0.5125,-0.6375,64,2026-05-31T02:48:05
696,dqn,random,2,0.3625,1.2750,64,2026-05-31T02:48:07
697,heuristic,dqn,1,0.7375,-0.4250,64,2026-05-31T02:48:09
698,dqn,heuristic,1,1.0500,-0.2000,64,2026-05-31T02:48:12
699,random,dqn,2,0.4000,1.6875,64,2026-05-31T02:48:14
700,dqn,random,1,0.6250,-0.5250,64,2026-05-31T02:48:17
701,heuristic,dqn,1,0.8500,-0.4500,64,2026-05-31T02:56:50
702,dqn,random,1,0.5250,-0.5250,64,2026-05-31T02:56:52
703,random,dqn,1,0.3375,-0.8375,64,2026-05-31T02:56:55
704,dqn,random,2,0.3375,1.4750,64,2026-05-31T02:56:58
705,heuristic,dqn,2,0.8375,2.1750,64,2026-05-31T02:57:00
706,dqn,random,1,0.5625,-0.6875,64,2026-05-31T02:57:03
707,random,dqn,2,0.4875,1.6125,64,2026-05-31T02:57:06
708,dqn,random,2,0.2375,1.4750,64,2026-05-31T02:57:08
709,heuristic,dqn,2,0.7375,1.7375,64,2026-05-31T02:57:11
710,dqn,random,1,0.7000,-0.8000,64,2026-05-31T02:57:13
711,random,dqn,1,0.6750,-0.4000,64,2026-05-31T02:57:16
712,dqn,random,1,0.4000,-0.6625,64,2026-05-31T02:57:18
713,heuristic,dqn,1,0.9250,-0.6125,64,2026-05-31T02:57:21
714,dqn,random,2,0.3875,1.4375,64,2026-05-31T02:57:24
715,random,dqn,1,0.4750,-0.7750,64,2026-05-31T02:57:26
716,dqn,heuristic,1,0.6250,-0.5000,64,2026-05-31T02:57:29
717,heuristic,dqn,1,0.7250,-0.4875,64,2026-05-31T02:57:32
718,dqn,random,1,0.3125,-0.7750,64,2026-05-31T02:57:34
719,heuristic,dqn,1,0.7375,-0.5375,64,2026-05-31T02:57:37
720,dqn,random,2,0.3875,1.5500,64,2026-05-31T02:57:40
721,heuristic,dqn,2,0.8875,2.1625,64,2026-05-31T02:57:42
722,dqn,random,1,0.5000,-0.5375,64,2026-05-31T02:57:45
723,random,dqn,2,0.2875,1.3375,64,2026-05-31T02:57:48
724,dqn,random,2,0.5375,1.8250,64,2026-05-31T02:57:50
725,heuristic,dqn,2,0.5375,1.5750,64,2026-05-31T02:57:53
726,dqn,random,2,0.4125,1.7000,64,2026-05-31T02:57:55
727,heuristic,dqn,2,0.6250,1.8125,64,2026-05-31T02:57:58
728,dqn,random,1,0.4875,-0.8000,64,2026-05-31T02:58:01
729,heuristic,dqn,2,0.5750,1.7125,64,2026-05-31T02:58:04
730,dqn,random,2,0.3625,1.4500,64,2026-05-31T02:58:06
731,random,dqn,2,0.4000,1.5500,64,2026-05-31T02:58:09
732,dqn,random,2,0.4125,1.8000,64,2026-05-31T02:58:12
733,random,dqn,2,0.2375,1.4750,64,2026-05-31T02:58:14
734,dqn,random,2,0.2750,1.4125,64,2026-05-31T02:58:17
735,heuristic,dqn,1,1.0500,-0.3125,64,2026-05-31T02:58:20
736,dqn,heuristic,1,0.9750,-0.4000,64,2026-05-31T02:58:23
737,random,dqn,2,0.2750,1.6875,64,2026-05-31T02:58:25
738,dqn,heuristic,1,0.8250,-0.4500,64,2026-05-31T02:58:28
739,random,dqn,2,0.2125,1.2750,64,2026-05-31T02:58:30
740,dqn,heuristic,2,0.8875,1.9875,64,2026-05-31T02:58:33
741,heuristic,dqn,2,0.7000,1.6250,64,2026-05-31T02:58:36
742,dqn,random,1,0.7500,-0.6375,64,2026-05-31T02:58:39
743,random,dqn,1,0.5500,-0.7250,64,2026-05-31T02:58:41
744,dqn,random,1,0.5000,-0.6125,64,2026-05-31T02:58:44
745,random,dqn,2,0.3750,1.3875,64,2026-05-31T02:58:47
746,dqn,random,1,0.6875,-0.6500,64,2026-05-31T02:58:50
747,heuristic,dqn,2,1.0125,1.9250,64,2026-05-31T02:58:52
748,dqn,heuristic,1,0.9250,-0.3875,64,2026-05-31T02:58:55
749,random,dqn,1,0.6375,-0.4750,64,2026-05-31T02:58:57
750,dqn,random,1,0.5500,-0.6500,64,2026-05-31T02:59:00
751,heuristic,dqn,1,0.6625,-0.5375,64,2026-05-31T02:59:03
752,dqn,heuristic,1,1.1500,-0.1750,64,2026-05-31T02:59:05
753,random,dqn,1,0.5625,-0.7500,64,2026-05-31T02:59:08
754,dqn,random,1,0.5875,-0.5375,64,2026-05-31T02:59:10
755,random,dqn,1,0.6500,-0.5625,64,2026-05-31T02:59:13
756,dqn,random,1,0.4500,-0.6125,64,2026-05-31T02:59:16
757,heuristic,dqn,2,0.7000,2.1500,64,2026-05-31T02:59:18
758,dqn,random,2,0.2750,1.5750,64,2026-05-31T02:59:21
759,random,dqn,1,0.4000,-0.6500,64,2026-05-31T02:59:24
760,dqn,heuristic,1,1.0750,-0.4000,64,2026-05-31T02:59:26
761,heuristic,dqn,2,0.9000,2.0875,64,2026-05-31T02:59:29
762,dqn,heuristic,2,0.8875,2.1500,64,2026-05-31T02:59:31
763,random,dqn,2,0.4125,1.4625,64,2026-05-31T02:59:34
764,dqn,random,2,0.5500,1.4625,64,2026-05-31T02:59:37
765,heuristic,dqn,1,1.0875,-0.3750,64,2026-05-31T02:59:40
766,dqn,random,1,0.5250,-0.6250,64,2026-05-31T02:59:42
767,random,dqn,1,0.7875,-0.7625,64,2026-05-31T02:59:45
768,dqn,random,2,0.3375,1.6125,64,2026-05-31T02:59:48
769,random,dqn,1,0.6500,-0.6125,64,2026-05-31T02:59:51
770,dqn,random,2,0.4750,1.4500,64,2026-05-31T02:59:53
771,random,dqn,2,0.3375,1.7000,64,2026-05-31T02:59:56
772,dqn,random,1,0.5750,-0.7875,64,2026-05-31T02:59:59
773,random,dqn,2,0.2625,1.5625,64,2026-05-31T03:00:02
774,dqn,random,2,0.3250,1.4000,64,2026-05-31T03:00:04
775,random,dqn,1,0.5250,-0.5250,64,2026-05-31T03:00:07
776,dqn,random,2,0.3250,1.3625,64,2026-05-31T03:00:10
777,heuristic,dqn,2,1.0125,1.9625,64,2026-05-31T03:00:13
778,dqn,heuristic,1,1.1125,-0.1375,64,2026-05-31T03:00:15
779,random,dqn,1,0.4500,-0.7500,64,2026-05-31T03:00:18
780,dqn,random,1,0.4750,-0.7000,64,2026-05-31T03:00:21
781,random,dqn,1,0.4250,-0.7500,64,2026-05-31T03:00:24
782,dqn,random,1,0.7375,-0.5750,64,2026-05-31T03:00:26
783,heuristic,dqn,1,0.9750,-0.1875,64,2026-05-31T03:00:29
784,dqn,heuristic,1,0.9750,-0.2625,64,2026-05-31T03:00:31
785,random,dqn,1,0.5000,-0.6125,64,2026-05-31T03:00:34
786,dqn,random,2,0.4500,1.4875,64,2026-05-31T03:00:37
787,random,dqn,2,0.4500,1.5000,64,2026-05-31T03:00:39
788,dqn,heuristic,1,0.7750,-0.4000,64,2026-05-31T03:00:42
789,heuristic,dqn,2,0.9500,2.0500,64,2026-05-31T03:00:45
790,dqn,random,2,0.3750,1.4125,64,2026-05-31T03:00:47
791,random,dqn,2,0.4875,1.4875,64,2026-05-31T03:00:50
792,dqn,random,1,0.9000,-0.4500,64,2026-05-31T03:00:53
793,random,dqn,2,0.3500,1.5250,64,2026-05-31T03:00:55
794,dqn,random,2,0.4500,1.3625,64,2026-05-31T03:00:58
795,heuristic,dqn,2,0.7500,1.9875,64,2026-05-31T03:01:01
796,dqn,random,1,0.6750,-0.4375,64,2026-05-31T03:01:03
797,random,dqn,2,0.2500,1.3000,64,2026-05-31T03:01:06
798,dqn,random,1,0.4750,-0.7500,64,2026-05-31T03:01:09
799,random,dqn,2,0.6375,1.6500,64,2026-05-31T03:01:11
800,dqn,random,1,0.5625,-0.6750,64,2026-05-31T03:01:14
801,random,dqn,2,0.2000,1.6125,64,2026-05-31T03:10:05
802,dqn,random,2,0.1750,1.5000,64,2026-05-31T03:10:08
803,random,dqn,1,0.4500,-0.5625,64,2026-05-31T03:10:10
804,dqn,random,2,0.4875,1.4875,64,2026-05-31T03:10:13
805,random,dqn,2,0.2250,1.7625,64,2026-05-31T03:10:16
806,dqn,random,2,0.2625,1.2875,64,2026-05-31T03:10:19
807,heuristic,dqn,1,0.6875,-0.4000,64,2026-05-31T03:10:21
808,dqn,random,1,0.7375,-0.6625,64,2026-05-31T03:10:24
809,heuristic,dqn,1,0.8500,-0.4375,64,2026-05-31T03:10:26
810,dqn,random,2,0.2750,1.5500,64,2026-05-31T03:10:29
811,random,dqn,2,0.4375,1.7375,64,2026-05-31T03:10:31
812,dqn,heuristic,1,0.9375,-0.4750,64,2026-05-31T03:10:34
813,random,dqn,2,0.3875,1.4125,64,2026-05-31T03:10:37
814,dqn,random,1,0.6125,-0.7625,64,2026-05-31T03:10:39
815,random,dqn,1,0.8000,-0.6375,64,2026-05-31T03:10:42
816,dqn,random,2,0.3750,1.6125,64,2026-05-31T03:10:45
817,heuristic,dqn,2,0.8000,1.8875,64,2026-05-31T03:10:48
818,dqn,random,2,0.3500,1.3250,64,2026-05-31T03:10:50
819,random,dqn,1,0.4500,-0.6250,64,2026-05-31T03:10:53
820,dqn,random,1,0.5750,-0.6125,64,2026-05-31T03:10:56
821,random,dqn,2,0.4750,1.4625,64,2026-05-31T03:10:59
822,dqn,random,1,0.4750,-0.7375,64,2026-05-31T03:11:01
823,random,dqn,2,0.3250,1.4875,64,2026-05-31T03:11:04
824,dqn,random,2,0.3625,1.5875,64,2026-05-31T03:11:07
825,heuristic,dqn,1,1.0500,-0.2000,64,2026-05-31T03:11:09
826,dqn,heuristic,1,1.3375,-0.0125,64,2026-05-31T03:11:12
827,heuristic,dqn,2,0.8000,1.8625,64,2026-05-31T03:11:15
828,dqn,heuristic,2,0.8625,1.8750,64,2026-05-31T03:11:17
829,random,dqn,2,0.4500,1.6375,64,2026-05-31T03:11:20
830,dqn,heuristic,2,0.5875,1.7625,64,2026-05-31T03:11:23
831,random,dqn,2,0.4250,1.6625,64,2026-05-31T03:11:25
832,dqn,heuristic,2,0.6625,1.7625,64,2026-05-31T03:11:28
833,random,dqn,1,0.4750,-0.5625,64,2026-05-31T03:11:31
834,dqn,random,1,0.5875,-0.6625,64,2026-05-31T03:11:33
835,heuristic,dqn,2,0.7125,1.8750,64,2026-05-31T03:11:36
836,dqn,random,2,0.4250,1.5125,64,2026-05-31T03:11:39
837,heuristic,dqn,2,0.9000,2.1125,64,2026-05-31T03:11:42
838,dqn,heuristic,2,0.2750,1.4125,64,2026-05-31T03:11:45
839,random,dqn,2,0.3625,1.5000,64,2026-05-31T03:11:48
840,dqn,random,1,0.7125,-0.7500,64,2026-05-31T03:11:51
841,random,dqn,1,0.6500,-0.6125,64,2026-05-31T03:11:53
842,dqn,random,1,0.6250,-0.7250,64,2026-05-31T03:11:56
843,heuristic,dqn,1,0.8125,-0.3250,64,2026-05-31T03:11:58
844,dqn,random,2,0.4125,1.4750,64,2026-05-31T03:12:01
845,random,dqn,1,0.4750,-0.6250,64,2026-05-31T03:12:04
846,dqn,random,2,0.5125,1.5500,64,2026-05-31T03:12:06
847,heuristic,dqn,2,0.5875,1.7750,64,2026-05-31T03:12:09
848,dqn,random,1,0.4875,-0.5875,64,2026-05-31T03:12:12
849,random,dqn,1,0.5625,-0.7500,64,2026-05-31T03:12:15
850,dqn,random,2,0.3875,1.4125,64,2026-05-31T03:12:17
851,random,dqn,2,0.3250,1.7625,64,2026-05-31T03:12:20
852,dqn,random,2,0.5250,1.5875,64,2026-05-31T03:12:23
853,random,dqn,2,0.3875,1.6375,64,2026-05-31T03:12:26
854,dqn,heuristic,2,0.7375,1.7500,64,2026-05-31T03:12:28
855,random,dqn,2,0.3125,1.4125,64,2026-05-31T03:12:31
856,dqn,heuristic,1,1.0500,-0.2000,64,2026-05-31T03:12:33
857,random,dqn,2,0.3500,1.4500,64,2026-05-31T03:12:36
858,dqn,heuristic,2,1.0375,2.1625,64,2026-05-31T03:12:39
859,random,dqn,1,0.4375,-0.6750,64,2026-05-31T03:12:41
860,dqn,random,1,0.5125,-0.8125,64,2026-05-31T03:12:44
861,random,dqn,2,0.3125,1.5625,64,2026-05-31T03:12:46
862,dqn,heuristic,1,0.9625,-0.1875,64,2026-05-31T03:12:49
863,random,dqn,2,0.1250,1.2500,64,2026-05-31T03:12:52
864,dqn,random,2,0.2875,1.3125,64,2026-05-31T03:12:55
865,random,dqn,2,0.3625,1.2750,64,2026-05-31T03:12:57
866,dqn,random,1,0.8875,-0.6875,64,2026-05-31T03:13:00
867,heuristic,dqn,2,0.9875,1.9500,64,2026-05-31T03:13:02
868,dqn,heuristic,1,0.4625,-0.5500,64,2026-05-31T03:13:05
869,heuristic,dqn,2,0.7250,1.7625,64,2026-05-31T03:13:08
870,dqn,heuristic,1,0.6000,-0.4125,64,2026-05-31T03:13:11
871,heuristic,dqn,2,0.8250,1.8000,64,2026-05-31T03:13:13
872,dqn,heuristic,1,0.7750,-0.3625,64,2026-05-31T03:13:16
873,random,dqn,2,0.5375,1.4000,64,2026-05-31T03:13:18
874,dqn,random,1,0.4000,-0.7375,64,2026-05-31T03:13:21
875,random,dqn,1,0.6125,-0.5500,64,2026-05-31T03:13:24
876,dqn,random,2,0.5125,1.7000,64,2026-05-31T03:13:26
877,random,dqn,2,0.2750,1.4625,64,2026-05-31T03:13:29
878,dqn,random,2,0.4125,1.4250,64,2026-05-31T03:13:32
879,heuristic,dqn,1,0.8250,-0.5125,64,2026-05-31T03:13:35
880,dqn,heuristic,1,0.5750,-0.5375,64,2026-05-31T03:13:37
881,random,dqn,1,0.4750,-0.6750,64,2026-05-31T03:13:39
882,dqn,random,1,0.6125,-0.7375,64,2026-05-31T03:13:42
883,random,dqn,2,0.3625,1.3625,64,2026-05-31T03:13:45
884,dqn,random,1,0.7375,-0.7125,64,2026-05-31T03:13:48
885,random,dqn,1,0.6500,-0.7125,64,2026-05-31T03:13:51
886,dqn,random,1,0.7000,-0.6875,64,2026-05-31T03:13:53
887,random,dqn,2,0.4250,1.6000,64,2026-05-31T03:13:56
888,dqn,heuristic,2,0.6000,1.7250,64,2026-05-31T03:13:59
889,heuristic,dqn,2,0.5625,2.0625,64,2026-05-31T03:14:01
890,dqn,random,1,0.4500,-0.6875,64,2026-05-31T03:14:04
891,heuristic,dqn,2,0.7625,1.6250,64,2026-05-31T03:14:06
892,dqn,heuristic,2,0.6000,1.8500,64,2026-05-31T03:14:09
893,random,dqn,1,0.5000,-0.5625,64,2026-05-31T03:14:12
894,dqn,heuristic,2,0.6625,1.9625,64,2026-05-31T03:14:14
895,heuristic,dqn,1,0.9750,-0.2125,64,2026-05-31T03:14:17
896,dqn,random,1,0.3625,-0.6750,64,2026-05-31T03:14:20
897,random,dqn,2,0.5625,1.4125,64,2026-05-31T03:14:22
898,dqn,random,1,0.4500,-0.6500,64,2026-05-31T03:14:25
899,random,dqn,2,0.3125,1.3625,64,2026-05-31T03:14:28
900,dqn,random,1,0.4875,-0.6500,64,2026-05-31T03:14:30
901,heuristic,dqn,2,0.8125,1.8250,64,2026-05-31T03:20:41
902,dqn,heuristic,2,0.4750,1.6625,64,2026-05-31T03:20:43
903,heuristic,dqn,2,0.7125,1.6250,64,2026-05-31T03:20:45
904,dqn,random,1,0.5250,-0.6750,64,2026-05-31T03:20:46
905,heuristic,dqn,2,0.8500,1.8375,64,2026-05-31T03:20:48
906,dqn,random,2,0.3750,1.3875,64,2026-05-31T03:20:49
907,random,dqn,2,0.3500,1.6375,64,2026-05-31T03:20:51
908,dqn,random,1,0.5750,-0.5000,64,2026-05-31T03:20:52
909,heuristic,dqn,1,0.8125,-0.3875,64,2026-05-31T03:20:54
910,dqn,random,1,0.7375,-0.6000,64,2026-05-31T03:20:55
911,random,dqn,1,0.6000,-0.5750,64,2026-05-31T03:20:57
912,dqn,random,2,0.2625,1.2750,64,2026-05-31T03:20:59
913,random,dqn,2,0.5125,1.4000,64,2026-05-31T03:21:00
914,dqn,heuristic,2,1.0500,2.1500,64,2026-05-31T03:21:02
915,random,dqn,1,0.6250,-0.4750,64,2026-05-31T03:21:03
916,dqn,random,1,0.9250,-0.5875,64,2026-05-31T03:21:05
917,random,dqn,2,0.2250,1.4625,64,2026-05-31T03:21:06
918,dqn,random,2,0.3750,1.4125,64,2026-05-31T03:21:08
919,heuristic,dqn,2,0.9500,2.0750,64,2026-05-31T03:21:10
920,dqn,random,2,0.4250,1.4875,64,2026-05-31T03:21:11
921,random,dqn,2,0.4000,1.6750,64,2026-05-31T03:21:13
922,dqn,random,1,0.4750,-0.5875,64,2026-05-31T03:21:14
923,random,dqn,2,0.3375,1.7625,64,2026-05-31T03:21:16
924,dqn,random,2,0.4625,1.5750,64,2026-05-31T03:21:18
925,random,dqn,2,0.2625,1.8250,64,2026-05-31T03:21:19
926,dqn,random,2,0.3625,1.3500,64,2026-05-31T03:21:21
927,random,dqn,1,0.5625,-0.6625,64,2026-05-31T03:21:22
928,dqn,heuristic,1,0.7375,-0.5250,64,2026-05-31T03:21:24
929,heuristic,dqn,2,0.9125,2.2125,64,2026-05-31T03:21:26
930,dqn,random,1,0.5750,-0.5000,64,2026-05-31T03:21:28
931,random,dqn,1,0.4250,-0.6875,64,2026-05-31T03:21:29
932,dqn,random,1,0.5125,-0.6500,64,2026-05-31T03:21:31
933,random,dqn,2,0.5000,1.4625,64,2026-05-31T03:21:32
934,dqn,random,1,0.3500,-0.6875,64,2026-05-31T03:21:34
935,random,dqn,1,0.4875,-0.6125,64,2026-05-31T03:21:36
936,dqn,random,1,0.5125,-0.5875,64,2026-05-31T03:21:37
937,random,dqn,2,0.3000,1.5500,64,2026-05-31T03:21:39
938,dqn,heuristic,1,0.6500,-0.3625,64,2026-05-31T03:21:40
939,heuristic,dqn,2,0.8125,1.8875,64,2026-05-31T03:21:42
940,dqn,random,1,0.5750,-0.6000,64,2026-05-31T03:21:44
941,random,dqn,1,0.5250,-0.7500,64,2026-05-31T03:21:45
942,dqn,heuristic,1,0.6375,-0.3625,64,2026-05-31T03:21:47
943,random,dqn,2,0.4250,1.6500,64,2026-05-31T03:21:48
944,dqn,heuristic,1,0.7125,-0.5250,64,2026-05-31T03:21:50
945,random,dqn,2,0.4000,1.5750,64,2026-05-31T03:21:52
946,dqn,random,1,0.5625,-0.5750,64,2026-05-31T03:21:53
947,random,dqn,2,0.5250,1.6375,64,2026-05-31T03:21:55
948,dqn,heuristic,1,1.1000,-0.3000,64,2026-05-31T03:21:56
949,random,dqn,2,0.2750,1.3000,64,2026-05-31T03:21:58
950,dqn,random,2,0.2625,1.4750,64,2026-05-31T03:22:00
951,random,dqn,1,0.5500,-0.6125,64,2026-05-31T03:22:01
952,dqn,random,1,0.5250,-0.6500,64,2026-05-31T03:22:03
953,random,dqn,2,0.4750,1.7375,64,2026-05-31T03:22:05
954,dqn,random,1,0.4250,-0.6375,64,2026-05-31T03:22:06
955,random,dqn,2,0.4250,1.5500,64,2026-05-31T03:22:08
956,dqn,heuristic,1,0.8875,-0.1875,64,2026-05-31T03:22:10
957,random,dqn,2,0.3125,1.4625,64,2026-05-31T03:22:11
958,dqn,random,1,0.8250,-0.7000,64,2026-05-31T03:22:13
959,random,dqn,1,0.6250,-0.7375,64,2026-05-31T03:22:14
960,dqn,heuristic,1,0.9125,-0.5000,64,2026-05-31T03:22:16
961,heuristic,dqn,2,0.4375,1.7375,64,2026-05-31T03:22:17
962,dqn,random,1,0.4625,-0.7000,64,2026-05-31T03:22:19
963,random,dqn,2,0.3875,1.5375,64,2026-05-31T03:22:20
964,dqn,random,1,0.5250,-0.5250,64,2026-05-31T03:22:22
965,random,dqn,2,0.3125,1.7500,64,2026-05-31T03:22:24
966,dqn,random,1,0.5000,-0.8250,64,2026-05-31T03:22:26
967,random,dqn,2,0.2875,1.3500,64,2026-05-31T03:22:27
968,dqn,heuristic,1,0.9125,-0.1625,64,2026-05-31T03:22:29
969,heuristic,dqn,1,0.8375,-0.4625,64,2026-05-31T03:22:30
970,dqn,heuristic,1,0.9125,-0.3500,64,2026-05-31T03:22:32
971,random,dqn,2,0.2750,1.7625,64,2026-05-31T03:22:33
972,dqn,heuristic,2,0.8125,1.9500,64,2026-05-31T03:22:35
973,heuristic,dqn,1,0.7000,-0.7750,64,2026-05-31T03:22:37
974,dqn,random,1,0.4875,-0.7125,64,2026-05-31T03:22:39
975,random,dqn,2,0.3500,1.4000,64,2026-05-31T03:22:40
976,dqn,random,1,0.7375,-0.5125,64,2026-05-31T03:22:42
977,random,dqn,2,0.1375,1.2500,64,2026-05-31T03:22:43
978,dqn,heuristic,1,1.0000,-0.3000,64,2026-05-31T03:22:45
979,random,dqn,2,0.4375,1.5375,64,2026-05-31T03:22:46
980,dqn,random,1,1.0500,-0.5750,64,2026-05-31T03:22:48
981,random,dqn,2,0.6250,1.5250,64,2026-05-31T03:22:50
982,dqn,random,1,0.4750,-0.6625,64,2026-05-31T03:22:51
983,heuristic,dqn,2,0.8250,1.7125,64,2026-05-31T03:22:53
984,dqn,random,1,0.4250,-0.8250,64,2026-05-31T03:22:55
985,heuristic,dqn,1,0.8750,-0.4250,64,2026-05-31T03:22:56
986,dqn,random,1,0.3750,-0.6875,64,2026-05-31T03:22:58
987,heuristic,dqn,2,0.8750,1.7500,64,2026-05-31T03:23:00
988,dqn,random,1,0.5625,-0.5500,64,2026-05-31T03:23:02
989,random,dqn,2,0.1500,1.2625,64,2026-05-31T03:23:03
990,dqn,heuristic,1,0.9875,-0.3000,64,2026-05-31T03:23:05
991,heuristic,dqn,2,0.5875,1.6500,64,2026-05-31T03:23:06
992,dqn,heuristic,1,0.9375,-0.4250,64,2026-05-31T03:23:08
993,random,dqn,1,0.3875,-0.7125,64,2026-05-31T03:23:10
994,dqn,random,1,0.3250,-0.7125,64,2026-05-31T03:23:11
995,random,dqn,1,0.3625,-0.7375,64,2026-05-31T03:23:13
996,dqn,random,1,0.4750,-0.7875,64,2026-05-31T03:23:14
997,heuristic,dqn,1,0.8000,-0.5000,64,2026-05-31T03:23:16
998,dqn,random,1,0.3750,-0.7125,64,2026-05-31T03:23:18
999,random,dqn,1,0.7125,-0.6625,64,2026-05-31T03:23:19
1000,dqn,random,2,0.4625,1.5375,64,2026-05-31T03:23:21
1001,heuristic,dqn,2,0.6000,1.7750,64,2026-05-31T03:29:14
1002,dqn,random,2,0.4875,1.4375,64,2026-05-31T03:29:16
1003,heuristic,dqn,2,1.0750,2.4125,64,2026-05-31T03:29:17
1004,dqn,heuristic,2,0.8625,1.8875,64,2026-05-31T03:29:19
1005,heuristic,dqn,1,0.7500,-0.4750,64,2026-05-31T03:29:21
1006,dqn,heuristic,2,0.5250,1.6375,64,2026-05-31T03:29:22
1007,heuristic,dqn,1,0.9750,-0.5250,64,2026-05-31T03:29:24
1008,dqn,random,1,0.5000,-0.7125,64,2026-05-31T03:29:25
1009,random,dqn,1,0.5375,-0.8250,64,2026-05-31T03:29:27
1010,dqn,random,1,0.5000,-0.5625,64,2026-05-31T03:29:29
1011,heuristic,dqn,1,0.8750,-0.5875,64,2026-05-31T03:29:30
1012,dqn,random,2,0.5375,1.5875,64,2026-05-31T03:29:32
1013,random,dqn,2,0.3000,1.4625,64,2026-05-31T03:29:33
1014,dqn,random,2,0.7375,1.9375,64,2026-05-31T03:29:35
1015,heuristic,dqn,1,0.7875,-0.7375,64,2026-05-31T03:29:37
1016,dqn,heuristic,2,0.6625,1.6875,64,2026-05-31T03:29:38
1017,heuristic,dqn,1,0.7125,-0.4500,64,2026-05-31T03:29:40
1018,dqn,random,1,0.5625,-0.5375,64,2026-05-31T03:29:41
1019,random,dqn,1,0.8375,-0.6000,64,2026-05-31T03:29:43
1020,dqn,random,2,0.3250,1.4250,64,2026-05-31T03:29:44
1021,random,dqn,2,0.2875,1.2750,64,2026-05-31T03:29:46
1022,dqn,random,1,0.6250,-0.6125,64,2026-05-31T03:29:48
1023,random,dqn,1,0.6125,-0.5125,64,2026-05-31T03:29:49
1024,dqn,heuristic,2,0.7250,1.7625,64,2026-05-31T03:29:51
1025,random,dqn,2,0.2875,1.3875,64,2026-05-31T03:29:52
1026,dqn,random,1,0.4500,-0.7000,64,2026-05-31T03:29:54
1027,random,dqn,1,0.4875,-0.6250,64,2026-05-31T03:29:56
1028,dqn,random,1,0.6000,-0.7000,64,2026-05-31T03:29:57
1029,random,dqn,1,0.3750,-0.8750,64,2026-05-31T03:29:59
1030,dqn,random,2,0.3375,1.3625,64,2026-05-31T03:30:01
1031,random,dqn,2,0.5125,1.7250,64,2026-05-31T03:30:02
1032,dqn,random,1,0.4625,-0.6625,64,2026-05-31T03:30:04
1033,random,dqn,1,0.4125,-0.6500,64,2026-05-31T03:30:06
1034,dqn,random,1,0.4875,-0.6250,64,2026-05-31T03:30:07
1035,random,dqn,2,0.5625,1.5750,64,2026-05-31T03:30:09
1036,dqn,heuristic,2,0.6500,1.6625,64,2026-05-31T03:30:11
1037,heuristic,dqn,1,0.6750,-0.5125,64,2026-05-31T03:30:12
1038,dqn,random,2,0.2375,1.3250,64,2026-05-31T03:30:14
1039,random,dqn,2,0.3125,1.4375,64,2026-05-31T03:30:15
1040,dqn,heuristic,1,0.9000,-0.1125,64,2026-05-31T03:30:17
1041,random,dqn,1,0.5000,-0.6125,64,2026-05-31T03:30:19
1042,dqn,heuristic,2,0.8875,2.2500,64,2026-05-31T03:30:21
1043,random,dqn,2,0.1625,1.3875,64,2026-05-31T03:30:22
1044,dqn,random,2,0.4500,1.5875,64,2026-05-31T03:30:24
1045,random,dqn,2,0.3375,1.6250,64,2026-05-31T03:30:25
1046,dqn,heuristic,1,0.5250,-0.6000,64,2026-05-31T03:30:27
1047,random,dqn,2,0.3750,1.5750,64,2026-05-31T03:30:29
1048,dqn,random,1,0.3750,-0.6500,64,2026-05-31T03:30:31
1049,heuristic,dqn,1,0.7000,-0.5750,64,2026-05-31T03:30:32
1050,dqn,heuristic,2,0.4750,2.0250,64,2026-05-31T03:30:34
1051,random,dqn,2,0.3250,1.3625,64,2026-05-31T03:30:35
1052,dqn,random,2,0.5000,1.5375,64,2026-05-31T03:30:37
1053,heuristic,dqn,1,1.1375,-0.1750,64,2026-05-31T03:30:38
1054,dqn,random,2,0.2625,1.3125,64,2026-05-31T03:30:40
1055,heuristic,dqn,1,1.1750,-0.0125,64,2026-05-31T03:30:41
1056,dqn,random,2,0.3125,1.3125,64,2026-05-31T03:30:43
1057,heuristic,dqn,2,0.6000,1.7750,64,2026-05-31T03:30:45
1058,dqn,random,1,0.9250,-0.7625,64,2026-05-31T03:30:48
1059,heuristic,dqn,2,0.9875,2.0250,64,2026-05-31T03:30:49
1060,dqn,random,1,0.6750,-0.6750,64,2026-05-31T03:30:51
1061,random,dqn,1,0.3625,-0.6875,64,2026-05-31T03:30:53
1062,dqn,random,1,0.8875,-0.7750,64,2026-05-31T03:30:54
1063,random,dqn,1,0.5750,-0.6625,64,2026-05-31T03:30:56
1064,dqn,random,1,0.3625,-0.7375,64,2026-05-31T03:30:57
1065,random,dqn,2,0.5125,1.5375,64,2026-05-31T03:30:59
1066,dqn,random,1,0.6625,-0.7125,64,2026-05-31T03:31:01
1067,random,dqn,2,0.3250,1.5375,64,2026-05-31T03:31:02
1068,dqn,random,2,0.3500,1.4250,64,2026-05-31T03:31:04
1069,heuristic,dqn,2,0.7125,1.7500,64,2026-05-31T03:31:05
1070,dqn,random,1,0.3750,-0.6875,64,2026-05-31T03:31:07
1071,heuristic,dqn,2,0.9250,1.9625,64,2026-05-31T03:31:09
1072,dqn,random,2,0.4000,1.3875,64,2026-05-31T03:31:10
1073,heuristic,dqn,2,0.6625,1.7000,64,2026-05-31T03:31:12
1074,dqn,heuristic,2,0.5000,1.5875,64,2026-05-31T03:31:13
1075,heuristic,dqn,1,0.6750,-0.4000,64,2026-05-31T03:31:15
1076,dqn,heuristic,2,0.8875,1.9625,64,2026-05-31T03:31:17
1077,random,dqn,2,0.2625,1.4000,64,2026-05-31T03:31:18
1078,dqn,random,2,0.4750,1.6875,64,2026-05-31T03:31:20
1079,heuristic,dqn,2,0.7500,1.8875,64,2026-05-31T03:31:21
1080,dqn,heuristic,1,1.1125,-0.1625,64,2026-05-31T03:31:23
1081,random,dqn,2,0.3375,1.4750,64,2026-05-31T03:31:25
1082,dqn,heuristic,2,0.9375,2.0000,64,2026-05-31T03:31:26
1083,random,dqn,2,0.2250,1.4375,64,2026-05-31T03:31:28
1084,dqn,heuristic,1,1.1500,-0.2125,64,2026-05-31T03:31:29
1085,random,dqn,2,0.3625,1.4375,64,2026-05-31T03:31:31
1086,dqn,heuristic,2,0.7750,1.8250,64,2026-05-31T03:31:33
1087,random,dqn,1,0.3875,-0.6625,64,2026-05-31T03:31:34
1088,dqn,heuristic,1,1.1750,-0.1000,64,2026-05-31T03:31:36
1089,heuristic,dqn,2,0.7375,1.7875,64,2026-05-31T03:31:37
1090,dqn,random,2,0.3375,1.4000,64,2026-05-31T03:31:39
1091,random,dqn,2,0.5500,1.6125,64,2026-05-31T03:31:41
1092,dqn,random,2,0.5000,1.6000,64,2026-05-31T03:31:42
1093,random,dqn,2,0.5000,1.5875,64,2026-05-31T03:31:44
1094,dqn,random,1,0.5000,-0.6500,64,2026-05-31T03:31:46
1095,random,dqn,2,0.3750,1.5500,64,2026-05-31T03:31:47
1096,dqn,random,1,0.4375,-0.6875,64,2026-05-31T03:31:49
1097,random,dqn,2,0.2125,1.6125,64,2026-05-31T03:31:51
1098,dqn,heuristic,1,1.0125,-0.2000,64,2026-05-31T03:31:52
1099,heuristic,dqn,1,1.0750,-0.0500,64,2026-05-31T03:31:54
1100,dqn,heuristic,1,0.8000,-0.5250,64,2026-05-31T03:31:55
1101,random,dqn,2,0.5000,1.5250,64,2026-05-31T03:37:55
1102,dqn,random,1,0.6000,-0.5500,64,2026-05-31T03:37:57
1103,heuristic,dqn,1,0.9125,-0.4375,64,2026-05-31T03:37:58
1104,dqn,random,2,0.2375,1.3250,64,2026-05-31T03:38:00
1105,random,dqn,2,0.3500,1.4375,64,2026-05-31T03:38:02
1106,dqn,heuristic,1,0.9875,-0.3000,64,2026-05-31T03:38:04
1107,random,dqn,1,0.2875,-0.8250,64,2026-05-31T03:38:05
1108,dqn,heuristic,2,0.4500,1.7625,64,2026-05-31T03:38:07
1109,heuristic,dqn,1,0.7625,-0.4125,64,2026-05-31T03:38:09
1110,dqn,random,1,0.4500,-0.6500,64,2026-05-31T03:38:10
1111,heuristic,dqn,1,0.6500,-0.5125,64,2026-05-31T03:38:12
1112,dqn,random,1,0.5375,-0.6625,64,2026-05-31T03:38:13
1113,random,dqn,1,0.3125,-0.7500,64,2026-05-31T03:38:15
1114,dqn,heuristic,1,1.2000,-0.1250,64,2026-05-31T03:38:17
1115,random,dqn,1,0.4875,-0.6125,64,2026-05-31T03:38:18
1116,dqn,random,1,0.4625,-0.6875,64,2026-05-31T03:38:20
1117,random,dqn,2,0.2625,1.7000,64,2026-05-31T03:38:22
1118,dqn,heuristic,2,0.8625,1.8625,64,2026-05-31T03:38:23
1119,random,dqn,1,0.5750,-0.6750,64,2026-05-31T03:38:25
1120,dqn,random,2,0.4250,1.5375,64,2026-05-31T03:38:27
1121,random,dqn,2,0.3125,1.3875,64,2026-05-31T03:38:28
1122,dqn,random,1,0.5625,-0.6000,64,2026-05-31T03:38:30
1123,random,dqn,2,0.3000,1.6750,64,2026-05-31T03:38:31
1124,dqn,random,2,0.3375,1.3000,64,2026-05-31T03:38:33
1125,random,dqn,2,0.3750,1.4750,64,2026-05-31T03:38:35
1126,dqn,random,1,0.7500,-0.6625,64,2026-05-31T03:38:36
1127,random,dqn,2,0.4500,1.4250,64,2026-05-31T03:38:38
1128,dqn,random,1,0.4875,-0.6000,64,2026-05-31T03:38:39
1129,random,dqn,2,0.2875,1.7125,64,2026-05-31T03:38:41
1130,dqn,heuristic,1,0.9625,-0.2625,64,2026-05-31T03:38:43
1131,random,dqn,1,0.5000,-0.6250,64,2026-05-31T03:38:44
1132,dqn,random,1,0.5750,-0.4875,64,2026-05-31T03:38:46
1133,random,dqn,2,0.5625,1.5000,64,2026-05-31T03:38:47
1134,dqn,random,2,0.3250,1.6500,64,2026-05-31T03:38:49
1135,random,dqn,1,0.5625,-0.7500,64,2026-05-31T03:38:51
1136,dqn,heuristic,1,1.1250,-0.3125,64,2026-05-31T03:38:52
1137,random,dqn,2,0.5125,1.5125,64,2026-05-31T03:38:54
1138,dqn,random,1,0.6250,-0.5500,64,2026-05-31T03:38:55
1139,random,dqn,2,0.3250,1.6750,64,2026-05-31T03:38:57
1140,dqn,random,1,0.6625,-0.4375,64,2026-05-31T03:38:59
1141,random,dqn,2,0.4000,1.5875,64,2026-05-31T03:39:01
1142,dqn,random,2,0.3500,1.2875,64,2026-05-31T03:39:02
1143,random,dqn,2,0.2625,1.4375,64,2026-05-31T03:39:04
1144,dqn,random,1,0.4000,-0.7625,64,2026-05-31T03:39:05
1145,heuristic,dqn,2,0.9000,2.1000,64,2026-05-31T03:39:07
1146,dqn,random,1,0.7375,-0.6250,64,2026-05-31T03:39:08
1147,random,dqn,1,0.5375,-0.8125,64,2026-05-31T03:39:10
1148,dqn,random,1,0.5000,-0.7250,64,2026-05-31T03:39:12
1149,heuristic,dqn,1,0.5625,-0.6625,64,2026-05-31T03:39:13
1150,dqn,random,2,0.2875,1.2750,64,2026-05-31T03:39:15
1151,random,dqn,2,0.5750,1.6250,64,2026-05-31T03:39:17
1152,dqn,random,1,0.7500,-0.6000,64,2026-05-31T03:39:18
1153,heuristic,dqn,1,0.7000,-0.6875,64,2026-05-31T03:39:20
1154,dqn,random,1,0.4750,-0.7625,64,2026-05-31T03:39:22
1155,heuristic,dqn,2,0.6625,1.8500,64,2026-05-31T03:39:23
1156,dqn,random,1,0.6750,-0.6000,64,2026-05-31T03:39:25
1157,random,dqn,1,0.3125,-0.7250,64,2026-05-31T03:39:26
1158,dqn,random,1,0.5375,-0.8000,64,2026-05-31T03:39:28
1159,heuristic,dqn,2,0.7625,1.9375,64,2026-05-31T03:39:29
1160,dqn,random,1,0.8000,-0.8500,64,2026-05-31T03:39:31
1161,random,dqn,2,0.2500,1.4125,64,2026-05-31T03:39:33
1162,dqn,heuristic,2,0.5250,1.6000,64,2026-05-31T03:39:34
1163,random,dqn,2,0.3125,1.3875,64,2026-05-31T03:39:36
1164,dqn,random,1,0.7000,-0.7125,64,2026-05-31T03:39:38
1165,random,dqn,2,0.2875,1.5250,64,2026-05-31T03:39:39
1166,dqn,random,1,0.6875,-0.6375,64,2026-05-31T03:39:41
1167,random,dqn,1,0.5875,-0.5625,64,2026-05-31T03:39:43
1168,dqn,heuristic,1,0.7500,-0.4875,64,2026-05-31T03:39:44
1169,random,dqn,2,0.3250,1.5000,64,2026-05-31T03:39:46
1170,dqn,random,1,0.6000,-0.6375,64,2026-05-31T03:39:48
1171,random,dqn,2,0.3000,1.7375,64,2026-05-31T03:39:49
1172,dqn,random,1,0.9875,-0.8250,64,2026-05-31T03:39:51
1173,random,dqn,2,0.2375,1.6750,64,2026-05-31T03:39:52
1174,dqn,random,2,0.6000,1.7125,64,2026-05-31T03:39:54
1175,heuristic,dqn,2,0.5625,1.8500,64,2026-05-31T03:39:55
1176,dqn,random,1,0.5250,-0.7000,64,2026-05-31T03:39:57
1177,random,dqn,2,0.4250,1.4000,64,2026-05-31T03:39:59
1178,dqn,random,2,0.4375,1.4000,64,2026-05-31T03:40:00
1179,random,dqn,2,0.5125,1.4750,64,2026-05-31T03:40:02
1180,dqn,random,1,0.7375,-0.7375,64,2026-05-31T03:40:04
1181,random,dqn,2,0.4875,1.4500,64,2026-05-31T03:40:05
1182,dqn,random,2,0.5000,1.7250,64,2026-05-31T03:40:07
1183,random,dqn,2,0.3500,1.4750,64,2026-05-31T03:40:09
1184,dqn,random,1,0.8500,-0.4500,64,2026-05-31T03:40:10
1185,random,dqn,2,0.2750,1.5375,64,2026-05-31T03:40:12
1186,dqn,random,1,0.4000,-0.6750,64,2026-05-31T03:40:14
1187,random,dqn,2,0.2625,1.7875,64,2026-05-31T03:40:15
1188,dqn,heuristic,2,0.6125,1.8375,64,2026-05-31T03:40:17
1189,heuristic,dqn,2,0.5375,1.7500,64,2026-05-31T03:40:18
1190,dqn,random,2,0.3375,1.5125,64,2026-05-31T03:40:20
1191,random,dqn,2,0.4500,1.4625,64,2026-05-31T03:40:22
1192,dqn,random,2,0.4125,1.3750,64,2026-05-31T03:40:23
1193,random,dqn,1,0.5750,-0.6875,64,2026-05-31T03:40:25
1194,dqn,random,1,0.8375,-0.7250,64,2026-05-31T03:40:26
1195,random,dqn,1,0.7125,-0.5125,64,2026-05-31T03:40:28
1196,dqn,random,1,0.7375,-0.6375,64,2026-05-31T03:40:30
1197,random,dqn,1,0.7875,-0.4500,64,2026-05-31T03:40:31
1198,dqn,heuristic,2,0.7125,1.7625,64,2026-05-31T03:40:33
1199,heuristic,dqn,1,1.0250,-0.3750,64,2026-05-31T03:40:34
1200,dqn,heuristic,1,0.9125,-0.5750,64,2026-05-31T03:40:36
1201,heuristic,dqn,1,0.7125,-0.3750,64,2026-05-31T03:46:36
1202,dqn,heuristic,1,0.9250,-0.3125,64,2026-05-31T03:46:37
1203,random,dqn,1,0.6375,-0.7625,64,2026-05-31T03:46:39
1204,dqn,random,1,0.6000,-0.6625,64,2026-05-31T03:46:40
1205,random,dqn,2,0.4250,1.5250,64,2026-05-31T03:46:42
1206,dqn,random,2,0.3125,1.4625,64,2026-05-31T03:46:44
1207,heuristic,dqn,1,1.0125,-0.3875,64,2026-05-31T03:46:45
1208,dqn,random,1,0.3375,-0.7000,64,2026-05-31T03:46:47
1209,heuristic,dqn,1,1.0875,-0.4875,64,2026-05-31T03:46:48
1210,dqn,random,1,0.5875,-0.7750,64,2026-05-31T03:46:50
1211,random,dqn,2,0.4500,1.4625,64,2026-05-31T03:46:52
1212,dqn,random,1,0.7500,-0.7500,64,2026-05-31T03:46:53
1213,random,dqn,2,0.3125,1.5250,64,2026-05-31T03:46:55
1214,dqn,heuristic,1,0.7500,-0.5500,64,2026-05-31T03:46:56
1215,random,dqn,2,0.3500,1.5750,64,2026-05-31T03:46:58
1216,dqn,random,1,0.5875,-0.5375,64,2026-05-31T03:47:00
1217,random,dqn,2,0.3375,1.5250,64,2026-05-31T03:47:01
1218,dqn,random,1,0.6000,-0.5250,64,2026-05-31T03:47:03
1219,heuristic,dqn,2,0.7250,1.7250,64,2026-05-31T03:47:04
1220,dqn,random,1,0.4500,-0.6750,64,2026-05-31T03:47:06
1221,heuristic,dqn,1,0.8000,-0.4000,64,2026-05-31T03:47:08
1222,dqn,heuristic,1,1.1500,-0.3250,64,2026-05-31T03:47:09
1223,heuristic,dqn,2,0.9000,1.8625,64,2026-05-31T03:47:11
1224,dqn,heuristic,2,0.6250,1.8875,64,2026-05-31T03:47:12
1225,random,dqn,2,0.5000,1.6250,64,2026-05-31T03:47:14
1226,dqn,random,1,0.5125,-0.7000,64,2026-05-31T03:47:16
1227,heuristic,dqn,2,1.0625,1.9625,64,2026-05-31T03:47:17
1228,dqn,random,1,0.7625,-0.5625,64,2026-05-31T03:47:19
1229,random,dqn,2,0.5625,1.5500,64,2026-05-31T03:47:20
1230,dqn,random,2,0.4500,1.4500,64,2026-05-31T03:47:22
1231,random,dqn,1,0.3000,-0.8375,64,2026-05-31T03:47:24
1232,dqn,random,1,0.7500,-0.5500,64,2026-05-31T03:47:25
1233,random,dqn,1,0.5750,-0.8125,64,2026-05-31T03:47:27
1234,dqn,heuristic,1,0.8500,-0.2000,64,2026-05-31T03:47:28
1235,heuristic,dqn,2,0.8750,2.1625,64,2026-05-31T03:47:30
1236,dqn,heuristic,2,0.4500,1.4250,64,2026-05-31T03:47:32
1237,heuristic,dqn,2,0.9000,2.2125,64,2026-05-31T03:47:33
1238,dqn,random,1,0.9000,-0.2125,64,2026-05-31T03:47:35
1239,random,dqn,2,0.5125,1.5625,64,2026-05-31T03:47:36
1240,dqn,heuristic,2,0.7250,1.7375,64,2026-05-31T03:47:38
1241,random,dqn,2,0.3000,1.3375,64,2026-05-31T03:47:40
1242,dqn,random,2,0.2625,1.2875,64,2026-05-31T03:47:41
1243,random,dqn,2,0.3625,1.5375,64,2026-05-31T03:47:43
1244,dqn,random,1,0.4875,-0.7875,64,2026-05-31T03:47:44
1245,random,dqn,2,0.2875,1.6625,64,2026-05-31T03:47:46
1246,dqn,heuristic,1,1.0875,-0.2250,64,2026-05-31T03:47:48
1247,heuristic,dqn,2,0.6875,2.1875,64,2026-05-31T03:47:49
1248,dqn,random,1,0.2750,-0.7625,64,2026-05-31T03:47:51
1249,heuristic,dqn,2,0.8625,2.0375,64,2026-05-31T03:47:52
1250,dqn,random,1,0.7250,-0.7625,64,2026-05-31T03:47:54
1251,random,dqn,1,0.4250,-0.7250,64,2026-05-31T03:47:56
1252,dqn,heuristic,2,0.5625,1.7750,64,2026-05-31T03:47:58
1253,heuristic,dqn,2,0.8375,1.9500,64,2026-05-31T03:47:59
1254,dqn,heuristic,1,0.9625,-0.3875,64,2026-05-31T03:48:01
1255,random,dqn,2,0.3625,1.5250,64,2026-05-31T03:48:02
1256,dqn,random,1,0.4750,-0.7750,64,2026-05-31T03:48:04
1257,random,dqn,2,0.2875,1.4125,64,2026-05-31T03:48:06
1258,dqn,random,1,0.5500,-0.6875,64,2026-05-31T03:48:08
1259,random,dqn,2,0.2625,1.4500,64,2026-05-31T03:48:09
1260,dqn,random,1,1.0500,-0.5375,64,2026-05-31T03:48:11
1261,random,dqn,1,0.5000,-0.6125,64,2026-05-31T03:48:13
1262,dqn,random,1,0.6375,-0.5000,64,2026-05-31T03:48:14
1263,random,dqn,1,0.4750,-0.7000,64,2026-05-31T03:48:16
1264,dqn,random,2,0.4125,1.2250,64,2026-05-31T03:48:17
1265,heuristic,dqn,2,0.8750,2.0000,64,2026-05-31T03:48:19
1266,dqn,random,1,0.5000,-0.7875,64,2026-05-31T03:48:21
1267,random,dqn,2,0.3375,1.6500,64,2026-05-31T03:48:22
1268,dqn,random,2,0.3750,1.4250,64,2026-05-31T03:48:24
1269,random,dqn,2,0.4500,1.4250,64,2026-05-31T03:48:26
1270,dqn,random,2,0.2625,1.5875,64,2026-05-31T03:48:27
1271,random,dqn,2,0.3500,1.5000,64,2026-05-31T03:48:29
1272,dqn,random,1,0.5000,-0.7375,64,2026-05-31T03:48:31
1273,random,dqn,2,0.2250,1.2875,64,2026-05-31T03:48:32
1274,dqn,random,1,0.4125,-0.6875,64,2026-05-31T03:48:34
1275,heuristic,dqn,1,0.7875,-0.5125,64,2026-05-31T03:48:36
1276,dqn,heuristic,2,0.8375,1.8625,64,2026-05-31T03:48:37
1277,random,dqn,1,0.3875,-0.6625,64,2026-05-31T03:48:39
1278,dqn,random,2,0.3500,1.4500,64,2026-05-31T03:48:41
1279,heuristic,dqn,2,0.6875,1.7500,64,2026-05-31T03:48:42
1280,dqn,random,1,0.5250,-0.6500,64,2026-05-31T03:48:44
1281,heuristic,dqn,2,0.8375,1.7875,64,2026-05-31T03:48:45
1282,dqn,random,1,0.6125,-0.6125,64,2026-05-31T03:48:47
1283,random,dqn,1,0.5125,-0.7125,64,2026-05-31T03:48:49
1284,dqn,random,2,0.3750,1.2750,64,2026-05-31T03:48:50
1285,random,dqn,1,0.5000,-0.5625,64,2026-05-31T03:48:52
1286,dqn,random,2,0.2250,1.3875,64,2026-05-31T03:48:54
1287,random,dqn,2,0.2500,1.5500,64,2026-05-31T03:48:55
1288,dqn,random,1,0.8250,-0.6750,64,2026-05-31T03:48:57
1289,heuristic,dqn,2,0.6125,2.0500,64,2026-05-31T03:48:59
1290,dqn,heuristic,2,0.5625,1.6625,64,2026-05-31T03:49:00
1291,random,dqn,1,0.5000,-0.6875,64,2026-05-31T03:49:02
1292,dqn,random,2,0.5125,1.6250,64,2026-05-31T03:49:04
1293,random,dqn,1,0.4500,-0.6500,64,2026-05-31T03:49:05
1294,dqn,heuristic,1,0.6375,-0.4625,64,2026-05-31T03:49:07
1295,random,dqn,2,0.3000,1.4500,64,2026-05-31T03:49:08
1296,dqn,heuristic,1,1.1625,-0.0250,64,2026-05-31T03:49:10
1297,random,dqn,2,0.3500,1.4000,64,2026-05-31T03:49:11
1298,dqn,random,2,0.4125,1.5375,64,2026-05-31T03:49:13
1299,random,dqn,1,0.6125,-0.4750,64,2026-05-31T03:49:15
1300,dqn,heuristic,2,0.7375,2.2000,64,2026-05-31T03:49:16
1301,random,dqn,1,0.4875,-0.5500,64,2026-05-31T03:55:10
1302,dqn,random,1,0.4250,-0.6875,64,2026-05-31T03:55:12
1303,random,dqn,1,0.7500,-0.5875,64,2026-05-31T03:55:13
1304,dqn,random,2,0.5375,1.5375,64,2026-05-31T03:55:15
1305,random,dqn,1,0.6000,-0.5625,64,2026-05-31T03:55:17
1306,dqn,random,2,0.3250,1.4250,64,2026-05-31T03:55:18
1307,random,dqn,1,0.3625,-0.7125,64,2026-05-31T03:55:20
1308,dqn,random,1,0.4250,-0.7375,64,2026-05-31T03:55:21
1309,heuristic,dqn,1,1.0500,-0.1500,64,2026-05-31T03:55:23
1310,dqn,random,2,0.4125,1.3875,64,2026-05-31T03:55:25
1311,heuristic,dqn,1,0.7375,-0.6250,64,2026-05-31T03:55:26
1312,dqn,random,2,0.4500,1.6375,64,2026-05-31T03:55:28
1313,random,dqn,2,0.4375,1.6000,64,2026-05-31T03:55:30
1314,dqn,random,1,0.9500,-0.7125,64,2026-05-31T03:55:31
1315,heuristic,dqn,2,0.8250,1.8500,64,2026-05-31T03:55:33
1316,dqn,random,1,0.8750,-0.8750,64,2026-05-31T03:55:34
1317,random,dqn,2,0.4375,1.4000,64,2026-05-31T03:55:36
1318,dqn,heuristic,1,1.0000,-0.1750,64,2026-05-31T03:55:37
1319,random,dqn,1,0.4750,-0.5625,64,2026-05-31T03:55:39
1320,dqn,random,2,0.5000,1.4500,64,2026-05-31T03:55:41
1321,random,dqn,1,0.7125,-0.7000,64,2026-05-31T03:55:42
1322,dqn,random,2,0.3625,1.5875,64,2026-05-31T03:55:44
1323,random,dqn,1,0.4375,-0.8000,64,2026-05-31T03:55:45
1324,dqn,random,2,0.1250,1.4500,64,2026-05-31T03:55:47
1325,random,dqn,1,0.5625,-0.5500,64,2026-05-31T03:55:49
1326,dqn,random,2,0.4875,1.8375,64,2026-05-31T03:55:50
1327,random,dqn,2,0.4500,1.9500,64,2026-05-31T03:55:52
1328,dqn,random,2,0.3375,1.2375,64,2026-05-31T03:55:54
1329,heuristic,dqn,2,0.6500,1.6375,64,2026-05-31T03:55:55
1330,dqn,heuristic,1,0.9375,-0.5500,64,2026-05-31T03:55:57
1331,random,dqn,1,0.5750,-0.6125,64,2026-05-31T03:55:58
1332,dqn,random,2,0.4500,1.5000,64,2026-05-31T03:56:00
1333,random,dqn,1,0.4750,-0.7000,64,2026-05-31T03:56:02
1334,dqn,heuristic,1,1.1375,0.0125,64,2026-05-31T03:56:03
1335,random,dqn,2,0.3750,1.5125,64,2026-05-31T03:56:05
1336,dqn,heuristic,2,0.7875,2.0375,64,2026-05-31T03:56:06
1337,random,dqn,1,0.4875,-0.5750,64,2026-05-31T03:56:08
1338,dqn,random,2,0.4750,1.5750,64,2026-05-31T03:56:10
1339,heuristic,dqn,2,1.0250,2.3125,64,2026-05-31T03:56:11
1340,dqn,random,1,0.4875,-0.6250,64,2026-05-31T03:56:13
1341,heuristic,dqn,1,0.5875,-0.7500,64,2026-05-31T03:56:14
1342,dqn,random,1,0.9125,-0.7500,64,2026-05-31T03:56:16
1343,heuristic,dqn,1,1.2000,-0.1750,64,2026-05-31T03:56:18
1344,dqn,random,2,0.3500,1.7375,64,2026-05-31T03:56:19
1345,heuristic,dqn,1,1.0000,-0.3625,64,2026-05-31T03:56:21
1346,dqn,random,1,0.5625,-0.5875,64,2026-05-31T03:56:22
1347,heuristic,dqn,1,0.7375,-0.4625,64,2026-05-31T03:56:24
1348,dqn,random,1,0.4500,-0.6750,64,2026-05-31T03:56:26
1349,random,dqn,1,0.4625,-0.6000,64,2026-05-31T03:56:27
1350,dqn,random,1,0.6000,-0.4750,64,2026-05-31T03:56:29
1351,heuristic,dqn,2,0.9500,1.8375,64,2026-05-31T03:56:31
1352,dqn,heuristic,1,0.6750,-0.4875,64,2026-05-31T03:56:32
1353,heuristic,dqn,1,0.8250,-0.4250,64,2026-05-31T03:56:34
1354,dqn,random,2,0.4625,1.4750,64,2026-05-31T03:56:35
1355,heuristic,dqn,1,0.7125,-0.5000,64,2026-05-31T03:56:37
1356,dqn,random,1,0.4500,-0.7500,64,2026-05-31T03:56:38
1357,heuristic,dqn,1,0.7500,-0.4500,64,2026-05-31T03:56:40
1358,dqn,random,2,0.3375,1.5000,64,2026-05-31T03:56:41
1359,random,dqn,2,0.6500,1.5125,64,2026-05-31T03:56:43
1360,dqn,random,1,0.8500,-0.7750,64,2026-05-31T03:56:45
1361,random,dqn,2,0.3000,1.4125,64,2026-05-31T03:56:46
1362,dqn,random,1,0.6375,-0.6375,64,2026-05-31T03:56:48
1363,random,dqn,1,0.5000,-0.5625,64,2026-05-31T03:56:49
1364,dqn,heuristic,2,0.5125,1.8000,64,2026-05-31T03:56:51
1365,random,dqn,2,0.1000,1.4625,64,2026-05-31T03:56:53
1366,dqn,random,1,0.5250,-0.7875,64,2026-05-31T03:56:54
1367,random,dqn,2,0.4250,1.5125,64,2026-05-31T03:56:56
1368,dqn,heuristic,2,0.6125,1.7500,64,2026-05-31T03:56:57
1369,random,dqn,2,0.2375,1.5000,64,2026-05-31T03:56:59
1370,dqn,random,1,0.6375,-0.6750,64,2026-05-31T03:57:01
1371,random,dqn,2,0.4250,1.3750,64,2026-05-31T03:57:02
1372,dqn,random,1,0.7875,-0.4875,64,2026-05-31T03:57:04
1373,random,dqn,1,0.4125,-0.7500,64,2026-05-31T03:57:06
1374,dqn,random,1,0.4250,-0.6250,64,2026-05-31T03:57:07
1375,random,dqn,2,0.4250,1.4625,64,2026-05-31T03:57:09
1376,dqn,heuristic,1,1.1375,-0.0250,64,2026-05-31T03:57:11
1377,heuristic,dqn,2,0.5125,1.6250,64,2026-05-31T03:57:12
1378,dqn,random,1,0.8250,-0.6125,64,2026-05-31T03:57:14
1379,random,dqn,2,0.4000,1.4250,64,2026-05-31T03:57:16
1380,dqn,random,1,0.5000,-0.7250,64,2026-05-31T03:57:17
1381,heuristic,dqn,2,0.7125,1.8875,64,2026-05-31T03:57:19
1382,dqn,random,1,0.4875,-0.7375,64,2026-05-31T03:57:20
1383,heuristic,dqn,1,0.7250,-0.6750,64,2026-05-31T03:57:22
1384,dqn,random,1,0.4750,-0.7750,64,2026-05-31T03:57:24
1385,heuristic,dqn,2,0.5875,1.8375,64,2026-05-31T03:57:25
1386,dqn,heuristic,1,1.4125,-0.1625,64,2026-05-31T03:57:27
1387,random,dqn,2,0.4875,1.5250,64,2026-05-31T03:57:28
1388,dqn,random,1,0.7000,-0.7625,64,2026-05-31T03:57:30
1389,random,dqn,2,0.2750,1.5750,64,2026-05-31T03:57:31
1390,dqn,heuristic,1,1.0000,-0.3750,64,2026-05-31T03:57:33
1391,random,dqn,2,0.3250,1.4750,64,2026-05-31T03:57:35
1392,dqn,random,1,0.9000,-0.6000,64,2026-05-31T03:57:36
1393,random,dqn,1,0.4375,-0.7000,64,2026-05-31T03:57:38
1394,dqn,random,1,0.6000,-0.6250,64,2026-05-31T03:57:40
1395,heuristic,dqn,2,0.7500,1.8250,64,2026-05-31T03:57:41
1396,dqn,heuristic,2,0.8125,1.8750,64,2026-05-31T03:57:43
1397,heuristic,dqn,2,1.1875,2.2250,64,2026-05-31T03:57:44
1398,dqn,random,1,0.7750,-0.7500,64,2026-05-31T03:57:46
1399,random,dqn,2,0.3250,1.4250,64,2026-05-31T03:57:48
1400,dqn,random,1,0.3750,-0.7500,64,2026-05-31T03:57:49
1401,random,dqn,1,0.6625,-0.6500,64,2026-05-31T04:03:54
1402,dqn,heuristic,1,0.9250,-0.5375,64,2026-05-31T04:03:56
1403,random,dqn,2,0.4375,1.5500,64,2026-05-31T04:03:57
1404,dqn,random,1,0.4250,-0.7000,64,2026-05-31T04:03:59
1405,random,dqn,2,0.3750,1.5500,64,2026-05-31T04:04:00
1406,dqn,heuristic,1,1.1125,-0.2125,64,2026-05-31T04:04:02
1407,random,dqn,2,0.3000,1.6250,64,2026-05-31T04:04:04
1408,dqn,random,1,0.4750,-0.7000,64,2026-05-31T04:04:05
1409,random,dqn,2,0.4750,1.5000,64,2026-05-31T04:04:07
1410,dqn,random,2,0.5000,1.5125,64,2026-05-31T04:04:09
1411,random,dqn,1,0.4250,-0.8250,64,2026-05-31T04:04:10
1412,dqn,random,1,0.6000,-0.6000,64,2026-05-31T04:04:12
1413,random,dqn,2,0.4375,1.4250,64,2026-05-31T04:04:13
1414,dqn,random,1,0.3625,-0.7875,64,2026-05-31T04:04:15
1415,random,dqn,2,0.2625,1.4625,64,2026-05-31T04:04:17
1416,dqn,random,1,0.3750,-0.8000,64,2026-05-31T04:04:18
1417,random,dqn,1,0.4250,-0.6875,64,2026-05-31T04:04:20
1418,dqn,heuristic,2,0.8250,2.0500,64,2026-05-31T04:04:21
1419,random,dqn,2,0.3875,1.4500,64,2026-05-31T04:04:23
1420,dqn,heuristic,1,1.0250,-0.3625,64,2026-05-31T04:04:25
1421,random,dqn,2,0.3750,1.7125,64,2026-05-31T04:04:26
1422,dqn,random,1,0.7000,-0.7625,64,2026-05-31T04:04:28
1423,heuristic,dqn,2,0.6875,1.9000,64,2026-05-31T04:04:29
1424,dqn,random,1,0.5375,-0.8000,64,2026-05-31T04:04:31
1425,random,dqn,2,0.3250,1.4875,64,2026-05-31T04:04:32
1426,dqn,random,1,0.5625,-0.7750,64,2026-05-31T04:04:34
1427,random,dqn,2,0.2875,1.5625,64,2026-05-31T04:04:35
1428,dqn,random,1,0.4500,-0.8000,64,2026-05-31T04:04:37
1429,random,dqn,1,0.5500,-0.6000,64,2026-05-31T04:04:39
1430,dqn,heuristic,2,0.6000,1.8750,64,2026-05-31T04:04:40
1431,heuristic,dqn,1,0.8500,-0.4750,64,2026-05-31T04:04:42
1432,dqn,heuristic,2,0.8000,2.0750,64,2026-05-31T04:04:43
1433,random,dqn,2,0.3125,1.4250,64,2026-05-31T04:04:45
1434,dqn,random,1,0.4250,-0.7875,64,2026-05-31T04:04:47
1435,heuristic,dqn,2,0.5000,1.6750,64,2026-05-31T04:04:48
1436,dqn,heuristic,1,1.0125,-0.3000,64,2026-05-31T04:04:50
1437,random,dqn,2,0.3500,1.5250,64,2026-05-31T04:04:51
1438,dqn,heuristic,1,0.8375,-0.4000,64,2026-05-31T04:04:53
1439,random,dqn,2,0.5000,1.6375,64,2026-05-31T04:04:54
1440,dqn,random,2,0.4375,1.4375,64,2026-05-31T04:04:56
1441,random,dqn,1,0.6250,-0.5625,64,2026-05-31T04:04:57
1442,dqn,random,1,0.6125,-0.4500,64,2026-05-31T04:04:59
1443,random,dqn,2,0.4750,1.7000,64,2026-05-31T04:05:00
1444,dqn,heuristic,1,0.9500,-0.5750,64,2026-05-31T04:05:02
1445,random,dqn,2,0.3875,1.6375,64,2026-05-31T04:05:04
1446,dqn,random,1,0.7750,-0.8625,64,2026-05-31T04:05:05
1447,random,dqn,2,0.2250,1.2750,64,2026-05-31T04:05:07
1448,dqn,heuristic,1,0.4000,-0.8125,64,2026-05-31T04:05:09
1449,random,dqn,2,0.3125,1.3875,64,2026-05-31T04:05:10
1450,dqn,random,1,0.4500,-0.7250,64,2026-05-31T04:05:12
1451,heuristic,dqn,2,0.7250,1.6000,64,2026-05-31T04:05:14
1452,dqn,random,1,0.6750,-0.5125,64,2026-05-31T04:05:15
1453,random,dqn,1,0.5625,-0.4875,64,2026-05-31T04:05:17
1454,dqn,random,1,0.6500,-0.7875,64,2026-05-31T04:05:18
1455,random,dqn,1,0.5625,-0.6125,64,2026-05-31T04:05:20
1456,dqn,heuristic,1,1.0500,-0.4250,64,2026-05-31T04:05:22
1457,random,dqn,1,0.6625,-0.7125,64,2026-05-31T04:05:23
1458,dqn,random,1,0.4875,-0.7625,64,2026-05-31T04:05:25
1459,random,dqn,2,0.3875,1.4500,64,2026-05-31T04:05:26
1460,dqn,heuristic,1,1.2500,-0.1125,64,2026-05-31T04:05:28
1461,random,dqn,2,0.2250,1.7875,64,2026-05-31T04:05:30
1462,dqn,heuristic,1,0.8250,-0.4375,64,2026-05-31T04:05:31
1463,random,dqn,2,0.1875,1.5375,64,2026-05-31T04:05:33
1464,dqn,random,2,0.3750,1.4625,64,2026-05-31T04:05:35
1465,random,dqn,1,0.6125,-0.5500,64,2026-05-31T04:05:36
1466,dqn,random,1,0.8125,-0.5500,64,2026-05-31T04:05:38
1467,heuristic,dqn,1,1.1875,0.0000,64,2026-05-31T04:05:39
1468,dqn,random,1,0.5125,-0.7625,64,2026-05-31T04:05:41
1469,random,dqn,1,0.5000,-0.6750,64,2026-05-31T04:05:43
1470,dqn,random,1,0.5500,-0.4625,64,2026-05-31T04:05:44
1471,random,dqn,1,0.4625,-0.6875,64,2026-05-31T04:05:46
1472,dqn,random,1,0.3625,-0.7625,64,2026-05-31T04:05:48
1473,heuristic,dqn,2,0.5500,1.4375,64,2026-05-31T04:05:49
1474,dqn,random,1,0.5000,-0.6750,64,2026-05-31T04:05:51
1475,random,dqn,2,0.3750,1.6625,64,2026-05-31T04:05:52
1476,dqn,random,1,0.8250,-0.7000,64,2026-05-31T04:05:54
1477,random,dqn,2,0.2125,1.6125,64,2026-05-31T04:05:56
1478,dqn,random,1,0.6125,-0.5250,64,2026-05-31T04:05:57
1479,random,dqn,2,0.4625,1.4750,64,2026-05-31T04:05:59
1480,dqn,heuristic,1,1.5000,0.0125,64,2026-05-31T04:06:01
1481,heuristic,dqn,2,0.8625,2.1000,64,2026-05-31T04:06:02
1482,dqn,heuristic,1,0.6000,-0.4375,64,2026-05-31T04:06:04
1483,heuristic,dqn,2,0.6000,1.7500,64,2026-05-31T04:06:05
1484,dqn,heuristic,1,0.8375,-0.2250,64,2026-05-31T04:06:07
1485,random,dqn,2,0.3875,1.6125,64,2026-05-31T04:06:09
1486,dqn,random,2,0.2875,1.4375,64,2026-05-31T04:06:10
1487,random,dqn,2,0.3125,1.5500,64,2026-05-31T04:06:12
1488,dqn,random,1,0.8625,-0.8250,64,2026-05-31T04:06:14
1489,heuristic,dqn,1,0.6000,-0.6375,64,2026-05-31T04:06:15
1490,dqn,random,2,0.3000,1.3875,64,2026-05-31T04:06:17
1491,random,dqn,2,0.4250,1.6500,64,2026-05-31T04:06:19
1492,dqn,heuristic,1,1.6875,0.1250,64,2026-05-31T04:06:20
1493,random,dqn,2,0.4125,1.6000,64,2026-05-31T04:06:22
1494,dqn,random,1,0.7375,-0.6250,64,2026-05-31T04:06:23
1495,random,dqn,1,0.5500,-0.6625,64,2026-05-31T04:06:25
1496,dqn,heuristic,1,0.8500,-0.2625,64,2026-05-31T04:06:27
1497,random,dqn,2,0.2375,1.7250,64,2026-05-31T04:06:28
1498,dqn,random,1,0.6000,-0.7375,64,2026-05-31T04:06:30
1499,random,dqn,2,0.3625,1.8500,64,2026-05-31T04:06:32
1500,dqn,random,1,0.5500,-0.5875,64,2026-05-31T04:06:33
1501,random,dqn,2,0.4125,1.4875,64,2026-05-31T04:12:22
1502,dqn,random,1,0.4500,-0.8500,64,2026-05-31T04:12:24
1503,random,dqn,2,0.2875,1.5625,64,2026-05-31T04:12:26
1504,dqn,heuristic,2,0.5750,1.7750,64,2026-05-31T04:12:27
1505,random,dqn,2,0.3875,1.4375,64,2026-05-31T04:12:29
1506,dqn,random,1,0.4500,-0.5750,64,2026-05-31T04:12:30
1507,random,dqn,1,0.6250,-0.7125,64,2026-05-31T04:12:32
1508,dqn,random,2,0.3375,1.4000,64,2026-05-31T04:12:34
1509,random,dqn,2,0.3875,1.5250,64,2026-05-31T04:12:35
1510,dqn,random,2,0.2375,1.3500,64,2026-05-31T04:12:37
1511,heuristic,dqn,1,0.9750,-0.2625,64,2026-05-31T04:12:38
1512,dqn,random,1,0.6750,-0.5750,64,2026-05-31T04:12:40
1513,random,dqn,1,0.5500,-0.6750,64,2026-05-31T04:12:42
1514,dqn,heuristic,1,0.8625,-0.4000,64,2026-05-31T04:12:43
1515,heuristic,dqn,1,1.0250,-0.1750,64,2026-05-31T04:12:45
1516,dqn,random,2,0.3500,1.5125,64,2026-05-31T04:12:46
1517,heuristic,dqn,2,0.5250,1.6500,64,2026-05-31T04:12:48
1518,dqn,random,1,0.8000,-0.7750,64,2026-05-31T04:12:50
1519,random,dqn,1,0.4375,-0.7000,64,2026-05-31T04:12:51
1520,dqn,random,1,0.6500,-0.4500,64,2026-05-31T04:12:53
1521,heuristic,dqn,2,0.8125,1.7750,64,2026-05-31T04:12:55
1522,dqn,heuristic,1,0.9125,-0.5375,64,2026-05-31T04:12:57
1523,random,dqn,1,0.5750,-0.6500,64,2026-05-31T04:12:59
1524,dqn,random,1,0.5125,-0.6375,64,2026-05-31T04:13:00
1525,random,dqn,2,0.4875,1.5875,64,2026-05-31T04:13:02
1526,dqn,heuristic,2,0.8875,1.9375,64,2026-05-31T04:13:04
1527,heuristic,dqn,2,0.9125,1.8750,64,2026-05-31T04:13:06
1528,dqn,heuristic,1,1.0750,0.0125,64,2026-05-31T04:13:08
1529,heuristic,dqn,1,0.8625,-0.4875,64,2026-05-31T04:13:10
1530,dqn,heuristic,1,0.6625,-0.3625,64,2026-05-31T04:13:11
1531,random,dqn,1,0.3375,-0.6875,64,2026-05-31T04:13:13
1532,dqn,heuristic,2,0.4125,1.6375,64,2026-05-31T04:13:15
1533,heuristic,dqn,2,0.6625,1.7000,64,2026-05-31T04:13:16
1534,dqn,heuristic,2,0.6375,1.7375,64,2026-05-31T04:13:18
1535,random,dqn,1,0.6625,-0.4000,64,2026-05-31T04:13:19
1536,dqn,random,1,0.4750,-0.7250,64,2026-05-31T04:13:21
1537,random,dqn,2,0.2750,1.4875,64,2026-05-31T04:13:23
1538,dqn,random,2,0.2625,1.3000,64,2026-05-31T04:13:24
1539,heuristic,dqn,2,0.4875,1.5625,64,2026-05-31T04:13:26
1540,dqn,random,1,0.6375,-0.5375,64,2026-05-31T04:13:27
1541,random,dqn,1,0.5250,-0.5375,64,2026-05-31T04:13:29
1542,dqn,random,1,0.7250,-0.4375,64,2026-05-31T04:13:31
1543,random,dqn,2,0.4750,1.5500,64,2026-05-31T04:13:32
1544,dqn,random,1,0.5250,-0.6500,64,2026-05-31T04:13:34
1545,random,dqn,2,0.3500,1.4250,64,2026-05-31T04:13:35
1546,dqn,random,2,0.4125,1.4500,64,2026-05-31T04:13:37
1547,heuristic,dqn,2,0.4625,1.6875,64,2026-05-31T04:13:39
1548,dqn,random,1,0.8125,-0.6250,64,2026-05-31T04:13:40
1549,heuristic,dqn,2,0.9000,1.7750,64,2026-05-31T04:13:42
1550,dqn,random,1,0.6125,-0.5750,64,2026-05-31T04:13:44
1551,random,dqn,2,0.3125,1.3500,64,2026-05-31T04:13:45
1552,dqn,random,1,0.3875,-0.6875,64,2026-05-31T04:13:47
1553,random,dqn,2,0.2500,1.5625,64,2026-05-31T04:13:49
1554,dqn,random,1,0.6375,-0.6875,64,2026-05-31T04:13:50
1555,random,dqn,1,0.5375,-0.5250,64,2026-05-31T04:13:52
1556,dqn,heuristic,1,0.8875,-0.4625,64,2026-05-31T04:13:53
1557,random,dqn,1,0.5000,-0.7500,64,2026-05-31T04:13:55
1558,dqn,random,1,0.5000,-0.6125,64,2026-05-31T04:13:57
1559,random,dqn,1,0.5500,-0.7750,64,2026-05-31T04:13:58
1560,dqn,random,2,0.4125,1.4500,64,2026-05-31T04:14:00
1561,random,dqn,1,0.6500,-0.4250,64,2026-05-31T04:14:01
1562,dqn,random,1,0.7625,-0.8125,64,2026-05-31T04:14:03
1563,random,dqn,2,0.2375,1.5500,64,2026-05-31T04:14:05
1564,dqn,random,1,0.4750,-0.5875,64,2026-05-31T04:14:06
1565,random,dqn,2,0.4250,1.3625,64,2026-05-31T04:14:08
1566,dqn,random,1,0.6875,-0.5125,64,2026-05-31T04:14:10
1567,random,dqn,1,0.6500,-0.5875,64,2026-05-31T04:14:11
1568,dqn,random,1,0.5000,-0.5625,64,2026-05-31T04:14:13
1569,random,dqn,2,0.3875,1.5000,64,2026-05-31T04:14:15
1570,dqn,random,2,0.4125,1.4250,64,2026-05-31T04:14:16
1571,heuristic,dqn,2,0.8500,1.7125,64,2026-05-31T04:14:18
1572,dqn,heuristic,1,1.0625,-0.1750,64,2026-05-31T04:14:19
1573,random,dqn,2,0.3250,1.5250,64,2026-05-31T04:14:21
1574,dqn,random,1,0.6000,-0.5625,64,2026-05-31T04:14:23
1575,random,dqn,2,0.3875,1.4625,64,2026-05-31T04:14:24
1576,dqn,heuristic,1,0.9125,-0.5000,64,2026-05-31T04:14:26
1577,random,dqn,2,0.2625,1.2875,64,2026-05-31T04:14:28
1578,dqn,random,2,0.4375,1.5000,64,2026-05-31T04:14:29
1579,random,dqn,2,0.5500,1.5375,64,2026-05-31T04:14:31
1580,dqn,random,1,0.6750,-0.6750,64,2026-05-31T04:14:32
1581,random,dqn,1,0.3500,-0.7500,64,2026-05-31T04:14:34
1582,dqn,random,1,0.9625,-0.3375,64,2026-05-31T04:14:35
1583,heuristic,dqn,1,1.1750,-0.1500,64,2026-05-31T04:14:37
1584,dqn,random,2,0.3375,1.2750,64,2026-05-31T04:14:39
1585,heuristic,dqn,2,0.7625,1.7750,64,2026-05-31T04:14:40
1586,dqn,heuristic,1,0.8750,-0.3250,64,2026-05-31T04:14:42
1587,random,dqn,2,0.2875,1.5375,64,2026-05-31T04:14:43
1588,dqn,heuristic,2,0.9750,2.2875,64,2026-05-31T04:14:45
1589,random,dqn,2,0.3000,1.5875,64,2026-05-31T04:14:46
1590,dqn,random,2,0.3750,1.3625,64,2026-05-31T04:14:48
1591,random,dqn,2,0.3875,1.5875,64,2026-05-31T04:14:49
1592,dqn,random,1,0.7250,-0.7375,64,2026-05-31T04:14:51
1593,random,dqn,2,0.4750,1.6250,64,2026-05-31T04:14:53
1594,dqn,random,1,0.6250,-0.7625,64,2026-05-31T04:14:54
1595,random,dqn,2,0.3625,1.5625,64,2026-05-31T04:14:56
1596,dqn,random,1,0.5750,-0.7375,64,2026-05-31T04:14:57
1597,random,dqn,2,0.5250,1.6125,64,2026-05-31T04:14:59
1598,dqn,heuristic,1,0.9500,-0.3375,64,2026-05-31T04:15:01
1599,random,dqn,2,0.2500,1.3125,64,2026-05-31T04:15:02
1600,dqn,random,1,0.6500,-0.8000,64,2026-05-31T04:15:04
1601,random,dqn,2,0.3125,1.4625,64,2026-05-31T04:21:10
1602,dqn,random,2,0.4500,1.4125,64,2026-05-31T04:21:12
1603,heuristic,dqn,2,0.6625,1.8250,64,2026-05-31T04:21:13
1604,dqn,random,2,0.3375,1.3250,64,2026-05-31T04:21:15
1605,random,dqn,1,0.5125,-0.6500,64,2026-05-31T04:21:17
1606,dqn,random,1,0.4500,-0.7125,64,2026-05-31T04:21:18
1607,random,dqn,2,0.4000,1.5250,64,2026-05-31T04:21:20
1608,dqn,random,1,0.4625,-0.8750,64,2026-05-31T04:21:22
1609,random,dqn,1,0.4250,-0.7875,64,2026-05-31T04:21:23
1610,dqn,random,1,0.3125,-0.7375,64,2026-05-31T04:21:25
1611,random,dqn,2,0.3500,1.6750,64,2026-05-31T04:21:27
1612,dqn,heuristic,2,0.4625,1.4625,64,2026-05-31T04:21:28
1613,heuristic,dqn,1,0.9875,-0.2250,64,2026-05-31T04:21:30
1614,dqn,random,2,0.3500,1.3250,64,2026-05-31T04:21:31
1615,random,dqn,1,0.5125,-0.6375,64,2026-05-31T04:21:33
1616,dqn,random,1,0.3875,-0.8500,64,2026-05-31T04:21:35
1617,heuristic,dqn,1,0.8375,-0.6000,64,2026-05-31T04:21:37
1618,dqn,random,2,0.4875,1.4500,64,2026-05-31T04:21:39
1619,random,dqn,2,0.1625,1.4500,64,2026-05-31T04:21:41
1620,dqn,heuristic,1,1.1375,-0.1750,64,2026-05-31T04:21:42
1621,random,dqn,2,0.3500,1.7250,64,2026-05-31T04:21:44
1622,dqn,heuristic,1,0.5125,-0.5875,64,2026-05-31T04:21:46
1623,heuristic,dqn,2,0.7500,2.0625,64,2026-05-31T04:21:48
1624,dqn,random,1,0.4875,-0.7500,64,2026-05-31T04:21:49
1625,random,dqn,2,0.5875,1.5625,64,2026-05-31T04:21:51
1626,dqn,random,1,0.6750,-0.7250,64,2026-05-31T04:21:52
1627,heuristic,dqn,1,0.6875,-0.4750,64,2026-05-31T04:21:54
1628,dqn,random,1,0.5000,-0.7500,64,2026-05-31T04:21:56
1629,heuristic,dqn,2,0.4750,1.6750,64,2026-05-31T04:21:57
1630,dqn,random,1,0.5000,-0.6500,64,2026-05-31T04:21:59
1631,heuristic,dqn,2,0.3750,1.7500,64,2026-05-31T04:22:01
1632,dqn,heuristic,1,1.1375,-0.3250,64,2026-05-31T04:22:03
1633,heuristic,dqn,2,0.7500,1.8875,64,2026-05-31T04:22:04
1634,dqn,random,2,0.5375,1.5500,64,2026-05-31T04:22:06
1635,random,dqn,2,0.2625,1.3500,64,2026-05-31T04:22:07
1636,dqn,random,1,0.5750,-0.7625,64,2026-05-31T04:22:09
1637,heuristic,dqn,2,0.6375,1.8125,64,2026-05-31T04:22:11
1638,dqn,random,1,0.4750,-0.6125,64,2026-05-31T04:22:13
1639,random,dqn,1,0.5125,-0.5875,64,2026-05-31T04:22:14
1640,dqn,random,1,0.5750,-0.5875,64,2026-05-31T04:22:16
1641,random,dqn,2,0.3250,1.4500,64,2026-05-31T04:22:17
1642,dqn,random,1,0.5500,-0.7875,64,2026-05-31T04:22:19
1643,random,dqn,1,0.5250,-0.7375,64,2026-05-31T04:22:21
1644,dqn,heuristic,1,1.1000,-0.1875,64,2026-05-31T04:22:22
1645,random,dqn,1,0.6500,-0.6625,64,2026-05-31T04:22:24
1646,dqn,random,1,0.3500,-0.7875,64,2026-05-31T04:22:26
1647,random,dqn,2,0.5375,1.8125,64,2026-05-31T04:22:27
1648,dqn,random,1,0.7000,-0.6125,64,2026-05-31T04:22:29
1649,random,dqn,2,0.3750,1.6625,64,2026-05-31T04:22:31
1650,dqn,random,1,0.4250,-0.6000,64,2026-05-31T04:22:32
1651,heuristic,dqn,2,0.9500,2.0750,64,2026-05-31T04:22:34
1652,dqn,random,1,0.5000,-0.6250,64,2026-05-31T04:22:35
1653,heuristic,dqn,2,0.8375,2.1125,64,2026-05-31T04:22:37
1654,dqn,random,1,0.7375,-0.7250,64,2026-05-31T04:22:39
1655,heuristic,dqn,2,0.7125,1.7000,64,2026-05-31T04:22:40
1656,dqn,heuristic,1,0.7500,-0.2625,64,2026-05-31T04:22:42
1657,random,dqn,1,0.4250,-0.6625,64,2026-05-31T04:22:44
1658,dqn,random,1,0.5000,-0.7125,64,2026-05-31T04:22:45
1659,random,dqn,2,0.3625,1.7375,64,2026-05-31T04:22:47
1660,dqn,random,1,0.5375,-0.7625,64,2026-05-31T04:22:48
1661,heuristic,dqn,1,1.1125,-0.2875,64,2026-05-31T04:22:50
1662,dqn,random,1,0.6625,-0.5250,64,2026-05-31T04:22:52
1663,random,dqn,2,0.4250,2.0250,64,2026-05-31T04:22:53
1664,dqn,heuristic,1,0.7000,-0.6000,64,2026-05-31T04:22:55
1665,random,dqn,2,0.4625,1.4750,64,2026-05-31T04:22:57
1666,dqn,random,1,0.5250,-0.6500,64,2026-05-31T04:22:58
1667,heuristic,dqn,2,0.8500,2.2750,64,2026-05-31T04:23:00
1668,dqn,heuristic,1,0.9250,-0.4125,64,2026-05-31T04:23:02
1669,random,dqn,2,0.3375,1.4750,64,2026-05-31T04:23:03
1670,dqn,heuristic,1,1.3375,0.0375,64,2026-05-31T04:23:05
1671,random,dqn,2,0.5750,1.7125,64,2026-05-31T04:23:06
1672,dqn,random,2,0.3250,1.3000,64,2026-05-31T04:23:08
1673,random,dqn,1,0.4875,-0.6250,64,2026-05-31T04:23:10
1674,dqn,heuristic,2,0.9125,2.0375,64,2026-05-31T04:23:11
1675,random,dqn,1,0.6250,-0.5875,64,2026-05-31T04:23:13
1676,dqn,random,1,0.3875,-0.6875,64,2026-05-31T04:23:14
1677,random,dqn,2,0.3625,1.4875,64,2026-05-31T04:23:16
1678,dqn,random,1,0.6000,-0.5625,64,2026-05-31T04:23:18
1679,random,dqn,1,0.4125,-0.6875,64,2026-05-31T04:23:20
1680,dqn,heuristic,1,1.0750,-0.5375,64,2026-05-31T04:23:21
1681,random,dqn,2,0.5375,1.4875,64,2026-05-31T04:23:23
1682,dqn,heuristic,2,0.7000,1.7750,64,2026-05-31T04:23:25
1683,heuristic,dqn,1,0.5750,-0.4375,64,2026-05-31T04:23:27
1684,dqn,random,1,0.6500,-0.7750,64,2026-05-31T04:23:29
1685,random,dqn,2,0.4000,1.5000,64,2026-05-31T04:23:30
1686,dqn,random,2,0.3500,1.4125,64,2026-05-31T04:23:32
1687,random,dqn,2,0.3125,1.3875,64,2026-05-31T04:23:34
1688,dqn,random,1,0.8375,-0.7500,64,2026-05-31T04:23:35
1689,random,dqn,2,0.4500,1.3750,64,2026-05-31T04:23:37
1690,dqn,random,1,0.6250,-0.8500,64,2026-05-31T04:23:39
1691,random,dqn,2,0.2375,1.5750,64,2026-05-31T04:23:41
1692,dqn,random,1,0.5000,-0.7875,64,2026-05-31T04:23:43
1693,heuristic,dqn,2,0.8250,2.0000,64,2026-05-31T04:23:45
1694,dqn,random,1,0.7500,-0.5375,64,2026-05-31T04:23:47
1695,random,dqn,2,0.2625,1.8500,64,2026-05-31T04:23:48
1696,dqn,random,1,0.5750,-0.5750,64,2026-05-31T04:23:50
1697,random,dqn,2,0.4500,1.5875,64,2026-05-31T04:23:52
1698,dqn,random,1,0.6500,-0.6375,64,2026-05-31T04:23:53
1699,random,dqn,1,0.6750,-0.6625,64,2026-05-31T04:23:55
1700,dqn,random,1,0.4875,-0.6000,64,2026-05-31T04:23:57
1701,random,dqn,1,0.6000,-0.5125,64,2026-05-31T04:30:02
1702,dqn,heuristic,1,1.3000,-0.3625,64,2026-05-31T04:30:04
1703,random,dqn,1,0.6500,-0.5750,64,2026-05-31T04:30:05
1704,dqn,random,1,0.5875,-0.7500,64,2026-05-31T04:30:07
1705,random,dqn,1,0.5500,-0.5125,64,2026-05-31T04:30:09
1706,dqn,random,2,0.2750,1.4875,64,2026-05-31T04:30:10
1707,heuristic,dqn,2,0.7125,1.9000,64,2026-05-31T04:30:12
1708,dqn,heuristic,2,0.5125,1.5750,64,2026-05-31T04:30:13
1709,random,dqn,2,0.2625,1.5625,64,2026-05-31T04:30:15
1710,dqn,heuristic,1,0.8375,-0.2125,64,2026-05-31T04:30:16
1711,heuristic,dqn,2,0.6500,2.0000,64,2026-05-31T04:30:18
1712,dqn,heuristic,1,0.7875,-0.3750,64,2026-05-31T04:30:20
1713,random,dqn,1,0.4875,-0.6750,64,2026-05-31T04:30:21
1714,dqn,random,1,0.6000,-0.6125,64,2026-05-31T04:30:23
1715,random,dqn,2,0.2500,1.4875,64,2026-05-31T04:30:25
1716,dqn,random,1,0.5750,-0.5875,64,2026-05-31T04:30:26
1717,random,dqn,2,0.4375,1.4000,64,2026-05-31T04:30:28
1718,dqn,random,1,0.8875,-0.6125,64,2026-05-31T04:30:30
1719,random,dqn,2,0.2875,1.5500,64,2026-05-31T04:30:31
1720,dqn,random,1,0.5250,-0.5375,64,2026-05-31T04:30:33
1721,random,dqn,2,0.2375,1.3125,64,2026-05-31T04:30:34
1722,dqn,random,1,0.5750,-0.8250,64,2026-05-31T04:30:36
1723,random,dqn,2,0.3375,1.5000,64,2026-05-31T04:30:37
1724,dqn,random,1,0.5500,-0.6250,64,2026-05-31T04:30:39
1725,heuristic,dqn,1,0.7125,-0.4375,64,2026-05-31T04:30:40
1726,dqn,heuristic,1,0.7750,-0.3000,64,2026-05-31T04:30:42
1727,heuristic,dqn,2,0.2875,1.6250,64,2026-05-31T04:30:43
1728,dqn,heuristic,1,0.7625,-0.4125,64,2026-05-31T04:30:45
1729,heuristic,dqn,1,0.8750,-0.2750,64,2026-05-31T04:30:47
1730,dqn,random,1,0.7000,-0.7750,64,2026-05-31T04:30:48
1731,random,dqn,2,0.5000,1.7375,64,2026-05-31T04:30:50
1732,dqn,heuristic,1,0.8625,-0.3750,64,2026-05-31T04:30:51
1733,random,dqn,2,0.4375,1.5625,64,2026-05-31T04:30:53
1734,dqn,random,1,0.7750,-0.6875,64,2026-05-31T04:30:55
1735,random,dqn,2,0.4375,1.7500,64,2026-05-31T04:30:56
1736,dqn,random,1,0.8375,-0.5625,64,2026-05-31T04:30:58
1737,random,dqn,2,0.2125,1.5250,64,2026-05-31T04:30:59
1738,dqn,heuristic,1,0.6000,-0.4750,64,2026-05-31T04:31:01
1739,heuristic,dqn,2,0.9250,2.0000,64,2026-05-31T04:31:02
1740,dqn,random,1,0.4750,-0.7625,64,2026-05-31T04:31:04
1741,random,dqn,2,0.3750,1.8625,64,2026-05-31T04:31:06
1742,dqn,heuristic,1,0.9125,-0.4375,64,2026-05-31T04:31:07
1743,random,dqn,2,0.4250,1.4500,64,2026-05-31T04:31:09
1744,dqn,random,2,0.3375,1.2875,64,2026-05-31T04:31:10
1745,random,dqn,2,0.6125,2.0250,64,2026-05-31T04:31:12
1746,dqn,heuristic,1,0.6750,-0.3250,64,2026-05-31T04:31:13
1747,heuristic,dqn,2,0.7250,2.0375,64,2026-05-31T04:31:15
1748,dqn,random,1,0.6000,-0.6000,64,2026-05-31T04:31:17
1749,random,dqn,1,0.5000,-0.7000,64,2026-05-31T04:31:18
1750,dqn,heuristic,2,0.5125,1.6625,64,2026-05-31T04:31:20
1751,random,dqn,2,0.3000,1.4250,64,2026-05-31T04:31:22
1752,dqn,random,1,1.0125,-0.2500,64,2026-05-31T04:31:23
1753,random,dqn,2,0.3125,1.6875,64,2026-05-31T04:31:25
1754,dqn,heuristic,2,0.6625,1.6875,64,2026-05-31T04:31:26
1755,random,dqn,2,0.3500,1.8125,64,2026-05-31T04:31:28
1756,dqn,heuristic,1,0.9375,-0.2500,64,2026-05-31T04:31:29
1757,random,dqn,2,0.4750,1.5875,64,2026-05-31T04:31:31
1758,dqn,random,1,0.8125,-0.5250,64,2026-05-31T04:31:33
1759,heuristic,dqn,2,0.8750,1.8875,64,2026-05-31T04:31:34
1760,dqn,random,1,0.5375,-0.7500,64,2026-05-31T04:31:36
1761,random,dqn,1,0.5375,-0.4750,64,2026-05-31T04:31:37
1762,dqn,random,1,0.7250,-0.6250,64,2026-05-31T04:31:39
1763,random,dqn,1,0.4875,-0.5750,64,2026-05-31T04:31:41
1764,dqn,random,2,0.4750,1.3875,64,2026-05-31T04:31:42
1765,heuristic,dqn,2,0.7875,1.9250,64,2026-05-31T04:31:44
1766,dqn,random,2,0.3500,1.4250,64,2026-05-31T04:31:45
1767,random,dqn,2,0.5125,1.7750,64,2026-05-31T04:31:47
1768,dqn,random,1,0.3750,-0.6750,64,2026-05-31T04:31:49
1769,random,dqn,2,0.2375,1.4000,64,2026-05-31T04:31:50
1770,dqn,random,1,0.5875,-0.6375,64,2026-05-31T04:31:52
1771,random,dqn,2,0.3125,1.4750,64,2026-05-31T04:31:54
1772,dqn,random,1,0.5375,-0.6000,64,2026-05-31T04:31:55
1773,random,dqn,1,0.9000,-0.6000,64,2026-05-31T04:31:57
1774,dqn,heuristic,2,0.5875,1.6750,64,2026-05-31T04:31:58
1775,random,dqn,1,0.5000,-0.6750,64,2026-05-31T04:32:00
1776,dqn,random,1,0.5750,-0.5375,64,2026-05-31T04:32:02
1777,random,dqn,2,0.2625,1.6750,64,2026-05-31T04:32:03
1778,dqn,random,1,0.7000,-0.8125,64,2026-05-31T04:32:05
1779,heuristic,dqn,1,1.2375,0.0750,64,2026-05-31T04:32:07
1780,dqn,random,2,0.5750,1.6750,64,2026-05-31T04:32:08
1781,random,dqn,2,0.5500,1.8125,64,2026-05-31T04:32:10
1782,dqn,heuristic,1,0.9000,-0.4125,64,2026-05-31T04:32:11
1783,random,dqn,2,0.4750,1.5500,64,2026-05-31T04:32:13
1784,dqn,heuristic,1,1.0750,-0.2750,64,2026-05-31T04:32:15
1785,random,dqn,2,0.3750,1.5250,64,2026-05-31T04:32:16
1786,dqn,random,1,0.5500,-0.8125,64,2026-05-31T04:32:18
1787,heuristic,dqn,2,0.9500,2.0875,64,2026-05-31T04:32:19
1788,dqn,random,1,0.8375,-0.6125,64,2026-05-31T04:32:21
1789,heuristic,dqn,2,0.8375,2.0625,64,2026-05-31T04:32:23
1790,dqn,heuristic,1,0.9875,-0.4250,64,2026-05-31T04:32:24
1791,random,dqn,2,0.4250,1.4875,64,2026-05-31T04:32:26
1792,dqn,random,1,0.6500,-0.5625,64,2026-05-31T04:32:27
1793,random,dqn,2,0.4625,1.5750,64,2026-05-31T04:32:29
1794,dqn,heuristic,1,0.7875,-0.3750,64,2026-05-31T04:32:31
1795,random,dqn,2,0.3125,1.3750,64,2026-05-31T04:32:32
1796,dqn,random,2,0.3875,1.3875,64,2026-05-31T04:32:34
1797,heuristic,dqn,2,0.6750,1.6125,64,2026-05-31T04:32:35
1798,dqn,random,1,0.4750,-0.6750,64,2026-05-31T04:32:37
1799,random,dqn,1,0.3750,-0.8125,64,2026-05-31T04:32:39
1800,dqn,random,1,0.5375,-0.6375,64,2026-05-31T04:32:40
1801,random,dqn,1,0.3500,-0.8125,64,2026-05-31T04:38:47
1802,dqn,heuristic,2,0.7625,1.7875,64,2026-05-31T04:38:49
1803,random,dqn,1,0.5000,-0.6625,64,2026-05-31T04:38:51
1804,dqn,random,2,0.4375,1.4000,64,2026-05-31T04:38:52
1805,random,dqn,2,0.3375,1.7875,64,2026-05-31T04:38:54
1806,dqn,heuristic,1,0.6500,-0.3500,64,2026-05-31T04:38:56
1807,random,dqn,2,0.3500,1.3500,64,2026-05-31T04:38:57
1808,dqn,random,1,0.5500,-0.6250,64,2026-05-31T04:38:59
1809,heuristic,dqn,1,1.1625,-0.1875,64,2026-05-31T04:39:01
1810,dqn,heuristic,2,0.6000,1.7250,64,2026-05-31T04:39:02
1811,random,dqn,1,0.5500,-0.5500,64,2026-05-31T04:39:04
1812,dqn,heuristic,1,1.0375,-0.3250,64,2026-05-31T04:39:05
1813,random,dqn,2,0.3750,1.5875,64,2026-05-31T04:39:07
1814,dqn,random,2,0.2875,1.3375,64,2026-05-31T04:39:09
1815,random,dqn,2,0.6000,1.8625,64,2026-05-31T04:39:10
1816,dqn,random,1,0.7500,-0.6625,64,2026-05-31T04:39:12
1817,random,dqn,2,0.2500,1.3250,64,2026-05-31T04:39:14
1818,dqn,heuristic,1,0.8375,-0.3125,64,2026-05-31T04:39:15
1819,random,dqn,2,0.2750,1.3625,64,2026-05-31T04:39:17
1820,dqn,random,1,0.6375,-0.9000,64,2026-05-31T04:39:18
1821,heuristic,dqn,1,0.7250,-0.6875,64,2026-05-31T04:39:20
1822,dqn,random,1,0.7000,-0.5625,64,2026-05-31T04:39:22
1823,random,dqn,1,0.4625,-0.5750,64,2026-05-31T04:39:24
1824,dqn,random,2,0.4875,1.4875,64,2026-05-31T04:39:25
1825,heuristic,dqn,1,0.7375,-0.4625,64,2026-05-31T04:39:27
1826,dqn,random,1,0.6750,-0.6500,64,2026-05-31T04:39:29
1827,random,dqn,2,0.4375,1.6625,64,2026-05-31T04:39:30
1828,dqn,heuristic,2,0.4750,1.6250,64,2026-05-31T04:39:32
1829,heuristic,dqn,2,0.7250,1.7125,64,2026-05-31T04:39:33
1830,dqn,heuristic,1,0.8250,-0.6375,64,2026-05-31T04:39:35
1831,random,dqn,2,0.3500,1.8750,64,2026-05-31T04:39:37
1832,dqn,random,2,0.3250,1.4625,64,2026-05-31T04:39:39
1833,random,dqn,1,0.6250,-0.5250,64,2026-05-31T04:39:40
1834,dqn,random,2,0.4250,1.3625,64,2026-05-31T04:39:42
1835,random,dqn,2,0.3125,1.7000,64,2026-05-31T04:39:43
1836,dqn,heuristic,1,0.8250,-0.1875,64,2026-05-31T04:39:45
1837,heuristic,dqn,1,0.7125,-0.4500,64,2026-05-31T04:39:47
1838,dqn,random,1,0.6500,-0.6250,64,2026-05-31T04:39:49
1839,random,dqn,2,0.5250,1.7250,64,2026-05-31T04:39:50
1840,dqn,random,2,0.5875,1.6500,64,2026-05-31T04:39:52
1841,random,dqn,2,0.5000,1.8625,64,2026-05-31T04:39:53
1842,dqn,random,2,0.3500,1.4000,64,2026-05-31T04:39:55
1843,random,dqn,2,0.3750,1.5125,64,2026-05-31T04:39:57
1844,dqn,heuristic,2,0.5875,1.6000,64,2026-05-31T04:39:58
1845,random,dqn,2,0.5500,1.5125,64,2026-05-31T04:40:00
1846,dqn,random,1,0.5500,-0.8625,64,2026-05-31T04:40:01
1847,random,dqn,2,0.5125,1.4875,64,2026-05-31T04:40:03
1848,dqn,heuristic,1,1.0250,-0.4875,64,2026-05-31T04:40:05
1849,heuristic,dqn,1,1.0500,-0.6125,64,2026-05-31T04:40:06
1850,dqn,random,1,0.5750,-0.5250,64,2026-05-31T04:40:08
1851,random,dqn,2,0.6125,1.6125,64,2026-05-31T04:40:09
1852,dqn,random,1,0.7375,-0.3375,64,2026-05-31T04:40:11
1853,heuristic,dqn,1,0.8750,-0.4125,64,2026-05-31T04:40:13
1854,dqn,random,1,0.6375,-0.7000,64,2026-05-31T04:40:14
1855,random,dqn,2,0.3500,1.7500,64,2026-05-31T04:40:16
1856,dqn,heuristic,2,0.3250,1.3625,64,2026-05-31T04:40:17
1857,heuristic,dqn,2,0.7125,1.6750,64,2026-05-31T04:40:19
1858,dqn,random,2,0.3625,1.4875,64,2026-05-31T04:40:21
1859,heuristic,dqn,1,0.8750,-0.4875,64,2026-05-31T04:40:22
1860,dqn,random,1,0.8750,-0.5750,64,2026-05-31T04:40:24
1861,random,dqn,1,0.4375,-0.6250,64,2026-05-31T04:40:25
1862,dqn,random,2,0.3750,1.4625,64,2026-05-31T04:40:27
1863,random,dqn,2,0.4500,1.5250,64,2026-05-31T04:40:29
1864,dqn,random,1,0.5125,-0.5125,64,2026-05-31T04:40:31
1865,random,dqn,1,0.5875,-0.8000,64,2026-05-31T04:40:32
1866,dqn,heuristic,1,0.5875,-0.5250,64,2026-05-31T04:40:34
1867,heuristic,dqn,1,0.8375,-0.4125,64,2026-05-31T04:40:35
1868,dqn,random,1,0.7375,-0.7375,64,2026-05-31T04:40:37
1869,random,dqn,2,0.7375,1.6875,64,2026-05-31T04:40:39
1870,dqn,random,1,0.4125,-0.7875,64,2026-05-31T04:40:40
1871,random,dqn,2,0.3875,1.4250,64,2026-05-31T04:40:42
1872,dqn,random,2,0.3375,1.4875,64,2026-05-31T04:40:44
1873,random,dqn,2,0.2500,1.4375,64,2026-05-31T04:40:45
1874,dqn,random,1,0.3375,-0.7000,64,2026-05-31T04:40:47
1875,random,dqn,2,0.3500,1.6375,64,2026-05-31T04:40:49
1876,dqn,random,1,0.6000,-0.7500,64,2026-05-31T04:40:50
1877,random,dqn,2,0.3375,1.6125,64,2026-05-31T04:40:52
1878,dqn,heuristic,2,0.8000,1.8250,64,2026-05-31T04:40:54
1879,heuristic,dqn,1,0.8125,-0.3500,64,2026-05-31T04:40:55
1880,dqn,random,2,0.2750,1.3500,64,2026-05-31T04:40:57
1881,random,dqn,2,0.6000,1.5750,64,2026-05-31T04:40:59
1882,dqn,random,1,0.7250,-0.5375,64,2026-05-31T04:41:00
1883,random,dqn,2,0.4750,1.5875,64,2026-05-31T04:41:02
1884,dqn,random,2,0.3250,1.5625,64,2026-05-31T04:41:03
1885,random,dqn,2,0.3500,1.5750,64,2026-05-31T04:41:05
1886,dqn,random,1,0.5500,-0.6625,64,2026-05-31T04:41:07
1887,heuristic,dqn,2,0.6375,1.8250,64,2026-05-31T04:41:08
1888,dqn,heuristic,1,0.9750,-0.2875,64,2026-05-31T04:41:10
1889,heuristic,dqn,1,1.1000,-0.1125,64,2026-05-31T04:41:11
1890,dqn,random,1,0.3375,-0.8375,64,2026-05-31T04:41:13
1891,random,dqn,2,0.2750,1.6250,64,2026-05-31T04:41:15
1892,dqn,random,1,0.6250,-0.5625,64,2026-05-31T04:41:17
1893,random,dqn,1,0.3750,-0.7500,64,2026-05-31T04:41:18
1894,dqn,heuristic,1,0.7375,-0.4875,64,2026-05-31T04:41:20
1895,heuristic,dqn,2,0.6125,1.7375,64,2026-05-31T04:41:21
1896,dqn,random,1,0.9875,-0.7000,64,2026-05-31T04:41:23
1897,random,dqn,2,0.3375,1.4375,64,2026-05-31T04:41:25
1898,dqn,random,1,0.3500,-0.7875,64,2026-05-31T04:41:26
1899,random,dqn,2,0.3875,2.2250,64,2026-05-31T04:41:28
1900,dqn,random,1,0.4750,-0.7500,64,2026-05-31T04:41:30
1901,random,dqn,1,0.6875,-0.7250,64,2026-05-31T04:47:38
1902,dqn,random,1,0.7500,-0.6625,64,2026-05-31T04:47:40
1903,random,dqn,2,0.2125,1.5375,64,2026-05-31T04:47:41
1904,dqn,random,1,0.5500,-0.6000,64,2026-05-31T04:47:43
1905,random,dqn,2,0.1875,1.4500,64,2026-05-31T04:47:45
1906,dqn,random,1,0.9250,-0.5125,64,2026-05-31T04:47:46
1907,random,dqn,2,0.3000,1.3375,64,2026-05-31T04:47:48
1908,dqn,heuristic,1,1.0625,-0.6375,64,2026-05-31T04:47:49
1909,heuristic,dqn,2,0.9625,1.8625,64,2026-05-31T04:47:51
1910,dqn,random,2,0.5250,1.6250,64,2026-05-31T04:47:52
1911,heuristic,dqn,2,0.9875,1.9250,64,2026-05-31T04:47:54
1912,dqn,random,1,0.7500,-0.7000,64,2026-05-31T04:47:56
1913,random,dqn,2,0.3000,1.7625,64,2026-05-31T04:47:57
1914,dqn,random,1,0.4000,-0.6500,64,2026-05-31T04:47:59
1915,random,dqn,2,0.3750,1.5500,64,2026-05-31T04:48:01
1916,dqn,random,2,0.5875,1.5125,64,2026-05-31T04:48:02
1917,heuristic,dqn,1,1.0000,-0.2875,64,2026-05-31T04:48:04
1918,dqn,heuristic,1,0.9375,-0.3250,64,2026-05-31T04:48:05
1919,random,dqn,2,0.2625,1.7625,64,2026-05-31T04:48:07
1920,dqn,heuristic,1,0.8750,-0.1250,64,2026-05-31T04:48:09
1921,random,dqn,1,0.7000,-0.6000,64,2026-05-31T04:48:10
1922,dqn,random,1,0.4750,-0.7750,64,2026-05-31T04:48:12
1923,random,dqn,2,0.4125,1.9000,64,2026-05-31T04:48:13
1924,dqn,random,2,0.4750,1.5250,64,2026-05-31T04:48:15
1925,random,dqn,2,0.4875,1.8250,64,2026-05-31T04:48:17
1926,dqn,heuristic,2,0.9750,2.1875,64,2026-05-31T04:48:18
1927,heuristic,dqn,2,0.4875,1.6750,64,2026-05-31T04:48:20
1928,dqn,random,1,0.3750,-0.7250,64,2026-05-31T04:48:21
1929,random,dqn,2,0.4625,2.0750,64,2026-05-31T04:48:23
1930,dqn,heuristic,1,0.8125,-0.2500,64,2026-05-31T04:48:25
1931,heuristic,dqn,2,1.0125,1.8375,64,2026-05-31T04:48:26
1932,dqn,random,1,0.3000,-0.7375,64,2026-05-31T04:48:28
1933,random,dqn,2,0.4500,1.4750,64,2026-05-31T04:48:29
1934,dqn,random,1,0.6125,-0.6500,64,2026-05-31T04:48:31
1935,random,dqn,1,0.5625,-0.6750,64,2026-05-31T04:48:33
1936,dqn,random,1,0.6000,-0.5000,64,2026-05-31T04:48:34
1937,random,dqn,2,0.2125,1.5375,64,2026-05-31T04:48:36
1938,dqn,random,1,0.8625,-0.5250,64,2026-05-31T04:48:37
1939,heuristic,dqn,1,0.9000,-0.6875,64,2026-05-31T04:48:39
1940,dqn,random,1,0.5500,-0.6625,64,2026-05-31T04:48:41
1941,heuristic,dqn,2,0.6500,1.7875,64,2026-05-31T04:48:42
1942,dqn,heuristic,1,1.2250,0.0000,64,2026-05-31T04:48:44
1943,random,dqn,2,0.3000,1.4125,64,2026-05-31T04:48:45
1944,dqn,random,1,0.8000,-0.7250,64,2026-05-31T04:48:47
1945,heuristic,dqn,2,0.9625,2.4125,64,2026-05-31T04:48:49
1946,dqn,random,1,0.5250,-0.6625,64,2026-05-31T04:48:50
1947,random,dqn,1,0.4000,-0.7250,64,2026-05-31T04:48:52
1948,dqn,random,1,0.6625,-0.7125,64,2026-05-31T04:48:54
1949,random,dqn,2,0.4125,1.7750,64,2026-05-31T04:48:55
1950,dqn,random,1,0.8000,-0.5250,64,2026-05-31T04:48:57
1951,random,dqn,2,0.3625,1.3375,64,2026-05-31T04:48:59
1952,dqn,random,1,0.5750,-0.6875,64,2026-05-31T04:49:00
1953,random,dqn,1,0.4375,-0.6500,64,2026-05-31T04:49:02
1954,dqn,random,2,0.5125,1.5125,64,2026-05-31T04:49:04
1955,random,dqn,2,0.4625,1.6125,64,2026-05-31T04:49:06
1956,dqn,heuristic,2,0.7625,1.7875,64,2026-05-31T04:49:07
1957,heuristic,dqn,2,0.8000,1.7625,64,2026-05-31T04:49:09
1958,dqn,heuristic,1,0.8125,-0.2375,64,2026-05-31T04:49:10
1959,heuristic,dqn,2,0.7750,2.2250,64,2026-05-31T04:49:12
1960,dqn,random,1,1.0375,-0.7250,64,2026-05-31T04:49:13
1961,random,dqn,2,0.3000,1.4750,64,2026-05-31T04:49:15
1962,dqn,random,2,0.5875,1.5625,64,2026-05-31T04:49:17
1963,random,dqn,2,0.3000,1.5625,64,2026-05-31T04:49:18
1964,dqn,heuristic,1,1.1875,-0.1750,64,2026-05-31T04:49:20
1965,random,dqn,2,0.4875,1.5625,64,2026-05-31T04:49:22
1966,dqn,random,1,0.7125,-0.7375,64,2026-05-31T04:49:23
1967,random,dqn,2,0.4500,1.4750,64,2026-05-31T04:49:25
1968,dqn,random,1,0.5000,-0.5375,64,2026-05-31T04:49:26
1969,random,dqn,2,0.4875,1.4750,64,2026-05-31T04:49:28
1970,dqn,heuristic,2,0.7375,1.8500,64,2026-05-31T04:49:30
1971,random,dqn,1,0.5250,-0.8125,64,2026-05-31T04:49:31
1972,dqn,random,1,0.7500,-0.6500,64,2026-05-31T04:49:33
1973,random,dqn,2,0.2000,1.4375,64,2026-05-31T04:49:35
1974,dqn,random,1,0.5875,-0.6375,64,2026-05-31T04:49:36
1975,heuristic,dqn,1,0.6375,-0.5625,64,2026-05-31T04:49:38
1976,dqn,random,1,0.9750,-0.8375,64,2026-05-31T04:49:40
1977,random,dqn,2,0.5250,1.8125,64,2026-05-31T04:49:41
1978,dqn,random,1,0.6125,-0.7875,64,2026-05-31T04:49:43
1979,random,dqn,2,0.3500,1.5000,64,2026-05-31T04:49:44
1980,dqn,random,1,0.5875,-0.7375,64,2026-05-31T04:49:46
1981,random,dqn,1,0.5500,-0.6625,64,2026-05-31T04:49:48
1982,dqn,heuristic,1,0.9750,-0.2875,64,2026-05-31T04:49:49
1983,random,dqn,2,0.3125,1.7750,64,2026-05-31T04:49:51
1984,dqn,random,1,0.4875,-0.6625,64,2026-05-31T04:49:53
1985,random,dqn,1,0.3875,-0.7000,64,2026-05-31T04:49:54
1986,dqn,random,1,0.6125,-0.8375,64,2026-05-31T04:49:56
1987,random,dqn,2,0.6000,1.6125,64,2026-05-31T04:49:57
1988,dqn,heuristic,2,0.6375,1.8125,64,2026-05-31T04:49:59
1989,random,dqn,2,0.7000,1.6875,64,2026-05-31T04:50:00
1990,dqn,random,2,0.5250,1.6125,64,2026-05-31T04:50:02
1991,random,dqn,1,0.4625,-0.5750,64,2026-05-31T04:50:03
1992,dqn,random,1,0.7125,-0.7750,64,2026-05-31T04:50:05
1993,random,dqn,2,0.4750,1.5625,64,2026-05-31T04:50:07
1994,dqn,random,1,0.5000,-0.7875,64,2026-05-31T04:50:08
1995,random,dqn,2,0.2875,1.5500,64,2026-05-31T04:50:10
1996,dqn,random,2,0.3625,1.3500,64,2026-05-31T04:50:12
1997,random,dqn,2,0.3125,1.4250,64,2026-05-31T04:50:13
1998,dqn,random,1,0.6000,-0.5750,64,2026-05-31T04:50:15
1999,random,dqn,1,0.3000,-0.7750,64,2026-05-31T04:50:17
2000,dqn,self,2,0.5625,1.6750,64,2026-05-31T04:50:19
2001,self,dqn,1,0.7875,-0.7875,64,2026-05-31T04:56:27
2002,dqn,random,1,0.8125,-0.8375,64,2026-05-31T04:56:28
2003,self,dqn,1,0.5625,-0.6125,64,2026-05-31T04:56:30
2004,dqn,self,2,0.3000,1.3500,64,2026-05-31T04:56:32
2005,self,dqn,1,0.7250,-0.7125,64,2026-05-31T04:56:33
2006,dqn,self,2,0.3750,1.8500,64,2026-05-31T04:56:35
2007,pool:gen_001,dqn,1,0.4750,-0.7625,64,2026-05-31T04:56:36
2008,dqn,pool:gen_001,2,0.5500,1.6250,64,2026-05-31T04:56:38
2009,self,dqn,1,0.7250,-0.8250,64,2026-05-31T04:56:40
2010,dqn,self,1,0.5375,-0.6750,64,2026-05-31T04:56:42
2011,self,dqn,1,0.4750,-0.7625,64,2026-05-31T04:56:43
2012,dqn,pool:gen_002,2,0.1625,1.4125,64,2026-05-31T04:56:45
2013,self,dqn,1,0.7375,-0.7000,64,2026-05-31T04:56:47
2014,dqn,pool:gen_001,2,0.3125,1.5625,64,2026-05-31T04:56:48
2015,pool:gen_002,dqn,1,0.9250,-0.7750,64,2026-05-31T04:56:50
2016,dqn,self,2,0.4000,1.5625,64,2026-05-31T04:56:52
2017,self,dqn,1,0.4375,-0.7750,64,2026-05-31T04:56:53
2018,dqn,pool:gen_001,2,0.2625,1.7625,64,2026-05-31T04:56:55
2019,self,dqn,1,0.8375,-0.7750,64,2026-05-31T04:56:57
2020,dqn,heuristic,2,0.5375,1.5875,64,2026-05-31T04:56:58
2021,pool:gen_001,dqn,1,1.2000,-0.6125,64,2026-05-31T04:57:00
2022,dqn,self,2,0.4125,1.4500,64,2026-05-31T04:57:01
2023,self,dqn,1,0.5625,-0.7000,64,2026-05-31T04:57:03
2024,dqn,self,2,0.4375,1.6500,64,2026-05-31T04:57:05
2025,pool:gen_002,dqn,1,0.9625,-0.6625,64,2026-05-31T04:57:06
2026,dqn,self,2,0.3625,1.5750,64,2026-05-31T04:57:08
2027,self,dqn,2,0.2750,1.3250,64,2026-05-31T04:57:10
2028,dqn,pool:gen_002,2,0.4875,1.8125,64,2026-05-31T04:57:12
2029,pool:gen_001,dqn,1,0.6375,-0.6750,64,2026-05-31T04:57:13
2030,dqn,self,2,0.2625,1.3000,64,2026-05-31T04:57:15
2031,self,dqn,1,0.6500,-0.7000,64,2026-05-31T04:57:17
2032,dqn,self,2,0.3125,1.3250,64,2026-05-31T04:57:19
2033,pool:gen_002,dqn,1,0.8625,-0.8625,64,2026-05-31T04:57:20
2034,dqn,pool:gen_001,2,0.4000,2.0500,64,2026-05-31T04:57:22
2035,pool:gen_001,dqn,1,0.9250,-0.6000,64,2026-05-31T04:57:24
2036,dqn,pool:gen_001,2,0.4500,1.7500,64,2026-05-31T04:57:25
2037,pool:gen_002,dqn,1,0.7125,-0.7750,64,2026-05-31T04:57:27
2038,dqn,pool:gen_001,2,0.3250,1.3875,64,2026-05-31T04:57:29
2039,pool:gen_002,dqn,1,0.8500,-0.6750,64,2026-05-31T04:57:30
2040,dqn,pool:gen_001,2,0.5125,1.9750,64,2026-05-31T04:57:32
2041,self,dqn,1,0.5125,-0.7750,64,2026-05-31T04:57:34
2042,dqn,self,2,0.1750,1.5500,64,2026-05-31T04:57:36
2043,pool:gen_001,dqn,1,0.6125,-0.5000,64,2026-05-31T04:57:37
2044,dqn,self,2,0.2500,1.8000,64,2026-05-31T04:57:39
2045,random,dqn,2,0.2875,1.4750,64,2026-05-31T04:57:41
2046,dqn,pool:gen_002,2,0.3125,1.8875,64,2026-05-31T04:57:42
2047,pool:gen_002,dqn,1,1.0000,-0.9000,64,2026-05-31T04:57:44
2048,dqn,random,1,0.4250,-0.6125,64,2026-05-31T04:57:46
2049,self,dqn,1,0.6000,-0.6000,64,2026-05-31T04:57:47
2050,dqn,pool:gen_001,2,0.3500,1.5375,64,2026-05-31T04:57:49
2051,self,dqn,1,0.6500,-0.6625,64,2026-05-31T04:57:51
2052,dqn,self,2,0.3625,1.5500,64,2026-05-31T04:57:53
2053,self,dqn,1,0.7500,-0.5875,64,2026-05-31T04:57:54
2054,dqn,pool:gen_002,2,0.5375,1.8375,64,2026-05-31T04:57:56
2055,self,dqn,1,0.7000,-0.8000,64,2026-05-31T04:57:58
2056,dqn,self,1,0.4625,-0.7875,64,2026-05-31T04:58:00
2057,self,dqn,1,0.6625,-0.6000,64,2026-05-31T04:58:01
2058,dqn,self,2,0.4500,1.6750,64,2026-05-31T04:58:03
2059,self,dqn,1,0.4875,-0.5875,64,2026-05-31T04:58:05
2060,dqn,random,2,0.4500,1.5375,64,2026-05-31T04:58:06
2061,pool:gen_001,dqn,1,0.5375,-0.8000,64,2026-05-31T04:58:08
2062,dqn,self,2,0.3750,1.4750,64,2026-05-31T04:58:10
2063,self,dqn,1,0.5250,-0.6750,64,2026-05-31T04:58:11
2064,dqn,self,2,0.4750,2.0000,64,2026-05-31T04:58:13
2065,self,dqn,1,0.6000,-0.7875,64,2026-05-31T04:58:14
2066,dqn,pool:gen_002,2,0.4500,1.5250,64,2026-05-31T04:58:16
2067,pool:gen_002,dqn,1,0.8125,-0.9000,64,2026-05-31T04:58:18
2068,dqn,pool:gen_002,2,0.3125,1.8000,64,2026-05-31T04:58:19
2069,self,dqn,1,0.8375,-0.6875,64,2026-05-31T04:58:21
2070,dqn,self,2,0.4625,1.4250,64,2026-05-31T04:58:23
2071,self,dqn,1,0.4750,-0.7375,64,2026-05-31T04:58:25
2072,dqn,pool:gen_002,2,0.2250,1.6375,64,2026-05-31T04:58:26
2073,pool:gen_001,dqn,1,0.7250,-0.4875,64,2026-05-31T04:58:28
2074,dqn,self,1,0.3750,-0.6625,64,2026-05-31T04:58:30
2075,pool:gen_002,dqn,1,0.5875,-0.7125,64,2026-05-31T04:58:32
2076,dqn,self,2,0.3750,1.6875,64,2026-05-31T04:58:33
2077,pool:gen_001,dqn,1,0.7500,-0.7875,64,2026-05-31T04:58:35
2078,dqn,self,2,0.5000,1.6750,64,2026-05-31T04:58:37
2079,self,dqn,2,0.2125,1.5375,64,2026-05-31T04:58:39
2080,dqn,pool:gen_001,2,0.5500,1.8625,64,2026-05-31T04:58:41
2081,self,dqn,1,0.8875,-0.7125,64,2026-05-31T04:58:42
2082,dqn,pool:gen_002,2,0.4625,1.4875,64,2026-05-31T04:58:44
2083,pool:gen_001,dqn,1,0.7875,-0.5875,64,2026-05-31T04:58:45
2084,dqn,pool:gen_001,2,0.2875,1.8875,64,2026-05-31T04:58:47
2085,pool:gen_002,dqn,1,0.7625,-0.7375,64,2026-05-31T04:58:49
2086,dqn,self,2,0.3125,1.5375,64,2026-05-31T04:58:51
2087,pool:gen_002,dqn,1,0.5875,-0.6875,64,2026-05-31T04:58:52
2088,dqn,heuristic,2,0.4500,1.6750,64,2026-05-31T04:58:54
2089,random,dqn,2,0.1250,1.4750,64,2026-05-31T04:58:55
2090,dqn,pool:gen_001,2,0.5625,2.2625,64,2026-05-31T04:58:57
2091,pool:gen_001,dqn,1,0.4500,-0.6000,64,2026-05-31T04:58:59
2092,dqn,self,1,0.5125,-0.7125,64,2026-05-31T04:59:00
2093,pool:gen_001,dqn,1,0.8125,-0.3875,64,2026-05-31T04:59:02
2094,dqn,self,2,0.3750,1.5000,64,2026-05-31T04:59:04
2095,pool:gen_002,dqn,1,0.6375,-0.7125,64,2026-05-31T04:59:05
2096,dqn,self,2,0.3500,1.9250,64,2026-05-31T04:59:07
2097,pool:gen_001,dqn,1,0.6750,-0.7500,64,2026-05-31T04:59:09
2098,dqn,self,2,0.2375,1.7125,64,2026-05-31T04:59:11
2099,heuristic,dqn,2,0.6500,1.7750,64,2026-05-31T04:59:12
2100,dqn,self,2,0.3375,1.5875,64,2026-05-31T04:59:14
2101,self,dqn,1,0.8000,-0.6750,64,2026-05-31T05:05:21
2102,dqn,pool:gen_002,2,0.3250,1.5000,64,2026-05-31T05:05:23
2103,pool:gen_001,dqn,1,0.5125,-0.8125,64,2026-05-31T05:05:24
2104,dqn,pool:gen_002,2,0.5500,2.2500,64,2026-05-31T05:05:26
2105,self,dqn,1,0.4375,-0.6625,64,2026-05-31T05:05:28
2106,dqn,pool:gen_001,2,0.5500,1.5750,64,2026-05-31T05:05:29
2107,pool:gen_002,dqn,1,0.6375,-0.6500,64,2026-05-31T05:05:31
2108,dqn,pool:gen_001,1,0.5125,-0.5125,64,2026-05-31T05:05:33
2109,self,dqn,1,0.7625,-0.7875,64,2026-05-31T05:05:34
2110,dqn,random,1,0.4500,-0.7750,64,2026-05-31T05:05:36
2111,self,dqn,1,0.6250,-0.3875,64,2026-05-31T05:05:38
2112,dqn,pool:gen_001,2,0.5250,1.7750,64,2026-05-31T05:05:39
2113,random,dqn,2,0.2375,1.5000,64,2026-05-31T05:05:41
2114,dqn,self,2,0.2875,1.8500,64,2026-05-31T05:05:43
2115,self,dqn,1,0.5250,-0.7375,64,2026-05-31T05:05:44
2116,dqn,self,2,0.1625,1.2750,64,2026-05-31T05:05:46
2117,pool:gen_001,dqn,1,0.8125,-0.4875,64,2026-05-31T05:05:48
2118,dqn,self,2,0.3375,1.6250,64,2026-05-31T05:05:49
2119,pool:gen_001,dqn,1,0.4875,-0.6750,64,2026-05-31T05:05:51
2120,dqn,pool:gen_002,2,0.4875,2.0125,64,2026-05-31T05:05:53
2121,pool:gen_001,dqn,1,0.7000,-0.3625,64,2026-05-31T05:05:54
2122,dqn,pool:gen_001,2,0.4000,1.6125,64,2026-05-31T05:05:56
2123,pool:gen_001,dqn,1,0.6500,-0.6500,64,2026-05-31T05:05:58
2124,dqn,pool:gen_002,2,0.1375,1.6000,64,2026-05-31T05:05:59
2125,self,dqn,1,0.7750,-0.7000,64,2026-05-31T05:06:01
2126,dqn,pool:gen_002,2,0.2250,1.4500,64,2026-05-31T05:06:03
2127,pool:gen_002,dqn,1,0.6375,-0.8250,64,2026-05-31T05:06:04
2128,dqn,self,2,0.4250,1.6625,64,2026-05-31T05:06:06
2129,self,dqn,1,0.6250,-0.7500,64,2026-05-31T05:06:08
2130,dqn,self,2,0.4625,2.0250,64,2026-05-31T05:06:09
2131,pool:gen_002,dqn,1,0.3625,-0.7375,64,2026-05-31T05:06:11
2132,dqn,self,2,0.3000,1.9000,64,2026-05-31T05:06:13
2133,self,dqn,1,0.9125,-0.5750,64,2026-05-31T05:06:14
2134,dqn,self,2,0.4125,1.6250,64,2026-05-31T05:06:16
2135,pool:gen_001,dqn,1,0.4500,-0.6750,64,2026-05-31T05:06:18
2136,dqn,pool:gen_001,1,0.6125,-0.6000,64,2026-05-31T05:06:20
2137,self,dqn,1,0.6375,-0.6750,64,2026-05-31T05:06:22
2138,dqn,self,2,0.4000,1.6875,64,2026-05-31T05:06:23
2139,self,dqn,1,0.5750,-0.5625,64,2026-05-31T05:06:25
2140,dqn,pool:gen_002,2,0.2500,1.3625,64,2026-05-31T05:06:27
2141,self,dqn,1,0.4750,-0.6000,64,2026-05-31T05:06:28
2142,dqn,self,2,0.2250,1.7125,64,2026-05-31T05:06:30
2143,self,dqn,1,0.8625,-0.6750,64,2026-05-31T05:06:32
2144,dqn,pool:gen_001,2,0.4750,1.7875,64,2026-05-31T05:06:33
2145,pool:gen_001,dqn,1,0.8375,-0.8500,64,2026-05-31T05:06:35
2146,dqn,pool:gen_002,2,0.2000,1.5500,64,2026-05-31T05:06:37
2147,pool:gen_001,dqn,1,0.6875,-0.5625,64,2026-05-31T05:06:38
2148,dqn,random,1,0.4125,-0.6625,64,2026-05-31T05:06:40
2149,self,dqn,1,0.8625,-0.6625,64,2026-05-31T05:06:41
2150,dqn,self,2,0.3875,1.7125,64,2026-05-31T05:06:43
2151,pool:gen_002,dqn,1,0.3750,-0.7750,64,2026-05-31T05:06:45
2152,dqn,self,2,0.2875,1.5875,64,2026-05-31T05:06:46
2153,self,dqn,1,0.8625,-0.7375,64,2026-05-31T05:06:48
2154,dqn,pool:gen_002,2,0.2125,1.3500,64,2026-05-31T05:06:50
2155,pool:gen_002,dqn,1,0.7250,-0.7250,64,2026-05-31T05:06:51
2156,dqn,random,1,0.7250,-0.4250,64,2026-05-31T05:06:53
2157,self,dqn,1,0.7875,-0.6875,64,2026-05-31T05:06:55
2158,dqn,pool:gen_002,2,0.4000,1.4125,64,2026-05-31T05:06:56
2159,self,dqn,1,0.7750,-0.6250,64,2026-05-31T05:06:58
2160,dqn,pool:gen_002,2,0.3000,1.8625,64,2026-05-31T05:07:00
2161,pool:gen_001,dqn,1,0.6250,-0.6625,64,2026-05-31T05:07:02
2162,dqn,pool:gen_001,2,0.4625,1.4250,64,2026-05-31T05:07:03
2163,self,dqn,1,0.8875,-0.6625,64,2026-05-31T05:07:05
2164,dqn,pool:gen_001,2,0.4000,1.6125,64,2026-05-31T05:07:07
2165,pool:gen_001,dqn,1,0.7000,-0.4875,64,2026-05-31T05:07:09
2166,dqn,pool:gen_002,2,0.5375,1.5750,64,2026-05-31T05:07:10
2167,self,dqn,1,0.8500,-0.7125,64,2026-05-31T05:07:12
2168,dqn,self,2,0.5375,1.7000,64,2026-05-31T05:07:14
2169,pool:gen_001,dqn,1,0.4750,-0.6000,64,2026-05-31T05:07:15
2170,dqn,self,2,0.6875,1.7000,64,2026-05-31T05:07:17
2171,pool:gen_002,dqn,1,0.7750,-0.7875,64,2026-05-31T05:07:19
2172,dqn,self,2,0.3125,1.6125,64,2026-05-31T05:07:21
2173,self,dqn,1,1.0375,-0.4125,64,2026-05-31T05:07:22
2174,dqn,self,2,0.2375,1.7500,64,2026-05-31T05:07:24
2175,self,dqn,1,0.9250,-0.6000,64,2026-05-31T05:07:26
2176,dqn,self,2,0.3375,1.6875,64,2026-05-31T05:07:27
2177,pool:gen_002,dqn,1,0.8500,-0.8250,64,2026-05-31T05:07:29
2178,dqn,pool:gen_002,2,0.2875,1.6250,64,2026-05-31T05:07:31
2179,pool:gen_001,dqn,1,0.6875,-0.6000,64,2026-05-31T05:07:32
2180,dqn,pool:gen_002,2,0.3625,1.7125,64,2026-05-31T05:07:34
2181,pool:gen_002,dqn,1,0.5875,-0.5375,64,2026-05-31T05:07:36
2182,dqn,self,1,0.5000,-0.6375,64,2026-05-31T05:07:37
2183,pool:gen_002,dqn,1,0.6125,-0.6000,64,2026-05-31T05:07:39
2184,dqn,self,2,0.2750,1.4500,64,2026-05-31T05:07:41
2185,self,dqn,1,1.3250,-0.4375,64,2026-05-31T05:07:42
2186,dqn,self,2,0.4125,1.6875,64,2026-05-31T05:07:44
2187,self,dqn,1,0.6375,-0.8500,64,2026-05-31T05:07:46
2188,dqn,self,1,0.6750,-0.4750,64,2026-05-31T05:07:47
2189,self,dqn,1,0.7875,-0.7000,64,2026-05-31T05:07:49
2190,dqn,heuristic,1,1.1375,-0.1125,64,2026-05-31T05:07:51
2191,pool:gen_002,dqn,1,0.5625,-0.8125,64,2026-05-31T05:07:53
2192,dqn,self,1,0.3500,-0.6625,64,2026-05-31T05:07:54
2193,pool:gen_001,dqn,1,0.5375,-0.6000,64,2026-05-31T05:07:56
2194,dqn,self,2,0.4250,1.6500,64,2026-05-31T05:07:57
2195,self,dqn,1,0.9250,-0.6250,64,2026-05-31T05:07:59
2196,dqn,heuristic,1,0.8250,-0.3250,64,2026-05-31T05:08:01
2197,self,dqn,1,1.0375,-0.5750,64,2026-05-31T05:08:03
2198,dqn,self,2,0.2875,1.6875,64,2026-05-31T05:08:04
2199,pool:gen_002,dqn,1,0.5500,-0.7250,64,2026-05-31T05:08:06
2200,dqn,random,1,0.5750,-0.5375,64,2026-05-31T05:08:07
2201,self,dqn,1,0.7625,-0.6625,64,2026-05-31T05:14:10
2202,dqn,pool:gen_002,2,0.3250,1.4500,64,2026-05-31T05:14:12
2203,self,dqn,1,0.5125,-0.6500,64,2026-05-31T05:14:14
2204,dqn,pool:gen_001,2,0.4750,1.7750,64,2026-05-31T05:14:15
2205,self,dqn,1,0.9125,-0.8375,64,2026-05-31T05:14:17
2206,dqn,pool:gen_002,2,0.4125,1.8625,64,2026-05-31T05:14:18
2207,self,dqn,1,0.6625,-0.7125,64,2026-05-31T05:14:20
2208,dqn,self,2,0.3625,1.6625,64,2026-05-31T05:14:22
2209,pool:gen_001,dqn,1,1.1125,-0.4125,64,2026-05-31T05:14:24
2210,dqn,self,2,0.2625,1.7500,64,2026-05-31T05:14:25
2211,pool:gen_002,dqn,1,0.7875,-0.7875,64,2026-05-31T05:14:27
2212,dqn,pool:gen_001,2,0.4500,1.4750,64,2026-05-31T05:14:28
2213,random,dqn,2,0.3875,1.3875,64,2026-05-31T05:14:30
2214,dqn,self,2,0.2125,1.7250,64,2026-05-31T05:14:32
2215,self,dqn,1,1.1000,-0.5500,64,2026-05-31T05:14:34
2216,dqn,self,2,0.2625,1.4250,64,2026-05-31T05:14:35
2217,self,dqn,1,0.7750,-0.7375,64,2026-05-31T05:14:37
2218,dqn,pool:gen_001,2,0.4000,1.6750,64,2026-05-31T05:14:39
2219,pool:gen_001,dqn,1,0.3750,-0.7750,64,2026-05-31T05:14:40
2220,dqn,self,2,0.2875,1.5750,64,2026-05-31T05:14:42
2221,pool:gen_002,dqn,1,0.4875,-0.8125,64,2026-05-31T05:14:44
2222,dqn,pool:gen_002,2,0.2625,1.6000,64,2026-05-31T05:14:45
2223,self,dqn,1,0.7500,-0.4500,64,2026-05-31T05:14:47
2224,dqn,random,1,0.4250,-0.7250,64,2026-05-31T05:14:48
2225,self,dqn,1,0.6500,-0.7875,64,2026-05-31T05:14:50
2226,dqn,self,2,0.2375,1.5625,64,2026-05-31T05:14:52
2227,random,dqn,2,0.3500,1.7750,64,2026-05-31T05:14:53
2228,dqn,pool:gen_001,2,0.3750,1.5875,64,2026-05-31T05:14:55
2229,pool:gen_001,dqn,1,1.0125,-0.3875,64,2026-05-31T05:14:57
2230,dqn,pool:gen_001,2,0.3375,1.7000,64,2026-05-31T05:14:58
2231,heuristic,dqn,2,0.3375,1.4875,64,2026-05-31T05:15:00
2232,dqn,self,2,0.2125,1.6625,64,2026-05-31T05:15:01
2233,self,dqn,1,0.5750,-0.6375,64,2026-05-31T05:15:03
2234,dqn,self,2,0.2250,1.3375,64,2026-05-31T05:15:05
2235,self,dqn,1,0.9500,-0.8125,64,2026-05-31T05:15:07
2236,dqn,self,2,0.4125,1.5375,64,2026-05-31T05:15:08
2237,random,dqn,2,0.3625,1.4875,64,2026-05-31T05:15:10
2238,dqn,self,2,0.4250,1.5125,64,2026-05-31T05:15:12
2239,pool:gen_001,dqn,1,0.5375,-0.5375,64,2026-05-31T05:15:14
2240,dqn,random,2,0.4625,1.5500,64,2026-05-31T05:15:15
2241,self,dqn,1,0.7750,-0.4500,64,2026-05-31T05:15:17
2242,dqn,pool:gen_001,2,0.6875,1.8125,64,2026-05-31T05:15:18
2243,pool:gen_002,dqn,1,0.5000,-0.7750,64,2026-05-31T05:15:20
2244,dqn,self,2,0.3875,1.6750,64,2026-05-31T05:15:22
2245,self,dqn,1,0.6000,-0.6750,64,2026-05-31T05:15:23
2246,dqn,pool:gen_002,2,0.2125,1.5875,64,2026-05-31T05:15:25
2247,random,dqn,1,0.5750,-0.5750,64,2026-05-31T05:15:26
2248,dqn,pool:gen_002,2,0.5375,1.7375,64,2026-05-31T05:15:28
2249,pool:gen_001,dqn,1,0.8000,-0.6625,64,2026-05-31T05:15:30
2250,dqn,pool:gen_002,2,0.3875,2.0250,64,2026-05-31T05:15:32
2251,self,dqn,1,0.4625,-0.5375,64,2026-05-31T05:15:33
2252,dqn,pool:gen_002,2,0.2500,1.8250,64,2026-05-31T05:15:35
2253,pool:gen_002,dqn,2,0.3000,1.3125,64,2026-05-31T05:15:37
2254,dqn,pool:gen_002,2,0.2625,1.7875,64,2026-05-31T05:15:38
2255,pool:gen_002,dqn,1,0.8000,-0.6375,64,2026-05-31T05:15:40
2256,dqn,pool:gen_002,2,0.3750,1.5000,64,2026-05-31T05:15:42
2257,self,dqn,1,0.7375,-0.3375,64,2026-05-31T05:15:44
2258,dqn,self,2,0.3625,1.4125,64,2026-05-31T05:15:45
2259,self,dqn,1,0.6625,-0.7500,64,2026-05-31T05:15:47
2260,dqn,pool:gen_001,2,0.3875,1.5125,64,2026-05-31T05:15:48
2261,self,dqn,1,0.3625,-0.7125,64,2026-05-31T05:15:50
2262,dqn,self,2,0.4500,1.5750,64,2026-05-31T05:15:52
2263,self,dqn,1,0.8875,-0.7250,64,2026-05-31T05:15:54
2264,dqn,self,2,0.6625,1.7875,64,2026-05-31T05:15:55
2265,pool:gen_001,dqn,1,0.8750,-0.7125,64,2026-05-31T05:15:57
2266,dqn,pool:gen_002,2,0.3625,1.9000,64,2026-05-31T05:15:58
2267,heuristic,dqn,1,0.8750,-0.3125,64,2026-05-31T05:16:00
2268,dqn,self,2,0.4250,1.6000,64,2026-05-31T05:16:02
2269,pool:gen_002,dqn,1,1.0250,-0.6125,64,2026-05-31T05:16:03
2270,dqn,pool:gen_001,2,0.2375,1.7250,64,2026-05-31T05:16:05
2271,pool:gen_002,dqn,1,0.9125,-0.7875,64,2026-05-31T05:16:07
2272,dqn,self,2,0.3500,1.3125,64,2026-05-31T05:16:08
2273,self,dqn,1,0.8625,-0.7250,64,2026-05-31T05:16:10
2274,dqn,pool:gen_002,2,0.4000,1.8625,64,2026-05-31T05:16:12
2275,pool:gen_001,dqn,1,0.5500,-0.6500,64,2026-05-31T05:16:13
2276,dqn,self,2,0.3000,1.6500,64,2026-05-31T05:16:15
2277,pool:gen_001,dqn,1,0.6750,-0.6750,64,2026-05-31T05:16:17
2278,dqn,self,2,0.4000,1.6125,64,2026-05-31T05:16:19
2279,pool:gen_002,dqn,1,0.7750,-0.8000,64,2026-05-31T05:16:20
2280,dqn,pool:gen_001,2,0.2250,1.3875,64,2026-05-31T05:16:22
2281,heuristic,dqn,2,0.7625,1.6875,64,2026-05-31T05:16:23
2282,dqn,random,1,0.9625,-0.7250,64,2026-05-31T05:16:25
2283,self,dqn,1,0.5750,-0.6125,64,2026-05-31T05:16:26
2284,dqn,self,2,0.3875,1.5625,64,2026-05-31T05:16:28
2285,self,dqn,1,0.8250,-0.7625,64,2026-05-31T05:16:30
2286,dqn,self,2,0.3500,1.3750,64,2026-05-31T05:16:31
2287,self,dqn,1,0.9750,-0.6250,64,2026-05-31T05:16:33
2288,dqn,pool:gen_001,2,0.5875,1.6750,64,2026-05-31T05:16:35
2289,pool:gen_001,dqn,1,0.7375,-0.5625,64,2026-05-31T05:16:36
2290,dqn,heuristic,1,0.9250,-0.1375,64,2026-05-31T05:16:38
2291,pool:gen_001,dqn,1,0.5875,-0.8250,64,2026-05-31T05:16:40
2292,dqn,pool:gen_002,2,0.3375,1.7625,64,2026-05-31T05:16:41
2293,heuristic,dqn,2,0.3625,1.7500,64,2026-05-31T05:16:43
2294,dqn,self,2,0.4250,1.5625,64,2026-05-31T05:16:45
2295,self,dqn,1,0.4625,-0.7125,64,2026-05-31T05:16:46
2296,dqn,self,2,0.3125,1.5750,64,2026-05-31T05:16:48
2297,pool:gen_002,dqn,1,0.9875,-0.6875,64,2026-05-31T05:16:50
2298,dqn,self,2,0.3500,1.9250,64,2026-05-31T05:16:52
2299,self,dqn,1,0.7875,-0.6250,64,2026-05-31T05:16:53
2300,dqn,pool:gen_001,2,0.5250,1.6250,64,2026-05-31T05:16:55
2301,pool:gen_002,dqn,1,0.6375,-0.6250,64,2026-05-31T05:23:01
2302,dqn,random,2,0.3625,1.3625,64,2026-05-31T05:23:03
2303,self,dqn,1,0.7500,-0.7875,64,2026-05-31T05:23:04
2304,dqn,pool:gen_002,2,0.2500,1.7875,64,2026-05-31T05:23:06
2305,pool:gen_002,dqn,1,0.4750,-0.7000,64,2026-05-31T05:23:08
2306,dqn,self,1,0.6000,-0.7625,64,2026-05-31T05:23:09
2307,pool:gen_002,dqn,1,0.7375,-0.6250,64,2026-05-31T05:23:11
2308,dqn,self,2,0.3125,1.7125,64,2026-05-31T05:23:13
2309,pool:gen_001,dqn,1,0.5250,-0.7000,64,2026-05-31T05:23:14
2310,dqn,pool:gen_002,2,0.5250,1.8000,64,2026-05-31T05:23:16
2311,pool:gen_002,dqn,1,0.7875,-0.7500,64,2026-05-31T05:23:17
2312,dqn,pool:gen_002,2,0.5125,1.6000,64,2026-05-31T05:23:19
2313,self,dqn,1,0.4375,-0.7625,64,2026-05-31T05:23:21
2314,dqn,pool:gen_002,2,0.4875,1.6625,64,2026-05-31T05:23:23
2315,self,dqn,1,0.7250,-0.5000,64,2026-05-31T05:23:24
2316,dqn,pool:gen_002,2,0.2625,1.6625,64,2026-05-31T05:23:26
2317,self,dqn,1,0.4250,-0.7875,64,2026-05-31T05:23:27
2318,dqn,self,2,0.2625,1.6250,64,2026-05-31T05:23:29
2319,pool:gen_001,dqn,1,1.0500,-0.4625,64,2026-05-31T05:23:31
2320,dqn,self,2,0.2500,1.5625,64,2026-05-31T05:23:33
2321,heuristic,dqn,2,0.5500,1.4750,64,2026-05-31T05:23:34
2322,dqn,pool:gen_001,2,0.5750,1.9000,64,2026-05-31T05:23:36
2323,pool:gen_001,dqn,1,0.8875,-0.5875,64,2026-05-31T05:23:37
2324,dqn,self,1,0.4875,-0.6625,64,2026-05-31T05:23:39
2325,self,dqn,1,0.4500,-0.7875,64,2026-05-31T05:23:41
2326,dqn,pool:gen_002,2,0.1750,1.6875,64,2026-05-31T05:23:42
2327,pool:gen_001,dqn,1,0.8625,-0.8125,64,2026-05-31T05:23:44
2328,dqn,pool:gen_002,2,0.2250,1.5000,64,2026-05-31T05:23:46
2329,pool:gen_002,dqn,1,0.8000,-0.8750,64,2026-05-31T05:23:47
2330,dqn,self,2,0.4250,1.7625,64,2026-05-31T05:23:49
2331,pool:gen_001,dqn,1,0.8250,-0.5875,64,2026-05-31T05:23:51
2332,dqn,random,1,0.5250,-0.6250,64,2026-05-31T05:23:52
2333,pool:gen_002,dqn,1,0.6000,-0.7875,64,2026-05-31T05:23:54
2334,dqn,pool:gen_001,2,0.4125,1.5875,64,2026-05-31T05:23:56
2335,self,dqn,1,0.7250,-0.5375,64,2026-05-31T05:23:58
2336,dqn,random,1,0.6625,-0.5125,64,2026-05-31T05:23:59
2337,self,dqn,1,1.1000,-0.7750,64,2026-05-31T05:24:01
2338,dqn,pool:gen_001,2,0.3000,1.4375,64,2026-05-31T05:24:03
2339,pool:gen_001,dqn,1,0.5625,-0.7625,64,2026-05-31T05:24:05
2340,dqn,random,2,0.4250,1.4875,64,2026-05-31T05:24:06
2341,pool:gen_001,dqn,1,0.7375,-0.6750,64,2026-05-31T05:24:08
2342,dqn,self,2,0.3125,1.4250,64,2026-05-31T05:24:09
2343,heuristic,dqn,1,0.7250,-0.4875,64,2026-05-31T05:24:11
2344,dqn,pool:gen_001,1,0.5500,-0.5125,64,2026-05-31T05:24:13
2345,random,dqn,2,0.3875,1.3875,64,2026-05-31T05:24:14
2346,dqn,self,2,0.3875,1.6875,64,2026-05-31T05:24:16
2347,self,dqn,1,0.7250,-0.6875,64,2026-05-31T05:24:18
2348,dqn,pool:gen_002,2,0.3750,1.4250,64,2026-05-31T05:24:19
2349,self,dqn,1,0.8625,-0.7500,64,2026-05-31T05:24:21
2350,dqn,self,2,0.3125,1.4250,64,2026-05-31T05:24:23
2351,pool:gen_002,dqn,1,0.9750,-0.8375,64,2026-05-31T05:24:24
2352,dqn,self,2,0.4500,1.6250,64,2026-05-31T05:24:26
2353,heuristic,dqn,2,0.5375,2.0750,64,2026-05-31T05:24:27
2354,dqn,pool:gen_001,1,0.4500,-0.5625,64,2026-05-31T05:24:29
2355,self,dqn,1,0.8500,-0.6625,64,2026-05-31T05:24:31
2356,dqn,self,2,0.2500,1.6250,64,2026-05-31T05:24:33
2357,pool:gen_002,dqn,1,0.8750,-0.4875,64,2026-05-31T05:24:34
2358,dqn,self,2,0.3875,1.5500,64,2026-05-31T05:24:36
2359,pool:gen_001,dqn,1,0.7500,-0.7750,64,2026-05-31T05:24:38
2360,dqn,self,2,0.2750,1.7125,64,2026-05-31T05:24:39
2361,pool:gen_001,dqn,1,0.8000,-0.6875,64,2026-05-31T05:24:41
2362,dqn,pool:gen_002,2,0.2750,1.4875,64,2026-05-31T05:24:42
2363,pool:gen_002,dqn,1,0.4875,-0.6375,64,2026-05-31T05:24:44
2364,dqn,self,2,0.3750,1.6375,64,2026-05-31T05:24:46
2365,self,dqn,1,0.7125,-0.6500,64,2026-05-31T05:24:47
2366,dqn,self,2,0.4625,1.4750,64,2026-05-31T05:24:49
2367,heuristic,dqn,2,0.7250,1.9250,64,2026-05-31T05:24:51
2368,dqn,pool:gen_001,1,0.8625,-0.6500,64,2026-05-31T05:24:52
2369,heuristic,dqn,2,0.7375,1.7125,64,2026-05-31T05:24:54
2370,dqn,pool:gen_001,2,0.4625,1.4875,64,2026-05-31T05:24:55
2371,self,dqn,1,1.2125,-0.7500,64,2026-05-31T05:24:57
2372,dqn,self,2,0.4625,1.5625,64,2026-05-31T05:24:59
2373,self,dqn,1,0.3125,-0.7250,64,2026-05-31T05:25:00
2374,dqn,self,2,0.3250,1.6125,64,2026-05-31T05:25:02
2375,heuristic,dqn,2,0.7625,1.9500,64,2026-05-31T05:25:04
2376,dqn,pool:gen_002,1,0.5125,-0.6500,64,2026-05-31T05:25:05
2377,self,dqn,1,0.6875,-0.6875,64,2026-05-31T05:25:07
2378,dqn,self,2,0.3250,2.0250,64,2026-05-31T05:25:09
2379,self,dqn,1,1.0750,-0.4375,64,2026-05-31T05:25:10
2380,dqn,self,2,0.5500,2.2000,64,2026-05-31T05:25:12
2381,self,dqn,1,0.7250,-0.7500,64,2026-05-31T05:25:14
2382,dqn,pool:gen_002,2,0.4250,1.4875,64,2026-05-31T05:25:15
2383,pool:gen_001,dqn,1,0.7000,-0.5125,64,2026-05-31T05:25:17
2384,dqn,pool:gen_001,2,0.4375,1.4500,64,2026-05-31T05:25:19
2385,pool:gen_001,dqn,1,0.6750,-0.4625,64,2026-05-31T05:25:21
2386,dqn,pool:gen_002,2,0.3000,1.4000,64,2026-05-31T05:25:22
2387,self,dqn,1,0.6625,-0.7250,64,2026-05-31T05:25:24
2388,dqn,self,2,0.2625,1.7250,64,2026-05-31T05:25:26
2389,self,dqn,1,0.4125,-0.7625,64,2026-05-31T05:25:28
2390,dqn,pool:gen_002,2,0.4250,1.4625,64,2026-05-31T05:25:29
2391,self,dqn,1,0.9000,-0.5500,64,2026-05-31T05:25:31
2392,dqn,self,2,0.2750,1.6125,64,2026-05-31T05:25:32
2393,pool:gen_002,dqn,1,0.5375,-0.7125,64,2026-05-31T05:25:34
2394,dqn,pool:gen_002,2,0.3250,1.3375,64,2026-05-31T05:25:36
2395,self,dqn,1,0.9875,-0.5125,64,2026-05-31T05:25:38
2396,dqn,self,2,0.4875,1.8375,64,2026-05-31T05:25:39
2397,pool:gen_002,dqn,1,0.5875,-0.6750,64,2026-05-31T05:25:41
2398,dqn,self,2,0.5625,1.9500,64,2026-05-31T05:25:43
2399,self,dqn,1,1.1250,-0.6875,64,2026-05-31T05:25:45
2400,dqn,pool:gen_002,2,0.3250,1.4500,64,2026-05-31T05:25:46
2401,heuristic,dqn,2,0.7500,2.0000,64,2026-05-31T05:31:29
2402,dqn,self,2,0.3625,1.7000,64,2026-05-31T05:31:31
2403,self,dqn,1,0.7250,-0.6750,64,2026-05-31T05:31:32
2404,dqn,pool:gen_001,2,0.4750,1.5250,64,2026-05-31T05:31:34
2405,self,dqn,1,0.6625,-0.5625,64,2026-05-31T05:31:36
2406,dqn,pool:gen_002,1,0.6000,-0.5250,64,2026-05-31T05:31:38
2407,self,dqn,1,0.6500,-0.7375,64,2026-05-31T05:31:39
2408,dqn,pool:gen_002,2,0.3500,1.6125,64,2026-05-31T05:31:41
2409,pool:gen_001,dqn,1,0.6625,-0.6500,64,2026-05-31T05:31:43
2410,dqn,self,2,0.2125,1.3625,64,2026-05-31T05:31:45
2411,self,dqn,1,0.6125,-0.5500,64,2026-05-31T05:31:46
2412,dqn,pool:gen_002,2,0.2375,1.4875,64,2026-05-31T05:31:48
2413,self,dqn,1,0.7125,-0.7875,64,2026-05-31T05:31:49
2414,dqn,self,2,0.1750,1.5750,64,2026-05-31T05:31:51
2415,pool:gen_002,dqn,1,0.5750,-0.7375,64,2026-05-31T05:31:53
2416,dqn,pool:gen_001,2,0.4500,1.4375,64,2026-05-31T05:31:55
2417,self,dqn,1,0.5375,-0.7125,64,2026-05-31T05:31:56
2418,dqn,pool:gen_001,2,0.2750,1.8375,64,2026-05-31T05:31:58
2419,pool:gen_001,dqn,2,0.6250,1.6250,64,2026-05-31T05:31:59
2420,dqn,pool:gen_001,1,0.6000,-0.5625,64,2026-05-31T05:32:01
2421,pool:gen_002,dqn,1,0.5000,-0.5750,64,2026-05-31T05:32:03
2422,dqn,self,2,0.2625,1.7750,64,2026-05-31T05:32:04
2423,self,dqn,1,0.8500,-0.6125,64,2026-05-31T05:32:06
2424,dqn,pool:gen_002,2,0.3625,1.5750,64,2026-05-31T05:32:08
2425,pool:gen_001,dqn,1,0.6500,-0.5875,64,2026-05-31T05:32:10
2426,dqn,self,2,0.3625,2.0875,64,2026-05-31T05:32:11
2427,self,dqn,1,0.5750,-0.6750,64,2026-05-31T05:32:13
2428,dqn,pool:gen_002,2,0.3125,1.5625,64,2026-05-31T05:32:14
2429,self,dqn,1,0.6000,-0.8000,64,2026-05-31T05:32:16
2430,dqn,self,2,0.5375,2.0625,64,2026-05-31T05:32:18
2431,self,dqn,1,0.7250,-0.5375,64,2026-05-31T05:32:19
2432,dqn,pool:gen_002,2,0.2875,1.6125,64,2026-05-31T05:32:21
2433,pool:gen_002,dqn,1,0.4500,-0.9125,64,2026-05-31T05:32:23
2434,dqn,heuristic,1,1.0875,-0.6375,64,2026-05-31T05:32:24
2435,pool:gen_001,dqn,2,0.4125,1.4875,64,2026-05-31T05:32:26
2436,dqn,pool:gen_002,2,0.3625,1.4625,64,2026-05-31T05:32:28
2437,pool:gen_001,dqn,2,0.7000,1.6125,64,2026-05-31T05:32:30
2438,dqn,self,2,0.4000,1.9875,64,2026-05-31T05:32:31
2439,pool:gen_002,dqn,1,0.7375,-0.6500,64,2026-05-31T05:32:33
2440,dqn,self,2,0.4250,1.5250,64,2026-05-31T05:32:35
2441,pool:gen_002,dqn,1,0.9000,-0.6250,64,2026-05-31T05:32:36
2442,dqn,self,2,0.2875,1.5125,64,2026-05-31T05:32:38
2443,pool:gen_001,dqn,1,0.6125,-0.6750,64,2026-05-31T05:32:40
2444,dqn,self,2,0.3125,1.5875,64,2026-05-31T05:32:41
2445,pool:gen_002,dqn,1,0.9750,-0.6000,64,2026-05-31T05:32:43
2446,dqn,self,2,0.2125,1.6875,64,2026-05-31T05:32:45
2447,heuristic,dqn,2,0.8500,2.1125,64,2026-05-31T05:32:46
2448,dqn,pool:gen_001,2,0.2750,1.6125,64,2026-05-31T05:32:48
2449,self,dqn,1,0.8000,-0.8375,64,2026-05-31T05:32:49
2450,dqn,pool:gen_001,2,0.6250,1.6000,64,2026-05-31T05:32:51
2451,self,dqn,1,0.9250,-0.6500,64,2026-05-31T05:32:53
2452,dqn,pool:gen_002,2,0.3250,1.6125,64,2026-05-31T05:32:55
2453,self,dqn,1,0.5750,-0.6875,64,2026-05-31T05:32:56
2454,dqn,pool:gen_001,1,0.5375,-0.6125,64,2026-05-31T05:32:58
2455,self,dqn,1,0.8125,-0.5375,64,2026-05-31T05:33:00
2456,dqn,self,2,0.4000,1.7250,64,2026-05-31T05:33:01
2457,self,dqn,1,0.6375,-0.7250,64,2026-05-31T05:33:03
2458,dqn,self,2,0.2500,1.3750,64,2026-05-31T05:33:05
2459,heuristic,dqn,2,0.8750,1.9625,64,2026-05-31T05:33:06
2460,dqn,self,2,0.3750,1.7500,64,2026-05-31T05:33:08
2461,pool:gen_002,dqn,1,0.6875,-0.6625,64,2026-05-31T05:33:10
2462,dqn,self,2,0.3000,1.4875,64,2026-05-31T05:33:11
2463,self,dqn,1,0.8375,-0.5000,64,2026-05-31T05:33:13
2464,dqn,pool:gen_001,2,0.3875,1.4250,64,2026-05-31T05:33:15
2465,pool:gen_001,dqn,1,1.0375,-0.4125,64,2026-05-31T05:33:17
2466,dqn,self,2,0.3625,1.8625,64,2026-05-31T05:33:18
2467,self,dqn,1,0.4750,-0.7375,64,2026-05-31T05:33:20
2468,dqn,pool:gen_002,2,0.3125,1.5625,64,2026-05-31T05:33:21
2469,pool:gen_002,dqn,1,0.8875,-0.7750,64,2026-05-31T05:33:23
2470,dqn,pool:gen_002,2,0.2250,1.5625,64,2026-05-31T05:33:25
2471,self,dqn,1,0.5625,-0.6375,64,2026-05-31T05:33:27
2472,dqn,pool:gen_001,2,0.5000,1.5750,64,2026-05-31T05:33:28
2473,self,dqn,1,0.7625,-0.8125,64,2026-05-31T05:33:30
2474,dqn,pool:gen_002,2,0.3250,1.5125,64,2026-05-31T05:33:32
2475,pool:gen_001,dqn,1,0.5625,-0.6125,64,2026-05-31T05:33:34
2476,dqn,self,2,0.2875,1.4625,64,2026-05-31T05:33:35
2477,pool:gen_002,dqn,1,0.8500,-0.8000,64,2026-05-31T05:33:37
2478,dqn,self,2,0.2125,1.6625,64,2026-05-31T05:33:38
2479,pool:gen_001,dqn,1,0.5875,-0.5125,64,2026-05-31T05:33:40
2480,dqn,self,2,0.2750,1.6875,64,2026-05-31T05:33:42
2481,self,dqn,1,1.2250,-0.5000,64,2026-05-31T05:33:44
2482,dqn,pool:gen_001,1,0.6250,-0.4625,64,2026-05-31T05:33:45
2483,self,dqn,1,0.5000,-0.7250,64,2026-05-31T05:33:47
2484,dqn,self,2,0.2500,1.8250,64,2026-05-31T05:33:49
2485,self,dqn,1,0.6000,-0.7000,64,2026-05-31T05:33:50
2486,dqn,pool:gen_002,2,0.4125,1.7875,64,2026-05-31T05:33:52
2487,heuristic,dqn,2,0.6750,2.0500,64,2026-05-31T05:33:54
2488,dqn,pool:gen_002,2,0.2875,1.5500,64,2026-05-31T05:33:55
2489,self,dqn,2,0.4250,1.4500,64,2026-05-31T05:33:57
2490,dqn,pool:gen_001,2,0.6375,1.8625,64,2026-05-31T05:33:59
2491,pool:gen_001,dqn,1,0.7500,-0.6375,64,2026-05-31T05:34:00
2492,dqn,self,2,0.3500,1.5500,64,2026-05-31T05:34:02
2493,pool:gen_001,dqn,1,0.6125,-0.7125,64,2026-05-31T05:34:04
2494,dqn,self,2,0.3000,1.6250,64,2026-05-31T05:34:06
2495,self,dqn,1,0.6125,-0.6625,64,2026-05-31T05:34:07
2496,dqn,pool:gen_001,1,0.7625,-0.4500,64,2026-05-31T05:34:09
2497,self,dqn,1,0.8625,-0.7750,64,2026-05-31T05:34:11
2498,dqn,self,2,0.3625,1.6375,64,2026-05-31T05:34:12
2499,self,dqn,1,0.5250,-0.7375,64,2026-05-31T05:34:14
2500,dqn,self,2,0.3625,1.7625,64,2026-05-31T05:34:16
2501,random,dqn,1,0.4750,-0.6875,64,2026-05-31T05:40:26
2502,dqn,self,2,0.2250,2.0125,64,2026-05-31T05:40:28
2503,self,dqn,2,0.2375,1.3250,64,2026-05-31T05:40:30
2504,dqn,self,1,0.3750,-0.6500,64,2026-05-31T05:40:32
2505,pool:gen_001,dqn,1,0.7125,-0.4125,64,2026-05-31T05:40:33
2506,dqn,self,2,0.4750,1.5125,64,2026-05-31T05:40:35
2507,pool:gen_002,dqn,1,0.9625,-0.6750,64,2026-05-31T05:40:37
2508,dqn,self,1,0.5875,-0.6000,64,2026-05-31T05:40:38
2509,heuristic,dqn,1,1.1500,-0.0250,64,2026-05-31T05:40:40
2510,dqn,pool:gen_002,2,0.3125,1.8375,64,2026-05-31T05:40:41
2511,pool:gen_002,dqn,1,0.7250,-0.7500,64,2026-05-31T05:40:43
2512,dqn,self,2,0.2750,1.8250,64,2026-05-31T05:40:45
2513,self,dqn,1,0.4375,-0.8000,64,2026-05-31T05:40:47
2514,dqn,pool:gen_002,2,0.1625,1.6500,64,2026-05-31T05:40:48
2515,pool:gen_001,dqn,1,0.8750,-0.7250,64,2026-05-31T05:40:50
2516,dqn,pool:gen_002,2,0.2250,2.2000,64,2026-05-31T05:40:52
2517,pool:gen_002,dqn,1,1.0125,-0.7375,64,2026-05-31T05:40:53
2518,dqn,pool:gen_002,2,0.2375,2.0000,64,2026-05-31T05:40:55
2519,self,dqn,1,0.6125,-0.6375,64,2026-05-31T05:40:57
2520,dqn,pool:gen_001,2,0.4000,1.8750,64,2026-05-31T05:40:58
2521,pool:gen_002,dqn,1,0.9250,-0.8250,64,2026-05-31T05:41:00
2522,dqn,pool:gen_002,2,0.3125,1.9125,64,2026-05-31T05:41:02
2523,heuristic,dqn,1,0.9375,-0.2625,64,2026-05-31T05:41:03
2524,dqn,pool:gen_002,2,0.3750,1.5375,64,2026-05-31T05:41:05
2525,pool:gen_002,dqn,1,0.9000,-0.8625,64,2026-05-31T05:41:07
2526,dqn,pool:gen_001,1,0.5250,-0.4750,64,2026-05-31T05:41:08
2527,pool:gen_001,dqn,1,0.7750,-0.6750,64,2026-05-31T05:41:10
2528,dqn,heuristic,2,0.6375,1.8875,64,2026-05-31T05:41:11
2529,pool:gen_002,dqn,1,0.7250,-0.7375,64,2026-05-31T05:41:13
2530,dqn,heuristic,1,1.0500,-0.1250,64,2026-05-31T05:41:15
2531,self,dqn,1,0.5500,-0.7500,64,2026-05-31T05:41:16
2532,dqn,self,2,0.3500,1.4500,64,2026-05-31T05:41:18
2533,pool:gen_001,dqn,1,0.7250,-0.7500,64,2026-05-31T05:41:20
2534,dqn,pool:gen_002,2,0.2375,1.6750,64,2026-05-31T05:41:21
2535,pool:gen_002,dqn,1,1.0000,-0.8375,64,2026-05-31T05:41:23
2536,dqn,random,2,0.4125,1.5125,64,2026-05-31T05:41:25
2537,pool:gen_001,dqn,1,0.6875,-0.6750,64,2026-05-31T05:41:27
2538,dqn,self,2,0.3000,1.4000,64,2026-05-31T05:41:28
2539,self,dqn,1,0.5125,-0.6500,64,2026-05-31T05:41:30
2540,dqn,self,2,0.3750,1.7000,64,2026-05-31T05:41:32
2541,self,dqn,2,0.2875,1.3500,64,2026-05-31T05:41:33
2542,dqn,heuristic,1,0.7125,-0.5500,64,2026-05-31T05:41:35
2543,self,dqn,1,1.0500,-0.6750,64,2026-05-31T05:41:37
2544,dqn,heuristic,2,0.5625,2.0625,64,2026-05-31T05:41:38
2545,pool:gen_002,dqn,1,0.6000,-0.7750,64,2026-05-31T05:41:40
2546,dqn,pool:gen_001,2,0.7000,1.7250,64,2026-05-31T05:41:42
2547,heuristic,dqn,2,0.5625,2.0250,64,2026-05-31T05:41:43
2548,dqn,pool:gen_001,2,0.3875,1.5625,64,2026-05-31T05:41:45
2549,pool:gen_001,dqn,2,0.3625,1.4375,64,2026-05-31T05:41:47
2550,dqn,self,2,0.2875,1.7000,64,2026-05-31T05:41:48
2551,pool:gen_001,dqn,1,0.4375,-0.5875,64,2026-05-31T05:41:50
2552,dqn,pool:gen_002,2,0.2625,1.5750,64,2026-05-31T05:41:52
2553,self,dqn,1,0.9625,-0.8500,64,2026-05-31T05:41:53
2554,dqn,pool:gen_002,2,0.1125,1.6375,64,2026-05-31T05:41:55
2555,self,dqn,1,0.6250,-0.6625,64,2026-05-31T05:41:57
2556,dqn,pool:gen_001,1,0.4500,-0.6875,64,2026-05-31T05:41:58
2557,self,dqn,1,0.4750,-0.7625,64,2026-05-31T05:42:00
2558,dqn,pool:gen_001,2,0.3875,1.4625,64,2026-05-31T05:42:02
2559,pool:gen_001,dqn,2,0.3000,1.4250,64,2026-05-31T05:42:03
2560,dqn,pool:gen_001,2,0.2625,1.5125,64,2026-05-31T05:42:05
2561,random,dqn,2,0.3125,1.3375,64,2026-05-31T05:42:07
2562,dqn,self,2,0.3375,1.8375,64,2026-05-31T05:42:08
2563,pool:gen_001,dqn,1,0.3250,-0.8000,64,2026-05-31T05:42:10
2564,dqn,self,1,0.3375,-0.6625,64,2026-05-31T05:42:12
2565,pool:gen_002,dqn,1,0.8875,-0.8250,64,2026-05-31T05:42:14
2566,dqn,pool:gen_002,2,0.2750,1.7500,64,2026-05-31T05:42:15
2567,pool:gen_001,dqn,1,0.7875,-0.7000,64,2026-05-31T05:42:17
2568,dqn,self,2,0.4875,2.0125,64,2026-05-31T05:42:19
2569,pool:gen_002,dqn,1,0.7375,-0.7500,64,2026-05-31T05:42:21
2570,dqn,pool:gen_002,2,0.3125,2.0250,64,2026-05-31T05:42:22
2571,pool:gen_001,dqn,1,0.6125,-0.5750,64,2026-05-31T05:42:24
2572,dqn,random,1,0.5000,-0.6000,64,2026-05-31T05:42:26
2573,self,dqn,1,0.6000,-0.7250,64,2026-05-31T05:42:28
2574,dqn,self,2,0.5125,1.7750,64,2026-05-31T05:42:29
2575,self,dqn,1,0.9125,-0.5000,64,2026-05-31T05:42:31
2576,dqn,pool:gen_002,2,0.4375,1.8750,64,2026-05-31T05:42:33
2577,self,dqn,1,0.5125,-0.7125,64,2026-05-31T05:42:34
2578,dqn,pool:gen_002,2,0.1000,1.8125,64,2026-05-31T05:42:36
2579,pool:gen_001,dqn,1,0.9500,-0.6125,64,2026-05-31T05:42:38
2580,dqn,self,2,0.3875,1.5500,64,2026-05-31T05:42:39
2581,self,dqn,1,0.7250,-0.7250,64,2026-05-31T05:42:41
2582,dqn,self,2,0.2375,1.8000,64,2026-05-31T05:42:43
2583,heuristic,dqn,2,0.6875,1.9250,64,2026-05-31T05:42:44
2584,dqn,self,2,0.2625,1.8625,64,2026-05-31T05:42:46
2585,random,dqn,2,0.2375,1.6250,64,2026-05-31T05:42:48
2586,dqn,self,2,0.4250,1.5750,64,2026-05-31T05:42:49
2587,pool:gen_001,dqn,1,0.4000,-0.7250,64,2026-05-31T05:42:51
2588,dqn,self,2,0.4750,1.6125,64,2026-05-31T05:42:53
2589,self,dqn,1,0.7000,-0.8000,64,2026-05-31T05:42:54
2590,dqn,self,2,0.2375,1.9750,64,2026-05-31T05:42:56
2591,self,dqn,1,0.6625,-0.6000,64,2026-05-31T05:42:58
2592,dqn,self,2,0.3875,1.4125,64,2026-05-31T05:42:59
2593,pool:gen_002,dqn,1,0.7750,-0.7625,64,2026-05-31T05:43:01
2594,dqn,heuristic,1,0.6875,-0.3500,64,2026-05-31T05:43:03
2595,self,dqn,1,0.9375,-0.6375,64,2026-05-31T05:43:04
2596,dqn,self,2,0.2375,1.6000,64,2026-05-31T05:43:06
2597,pool:gen_002,dqn,1,0.8625,-0.7500,64,2026-05-31T05:43:08
2598,dqn,random,1,0.7375,-0.6750,64,2026-05-31T05:43:09
2599,self,dqn,1,0.6500,-0.4250,64,2026-05-31T05:43:11
2600,dqn,self,2,0.2750,1.5750,64,2026-05-31T05:43:13
2601,pool:gen_002,dqn,1,0.5750,-0.6750,64,2026-05-31T05:49:18
2602,dqn,self,2,0.3125,1.7625,64,2026-05-31T05:49:20
2603,pool:gen_001,dqn,1,0.5875,-0.8250,64,2026-05-31T05:49:22
2604,dqn,pool:gen_001,2,0.1750,1.5125,64,2026-05-31T05:49:23
2605,pool:gen_001,dqn,1,0.5000,-0.5500,64,2026-05-31T05:49:25
2606,dqn,pool:gen_002,2,0.2000,1.3875,64,2026-05-31T05:49:27
2607,pool:gen_002,dqn,1,0.6625,-0.6875,64,2026-05-31T05:49:28
2608,dqn,pool:gen_002,2,0.2750,1.4625,64,2026-05-31T05:49:30
2609,self,dqn,1,0.5000,-0.7875,64,2026-05-31T05:49:32
2610,dqn,self,2,0.3000,1.5500,64,2026-05-31T05:49:34
2611,random,dqn,2,0.4875,1.5250,64,2026-05-31T05:49:36
2612,dqn,self,2,0.4000,1.7750,64,2026-05-31T05:49:37
2613,pool:gen_001,dqn,1,0.5000,-0.6875,64,2026-05-31T05:49:39
2614,dqn,self,2,0.4000,1.6250,64,2026-05-31T05:49:40
2615,pool:gen_001,dqn,1,0.7000,-0.6000,64,2026-05-31T05:49:42
2616,dqn,self,2,0.3875,1.6375,64,2026-05-31T05:49:44
2617,pool:gen_001,dqn,1,0.7375,-0.5125,64,2026-05-31T05:49:46
2618,dqn,self,2,0.4500,1.5750,64,2026-05-31T05:49:47
2619,random,dqn,2,0.2500,1.4250,64,2026-05-31T05:49:49
2620,dqn,pool:gen_002,2,0.4000,1.9000,64,2026-05-31T05:49:51
2621,self,dqn,1,0.6375,-0.7500,64,2026-05-31T05:49:52
2622,dqn,self,2,0.3125,1.8625,64,2026-05-31T05:49:54
2623,self,dqn,1,0.7875,-0.5250,64,2026-05-31T05:49:56
2624,dqn,pool:gen_002,2,0.3625,1.7625,64,2026-05-31T05:49:57
2625,self,dqn,1,1.1000,-0.6375,64,2026-05-31T05:49:59
2626,dqn,pool:gen_001,2,0.3500,1.6875,64,2026-05-31T05:50:01
2627,pool:gen_002,dqn,1,0.6875,-0.6000,64,2026-05-31T05:50:03
2628,dqn,pool:gen_001,2,0.2625,1.5125,64,2026-05-31T05:50:04
2629,pool:gen_001,dqn,1,0.4375,-0.6125,64,2026-05-31T05:50:06
2630,dqn,self,2,0.4750,1.8375,64,2026-05-31T05:50:08
2631,pool:gen_001,dqn,1,0.4125,-0.6125,64,2026-05-31T05:50:09
2632,dqn,random,2,0.3250,1.3750,64,2026-05-31T05:50:11
2633,self,dqn,1,0.6500,-0.6125,64,2026-05-31T05:50:13
2634,dqn,self,2,0.3375,1.6875,64,2026-05-31T05:50:14
2635,self,dqn,1,0.9750,-0.6875,64,2026-05-31T05:50:16
2636,dqn,random,1,0.9000,-0.7500,64,2026-05-31T05:50:18
2637,self,dqn,1,0.6750,-0.6125,64,2026-05-31T05:50:19
2638,dqn,pool:gen_002,2,0.3625,1.3625,64,2026-05-31T05:50:21
2639,pool:gen_002,dqn,1,0.6125,-0.7000,64,2026-05-31T05:50:23
2640,dqn,self,2,0.3125,1.5875,64,2026-05-31T05:50:25
2641,self,dqn,1,0.9500,-0.6375,64,2026-05-31T05:50:26
2642,dqn,pool:gen_002,1,0.3250,-0.7500,64,2026-05-31T05:50:28
2643,pool:gen_001,dqn,1,0.5500,-0.4875,64,2026-05-31T05:50:30
2644,dqn,random,1,0.6750,-0.6125,64,2026-05-31T05:50:31
2645,pool:gen_002,dqn,1,0.6625,-0.6125,64,2026-05-31T05:50:33
2646,dqn,self,2,0.4000,1.5875,64,2026-05-31T05:50:35
2647,self,dqn,1,1.0375,-0.4375,64,2026-05-31T05:50:36
2648,dqn,pool:gen_002,2,0.3875,1.4375,64,2026-05-31T05:50:38
2649,pool:gen_001,dqn,1,0.5000,-0.6250,64,2026-05-31T05:50:40
2650,dqn,pool:gen_002,2,0.1500,1.5125,64,2026-05-31T05:50:41
2651,self,dqn,1,0.6000,-0.6750,64,2026-05-31T05:50:43
2652,dqn,self,2,0.3000,1.5250,64,2026-05-31T05:50:45
2653,pool:gen_001,dqn,2,0.4000,1.3750,64,2026-05-31T05:50:46
2654,dqn,self,2,0.3875,1.8000,64,2026-05-31T05:50:48
2655,self,dqn,1,0.8000,-0.7500,64,2026-05-31T05:50:50
2656,dqn,pool:gen_002,1,0.5125,-0.6375,64,2026-05-31T05:50:52
2657,pool:gen_001,dqn,1,0.5250,-0.5000,64,2026-05-31T05:50:53
2658,dqn,pool:gen_001,2,0.2375,1.2750,64,2026-05-31T05:50:55
2659,self,dqn,1,0.4875,-0.7750,64,2026-05-31T05:50:57
2660,dqn,heuristic,1,0.9000,-0.1625,64,2026-05-31T05:50:58
2661,pool:gen_001,dqn,1,0.7250,-0.5500,64,2026-05-31T05:51:00
2662,dqn,self,2,0.2750,1.5000,64,2026-05-31T05:51:01
2663,pool:gen_002,dqn,1,0.7625,-0.6375,64,2026-05-31T05:51:03
2664,dqn,pool:gen_001,2,0.5000,1.5875,64,2026-05-31T05:51:05
2665,random,dqn,2,0.3250,1.7625,64,2026-05-31T05:51:07
2666,dqn,pool:gen_002,1,0.4125,-0.6500,64,2026-05-31T05:51:08
2667,pool:gen_001,dqn,1,0.6875,-0.6250,64,2026-05-31T05:51:10
2668,dqn,self,2,0.2500,1.7125,64,2026-05-31T05:51:12
2669,self,dqn,1,0.6875,-0.7625,64,2026-05-31T05:51:13
2670,dqn,pool:gen_002,2,0.2875,1.3500,64,2026-05-31T05:51:15
2671,heuristic,dqn,2,0.8000,2.1000,64,2026-05-31T05:51:17
2672,dqn,pool:gen_002,2,0.2500,1.7625,64,2026-05-31T05:51:18
2673,self,dqn,1,0.7500,-0.5750,64,2026-05-31T05:51:20
2674,dqn,self,2,0.3625,1.5875,64,2026-05-31T05:51:22
2675,self,dqn,1,0.6625,-0.6875,64,2026-05-31T05:51:24
2676,dqn,pool:gen_002,2,0.4625,1.5750,64,2026-05-31T05:51:25
2677,self,dqn,1,0.6125,-0.6625,64,2026-05-31T05:51:27
2678,dqn,self,2,0.6000,1.6000,64,2026-05-31T05:51:29
2679,pool:gen_002,dqn,1,0.6375,-0.4875,64,2026-05-31T05:51:31
2680,dqn,pool:gen_002,2,0.5125,1.5000,64,2026-05-31T05:51:32
2681,self,dqn,1,0.8500,-0.5375,64,2026-05-31T05:51:34
2682,dqn,pool:gen_002,1,0.5250,-0.6125,64,2026-05-31T05:51:36
2683,random,dqn,2,0.3500,1.5000,64,2026-05-31T05:51:37
2684,dqn,heuristic,1,0.7000,-0.3750,64,2026-05-31T05:51:39
2685,pool:gen_002,dqn,1,0.6000,-0.7625,64,2026-05-31T05:51:41
2686,dqn,pool:gen_002,2,0.1875,1.4875,64,2026-05-31T05:51:42
2687,random,dqn,2,0.4250,1.3500,64,2026-05-31T05:51:44
2688,dqn,self,2,0.4875,1.6125,64,2026-05-31T05:51:46
2689,pool:gen_002,dqn,2,0.4125,1.4625,64,2026-05-31T05:51:47
2690,dqn,self,2,0.3625,1.9250,64,2026-05-31T05:51:49
2691,heuristic,dqn,2,0.3375,1.9125,64,2026-05-31T05:51:50
2692,dqn,pool:gen_001,2,0.2750,1.6500,64,2026-05-31T05:51:52
2693,pool:gen_001,dqn,1,0.5875,-0.7875,64,2026-05-31T05:51:54
2694,dqn,self,2,0.5125,2.1250,64,2026-05-31T05:51:56
2695,pool:gen_002,dqn,1,0.7875,-0.7375,64,2026-05-31T05:51:57
2696,dqn,pool:gen_001,2,0.1875,1.5375,64,2026-05-31T05:51:59
2697,pool:gen_001,dqn,2,0.4625,1.5125,64,2026-05-31T05:52:01
2698,dqn,self,2,0.3500,1.6750,64,2026-05-31T05:52:02
2699,random,dqn,2,0.2875,1.4500,64,2026-05-31T05:52:04
2700,dqn,pool:gen_001,2,0.5750,1.9875,64,2026-05-31T05:52:06
2701,self,dqn,1,0.8250,-0.6000,64,2026-05-31T05:58:12
2702,dqn,pool:gen_002,2,0.2250,1.7500,64,2026-05-31T05:58:14
2703,pool:gen_001,dqn,1,0.9625,-0.3000,64,2026-05-31T05:58:15
2704,dqn,random,2,0.4000,1.6750,64,2026-05-31T05:58:17
2705,heuristic,dqn,2,0.5875,1.5750,64,2026-05-31T05:58:18
2706,dqn,random,1,0.6500,-0.7375,64,2026-05-31T05:58:20
2707,pool:gen_001,dqn,1,0.6875,-0.5375,64,2026-05-31T05:58:22
2708,dqn,random,draw,0.4000,0.3375,64,2026-05-31T05:58:23
2709,random,dqn,2,0.4625,1.5500,64,2026-05-31T05:58:25
2710,dqn,pool:gen_001,2,0.4625,1.6500,64,2026-05-31T05:58:27
2711,pool:gen_002,dqn,1,0.6500,-0.6375,64,2026-05-31T05:58:28
2712,dqn,self,2,0.3375,1.6500,64,2026-05-31T05:58:30
2713,self,dqn,1,0.8250,-0.5625,64,2026-05-31T05:58:32
2714,dqn,random,1,0.5250,-0.7875,64,2026-05-31T05:58:34
2715,pool:gen_001,dqn,2,0.3625,1.3875,64,2026-05-31T05:58:35
2716,dqn,pool:gen_001,1,0.6750,-0.5875,64,2026-05-31T05:58:37
2717,pool:gen_002,dqn,1,0.8125,-0.8500,64,2026-05-31T05:58:38
2718,dqn,random,1,0.7125,-0.6750,64,2026-05-31T05:58:40
2719,pool:gen_001,dqn,2,0.6375,1.6375,64,2026-05-31T05:58:42
2720,dqn,self,2,0.3500,1.3750,64,2026-05-31T05:58:44
2721,pool:gen_001,dqn,1,0.5500,-0.5875,64,2026-05-31T05:58:45
2722,dqn,pool:gen_002,2,0.2125,1.4625,64,2026-05-31T05:58:47
2723,pool:gen_001,dqn,1,0.5375,-0.6250,64,2026-05-31T05:58:49
2724,dqn,self,2,0.4000,1.8125,64,2026-05-31T05:58:51
2725,self,dqn,1,0.5375,-0.7750,64,2026-05-31T05:58:52
2726,dqn,self,2,0.3000,1.7125,64,2026-05-31T05:58:54
2727,pool:gen_001,dqn,1,0.5625,-0.6625,64,2026-05-31T05:58:55
2728,dqn,pool:gen_001,2,0.3375,1.5500,64,2026-05-31T05:58:57
2729,self,dqn,2,0.3750,1.4375,64,2026-05-31T05:58:59
2730,dqn,self,2,0.4750,1.5625,64,2026-05-31T05:59:01
2731,self,dqn,1,0.6250,-0.5875,64,2026-05-31T05:59:02
2732,dqn,self,2,0.3000,1.7125,64,2026-05-31T05:59:04
2733,pool:gen_001,dqn,1,0.5125,-0.7000,64,2026-05-31T05:59:06
2734,dqn,self,2,0.3750,1.6750,64,2026-05-31T05:59:07
2735,self,dqn,1,0.6000,-0.4875,64,2026-05-31T05:59:09
2736,dqn,self,2,0.2750,1.8750,64,2026-05-31T05:59:11
2737,self,dqn,1,0.6125,-0.6875,64,2026-05-31T05:59:13
2738,dqn,heuristic,1,0.7750,-0.3000,64,2026-05-31T05:59:14
2739,self,dqn,1,0.5000,-0.7125,64,2026-05-31T05:59:16
2740,dqn,pool:gen_002,2,0.1875,1.6375,64,2026-05-31T05:59:17
2741,heuristic,dqn,1,0.8625,-0.4125,64,2026-05-31T05:59:19
2742,dqn,pool:gen_002,2,0.2500,1.6375,64,2026-05-31T05:59:21
2743,random,dqn,1,0.4500,-0.8125,64,2026-05-31T05:59:22
2744,dqn,self,1,0.5500,-0.5250,64,2026-05-31T05:59:24
2745,pool:gen_001,dqn,1,0.6625,-0.6375,64,2026-05-31T05:59:26
2746,dqn,self,2,0.4125,1.9750,64,2026-05-31T05:59:27
2747,self,dqn,1,0.5750,-0.5250,64,2026-05-31T05:59:29
2748,dqn,self,1,0.6875,-0.5375,64,2026-05-31T05:59:31
2749,self,dqn,1,0.5875,-0.8000,64,2026-05-31T05:59:32
2750,dqn,pool:gen_001,2,0.5375,1.5375,64,2026-05-31T05:59:34
2751,pool:gen_002,dqn,1,0.6500,-0.6250,64,2026-05-31T05:59:36
2752,dqn,self,1,0.5375,-0.6500,64,2026-05-31T05:59:37
2753,pool:gen_001,dqn,2,0.2875,1.5125,64,2026-05-31T05:59:39
2754,dqn,self,1,0.4875,-0.6875,64,2026-05-31T05:59:41
2755,self,dqn,1,0.9125,-0.7250,64,2026-05-31T05:59:42
2756,dqn,pool:gen_002,2,0.3000,1.5625,64,2026-05-31T05:59:44
2757,self,dqn,1,0.5375,-0.7625,64,2026-05-31T05:59:46
2758,dqn,self,2,0.2125,1.6125,64,2026-05-31T05:59:48
2759,pool:gen_002,dqn,1,0.5000,-0.8000,64,2026-05-31T05:59:49
2760,dqn,self,2,0.1750,1.8625,64,2026-05-31T05:59:51
2761,self,dqn,1,0.7500,-0.6375,64,2026-05-31T05:59:52
2762,dqn,self,2,0.3000,1.6750,64,2026-05-31T05:59:54
2763,self,dqn,1,0.3000,-0.7625,64,2026-05-31T05:59:56
2764,dqn,self,2,0.4000,1.8500,64,2026-05-31T05:59:58
2765,self,dqn,1,0.6250,-0.6500,64,2026-05-31T05:59:59
2766,dqn,self,2,0.2375,1.4625,64,2026-05-31T06:00:01
2767,self,dqn,1,0.4250,-0.6625,64,2026-05-31T06:00:03
2768,dqn,pool:gen_001,2,0.5500,1.5250,64,2026-05-31T06:00:04
2769,pool:gen_002,dqn,1,1.2625,-0.5250,64,2026-05-31T06:00:06
2770,dqn,self,1,0.3375,-0.7000,64,2026-05-31T06:00:08
2771,self,dqn,1,0.8000,-0.6000,64,2026-05-31T06:00:09
2772,dqn,pool:gen_001,2,0.3875,2.0250,64,2026-05-31T06:00:11
2773,random,dqn,1,0.3875,-0.6875,64,2026-05-31T06:00:13
2774,dqn,pool:gen_001,2,0.5250,1.7125,64,2026-05-31T06:00:15
2775,self,dqn,2,0.4000,1.4250,64,2026-05-31T06:00:16
2776,dqn,random,1,0.4750,-0.6875,64,2026-05-31T06:00:18
2777,pool:gen_001,dqn,1,0.8750,-0.4375,64,2026-05-31T06:00:19
2778,dqn,pool:gen_002,2,0.2375,1.6000,64,2026-05-31T06:00:21
2779,pool:gen_002,dqn,1,1.1125,-0.7000,64,2026-05-31T06:00:23
2780,dqn,self,2,0.4125,1.4625,64,2026-05-31T06:00:24
2781,pool:gen_001,dqn,1,0.8125,-0.5875,64,2026-05-31T06:00:26
2782,dqn,pool:gen_002,2,0.2875,1.8500,64,2026-05-31T06:00:28
2783,self,dqn,1,0.5625,-0.5250,64,2026-05-31T06:00:30
2784,dqn,pool:gen_002,2,0.4250,1.9375,64,2026-05-31T06:00:31
2785,heuristic,dqn,1,1.2500,0.1125,64,2026-05-31T06:00:33
2786,dqn,pool:gen_001,2,0.4000,1.4875,64,2026-05-31T06:00:34
2787,self,dqn,1,0.7000,-0.8125,64,2026-05-31T06:00:36
2788,dqn,self,2,0.3125,1.7625,64,2026-05-31T06:00:38
2789,self,dqn,1,0.4000,-0.6875,64,2026-05-31T06:00:40
2790,dqn,random,1,0.5250,-0.8500,64,2026-05-31T06:00:41
2791,self,dqn,1,0.5875,-0.6500,64,2026-05-31T06:00:43
2792,dqn,self,2,0.5750,1.7500,64,2026-05-31T06:00:45
2793,pool:gen_001,dqn,1,0.6375,-0.8625,64,2026-05-31T06:00:46
2794,dqn,self,2,0.5625,1.6750,64,2026-05-31T06:00:48
2795,self,dqn,1,0.8000,-0.7500,64,2026-05-31T06:00:50
2796,dqn,random,1,0.6500,-0.8750,64,2026-05-31T06:00:51
2797,pool:gen_002,dqn,1,0.7500,-0.7500,64,2026-05-31T06:00:53
2798,dqn,pool:gen_001,2,0.4875,1.6125,64,2026-05-31T06:00:55
2799,heuristic,dqn,2,0.5250,1.4875,64,2026-05-31T06:00:56
2800,dqn,pool:gen_001,2,0.3250,1.6750,64,2026-05-31T06:00:58
2801,self,dqn,1,0.6000,-0.6375,64,2026-05-31T06:07:21
2802,dqn,pool:gen_001,2,0.4625,1.8750,64,2026-05-31T06:07:23
2803,pool:gen_002,dqn,1,0.5500,-0.7750,64,2026-05-31T06:07:25
2804,dqn,self,2,0.2625,1.3625,64,2026-05-31T06:07:27
2805,self,dqn,1,0.9500,-0.5125,64,2026-05-31T06:07:29
2806,dqn,pool:gen_001,1,0.5125,-0.7375,64,2026-05-31T06:07:31
2807,self,dqn,2,0.4000,1.4875,64,2026-05-31T06:07:33
2808,dqn,self,2,0.2250,1.5875,64,2026-05-31T06:07:35
2809,pool:gen_001,dqn,2,0.4000,1.3375,64,2026-05-31T06:07:38
2810,dqn,self,2,0.3125,1.8125,64,2026-05-31T06:07:40
2811,pool:gen_001,dqn,1,0.7125,-0.4250,64,2026-05-31T06:07:43
2812,dqn,self,1,0.6500,-0.5000,64,2026-05-31T06:07:45
2813,self,dqn,2,0.4000,1.4000,64,2026-05-31T06:07:47
2814,dqn,pool:gen_002,2,0.3000,1.4500,64,2026-05-31T06:07:50
2815,self,dqn,1,0.4500,-0.7875,64,2026-05-31T06:07:52
2816,dqn,self,2,0.2500,1.5625,64,2026-05-31T06:07:54
2817,pool:gen_002,dqn,1,0.5500,-0.8375,64,2026-05-31T06:07:56
2818,dqn,self,2,0.4625,1.6250,64,2026-05-31T06:07:58
2819,pool:gen_002,dqn,1,0.5000,-0.7750,64,2026-05-31T06:08:00
2820,dqn,self,2,0.1750,1.3250,64,2026-05-31T06:08:03
2821,self,dqn,1,0.4375,-0.7500,64,2026-05-31T06:08:06
2822,dqn,pool:gen_002,2,0.3125,1.5000,64,2026-05-31T06:08:09
2823,self,dqn,1,0.7750,-0.8000,64,2026-05-31T06:08:12
2824,dqn,pool:gen_001,2,0.3125,1.4250,64,2026-05-31T06:08:15
2825,pool:gen_002,dqn,1,0.6625,-0.7625,64,2026-05-31T06:08:18
2826,dqn,self,1,0.5250,-0.5375,64,2026-05-31T06:08:23
2827,self,dqn,1,0.5250,-0.6375,64,2026-05-31T06:08:26
2828,dqn,pool:gen_002,2,0.3250,1.6125,64,2026-05-31T06:08:30
2829,self,dqn,1,0.6000,-0.7375,64,2026-05-31T06:08:35
2830,dqn,pool:gen_002,2,0.2875,1.4875,64,2026-05-31T06:08:37
2831,pool:gen_002,dqn,1,0.5750,-0.6250,64,2026-05-31T06:08:42
2832,dqn,self,2,0.4250,1.4375,64,2026-05-31T06:08:47
2833,heuristic,dqn,2,0.4875,1.7375,64,2026-05-31T06:08:49
2834,dqn,self,2,0.2000,1.7500,64,2026-05-31T06:08:54
2835,self,dqn,1,0.9375,-0.6500,64,2026-05-31T06:08:58
2836,dqn,pool:gen_001,2,0.4625,1.6750,64,2026-05-31T06:09:01
2837,pool:gen_002,dqn,1,0.9250,-0.6375,64,2026-05-31T06:09:06
2838,dqn,random,1,0.7250,-0.6750,64,2026-05-31T06:09:10
2839,pool:gen_001,dqn,1,0.7500,-0.6125,64,2026-05-31T06:09:13
2840,dqn,pool:gen_002,2,0.4375,1.5250,64,2026-05-31T06:09:17
2841,pool:gen_001,dqn,1,0.6875,-0.7625,64,2026-05-31T06:09:22
2842,dqn,self,2,0.3875,1.4375,64,2026-05-31T06:09:25
2843,pool:gen_001,dqn,1,0.3875,-0.8125,64,2026-05-31T06:09:30
2844,dqn,pool:gen_002,2,0.5250,1.6125,64,2026-05-31T06:09:33
2845,pool:gen_001,dqn,1,0.5000,-0.7750,64,2026-05-31T06:09:38
2846,dqn,self,2,0.2875,1.4250,64,2026-05-31T06:09:41
2847,pool:gen_001,dqn,2,0.3500,1.3500,64,2026-05-31T06:09:45
2848,dqn,self,2,0.5625,1.7375,64,2026-05-31T06:09:49
2849,pool:gen_001,dqn,1,0.6750,-0.6875,64,2026-05-31T06:09:53
2850,dqn,self,2,0.2875,1.5750,64,2026-05-31T06:09:58
2851,self,dqn,2,0.3250,1.3625,64,2026-05-31T06:10:02
2852,dqn,pool:gen_001,1,0.4500,-0.7250,64,2026-05-31T06:10:05
2853,pool:gen_001,dqn,1,0.6500,-0.5125,64,2026-05-31T06:10:10
2854,dqn,pool:gen_001,2,0.3625,1.4625,64,2026-05-31T06:10:15
2855,self,dqn,1,0.3625,-0.7500,64,2026-05-31T06:10:18
2856,dqn,self,2,0.4375,1.6750,64,2026-05-31T06:10:21
2857,heuristic,dqn,2,0.5375,1.5250,64,2026-05-31T06:10:23
2858,dqn,self,2,0.2625,1.3875,64,2026-05-31T06:10:26
2859,pool:gen_001,dqn,1,0.5875,-0.6500,64,2026-05-31T06:10:31
2860,dqn,self,2,0.4125,1.8125,64,2026-05-31T06:10:36
2861,pool:gen_001,dqn,1,0.5250,-0.6625,64,2026-05-31T06:10:40
2862,dqn,self,2,0.3625,1.5250,64,2026-05-31T06:10:44
2863,self,dqn,1,0.8250,-0.6125,64,2026-05-31T06:10:48
2864,dqn,self,2,0.2875,1.3125,64,2026-05-31T06:10:53
2865,self,dqn,1,0.7750,-0.7500,64,2026-05-31T06:10:58
2866,dqn,pool:gen_002,2,0.3125,1.4000,64,2026-05-31T06:11:01
2867,pool:gen_002,dqn,1,0.6875,-0.7250,64,2026-05-31T06:11:05
2868,dqn,self,2,0.3125,1.3750,64,2026-05-31T06:11:10
2869,pool:gen_001,dqn,1,0.5750,-0.5625,64,2026-05-31T06:11:14
2870,dqn,self,2,0.3000,1.6375,64,2026-05-31T06:11:19
2871,self,dqn,1,0.5500,-0.6375,64,2026-05-31T06:11:22
2872,dqn,self,1,0.5750,-0.6125,64,2026-05-31T06:11:27
2873,pool:gen_001,dqn,1,0.6500,-0.6250,64,2026-05-31T06:11:31
2874,dqn,self,2,0.5125,1.6250,64,2026-05-31T06:11:36
2875,self,dqn,1,0.6375,-0.7625,64,2026-05-31T06:11:40
2876,dqn,pool:gen_001,1,0.5250,-0.5000,64,2026-05-31T06:11:43
2877,self,dqn,1,0.8000,-0.7500,64,2026-05-31T06:11:46
2878,dqn,self,2,0.5000,1.6125,64,2026-05-31T06:11:51
2879,pool:gen_001,dqn,1,0.7125,-0.6750,64,2026-05-31T06:11:54
2880,dqn,self,2,0.3125,1.8125,64,2026-05-31T06:11:58
2881,random,dqn,2,0.2000,1.4875,64,2026-05-31T06:12:02
2882,dqn,self,2,0.5875,1.7125,64,2026-05-31T06:12:06
2883,pool:gen_002,dqn,1,0.7875,-0.5625,64,2026-05-31T06:12:10
2884,dqn,pool:gen_002,2,0.4000,1.8875,64,2026-05-31T06:12:15
2885,pool:gen_001,dqn,1,0.4875,-0.7625,64,2026-05-31T06:12:18
2886,dqn,self,2,0.4375,1.5750,64,2026-05-31T06:12:23
2887,pool:gen_002,dqn,1,0.8500,-0.8250,64,2026-05-31T06:12:26
2888,dqn,pool:gen_002,1,0.4000,-0.6875,64,2026-05-31T06:12:30
2889,pool:gen_001,dqn,2,0.4250,1.4125,64,2026-05-31T06:12:33
2890,dqn,self,2,0.2000,1.6125,64,2026-05-31T06:12:38
2891,pool:gen_002,dqn,1,0.5625,-0.7000,64,2026-05-31T06:12:41
2892,dqn,pool:gen_001,2,0.3625,1.6875,64,2026-05-31T06:12:45
2893,self,dqn,1,1.2500,-0.6000,64,2026-05-31T06:12:48
2894,dqn,self,2,0.5625,1.6125,64,2026-05-31T06:12:53
2895,self,dqn,1,0.8375,-0.7250,64,2026-05-31T06:12:58
2896,dqn,self,2,0.3250,1.7250,64,2026-05-31T06:13:02
2897,pool:gen_002,dqn,1,0.5125,-0.6875,64,2026-05-31T06:13:05
2898,dqn,self,2,0.3375,1.4750,64,2026-05-31T06:13:10
2899,pool:gen_001,dqn,2,0.6000,1.7375,64,2026-05-31T06:13:13
2900,dqn,self,2,0.4500,2.2000,64,2026-05-31T06:13:17
2901,self,dqn,1,0.7625,-0.7000,64,2026-05-31T06:21:17
2902,dqn,pool:gen_002,2,0.3125,1.6500,64,2026-05-31T06:21:20
2903,pool:gen_002,dqn,1,0.5625,-0.4875,64,2026-05-31T06:21:23
2904,dqn,pool:gen_002,1,0.5375,-0.7500,64,2026-05-31T06:21:26
2905,self,dqn,1,0.6625,-0.7250,64,2026-05-31T06:21:29
2906,dqn,pool:gen_002,2,0.5000,1.6750,64,2026-05-31T06:21:32
2907,pool:gen_001,dqn,1,0.5875,-0.4875,64,2026-05-31T06:21:35
2908,dqn,heuristic,1,1.1625,0.0625,64,2026-05-31T06:21:38
2909,self,dqn,1,0.9000,-0.4250,64,2026-05-31T06:21:41
2910,dqn,pool:gen_001,2,0.3250,1.6875,64,2026-05-31T06:21:44
2911,pool:gen_002,dqn,1,0.7500,-0.7750,64,2026-05-31T06:21:47
2912,dqn,self,2,0.3750,1.8250,64,2026-05-31T06:21:50
2913,pool:gen_001,dqn,2,0.3875,1.5500,64,2026-05-31T06:21:53
2914,dqn,pool:gen_002,2,0.2000,1.5625,64,2026-05-31T06:21:56
2915,random,dqn,2,0.3125,1.6875,64,2026-05-31T06:21:58
2916,dqn,self,2,0.3125,1.6625,64,2026-05-31T06:22:01
2917,pool:gen_002,dqn,1,0.5125,-0.6625,64,2026-05-31T06:22:05
2918,dqn,self,2,0.3375,1.7375,64,2026-05-31T06:22:07
2919,self,dqn,1,0.7125,-0.5000,64,2026-05-31T06:22:10
2920,dqn,pool:gen_001,1,0.7000,-0.4000,64,2026-05-31T06:22:13
2921,self,dqn,2,0.2750,1.4750,64,2026-05-31T06:22:16
2922,dqn,self,2,0.3125,1.4250,64,2026-05-31T06:22:19
2923,self,dqn,1,0.6625,-0.6000,64,2026-05-31T06:22:22
2924,dqn,pool:gen_001,1,0.7500,-0.3125,64,2026-05-31T06:22:25
2925,heuristic,dqn,2,0.6750,1.7875,64,2026-05-31T06:22:27
2926,dqn,pool:gen_002,2,0.1750,1.3500,64,2026-05-31T06:22:31
2927,self,dqn,1,0.7375,-0.7375,64,2026-05-31T06:22:34
2928,dqn,pool:gen_002,2,0.3125,1.4125,64,2026-05-31T06:22:36
2929,pool:gen_001,dqn,1,0.6250,-0.6625,64,2026-05-31T06:22:40
2930,dqn,self,2,0.4750,1.6875,64,2026-05-31T06:22:42
2931,pool:gen_001,dqn,1,0.5625,-0.5250,64,2026-05-31T06:22:45
2932,dqn,pool:gen_002,2,0.2000,1.4875,64,2026-05-31T06:22:49
2933,self,dqn,1,0.5250,-0.6125,64,2026-05-31T06:22:52
2934,dqn,pool:gen_002,2,0.2750,1.2250,64,2026-05-31T06:22:55
2935,self,dqn,1,0.7125,-0.6250,64,2026-05-31T06:22:58
2936,dqn,pool:gen_001,1,0.5625,-0.6625,64,2026-05-31T06:23:01
2937,self,dqn,1,1.0750,-0.3500,64,2026-05-31T06:23:03
2938,dqn,random,1,0.5250,-0.7375,64,2026-05-31T06:23:07
2939,self,dqn,1,0.6250,-0.8125,64,2026-05-31T06:23:09
2940,dqn,heuristic,1,0.7375,-0.2875,64,2026-05-31T06:23:12
2941,heuristic,dqn,1,0.6000,-0.5000,64,2026-05-31T06:23:15
2942,dqn,pool:gen_001,2,0.4125,1.5250,64,2026-05-31T06:23:18
2943,self,dqn,1,0.6250,-0.7625,64,2026-05-31T06:23:20
2944,dqn,pool:gen_001,1,0.5625,-0.5375,64,2026-05-31T06:23:23
2945,heuristic,dqn,1,0.8500,-0.3875,64,2026-05-31T06:23:26
2946,dqn,self,1,0.4875,-0.6125,64,2026-05-31T06:23:29
2947,pool:gen_001,dqn,1,0.7000,-0.7000,64,2026-05-31T06:23:32
2948,dqn,pool:gen_002,2,0.3625,1.5875,64,2026-05-31T06:23:35
2949,heuristic,dqn,2,0.8375,2.1125,64,2026-05-31T06:23:38
2950,dqn,pool:gen_002,2,0.1625,1.6625,64,2026-05-31T06:23:41
2951,self,dqn,1,0.4375,-0.8125,64,2026-05-31T06:23:44
2952,dqn,self,2,0.4500,1.8000,64,2026-05-31T06:23:47
2953,self,dqn,1,0.6250,-0.7750,64,2026-05-31T06:23:50
2954,dqn,pool:gen_002,2,0.1750,1.5250,64,2026-05-31T06:23:53
2955,pool:gen_002,dqn,1,0.7625,-0.8625,64,2026-05-31T06:23:56
2956,dqn,self,2,0.4500,1.4750,64,2026-05-31T06:23:59
2957,self,dqn,1,0.7000,-0.8750,64,2026-05-31T06:24:02
2958,dqn,self,2,0.3000,1.7125,64,2026-05-31T06:24:05
2959,heuristic,dqn,2,0.5000,1.4375,64,2026-05-31T06:24:08
2960,dqn,pool:gen_002,2,0.4625,1.4125,64,2026-05-31T06:24:10
2961,self,dqn,1,0.7125,-0.8000,64,2026-05-31T06:24:14
2962,dqn,self,2,0.3125,1.5125,64,2026-05-31T06:24:16
2963,heuristic,dqn,2,0.8500,2.1875,64,2026-05-31T06:24:19
2964,dqn,self,2,0.2625,1.8625,64,2026-05-31T06:24:22
2965,heuristic,dqn,2,0.5750,1.9250,64,2026-05-31T06:24:25
2966,dqn,self,2,0.4625,2.0125,64,2026-05-31T06:24:28
2967,self,dqn,1,0.7750,-0.6375,64,2026-05-31T06:24:31
2968,dqn,random,1,0.6375,-0.5250,64,2026-05-31T06:24:33
2969,pool:gen_001,dqn,1,0.7125,-0.7500,64,2026-05-31T06:24:36
2970,dqn,self,2,0.3500,1.5375,64,2026-05-31T06:24:40
2971,pool:gen_001,dqn,2,0.2250,1.3625,64,2026-05-31T06:24:43
2972,dqn,self,2,0.4250,1.7125,64,2026-05-31T06:24:46
2973,pool:gen_001,dqn,2,0.5250,1.6250,64,2026-05-31T06:24:49
2974,dqn,self,2,0.2875,1.7625,64,2026-05-31T06:24:52
2975,pool:gen_002,dqn,1,0.6250,-0.5625,64,2026-05-31T06:24:54
2976,dqn,random,1,0.6375,-0.8000,64,2026-05-31T06:24:57
2977,pool:gen_001,dqn,1,0.7125,-0.5375,64,2026-05-31T06:25:00
2978,dqn,pool:gen_001,1,0.3250,-0.7375,64,2026-05-31T06:25:03
2979,self,dqn,1,0.7000,-0.7750,64,2026-05-31T06:25:06
2980,dqn,pool:gen_001,2,0.4125,1.5125,64,2026-05-31T06:25:10
2981,pool:gen_002,dqn,1,0.6500,-0.7625,64,2026-05-31T06:25:13
2982,dqn,self,2,0.5000,1.6625,64,2026-05-31T06:25:16
2983,pool:gen_001,dqn,1,0.7000,-0.6625,64,2026-05-31T06:25:19
2984,dqn,pool:gen_002,2,0.2500,1.4750,64,2026-05-31T06:25:21
2985,random,dqn,2,0.2000,1.7375,64,2026-05-31T06:25:24
2986,dqn,self,2,0.4625,1.6625,64,2026-05-31T06:25:27
2987,pool:gen_001,dqn,2,0.2875,1.4375,64,2026-05-31T06:25:30
2988,dqn,pool:gen_002,2,0.5125,1.5125,64,2026-05-31T06:25:33
2989,pool:gen_001,dqn,1,0.6875,-0.4875,64,2026-05-31T06:25:36
2990,dqn,self,2,0.4375,1.6375,64,2026-05-31T06:25:39
2991,pool:gen_001,dqn,1,0.6000,-0.5625,64,2026-05-31T06:25:42
2992,dqn,pool:gen_001,1,0.4125,-0.7625,64,2026-05-31T06:25:45
2993,pool:gen_002,dqn,1,0.8000,-0.7000,64,2026-05-31T06:25:49
2994,dqn,self,2,0.3875,1.8500,64,2026-05-31T06:25:52
2995,self,dqn,1,1.0250,-0.7125,64,2026-05-31T06:25:55
2996,dqn,self,2,0.4625,1.8875,64,2026-05-31T06:25:58
2997,pool:gen_001,dqn,1,0.7375,-0.7250,64,2026-05-31T06:26:01
2998,dqn,pool:gen_001,2,0.4375,1.6000,64,2026-05-31T06:26:04
2999,self,dqn,1,0.9250,-0.6250,64,2026-05-31T06:26:07
3000,dqn,pool:gen_001,2,0.3000,1.3250,64,2026-05-31T06:26:10
3001,self,dqn,1,0.6125,-0.9000,64,2026-05-31T06:36:20
3002,dqn,pool:gen_002,2,0.4000,1.5875,64,2026-05-31T06:36:28
3003,pool:gen_002,dqn,2,0.2375,1.3125,64,2026-05-31T06:36:37
3004,dqn,pool:gen_001,2,0.4500,1.4875,64,2026-05-31T06:36:46
3005,random,dqn,2,0.3250,1.5125,64,2026-05-31T06:36:54
3006,dqn,self,2,0.3000,1.4625,64,2026-05-31T06:37:04
3007,pool:gen_002,dqn,1,0.5750,-0.6375,64,2026-05-31T06:37:14
3008,dqn,pool:gen_003,2,0.4750,1.6750,64,2026-05-31T06:37:25
3009,heuristic,dqn,2,0.4250,1.6625,64,2026-05-31T06:37:34
3010,dqn,self,2,0.3875,1.6625,64,2026-05-31T06:37:45
3011,pool:gen_001,dqn,1,0.6625,-0.7000,64,2026-05-31T06:37:53
3012,dqn,self,2,0.2500,1.5250,64,2026-05-31T06:38:03
3013,pool:gen_001,dqn,1,0.7375,-0.6375,64,2026-05-31T06:38:11
3014,dqn,pool:gen_001,2,0.3750,1.5000,64,2026-05-31T06:38:18
3015,self,dqn,1,0.7125,-0.6625,64,2026-05-31T06:38:26
3016,dqn,self,2,0.2750,1.5000,64,2026-05-31T06:38:33
3017,self,dqn,1,0.4500,-0.6750,64,2026-05-31T06:38:41
3018,dqn,self,2,0.2875,1.5500,64,2026-05-31T06:38:51
3019,self,dqn,1,0.5250,-0.5750,64,2026-05-31T06:39:02
3020,dqn,self,2,0.2875,1.4500,64,2026-05-31T06:39:12
3021,self,dqn,2,0.2250,1.3125,64,2026-05-31T06:39:22
3022,dqn,self,2,0.3625,1.5125,64,2026-05-31T06:39:26
3023,self,dqn,1,0.5750,-0.6750,64,2026-05-31T06:39:28
3024,dqn,self,2,0.2875,1.5250,64,2026-05-31T06:39:30
3025,self,dqn,1,0.6000,-0.5625,64,2026-05-31T06:39:32
3026,dqn,pool:gen_001,2,0.6375,2.0625,64,2026-05-31T06:39:34
3027,self,dqn,1,0.6250,-0.5375,64,2026-05-31T06:39:36
3028,dqn,pool:gen_002,2,0.3500,1.9000,64,2026-05-31T06:39:38
3029,self,dqn,1,0.5375,-0.6875,64,2026-05-31T06:39:40
3030,dqn,pool:gen_002,2,0.4500,1.9375,64,2026-05-31T06:39:42
3031,pool:gen_003,dqn,1,1.1125,-0.8500,64,2026-05-31T06:39:44
3032,dqn,self,2,0.5625,1.5875,64,2026-05-31T06:39:46
3033,pool:gen_003,dqn,1,1.0000,-0.5875,64,2026-05-31T06:39:50
3034,dqn,pool:gen_001,2,0.5375,1.7500,64,2026-05-31T06:39:53
3035,pool:gen_002,dqn,1,0.7250,-0.7000,64,2026-05-31T06:39:56
3036,dqn,self,2,0.3250,1.8500,64,2026-05-31T06:39:58
3037,pool:gen_002,dqn,1,0.7500,-0.7500,64,2026-05-31T06:40:01
3038,dqn,self,2,0.2750,1.2625,64,2026-05-31T06:40:04
3039,pool:gen_002,dqn,1,0.5000,-0.6500,64,2026-05-31T06:40:07
3040,dqn,self,2,0.4000,1.5625,64,2026-05-31T06:40:10
3041,pool:gen_001,dqn,1,0.9625,-0.6625,64,2026-05-31T06:40:14
3042,dqn,self,2,0.1625,1.7500,64,2026-05-31T06:40:17
3043,pool:gen_002,dqn,1,0.5875,-0.6875,64,2026-05-31T06:40:20
3044,dqn,pool:gen_002,2,0.1125,1.4500,64,2026-05-31T06:40:23
3045,self,dqn,1,0.7250,-0.7750,64,2026-05-31T06:40:26
3046,dqn,pool:gen_002,2,0.3500,1.5375,64,2026-05-31T06:40:29
3047,self,dqn,1,0.3875,-0.7625,64,2026-05-31T06:40:33
3048,dqn,pool:gen_003,2,0.2750,2.1625,64,2026-05-31T06:40:36
3049,pool:gen_001,dqn,1,0.8875,-0.6750,64,2026-05-31T06:40:39
3050,dqn,pool:gen_002,2,0.2250,1.5625,64,2026-05-31T06:40:42
3051,pool:gen_001,dqn,2,0.7375,1.5875,64,2026-05-31T06:40:45
3052,dqn,pool:gen_002,2,0.1500,1.7000,64,2026-05-31T06:40:48
3053,random,dqn,1,0.4750,-0.5500,64,2026-05-31T06:40:51
3054,dqn,self,2,0.5625,1.6875,64,2026-05-31T06:40:54
3055,self,dqn,1,0.5750,-0.6750,64,2026-05-31T06:40:57
3056,dqn,self,2,0.3625,1.6125,64,2026-05-31T06:41:00
3057,self,dqn,1,0.9125,-0.7375,64,2026-05-31T06:41:03
3058,dqn,pool:gen_003,2,0.4375,2.0125,64,2026-05-31T06:41:06
3059,pool:gen_002,dqn,1,0.5250,-0.6125,64,2026-05-31T06:41:09
3060,dqn,pool:gen_001,2,0.3875,1.7375,64,2026-05-31T06:41:12
3061,self,dqn,1,0.5500,-0.6500,64,2026-05-31T06:41:15
3062,dqn,self,2,0.3250,1.4125,64,2026-05-31T06:41:18
3063,pool:gen_003,dqn,1,0.8500,-0.6875,64,2026-05-31T06:41:21
3064,dqn,pool:gen_001,1,0.3375,-0.7750,64,2026-05-31T06:41:24
3065,self,dqn,1,0.7375,-0.4500,64,2026-05-31T06:41:27
3066,dqn,self,2,0.3750,1.8375,64,2026-05-31T06:41:31
3067,pool:gen_003,dqn,1,1.0375,-0.6125,64,2026-05-31T06:41:34
3068,dqn,random,1,1.1375,-0.7000,64,2026-05-31T06:41:36
3069,pool:gen_003,dqn,1,0.8625,-0.7000,64,2026-05-31T06:41:40
3070,dqn,self,2,0.5125,1.9125,64,2026-05-31T06:41:43
3071,pool:gen_001,dqn,1,0.5250,-0.6750,64,2026-05-31T06:41:46
3072,dqn,self,2,0.2750,1.7500,64,2026-05-31T06:41:49
3073,self,dqn,1,0.9000,-0.7125,64,2026-05-31T06:41:52
3074,dqn,pool:gen_002,2,0.4750,1.5875,64,2026-05-31T06:41:55
3075,self,dqn,1,0.7875,-0.6750,64,2026-05-31T06:41:58
3076,dqn,self,2,0.2500,1.4875,64,2026-05-31T06:42:02
3077,self,dqn,1,0.5875,-0.7875,64,2026-05-31T06:42:05
3078,dqn,self,2,0.3500,1.3625,64,2026-05-31T06:42:08
3079,pool:gen_003,dqn,1,0.4875,-0.6125,64,2026-05-31T06:42:11
3080,dqn,pool:gen_003,2,0.2750,1.8375,64,2026-05-31T06:42:14
3081,heuristic,dqn,2,0.5625,1.7750,64,2026-05-31T06:42:17
3082,dqn,random,2,0.4500,1.5625,64,2026-05-31T06:42:19
3083,self,dqn,2,0.3625,1.3875,64,2026-05-31T06:42:23
3084,dqn,self,2,0.4750,1.9625,64,2026-05-31T06:42:25
3085,pool:gen_003,dqn,1,0.7000,-0.7750,64,2026-05-31T06:42:28
3086,dqn,self,2,0.2625,1.5625,64,2026-05-31T06:42:31
3087,heuristic,dqn,1,0.6750,-0.5125,64,2026-05-31T06:42:34
3088,dqn,pool:gen_002,2,0.2125,1.4125,64,2026-05-31T06:42:37
3089,self,dqn,1,0.5125,-0.8000,64,2026-05-31T06:42:40
3090,dqn,pool:gen_002,2,0.3250,1.5750,64,2026-05-31T06:42:44
3091,pool:gen_002,dqn,1,0.5875,-0.6000,64,2026-05-31T06:42:47
3092,dqn,pool:gen_003,2,0.2750,1.6000,64,2026-05-31T06:42:50
3093,self,dqn,2,0.5250,1.6000,64,2026-05-31T06:42:53
3094,dqn,pool:gen_002,2,0.4750,1.5375,64,2026-05-31T06:42:56
3095,self,dqn,1,1.0250,-0.6875,64,2026-05-31T06:42:59
3096,dqn,pool:gen_003,2,0.3250,1.4000,64,2026-05-31T06:43:02
3097,self,dqn,1,0.5500,-0.7375,64,2026-05-31T06:43:05
3098,dqn,pool:gen_003,2,0.3500,1.8625,64,2026-05-31T06:43:08
3099,pool:gen_001,dqn,1,0.8250,-0.6250,64,2026-05-31T06:43:11
3100,dqn,pool:gen_001,2,0.4000,1.4750,64,2026-05-31T06:43:14
3101,pool:gen_002,dqn,1,0.7500,-0.5000,64,2026-05-31T06:52:47
3102,dqn,self,2,0.2750,1.5250,64,2026-05-31T06:52:50
3103,pool:gen_002,dqn,1,0.7000,-0.6250,64,2026-05-31T06:52:53
3104,dqn,random,1,0.7500,-0.6500,64,2026-05-31T06:52:56
3105,pool:gen_003,dqn,1,0.8000,-0.5750,64,2026-05-31T06:52:59
3106,dqn,self,2,0.5500,1.7875,64,2026-05-31T06:53:02
3107,pool:gen_003,dqn,1,0.6000,-0.8750,64,2026-05-31T06:53:05
3108,dqn,self,2,0.4000,2.0125,64,2026-05-31T06:53:08
3109,self,dqn,1,0.5000,-0.5875,64,2026-05-31T06:53:11
3110,dqn,pool:gen_001,1,0.5750,-0.4750,64,2026-05-31T06:53:14
3111,pool:gen_002,dqn,1,0.5250,-0.6625,64,2026-05-31T06:53:17
3112,dqn,pool:gen_003,2,0.4625,1.5625,64,2026-05-31T06:53:20
3113,self,dqn,1,1.1250,-0.7625,64,2026-05-31T06:53:23
3114,dqn,pool:gen_002,2,0.2875,1.7500,64,2026-05-31T06:53:26
3115,self,dqn,1,0.4750,-0.6750,64,2026-05-31T06:53:34
3116,dqn,heuristic,2,0.4375,1.4125,64,2026-05-31T06:53:43
3117,self,dqn,1,0.8250,-0.7500,64,2026-05-31T06:53:52
3118,dqn,pool:gen_003,2,0.4500,1.5500,64,2026-05-31T06:53:59
3119,pool:gen_002,dqn,1,0.5000,-0.7000,64,2026-05-31T06:54:08
3120,dqn,pool:gen_003,2,0.3750,2.2000,64,2026-05-31T06:54:16
3121,self,dqn,1,0.5375,-0.5375,64,2026-05-31T06:54:23
3122,dqn,self,2,0.4250,1.6875,64,2026-05-31T06:54:29
3123,random,dqn,2,0.3375,1.6500,64,2026-05-31T06:54:36
3124,dqn,self,2,0.4375,1.6500,64,2026-05-31T06:54:44
3125,self,dqn,1,0.8750,-0.7250,64,2026-05-31T06:54:51
3126,dqn,heuristic,1,0.8375,-0.3875,64,2026-05-31T06:54:58
3127,self,dqn,1,0.6375,-0.6625,64,2026-05-31T06:55:05
3128,dqn,pool:gen_001,2,0.4125,1.3875,64,2026-05-31T06:55:12
3129,self,dqn,2,0.4125,1.6000,64,2026-05-31T06:55:19
3130,dqn,pool:gen_003,2,0.4750,1.6500,64,2026-05-31T06:55:27
3131,self,dqn,1,0.5625,-0.8000,64,2026-05-31T06:55:35
3132,dqn,self,1,0.5625,-0.4500,64,2026-05-31T06:55:42
3133,pool:gen_003,dqn,1,0.4000,-0.7375,64,2026-05-31T06:55:50
3134,dqn,pool:gen_002,1,0.5250,-0.6875,64,2026-05-31T06:55:57
3135,pool:gen_002,dqn,1,0.4625,-0.7625,64,2026-05-31T06:56:07
3136,dqn,self,2,0.3250,1.7375,64,2026-05-31T06:56:16
3137,self,dqn,1,1.3750,-0.6875,64,2026-05-31T06:56:23
3138,dqn,pool:gen_001,2,0.3250,1.4000,64,2026-05-31T06:56:30
3139,random,dqn,2,0.2375,1.9375,64,2026-05-31T06:56:37
3140,dqn,self,2,0.3500,1.6625,64,2026-05-31T06:56:45
3141,pool:gen_002,dqn,1,0.3875,-0.7125,64,2026-05-31T06:56:52
3142,dqn,pool:gen_001,1,0.6750,-0.6750,64,2026-05-31T06:57:00
3143,pool:gen_003,dqn,1,0.5375,-0.8250,64,2026-05-31T06:57:09
3144,dqn,random,1,0.6250,-0.6250,64,2026-05-31T06:57:16
3145,self,dqn,1,0.7375,-0.5000,64,2026-05-31T06:57:23
3146,dqn,self,2,0.4000,1.5625,64,2026-05-31T06:57:31
3147,random,dqn,2,0.2125,1.7375,64,2026-05-31T06:57:38
3148,dqn,random,1,0.6875,-0.6000,64,2026-05-31T06:57:46
3149,pool:gen_002,dqn,1,0.4250,-0.6750,64,2026-05-31T06:57:55
3150,dqn,pool:gen_001,1,0.3875,-0.8250,64,2026-05-31T06:58:03
3151,self,dqn,1,0.5750,-0.5875,64,2026-05-31T06:58:12
3152,dqn,self,2,0.2250,1.4000,64,2026-05-31T06:58:20
3153,self,dqn,1,0.7875,-0.8000,64,2026-05-31T06:58:27
3154,dqn,self,2,0.2000,1.4250,64,2026-05-31T06:58:33
3155,pool:gen_001,dqn,1,0.3875,-0.7250,64,2026-05-31T06:58:41
3156,dqn,self,2,0.2875,1.7375,64,2026-05-31T06:58:50
3157,self,dqn,1,0.5875,-0.6375,64,2026-05-31T06:58:58
3158,dqn,pool:gen_003,2,0.3875,1.3125,64,2026-05-31T06:59:06
3159,pool:gen_003,dqn,1,0.3125,-0.8500,64,2026-05-31T06:59:15
3160,dqn,pool:gen_002,2,0.4250,1.6625,64,2026-05-31T06:59:22
3161,pool:gen_001,dqn,1,0.8375,-0.3500,64,2026-05-31T06:59:30
3162,dqn,heuristic,1,1.5625,0.0125,64,2026-05-31T06:59:37
3163,self,dqn,1,0.5500,-0.7125,64,2026-05-31T06:59:45
3164,dqn,pool:gen_002,2,0.3000,1.4500,64,2026-05-31T06:59:54
3165,pool:gen_003,dqn,1,0.4375,-0.6000,64,2026-05-31T07:00:01
3166,dqn,pool:gen_001,1,0.5750,-0.4875,64,2026-05-31T07:00:09
3167,pool:gen_001,dqn,2,0.4375,1.4750,64,2026-05-31T07:00:16
3168,dqn,self,2,0.2875,1.5125,64,2026-05-31T07:00:24
3169,pool:gen_003,dqn,1,0.7125,-0.8375,64,2026-05-31T07:00:31
3170,dqn,self,2,0.2625,1.4750,64,2026-05-31T07:00:39
3171,self,dqn,1,0.7500,-0.5750,64,2026-05-31T07:00:46
3172,dqn,pool:gen_001,2,0.6125,1.6375,64,2026-05-31T07:00:54
3173,self,dqn,1,0.4375,-0.8625,64,2026-05-31T07:01:01
3174,dqn,pool:gen_001,1,0.4000,-0.6125,64,2026-05-31T07:01:09
3175,pool:gen_003,dqn,1,0.8500,-0.5875,64,2026-05-31T07:01:17
3176,dqn,pool:gen_001,2,0.1500,1.4875,64,2026-05-31T07:01:25
3177,self,dqn,1,0.4000,-0.6375,64,2026-05-31T07:01:33
3178,dqn,heuristic,1,1.0500,-0.1750,64,2026-05-31T07:01:41
3179,self,dqn,1,0.5125,-0.7750,64,2026-05-31T07:01:50
3180,dqn,pool:gen_001,2,0.3875,1.5125,64,2026-05-31T07:02:01
3181,self,dqn,1,0.7750,-0.5875,64,2026-05-31T07:02:11
3182,dqn,pool:gen_002,2,0.3375,1.5500,64,2026-05-31T07:02:20
3183,pool:gen_003,dqn,1,0.8625,-0.6125,64,2026-05-31T07:02:28
3184,dqn,self,2,0.3875,1.6125,64,2026-05-31T07:02:37
3185,pool:gen_003,dqn,1,0.9625,-0.6750,64,2026-05-31T07:02:45
3186,dqn,pool:gen_002,2,0.5500,1.6500,64,2026-05-31T07:02:55
3187,self,dqn,1,0.8500,-0.6125,64,2026-05-31T07:03:05
3188,dqn,pool:gen_001,2,0.6125,1.8625,64,2026-05-31T07:03:15
3189,pool:gen_002,dqn,1,0.6625,-0.8250,64,2026-05-31T07:03:24
3190,dqn,pool:gen_001,1,0.5500,-0.6000,64,2026-05-31T07:03:32
3191,self,dqn,1,0.7375,-0.6125,64,2026-05-31T07:03:40
3192,dqn,self,2,0.3250,1.4000,64,2026-05-31T07:03:49
3193,pool:gen_001,dqn,1,0.7375,-0.5750,64,2026-05-31T07:03:57
3194,dqn,heuristic,1,0.9375,-0.3875,64,2026-05-31T07:04:05
3195,self,dqn,1,0.9375,-0.4875,64,2026-05-31T07:04:14
3196,dqn,self,2,0.4000,1.5500,64,2026-05-31T07:04:23
3197,heuristic,dqn,2,0.5875,1.5750,64,2026-05-31T07:04:32
3198,dqn,random,1,0.8125,-0.6875,64,2026-05-31T07:04:37
3199,random,dqn,2,0.2625,1.5000,64,2026-05-31T07:04:45
3200,dqn,random,1,0.5875,-0.7500,64,2026-05-31T07:04:53
3201,pool:gen_001,dqn,1,0.6750,-0.6000,64,2026-05-31T07:17:36
3202,dqn,self,2,0.3125,1.7125,64,2026-05-31T07:17:46
3203,self,dqn,1,0.4875,-0.6375,64,2026-05-31T07:17:56
3204,dqn,self,2,0.2250,1.4000,64,2026-05-31T07:18:04
3205,pool:gen_001,dqn,2,0.4125,1.4625,64,2026-05-31T07:18:14
3206,dqn,self,2,0.5875,1.6000,64,2026-05-31T07:18:22
3207,pool:gen_001,dqn,1,0.6875,-0.5375,64,2026-05-31T07:18:31
3208,dqn,pool:gen_002,2,0.2750,1.5500,64,2026-05-31T07:18:42
3209,pool:gen_003,dqn,1,0.6125,-0.7875,64,2026-05-31T07:18:51
3210,dqn,pool:gen_002,2,0.3375,1.3250,64,2026-05-31T07:18:59
3211,self,dqn,1,0.6000,-0.6750,64,2026-05-31T07:19:08
3212,dqn,pool:gen_003,1,0.3500,-0.7500,64,2026-05-31T07:19:17
3213,self,dqn,1,1.0750,-0.6375,64,2026-05-31T07:19:25
3214,dqn,self,2,0.1875,1.4125,64,2026-05-31T07:19:33
3215,self,dqn,1,0.9250,-0.8750,64,2026-05-31T07:19:42
3216,dqn,self,2,0.4250,1.6625,64,2026-05-31T07:19:53
3217,heuristic,dqn,2,0.9125,1.8125,64,2026-05-31T07:20:00
3218,dqn,self,2,0.3875,1.4750,64,2026-05-31T07:20:10
3219,self,dqn,1,0.5250,-0.7375,64,2026-05-31T07:20:20
3220,dqn,pool:gen_002,2,0.4250,1.4500,64,2026-05-31T07:20:28
3221,pool:gen_003,dqn,1,0.5625,-0.7500,64,2026-05-31T07:20:36
3222,dqn,pool:gen_003,2,0.3250,1.6125,64,2026-05-31T07:20:44
3223,pool:gen_001,dqn,2,0.5125,1.6000,64,2026-05-31T07:20:53
3224,dqn,pool:gen_001,1,0.7750,-0.3875,64,2026-05-31T07:21:02
3225,self,dqn,1,0.8875,-0.5375,64,2026-05-31T07:21:13
3226,dqn,self,1,0.6500,-0.5250,64,2026-05-31T07:21:21
3227,pool:gen_002,dqn,1,0.6500,-0.8125,64,2026-05-31T07:21:32
3228,dqn,random,2,0.5125,1.5250,64,2026-05-31T07:21:40
3229,pool:gen_002,dqn,1,0.6750,-0.6000,64,2026-05-31T07:21:48
3230,dqn,self,2,0.1875,1.6250,64,2026-05-31T07:21:58
3231,heuristic,dqn,2,0.7250,1.7500,64,2026-05-31T07:22:07
3232,dqn,self,2,0.2500,1.6125,64,2026-05-31T07:22:15
3233,pool:gen_001,dqn,2,0.4125,1.5125,64,2026-05-31T07:22:23
3234,dqn,pool:gen_003,2,0.3125,1.5500,64,2026-05-31T07:22:31
3235,self,dqn,1,0.5250,-0.8750,64,2026-05-31T07:22:39
3236,dqn,self,2,0.2125,1.4500,64,2026-05-31T07:22:47
3237,pool:gen_002,dqn,1,0.6125,-0.5875,64,2026-05-31T07:22:55
3238,dqn,random,1,0.9250,-0.5375,64,2026-05-31T07:23:03
3239,random,dqn,2,0.3750,1.3875,64,2026-05-31T07:23:13
3240,dqn,pool:gen_002,1,0.4500,-0.5750,64,2026-05-31T07:23:21
3241,self,dqn,1,0.6625,-0.6875,64,2026-05-31T07:23:30
3242,dqn,heuristic,1,0.7625,-0.5250,64,2026-05-31T07:23:39
3243,pool:gen_001,dqn,1,0.7125,-0.5125,64,2026-05-31T07:23:44
3244,dqn,pool:gen_001,2,0.3500,1.5875,64,2026-05-31T07:23:47
3245,pool:gen_003,dqn,1,0.7750,-0.6625,64,2026-05-31T07:23:49
3246,dqn,self,2,0.4250,1.5875,64,2026-05-31T07:23:51
3247,pool:gen_001,dqn,1,0.6625,-0.7625,64,2026-05-31T07:23:53
3248,dqn,self,2,0.4250,1.6125,64,2026-05-31T07:23:55
3249,self,dqn,1,0.6000,-0.8125,64,2026-05-31T07:23:56
3250,dqn,pool:gen_003,2,0.2875,1.7750,64,2026-05-31T07:23:58
3251,self,dqn,1,0.6000,-0.6625,64,2026-05-31T07:24:00
3252,dqn,pool:gen_003,2,0.4250,1.9875,64,2026-05-31T07:24:02
3253,self,dqn,1,0.6875,-0.6750,64,2026-05-31T07:24:04
3254,dqn,pool:gen_002,2,0.3125,1.3750,64,2026-05-31T07:24:06
3255,self,dqn,1,0.8500,-0.7500,64,2026-05-31T07:24:08
3256,dqn,pool:gen_003,2,0.2500,1.6000,64,2026-05-31T07:24:09
3257,pool:gen_001,dqn,2,0.6750,1.6500,64,2026-05-31T07:24:11
3258,dqn,pool:gen_003,2,0.2875,1.5875,64,2026-05-31T07:24:13
3259,pool:gen_002,dqn,1,0.6750,-0.8250,64,2026-05-31T07:24:14
3260,dqn,pool:gen_003,2,0.3750,2.0375,64,2026-05-31T07:24:16
3261,self,dqn,1,0.5750,-0.5625,64,2026-05-31T07:24:17
3262,dqn,pool:gen_002,2,0.3625,1.7000,64,2026-05-31T07:24:19
3263,pool:gen_002,dqn,1,0.7375,-0.4375,64,2026-05-31T07:24:20
3264,dqn,pool:gen_002,2,0.2375,1.6750,64,2026-05-31T07:24:22
3265,self,dqn,1,0.3250,-0.8250,64,2026-05-31T07:24:24
3266,dqn,self,2,0.4000,1.6875,64,2026-05-31T07:24:26
3267,pool:gen_002,dqn,1,0.6500,-0.7625,64,2026-05-31T07:24:27
3268,dqn,self,2,0.2750,1.4625,64,2026-05-31T07:24:29
3269,self,dqn,1,0.4375,-0.6375,64,2026-05-31T07:24:31
3270,dqn,self,2,0.4000,1.5000,64,2026-05-31T07:24:32
3271,self,dqn,1,0.8625,-0.6750,64,2026-05-31T07:24:34
3272,dqn,pool:gen_001,2,0.4750,1.9375,64,2026-05-31T07:24:36
3273,heuristic,dqn,1,0.6750,-0.4750,64,2026-05-31T07:24:37
3274,dqn,self,1,0.3875,-0.7125,64,2026-05-31T07:24:39
3275,self,dqn,1,0.6875,-0.8250,64,2026-05-31T07:24:40
3276,dqn,self,2,0.5000,1.5375,64,2026-05-31T07:24:42
3277,pool:gen_001,dqn,2,0.5500,1.6125,64,2026-05-31T07:24:44
3278,dqn,pool:gen_002,2,0.2250,1.4000,64,2026-05-31T07:24:45
3279,pool:gen_001,dqn,1,0.6750,-0.6500,64,2026-05-31T07:24:47
3280,dqn,heuristic,2,0.8375,1.9375,64,2026-05-31T07:24:49
3281,pool:gen_002,dqn,1,0.6375,-0.7500,64,2026-05-31T07:24:50
3282,dqn,self,2,0.5125,1.5000,64,2026-05-31T07:24:52
3283,self,dqn,1,0.4875,-0.6375,64,2026-05-31T07:24:54
3284,dqn,self,2,0.4875,1.8750,64,2026-05-31T07:24:55
3285,self,dqn,1,0.5375,-0.7500,64,2026-05-31T07:24:57
3286,dqn,self,2,0.4250,1.5500,64,2026-05-31T07:25:00
3287,self,dqn,1,0.5125,-0.6875,64,2026-05-31T07:25:02
3288,dqn,self,1,0.5000,-0.7625,64,2026-05-31T07:25:04
3289,self,dqn,1,0.6500,-0.6750,64,2026-05-31T07:25:06
3290,dqn,self,2,0.3750,1.7875,64,2026-05-31T07:25:08
3291,pool:gen_001,dqn,1,0.4250,-0.6500,64,2026-05-31T07:25:11
3292,dqn,self,2,0.2875,1.6500,64,2026-05-31T07:25:13
3293,pool:gen_002,dqn,1,0.7750,-0.7875,64,2026-05-31T07:25:15
3294,dqn,self,2,0.2750,1.4125,64,2026-05-31T07:25:17
3295,pool:gen_003,dqn,1,1.1125,-0.8375,64,2026-05-31T07:25:19
3296,dqn,pool:gen_002,2,0.3000,1.4875,64,2026-05-31T07:25:22
3297,pool:gen_001,dqn,1,0.5375,-0.7500,64,2026-05-31T07:25:24
3298,dqn,pool:gen_002,2,0.3625,1.4250,64,2026-05-31T07:25:26
3299,pool:gen_002,dqn,1,0.5250,-0.7250,64,2026-05-31T07:25:28
3300,dqn,pool:gen_001,1,0.6250,-0.4500,64,2026-05-31T07:25:30
3301,self,dqn,1,0.7000,-0.6750,64,2026-05-31T07:35:23
3302,dqn,pool:gen_001,2,0.3625,1.5125,64,2026-05-31T07:35:27
3303,self,dqn,1,0.7500,-0.7000,64,2026-05-31T07:35:31
3304,dqn,pool:gen_002,2,0.2625,1.6375,64,2026-05-31T07:35:34
3305,self,dqn,2,0.4250,1.4875,64,2026-05-31T07:35:38
3306,dqn,pool:gen_001,1,0.6875,-0.3625,64,2026-05-31T07:35:41
3307,pool:gen_003,dqn,1,0.9250,-0.6375,64,2026-05-31T07:35:46
3308,dqn,heuristic,1,1.3625,-0.2500,64,2026-05-31T07:35:49
3309,pool:gen_003,dqn,1,0.8250,-0.6250,64,2026-05-31T07:35:52
3310,dqn,self,2,0.4375,2.0250,64,2026-05-31T07:35:55
3311,self,dqn,1,0.6125,-0.7000,64,2026-05-31T07:36:00
3312,dqn,self,2,0.2625,1.7750,64,2026-05-31T07:36:03
3313,self,dqn,1,0.6500,-0.7125,64,2026-05-31T07:36:06
3314,dqn,self,2,0.4125,1.7125,64,2026-05-31T07:36:09
3315,pool:gen_002,dqn,1,0.6875,-0.5625,64,2026-05-31T07:36:12
3316,dqn,pool:gen_002,2,0.3000,1.7250,64,2026-05-31T07:36:15
3317,self,dqn,2,0.4750,1.4875,64,2026-05-31T07:36:19
3318,dqn,heuristic,1,1.1875,-0.3000,64,2026-05-31T07:36:21
3319,heuristic,dqn,1,0.7250,-0.4750,64,2026-05-31T07:36:24
3320,dqn,heuristic,2,0.8375,2.1500,64,2026-05-31T07:36:26
3321,pool:gen_003,dqn,1,0.6875,-0.8500,64,2026-05-31T07:36:29
3322,dqn,pool:gen_003,2,0.1625,1.7000,64,2026-05-31T07:36:31
3323,self,dqn,1,0.7000,-0.7625,64,2026-05-31T07:36:33
3324,dqn,pool:gen_002,2,0.3375,1.4000,64,2026-05-31T07:36:35
3325,self,dqn,1,1.1125,-0.6000,64,2026-05-31T07:36:37
3326,dqn,self,2,0.5500,1.8875,64,2026-05-31T07:36:40
3327,random,dqn,2,0.3750,1.3625,64,2026-05-31T07:36:41
3328,dqn,pool:gen_001,1,0.5250,-0.6250,64,2026-05-31T07:36:44
3329,self,dqn,2,0.3000,1.3250,64,2026-05-31T07:36:46
3330,dqn,pool:gen_001,2,0.4750,1.5750,64,2026-05-31T07:36:48
3331,self,dqn,1,0.8000,-0.7500,64,2026-05-31T07:36:51
3332,dqn,self,2,0.5000,1.7250,64,2026-05-31T07:36:53
3333,random,dqn,2,0.2500,2.0125,64,2026-05-31T07:36:55
3334,dqn,self,2,0.4125,1.6625,64,2026-05-31T07:36:58
3335,self,dqn,1,0.8000,-0.4000,64,2026-05-31T07:37:00
3336,dqn,pool:gen_002,2,0.4875,1.6875,64,2026-05-31T07:37:02
3337,pool:gen_001,dqn,1,0.5500,-0.5875,64,2026-05-31T07:37:04
3338,dqn,pool:gen_002,2,0.5375,1.7250,64,2026-05-31T07:37:07
3339,self,dqn,1,0.8875,-0.5375,64,2026-05-31T07:37:09
3340,dqn,self,2,0.3875,1.6625,64,2026-05-31T07:37:11
3341,pool:gen_001,dqn,1,0.8750,-0.4875,64,2026-05-31T07:37:13
3342,dqn,random,2,0.4625,1.5375,64,2026-05-31T07:37:15
3343,pool:gen_002,dqn,1,0.5500,-0.7000,64,2026-05-31T07:37:17
3344,dqn,pool:gen_002,2,0.4875,2.0875,64,2026-05-31T07:37:19
3345,self,dqn,1,0.9000,-0.7250,64,2026-05-31T07:37:21
3346,dqn,self,2,0.3500,1.4875,64,2026-05-31T07:37:24
3347,self,dqn,1,0.6625,-0.6250,64,2026-05-31T07:37:26
3348,dqn,pool:gen_002,2,0.2750,1.8000,64,2026-05-31T07:37:28
3349,self,dqn,1,0.5625,-0.9000,64,2026-05-31T07:37:31
3350,dqn,pool:gen_003,2,0.5375,2.4875,64,2026-05-31T07:37:33
3351,self,dqn,1,0.6750,-0.5500,64,2026-05-31T07:37:35
3352,dqn,self,1,0.4375,-0.6875,64,2026-05-31T07:37:37
3353,pool:gen_003,dqn,1,1.1875,-0.5750,64,2026-05-31T07:37:39
3354,dqn,self,2,0.4125,1.5125,64,2026-05-31T07:37:41
3355,pool:gen_001,dqn,1,0.5500,-0.6625,64,2026-05-31T07:37:44
3356,dqn,pool:gen_003,2,0.4750,2.0875,64,2026-05-31T07:37:46
3357,self,dqn,1,0.6500,-0.6875,64,2026-05-31T07:37:48
3358,dqn,self,2,0.3500,1.5625,64,2026-05-31T07:37:50
3359,pool:gen_003,dqn,1,0.6125,-0.4875,64,2026-05-31T07:37:54
3360,dqn,pool:gen_003,2,0.2000,1.6875,64,2026-05-31T07:38:03
3361,self,dqn,1,0.7375,-0.8125,64,2026-05-31T07:38:05
3362,dqn,pool:gen_001,2,0.4125,1.6125,64,2026-05-31T07:38:08
3363,self,dqn,1,0.5500,-0.7250,64,2026-05-31T07:38:11
3364,dqn,pool:gen_002,2,0.1875,1.3000,64,2026-05-31T07:38:14
3365,self,dqn,1,0.6750,-0.5625,64,2026-05-31T07:38:18
3366,dqn,self,2,0.2000,1.9625,64,2026-05-31T07:38:21
3367,self,dqn,1,0.8750,-0.5250,64,2026-05-31T07:38:26
3368,dqn,self,2,0.3000,1.3125,64,2026-05-31T07:38:34
3369,self,dqn,1,0.6250,-0.7875,64,2026-05-31T07:38:42
3370,dqn,self,2,0.3875,1.7000,64,2026-05-31T07:38:50
3371,self,dqn,2,0.3750,1.4125,64,2026-05-31T07:38:58
3372,dqn,self,2,0.5000,1.8875,64,2026-05-31T07:39:07
3373,pool:gen_002,dqn,1,0.4000,-0.9125,64,2026-05-31T07:39:15
3374,dqn,self,2,0.1625,1.5250,64,2026-05-31T07:39:24
3375,pool:gen_003,dqn,1,0.8500,-0.4625,64,2026-05-31T07:39:33
3376,dqn,random,1,0.5625,-0.8125,64,2026-05-31T07:39:41
3377,heuristic,dqn,2,0.5375,1.6625,64,2026-05-31T07:39:49
3378,dqn,random,1,0.7625,-0.7500,64,2026-05-31T07:39:58
3379,pool:gen_003,dqn,1,0.6125,-0.8375,64,2026-05-31T07:40:07
3380,dqn,pool:gen_003,2,0.2375,1.5750,64,2026-05-31T07:40:16
3381,pool:gen_003,dqn,1,0.5750,-0.6000,64,2026-05-31T07:40:23
3382,dqn,pool:gen_002,2,0.1250,1.6375,64,2026-05-31T07:40:31
3383,pool:gen_002,dqn,1,0.5875,-0.6500,64,2026-05-31T07:40:38
3384,dqn,self,2,0.3500,1.4375,64,2026-05-31T07:40:47
3385,self,dqn,1,0.7125,-0.6875,64,2026-05-31T07:40:59
3386,dqn,random,1,0.9250,-0.7875,64,2026-05-31T07:41:07
3387,self,dqn,1,0.7000,-0.8625,64,2026-05-31T07:41:21
3388,dqn,pool:gen_003,2,0.4750,1.5500,64,2026-05-31T07:41:43
3389,pool:gen_001,dqn,2,0.7250,1.6125,64,2026-05-31T07:41:55
3390,dqn,pool:gen_002,2,0.1375,1.6125,64,2026-05-31T07:42:05
3391,pool:gen_002,dqn,1,0.3000,-0.7625,64,2026-05-31T07:42:15
3392,dqn,self,2,0.4250,1.5625,64,2026-05-31T07:42:23
3393,pool:gen_002,dqn,1,0.3625,-0.7625,64,2026-05-31T07:42:31
3394,dqn,pool:gen_003,2,0.3750,1.5500,64,2026-05-31T07:42:40
3395,self,dqn,1,0.7375,-0.8625,64,2026-05-31T07:42:49
3396,dqn,pool:gen_001,1,0.5875,-0.5125,64,2026-05-31T07:42:57
3397,self,dqn,1,0.6125,-0.5750,64,2026-05-31T07:43:05
3398,dqn,pool:gen_002,1,0.5250,-0.4875,64,2026-05-31T07:43:12
3399,self,dqn,1,0.7750,-0.6500,64,2026-05-31T07:43:21
3400,dqn,self,2,0.3750,1.6000,64,2026-05-31T07:43:29
3401,random,dqn,2,0.2500,1.5250,64,2026-05-31T07:54:27
3402,dqn,random,1,0.7000,-0.7625,64,2026-05-31T07:54:30
3403,self,dqn,1,0.6250,-0.8125,64,2026-05-31T07:54:34
3404,dqn,self,2,0.4250,1.6250,64,2026-05-31T07:54:37
3405,self,dqn,1,0.3875,-0.8000,64,2026-05-31T07:54:40
3406,dqn,self,2,0.2875,1.5125,64,2026-05-31T07:54:44
3407,self,dqn,1,0.2750,-0.8125,64,2026-05-31T07:54:47
3408,dqn,self,2,0.4875,1.5375,64,2026-05-31T07:54:50
3409,pool:gen_002,dqn,2,0.2875,1.4625,64,2026-05-31T07:54:54
3410,dqn,self,2,0.3875,1.8625,64,2026-05-31T07:54:57
3411,pool:gen_001,dqn,2,0.4875,1.4875,64,2026-05-31T07:55:01
3412,dqn,self,2,0.3750,1.6875,64,2026-05-31T07:55:04
3413,self,dqn,1,0.7625,-0.5750,64,2026-05-31T07:55:07
3414,dqn,pool:gen_001,1,0.4500,-0.6750,64,2026-05-31T07:55:11
3415,pool:gen_001,dqn,2,0.4000,1.3125,64,2026-05-31T07:55:14
3416,dqn,heuristic,1,1.4875,-0.0500,64,2026-05-31T07:55:17
3417,pool:gen_002,dqn,1,0.4375,-0.7125,64,2026-05-31T07:55:20
3418,dqn,self,2,0.3250,1.5125,64,2026-05-31T07:55:24
3419,pool:gen_002,dqn,1,0.7750,-0.5500,64,2026-05-31T07:55:27
3420,dqn,self,2,0.3375,1.7625,64,2026-05-31T07:55:31
3421,self,dqn,1,1.1375,-0.5750,64,2026-05-31T07:55:34
3422,dqn,pool:gen_002,2,0.4375,1.5375,64,2026-05-31T07:55:37
3423,random,dqn,1,0.8000,-0.6500,64,2026-05-31T07:55:39
3424,dqn,random,1,0.8875,-0.7250,64,2026-05-31T07:55:43
3425,self,dqn,1,0.7625,-0.7000,64,2026-05-31T07:55:47
3426,dqn,self,2,0.2750,1.7375,64,2026-05-31T07:55:51
3427,pool:gen_002,dqn,1,0.5500,-0.7000,64,2026-05-31T07:55:54
3428,dqn,pool:gen_001,1,0.6500,-0.5250,64,2026-05-31T07:55:57
3429,pool:gen_003,dqn,1,0.8000,-0.8750,64,2026-05-31T07:56:00
3430,dqn,self,2,0.5125,1.7375,64,2026-05-31T07:56:04
3431,pool:gen_002,dqn,2,0.3125,1.4500,64,2026-05-31T07:56:07
3432,dqn,self,1,0.5625,-0.5875,64,2026-05-31T07:56:11
3433,random,dqn,2,0.3875,1.7750,64,2026-05-31T07:56:13
3434,dqn,pool:gen_001,2,0.4500,1.6000,64,2026-05-31T07:56:17
3435,pool:gen_003,dqn,1,0.6875,-0.5000,64,2026-05-31T07:56:20
3436,dqn,self,2,0.2750,1.5250,64,2026-05-31T07:56:24
3437,pool:gen_002,dqn,1,0.4625,-0.7750,64,2026-05-31T07:56:27
3438,dqn,self,2,0.3750,1.4500,64,2026-05-31T07:56:31
3439,random,dqn,2,0.5125,1.7375,64,2026-05-31T07:56:35
3440,dqn,heuristic,1,1.2625,-0.0750,64,2026-05-31T07:56:37
3441,self,dqn,1,0.7750,-0.8250,64,2026-05-31T07:56:41
3442,dqn,random,1,0.6375,-0.6500,64,2026-05-31T07:56:44
3443,pool:gen_003,dqn,1,1.0000,-0.6375,64,2026-05-31T07:56:47
3444,dqn,self,2,0.4750,1.6625,64,2026-05-31T07:56:50
3445,pool:gen_003,dqn,1,0.9125,-0.7125,64,2026-05-31T07:56:54
3446,dqn,self,2,0.2000,1.3750,64,2026-05-31T07:56:57
3447,random,dqn,2,0.5875,1.7125,64,2026-05-31T07:57:00
3448,dqn,self,2,0.4125,1.5625,64,2026-05-31T07:57:04
3449,self,dqn,1,0.7875,-0.6375,64,2026-05-31T07:57:07
3450,dqn,pool:gen_001,2,0.4125,1.5000,64,2026-05-31T07:57:10
3451,self,dqn,1,1.0375,-0.5625,64,2026-05-31T07:57:14
3452,dqn,self,2,0.3500,1.8750,64,2026-05-31T07:57:17
3453,self,dqn,1,0.5375,-0.7000,64,2026-05-31T07:57:20
3454,dqn,pool:gen_002,2,0.2875,1.4625,64,2026-05-31T07:57:24
3455,heuristic,dqn,2,0.9500,2.4875,64,2026-05-31T07:57:27
3456,dqn,pool:gen_002,2,0.2750,1.3875,64,2026-05-31T07:57:30
3457,pool:gen_002,dqn,1,0.8000,-0.7875,64,2026-05-31T07:57:34
3458,dqn,pool:gen_003,2,0.2875,1.7750,64,2026-05-31T07:57:37
3459,self,dqn,1,0.8375,-0.8500,64,2026-05-31T07:57:40
3460,dqn,self,2,0.5000,1.5250,64,2026-05-31T07:57:44
3461,self,dqn,1,0.7750,-0.8375,64,2026-05-31T07:57:47
3462,dqn,heuristic,1,1.0125,-0.3250,64,2026-05-31T07:57:50
3463,self,dqn,1,0.4500,-0.7500,64,2026-05-31T07:57:54
3464,dqn,pool:gen_003,2,0.3250,1.6000,64,2026-05-31T07:57:57
3465,pool:gen_002,dqn,1,0.6375,-0.7625,64,2026-05-31T07:58:00
3466,dqn,self,2,0.3250,1.6375,64,2026-05-31T07:58:04
3467,self,dqn,1,0.6375,-0.6125,64,2026-05-31T07:58:07
3468,dqn,pool:gen_001,1,0.3125,-0.7000,64,2026-05-31T07:58:11
3469,self,dqn,1,0.7750,-0.6250,64,2026-05-31T07:58:14
3470,dqn,pool:gen_001,1,0.4500,-0.6750,64,2026-05-31T07:58:17
3471,self,dqn,1,0.5500,-0.6875,64,2026-05-31T07:58:21
3472,dqn,self,1,0.6875,-0.4750,64,2026-05-31T07:58:24
3473,pool:gen_003,dqn,1,0.5625,-0.7500,64,2026-05-31T07:58:27
3474,dqn,pool:gen_002,2,0.3125,1.4250,64,2026-05-31T07:58:31
3475,self,dqn,1,1.0375,-0.7000,64,2026-05-31T07:58:34
3476,dqn,pool:gen_002,2,0.2625,1.3750,64,2026-05-31T07:58:37
3477,pool:gen_002,dqn,1,0.6875,-0.5500,64,2026-05-31T07:58:41
3478,dqn,pool:gen_001,1,0.4250,-0.6500,64,2026-05-31T07:58:45
3479,pool:gen_001,dqn,2,0.3250,1.6875,64,2026-05-31T07:58:48
3480,dqn,pool:gen_003,2,0.3250,1.7125,64,2026-05-31T07:58:51
3481,pool:gen_002,dqn,2,0.3875,1.3375,64,2026-05-31T07:58:54
3482,dqn,self,2,0.3250,1.6500,64,2026-05-31T07:58:57
3483,random,dqn,2,0.2875,1.4375,64,2026-05-31T07:58:59
3484,dqn,self,2,0.5000,1.7500,64,2026-05-31T07:59:02
3485,pool:gen_002,dqn,1,0.6375,-0.7250,64,2026-05-31T07:59:05
3486,dqn,self,2,0.3750,1.6750,64,2026-05-31T07:59:07
3487,self,dqn,1,0.7375,-0.7500,64,2026-05-31T07:59:09
3488,dqn,self,2,0.4000,1.4125,64,2026-05-31T07:59:12
3489,self,dqn,1,0.4375,-0.5750,64,2026-05-31T07:59:14
3490,dqn,heuristic,1,0.8000,-0.4625,64,2026-05-31T07:59:17
3491,self,dqn,1,0.8125,-0.7500,64,2026-05-31T07:59:19
3492,dqn,self,2,0.2875,1.5250,64,2026-05-31T07:59:21
3493,self,dqn,1,0.4750,-0.7250,64,2026-05-31T07:59:24
3494,dqn,pool:gen_003,2,0.3000,1.8500,64,2026-05-31T07:59:26
3495,self,dqn,1,0.7500,-0.8000,64,2026-05-31T07:59:29
3496,dqn,self,2,0.3250,1.4500,64,2026-05-31T07:59:31
3497,pool:gen_003,dqn,1,0.5750,-0.7625,64,2026-05-31T07:59:34
3498,dqn,self,2,0.3875,1.4875,64,2026-05-31T07:59:37
3499,pool:gen_001,dqn,1,0.5500,-0.6625,64,2026-05-31T07:59:39
3500,dqn,pool:gen_001,2,0.5625,1.6250,64,2026-05-31T07:59:41
3501,pool:gen_002,dqn,2,0.3125,1.3125,64,2026-05-31T08:10:05
3502,dqn,pool:gen_003,2,0.3125,1.5000,64,2026-05-31T08:10:08
3503,pool:gen_003,dqn,1,0.5625,-0.8625,64,2026-05-31T08:10:11
3504,dqn,self,2,0.3875,1.5625,64,2026-05-31T08:10:14
3505,self,dqn,1,0.5125,-0.7000,64,2026-05-31T08:10:17
3506,dqn,pool:gen_002,2,0.3375,1.5250,64,2026-05-31T08:10:20
3507,self,dqn,1,0.7000,-0.7875,64,2026-05-31T08:10:23
3508,dqn,self,2,0.3125,1.7000,64,2026-05-31T08:10:26
3509,self,dqn,1,0.6625,-0.7500,64,2026-05-31T08:10:28
3510,dqn,pool:gen_002,2,0.2750,1.7125,64,2026-05-31T08:10:31
3511,self,dqn,1,0.5750,-0.6125,64,2026-05-31T08:10:35
3512,dqn,self,1,0.6000,-0.4500,64,2026-05-31T08:10:37
3513,random,dqn,2,0.3875,1.6125,64,2026-05-31T08:10:40
3514,dqn,self,2,0.1500,1.7250,64,2026-05-31T08:10:43
3515,pool:gen_001,dqn,1,0.8000,-0.6750,64,2026-05-31T08:10:45
3516,dqn,self,2,0.2375,1.6750,64,2026-05-31T08:10:48
3517,self,dqn,1,0.7375,-0.6750,64,2026-05-31T08:10:51
3518,dqn,pool:gen_002,2,0.3375,1.4250,64,2026-05-31T08:10:54
3519,pool:gen_003,dqn,1,0.8250,-0.7000,64,2026-05-31T08:10:57
3520,dqn,pool:gen_001,2,0.4125,1.5750,64,2026-05-31T08:11:00
3521,self,dqn,1,0.6125,-0.5250,64,2026-05-31T08:11:03
3522,dqn,pool:gen_001,2,0.6000,1.6125,64,2026-05-31T08:11:05
3523,pool:gen_003,dqn,1,0.9000,-0.7500,64,2026-05-31T08:11:08
3524,dqn,self,2,0.4375,1.5125,64,2026-05-31T08:11:11
3525,pool:gen_002,dqn,1,0.9125,-0.7625,64,2026-05-31T08:11:16
3526,dqn,pool:gen_002,2,0.3375,1.6500,64,2026-05-31T08:11:19
3527,self,dqn,1,0.6375,-0.8625,64,2026-05-31T08:11:21
3528,dqn,self,2,0.4375,1.6625,64,2026-05-31T08:11:24
3529,self,dqn,2,0.2750,1.2750,64,2026-05-31T08:11:27
3530,dqn,self,2,0.3500,1.6875,64,2026-05-31T08:11:30
3531,pool:gen_001,dqn,1,0.6000,-0.6375,64,2026-05-31T08:11:32
3532,dqn,pool:gen_002,2,0.3375,1.9000,64,2026-05-31T08:11:35
3533,self,dqn,2,0.1500,1.4625,64,2026-05-31T08:11:39
3534,dqn,self,2,0.5750,1.8000,64,2026-05-31T08:11:42
3535,pool:gen_003,dqn,1,1.1750,-0.7250,64,2026-05-31T08:11:45
3536,dqn,self,2,0.5250,1.5625,64,2026-05-31T08:11:48
3537,self,dqn,1,0.4500,-0.8250,64,2026-05-31T08:11:52
3538,dqn,self,2,0.3750,1.5250,64,2026-05-31T08:11:55
3539,self,dqn,1,0.4875,-0.6375,64,2026-05-31T08:11:58
3540,dqn,pool:gen_003,2,0.5375,2.0125,64,2026-05-31T08:12:01
3541,pool:gen_001,dqn,1,0.6000,-0.6750,64,2026-05-31T08:12:04
3542,dqn,pool:gen_003,2,0.4125,1.8875,64,2026-05-31T08:12:06
3543,self,dqn,1,0.9375,-0.5750,64,2026-05-31T08:12:09
3544,dqn,self,1,0.5250,-0.6125,64,2026-05-31T08:12:12
3545,self,dqn,1,0.8875,-0.7750,64,2026-05-31T08:12:14
3546,dqn,heuristic,2,0.4750,1.6875,64,2026-05-31T08:12:17
3547,pool:gen_003,dqn,1,0.9250,-0.6250,64,2026-05-31T08:12:20
3548,dqn,random,1,0.5625,-0.6500,64,2026-05-31T08:12:22
3549,self,dqn,1,0.8000,-0.7000,64,2026-05-31T08:12:25
3550,dqn,self,1,0.5625,-0.4875,64,2026-05-31T08:12:27
3551,pool:gen_002,dqn,1,1.0750,-0.6125,64,2026-05-31T08:12:30
3552,dqn,pool:gen_003,2,0.4250,1.5625,64,2026-05-31T08:12:32
3553,self,dqn,1,0.5000,-0.6250,64,2026-05-31T08:12:35
3554,dqn,self,2,0.4250,1.4625,64,2026-05-31T08:12:37
3555,self,dqn,1,0.8500,-0.7250,64,2026-05-31T08:12:40
3556,dqn,pool:gen_003,2,0.4375,2.1625,64,2026-05-31T08:12:42
3557,pool:gen_002,dqn,1,0.5625,-0.5875,64,2026-05-31T08:12:45
3558,dqn,pool:gen_003,2,0.2875,2.1500,64,2026-05-31T08:12:47
3559,self,dqn,1,0.5250,-0.6000,64,2026-05-31T08:12:50
3560,dqn,self,2,0.3000,1.8875,64,2026-05-31T08:12:52
3561,pool:gen_003,dqn,1,0.7500,-0.6875,64,2026-05-31T08:12:55
3562,dqn,pool:gen_003,2,0.3375,1.6375,64,2026-05-31T08:12:57
3563,self,dqn,1,0.4125,-0.8125,64,2026-05-31T08:13:00
3564,dqn,self,2,0.4375,1.8375,64,2026-05-31T08:13:02
3565,pool:gen_001,dqn,1,0.6125,-0.6375,64,2026-05-31T08:13:05
3566,dqn,self,2,0.2375,1.5250,64,2026-05-31T08:13:08
3567,pool:gen_002,dqn,1,0.7625,-0.8375,64,2026-05-31T08:13:10
3568,dqn,pool:gen_002,2,0.4750,1.7375,64,2026-05-31T08:13:13
3569,self,dqn,1,0.7625,-0.4875,64,2026-05-31T08:13:15
3570,dqn,pool:gen_001,2,0.6375,1.7375,64,2026-05-31T08:13:17
3571,self,dqn,1,0.7250,-0.7125,64,2026-05-31T08:13:20
3572,dqn,self,2,0.2125,1.6500,64,2026-05-31T08:13:22
3573,pool:gen_002,dqn,1,0.6500,-0.7250,64,2026-05-31T08:13:25
3574,dqn,self,2,0.2375,1.6500,64,2026-05-31T08:13:27
3575,pool:gen_001,dqn,2,0.4875,1.5375,64,2026-05-31T08:13:30
3576,dqn,self,2,0.2875,1.3750,64,2026-05-31T08:13:32
3577,self,dqn,1,0.9125,-0.6500,64,2026-05-31T08:13:35
3578,dqn,pool:gen_002,2,0.3500,1.4125,64,2026-05-31T08:13:38
3579,pool:gen_001,dqn,1,0.8625,-0.5000,64,2026-05-31T08:13:40
3580,dqn,self,2,0.4250,1.8000,64,2026-05-31T08:13:42
3581,self,dqn,1,0.8250,-0.5625,64,2026-05-31T08:13:45
3582,dqn,self,1,0.7500,-0.3625,64,2026-05-31T08:13:47
3583,random,dqn,2,0.3250,1.3250,64,2026-05-31T08:13:49
3584,dqn,self,1,0.7250,-0.5500,64,2026-05-31T08:13:52
3585,self,dqn,1,0.7125,-0.6750,64,2026-05-31T08:13:55
3586,dqn,self,2,0.3375,1.4500,64,2026-05-31T08:13:57
3587,pool:gen_003,dqn,1,0.8500,-0.6500,64,2026-05-31T08:14:00
3588,dqn,self,2,0.6000,1.6250,64,2026-05-31T08:14:02
3589,pool:gen_002,dqn,1,0.6000,-0.6000,64,2026-05-31T08:14:05
3590,dqn,self,2,0.2500,1.5250,64,2026-05-31T08:14:08
3591,pool:gen_003,dqn,1,0.4750,-0.7375,64,2026-05-31T08:14:10
3592,dqn,self,2,0.1875,1.4250,64,2026-05-31T08:14:13
3593,self,dqn,1,1.1750,-0.6250,64,2026-05-31T08:14:15
3594,dqn,pool:gen_003,2,0.3875,1.5875,64,2026-05-31T08:14:17
3595,self,dqn,1,0.4625,-0.5875,64,2026-05-31T08:14:20
3596,dqn,pool:gen_001,2,0.7875,1.8125,64,2026-05-31T08:14:23
3597,self,dqn,1,1.1750,-0.5375,64,2026-05-31T08:14:25
3598,dqn,random,1,0.5750,-0.7000,64,2026-05-31T08:14:28
3599,random,dqn,2,0.5250,1.7500,64,2026-05-31T08:14:30
3600,dqn,self,2,0.2750,1.5750,64,2026-05-31T08:14:32
3601,random,dqn,2,0.3875,1.7000,64,2026-05-31T08:21:56
3602,dqn,self,2,0.4750,1.8000,64,2026-05-31T08:21:59
3603,self,dqn,1,0.6750,-0.6875,64,2026-05-31T08:22:02
3604,dqn,pool:gen_002,2,0.4000,1.5125,64,2026-05-31T08:22:05
3605,pool:gen_003,dqn,1,0.7000,-0.9000,64,2026-05-31T08:22:07
3606,dqn,pool:gen_002,2,0.4625,1.6500,64,2026-05-31T08:22:10
3607,pool:gen_001,dqn,1,0.4625,-0.7750,64,2026-05-31T08:22:12
3608,dqn,pool:gen_003,2,0.4250,1.4875,64,2026-05-31T08:22:15
3609,pool:gen_002,dqn,2,0.3375,1.3750,64,2026-05-31T08:22:17
3610,dqn,pool:gen_001,2,0.7875,1.8000,64,2026-05-31T08:22:20
3611,self,dqn,1,0.8250,-0.5875,64,2026-05-31T08:22:23
3612,dqn,pool:gen_002,2,0.5000,1.6000,64,2026-05-31T08:22:25
3613,random,dqn,2,0.4750,1.5625,64,2026-05-31T08:22:28
3614,dqn,pool:gen_001,1,0.5625,-0.6500,64,2026-05-31T08:22:31
3615,self,dqn,1,0.7375,-0.6750,64,2026-05-31T08:22:34
3616,dqn,heuristic,1,0.9500,-0.1750,64,2026-05-31T08:22:36
3617,pool:gen_003,dqn,1,0.8500,-0.5750,64,2026-05-31T08:22:38
3618,dqn,pool:gen_002,1,0.4750,-0.5500,64,2026-05-31T08:22:41
3619,pool:gen_003,dqn,1,0.6500,-0.5375,64,2026-05-31T08:22:44
3620,dqn,self,2,0.4500,1.4875,64,2026-05-31T08:22:46
3621,pool:gen_002,dqn,2,0.3375,1.2875,64,2026-05-31T08:22:49
3622,dqn,heuristic,1,0.7875,-0.3500,64,2026-05-31T08:22:51
3623,pool:gen_002,dqn,1,0.4625,-0.7375,64,2026-05-31T08:22:53
3624,dqn,pool:gen_001,1,0.5375,-0.5000,64,2026-05-31T08:22:56
3625,pool:gen_002,dqn,1,0.6000,-0.8500,64,2026-05-31T08:22:58
3626,dqn,self,2,0.3875,1.7125,64,2026-05-31T08:23:01
3627,self,dqn,1,1.0375,-0.6500,64,2026-05-31T08:23:03
3628,dqn,self,2,0.3250,1.6000,64,2026-05-31T08:23:05
3629,pool:gen_001,dqn,2,0.3375,1.3500,64,2026-05-31T08:23:08
3630,dqn,pool:gen_003,2,0.4375,1.7750,64,2026-05-31T08:23:11
3631,self,dqn,1,0.8625,-0.7125,64,2026-05-31T08:23:13
3632,dqn,self,2,0.3750,1.4625,64,2026-05-31T08:23:15
3633,self,dqn,1,0.4375,-0.6500,64,2026-05-31T08:23:18
3634,dqn,self,2,0.4500,1.4625,64,2026-05-31T08:23:20
3635,pool:gen_002,dqn,1,0.5125,-0.5875,64,2026-05-31T08:23:23
3636,dqn,self,2,0.2625,1.5375,64,2026-05-31T08:23:26
3637,self,dqn,1,0.7625,-0.7375,64,2026-05-31T08:23:28
3638,dqn,self,2,0.3375,1.4375,64,2026-05-31T08:23:31
3639,pool:gen_002,dqn,1,0.6000,-0.5250,64,2026-05-31T08:23:33
3640,dqn,self,2,0.4375,1.6500,64,2026-05-31T08:23:36
3641,self,dqn,1,0.7250,-0.6250,64,2026-05-31T08:23:38
3642,dqn,self,2,0.3250,1.6500,64,2026-05-31T08:23:41
3643,self,dqn,1,0.5625,-0.6250,64,2026-05-31T08:23:43
3644,dqn,pool:gen_003,2,0.2375,1.4000,64,2026-05-31T08:23:46
3645,pool:gen_002,dqn,1,0.4875,-0.7375,64,2026-05-31T08:23:48
3646,dqn,self,2,0.4875,1.5000,64,2026-05-31T08:23:51
3647,pool:gen_002,dqn,1,0.6875,-0.7250,64,2026-05-31T08:23:53
3648,dqn,pool:gen_003,2,0.4000,1.7375,64,2026-05-31T08:23:56
3649,self,dqn,1,0.6625,-0.7125,64,2026-05-31T08:23:59
3650,dqn,self,2,0.2250,1.6875,64,2026-05-31T08:24:02
3651,pool:gen_003,dqn,1,0.6500,-0.7875,64,2026-05-31T08:24:04
3652,dqn,pool:gen_002,2,0.3125,1.6375,64,2026-05-31T08:24:07
3653,self,dqn,1,0.5250,-0.6625,64,2026-05-31T08:24:09
3654,dqn,heuristic,1,1.1750,-0.1875,64,2026-05-31T08:24:11
3655,self,dqn,1,0.9500,-0.5625,64,2026-05-31T08:24:14
3656,dqn,random,1,0.9375,-0.4375,64,2026-05-31T08:24:17
3657,pool:gen_001,dqn,1,0.5750,-0.6000,64,2026-05-31T08:24:19
3658,dqn,heuristic,1,0.8000,-0.4000,64,2026-05-31T08:24:21
3659,pool:gen_002,dqn,1,0.7750,-0.7125,64,2026-05-31T08:24:24
3660,dqn,self,1,0.4000,-0.6250,64,2026-05-31T08:24:26
3661,pool:gen_002,dqn,1,0.8125,-0.8000,64,2026-05-31T08:24:29
3662,dqn,pool:gen_002,2,0.3250,1.7250,64,2026-05-31T08:24:31
3663,pool:gen_002,dqn,1,0.6250,-0.6875,64,2026-05-31T08:24:34
3664,dqn,self,2,0.3500,1.4875,64,2026-05-31T08:24:36
3665,self,dqn,1,1.0625,-0.5750,64,2026-05-31T08:24:39
3666,dqn,self,2,0.5625,1.5125,64,2026-05-31T08:24:41
3667,pool:gen_003,dqn,1,0.9375,-0.7875,64,2026-05-31T08:24:44
3668,dqn,self,2,0.3000,1.9000,64,2026-05-31T08:24:46
3669,random,dqn,2,0.2500,1.3875,64,2026-05-31T08:24:49
3670,dqn,pool:gen_002,2,0.4625,1.6500,64,2026-05-31T08:24:51
3671,pool:gen_001,dqn,1,0.5375,-0.6375,64,2026-05-31T08:24:54
3672,dqn,self,2,0.3500,1.8125,64,2026-05-31T08:24:56
3673,self,dqn,1,0.6250,-0.5375,64,2026-05-31T08:24:59
3674,dqn,self,2,0.1500,1.7500,64,2026-05-31T08:25:01
3675,self,dqn,1,0.4000,-0.7125,64,2026-05-31T08:25:04
3676,dqn,pool:gen_001,1,0.5125,-0.6500,64,2026-05-31T08:25:07
3677,self,dqn,1,0.4500,-0.8250,64,2026-05-31T08:25:10
3678,dqn,self,2,0.4750,1.4875,64,2026-05-31T08:25:13
3679,pool:gen_002,dqn,1,0.6250,-0.6375,64,2026-05-31T08:25:15
3680,dqn,self,2,0.2875,1.4750,64,2026-05-31T08:25:18
3681,pool:gen_002,dqn,1,0.4750,-0.6375,64,2026-05-31T08:25:20
3682,dqn,self,2,0.3250,1.6750,64,2026-05-31T08:25:23
3683,pool:gen_002,dqn,1,0.4625,-0.6125,64,2026-05-31T08:25:26
3684,dqn,self,2,0.5750,1.6250,64,2026-05-31T08:25:31
3685,pool:gen_003,dqn,1,0.6375,-0.6875,64,2026-05-31T08:25:34
3686,dqn,pool:gen_003,2,0.3625,1.5875,64,2026-05-31T08:25:36
3687,pool:gen_002,dqn,1,0.8500,-0.6125,64,2026-05-31T08:25:39
3688,dqn,heuristic,1,1.1000,-0.1375,64,2026-05-31T08:25:41
3689,heuristic,dqn,2,0.5375,1.8625,64,2026-05-31T08:25:43
3690,dqn,self,1,0.6500,-0.7500,64,2026-05-31T08:25:46
3691,pool:gen_001,dqn,2,0.4500,1.5375,64,2026-05-31T08:25:49
3692,dqn,pool:gen_001,1,0.5375,-0.5000,64,2026-05-31T08:25:51
3693,self,dqn,1,1.0875,-0.7875,64,2026-05-31T08:25:54
3694,dqn,self,2,0.4875,1.6250,64,2026-05-31T08:25:57
3695,self,dqn,1,0.6875,-0.6125,64,2026-05-31T08:26:00
3696,dqn,self,2,0.4375,1.5000,64,2026-05-31T08:26:02
3697,random,dqn,2,0.5375,1.9125,64,2026-05-31T08:26:05
3698,dqn,self,1,0.6125,-0.5125,64,2026-05-31T08:26:07
3699,self,dqn,1,0.5625,-0.7500,64,2026-05-31T08:26:10
3700,dqn,pool:gen_002,2,0.5000,1.5000,64,2026-05-31T08:26:12
3701,pool:gen_003,dqn,1,0.6125,-0.7125,64,2026-05-31T08:34:06
3702,dqn,self,2,0.3125,1.5750,64,2026-05-31T08:34:09
3703,random,dqn,2,0.5250,1.7875,64,2026-05-31T08:34:12
3704,dqn,self,2,0.2875,1.7500,64,2026-05-31T08:34:15
3705,self,dqn,1,0.3125,-0.7375,64,2026-05-31T08:34:17
3706,dqn,pool:gen_003,2,0.2750,1.5250,64,2026-05-31T08:34:21
3707,pool:gen_001,dqn,2,0.4500,1.5000,64,2026-05-31T08:34:23
3708,dqn,pool:gen_002,2,0.4375,1.7375,64,2026-05-31T08:34:26
3709,pool:gen_003,dqn,1,0.9000,-0.5500,64,2026-05-31T08:34:29
3710,dqn,self,1,0.3500,-0.7875,64,2026-05-31T08:34:32
3711,self,dqn,1,0.6250,-0.4750,64,2026-05-31T08:34:34
3712,dqn,random,1,0.9625,-0.5375,64,2026-05-31T08:34:37
3713,pool:gen_003,dqn,1,1.1375,-0.6125,64,2026-05-31T08:34:39
3714,dqn,pool:gen_003,2,0.3625,1.6750,64,2026-05-31T08:34:41
3715,self,dqn,1,0.5875,-0.6000,64,2026-05-31T08:34:44
3716,dqn,self,2,0.3375,1.6250,64,2026-05-31T08:34:47
3717,pool:gen_003,dqn,1,0.8750,-0.5625,64,2026-05-31T08:34:49
3718,dqn,random,1,0.4625,-0.5750,64,2026-05-31T08:34:52
3719,pool:gen_003,dqn,1,0.5250,-0.7875,64,2026-05-31T08:34:54
3720,dqn,self,1,0.4750,-0.7250,64,2026-05-31T08:34:57
3721,pool:gen_002,dqn,1,0.3375,-0.7000,64,2026-05-31T08:34:59
3722,dqn,self,1,0.3625,-0.6750,64,2026-05-31T08:35:01
3723,self,dqn,1,0.5625,-0.6250,64,2026-05-31T08:35:03
3724,dqn,self,2,0.2375,1.7250,64,2026-05-31T08:35:06
3725,self,dqn,1,0.7375,-0.6625,64,2026-05-31T08:35:08
3726,dqn,self,2,0.5250,1.5875,64,2026-05-31T08:35:11
3727,pool:gen_002,dqn,1,0.5250,-0.8125,64,2026-05-31T08:35:13
3728,dqn,pool:gen_002,2,0.3500,1.6750,64,2026-05-31T08:35:15
3729,self,dqn,1,0.7750,-0.6875,64,2026-05-31T08:35:17
3730,dqn,self,2,0.3875,1.6875,64,2026-05-31T08:35:20
3731,self,dqn,1,0.8750,-0.6625,64,2026-05-31T08:35:22
3732,dqn,pool:gen_002,2,0.3250,1.4625,64,2026-05-31T08:35:24
3733,self,dqn,1,0.8000,-0.5250,64,2026-05-31T08:35:26
3734,dqn,pool:gen_002,2,0.3625,1.4875,64,2026-05-31T08:35:29
3735,self,dqn,1,0.4875,-0.7375,64,2026-05-31T08:35:31
3736,dqn,self,2,0.3250,1.8625,64,2026-05-31T08:35:33
3737,self,dqn,1,0.7125,-0.7250,64,2026-05-31T08:35:36
3738,dqn,pool:gen_001,1,0.8500,-0.4000,64,2026-05-31T08:35:38
3739,pool:gen_003,dqn,1,0.7500,-0.8125,64,2026-05-31T08:35:40
3740,dqn,pool:gen_002,2,0.2500,1.5250,64,2026-05-31T08:35:43
3741,self,dqn,1,0.6375,-0.8500,64,2026-05-31T08:35:45
3742,dqn,pool:gen_002,1,0.3250,-0.7375,64,2026-05-31T08:35:47
3743,heuristic,dqn,2,0.8500,2.6000,64,2026-05-31T08:35:50
3744,dqn,pool:gen_002,2,0.3750,1.5500,64,2026-05-31T08:35:52
3745,pool:gen_003,dqn,1,0.4500,-0.6000,64,2026-05-31T08:35:55
3746,dqn,self,2,0.4500,1.5750,64,2026-05-31T08:35:58
3747,pool:gen_002,dqn,2,0.4250,1.6750,64,2026-05-31T08:36:00
3748,dqn,self,2,0.6375,1.8125,64,2026-05-31T08:36:03
3749,self,dqn,1,0.9250,-0.6250,64,2026-05-31T08:36:06
3750,dqn,self,2,0.2125,1.5875,64,2026-05-31T08:36:08
3751,pool:gen_001,dqn,2,0.2375,1.6875,64,2026-05-31T08:36:11
3752,dqn,pool:gen_002,1,0.6500,-0.5875,64,2026-05-31T08:36:14
3753,pool:gen_002,dqn,1,0.4500,-0.6375,64,2026-05-31T08:36:16
3754,dqn,pool:gen_003,2,0.3000,1.4500,64,2026-05-31T08:36:19
3755,pool:gen_002,dqn,1,0.6875,-0.8250,64,2026-05-31T08:36:23
3756,dqn,self,2,0.2875,1.5000,64,2026-05-31T08:36:25
3757,pool:gen_002,dqn,1,0.5125,-0.7000,64,2026-05-31T08:36:28
3758,dqn,self,2,0.2250,1.6125,64,2026-05-31T08:36:30
3759,self,dqn,1,0.5250,-0.5500,64,2026-05-31T08:36:33
3760,dqn,self,2,0.2750,1.4875,64,2026-05-31T08:36:35
3761,pool:gen_003,dqn,1,1.1375,-0.6250,64,2026-05-31T08:36:37
3762,dqn,self,2,0.3500,1.5500,64,2026-05-31T08:36:40
3763,pool:gen_002,dqn,1,0.6250,-0.6750,64,2026-05-31T08:36:42
3764,dqn,self,2,0.1750,1.8250,64,2026-05-31T08:36:45
3765,pool:gen_002,dqn,1,0.7375,-0.6375,64,2026-05-31T08:36:47
3766,dqn,self,2,0.5750,1.8000,64,2026-05-31T08:36:49
3767,self,dqn,1,0.5000,-0.8125,64,2026-05-31T08:36:52
3768,dqn,pool:gen_002,2,0.4000,1.6750,64,2026-05-31T08:36:54
3769,self,dqn,2,0.6250,1.6250,64,2026-05-31T08:36:56
3770,dqn,random,2,0.5625,1.5125,64,2026-05-31T08:37:00
3771,self,dqn,1,0.7750,-0.6125,64,2026-05-31T08:37:03
3772,dqn,self,1,0.5375,-0.6250,64,2026-05-31T08:37:05
3773,self,dqn,1,0.6625,-0.7250,64,2026-05-31T08:37:08
3774,dqn,pool:gen_001,2,0.4250,1.6500,64,2026-05-31T08:37:10
3775,pool:gen_003,dqn,1,1.0875,-0.7000,64,2026-05-31T08:37:13
3776,dqn,self,2,0.3250,1.6000,64,2026-05-31T08:37:15
3777,pool:gen_002,dqn,1,0.9875,-0.7500,64,2026-05-31T08:37:18
3778,dqn,self,1,0.5875,-0.7000,64,2026-05-31T08:37:20
3779,self,dqn,1,0.6375,-0.7500,64,2026-05-31T08:37:23
3780,dqn,pool:gen_002,2,0.2500,1.3750,64,2026-05-31T08:37:26
3781,pool:gen_002,dqn,1,0.4625,-0.8125,64,2026-05-31T08:37:28
3782,dqn,self,2,0.4250,2.2625,64,2026-05-31T08:37:30
3783,pool:gen_001,dqn,1,0.4375,-0.7500,64,2026-05-31T08:37:33
3784,dqn,self,2,0.2250,1.5500,64,2026-05-31T08:37:35
3785,self,dqn,1,0.6250,-0.5000,64,2026-05-31T08:37:38
3786,dqn,pool:gen_002,2,0.3125,1.5875,64,2026-05-31T08:37:40
3787,self,dqn,2,0.4125,1.5375,64,2026-05-31T08:37:43
3788,dqn,self,2,0.2125,1.6625,64,2026-05-31T08:37:45
3789,pool:gen_003,dqn,1,0.5875,-0.6750,64,2026-05-31T08:37:47
3790,dqn,self,2,0.4500,1.6750,64,2026-05-31T08:37:50
3791,pool:gen_003,dqn,1,0.6375,-0.6250,64,2026-05-31T08:37:52
3792,dqn,pool:gen_001,1,0.4000,-0.7375,64,2026-05-31T08:37:55
3793,self,dqn,2,0.4750,1.5500,64,2026-05-31T08:37:57
3794,dqn,pool:gen_003,2,0.4000,1.5625,64,2026-05-31T08:37:59
3795,self,dqn,1,0.5500,-0.6250,64,2026-05-31T08:38:02
3796,dqn,self,2,0.2625,1.5000,64,2026-05-31T08:38:04
3797,heuristic,dqn,2,0.6250,1.8125,64,2026-05-31T08:38:07
3798,dqn,heuristic,1,0.8125,-0.4875,64,2026-05-31T08:38:09
3799,pool:gen_003,dqn,1,0.9500,-0.5750,64,2026-05-31T08:38:11
3800,dqn,pool:gen_003,2,0.3750,1.7750,64,2026-05-31T08:38:13
3801,random,dqn,2,0.2125,1.5000,64,2026-05-31T08:46:53
3802,dqn,self,2,0.3125,1.5250,64,2026-05-31T08:46:56
3803,self,dqn,2,0.5000,1.5500,64,2026-05-31T08:46:58
3804,dqn,pool:gen_003,2,0.3125,1.7250,64,2026-05-31T08:47:00
3805,pool:gen_001,dqn,1,0.7875,-0.6625,64,2026-05-31T08:47:03
3806,dqn,self,2,0.1625,1.7750,64,2026-05-31T08:47:05
3807,self,dqn,1,0.5625,-0.5125,64,2026-05-31T08:47:07
3808,dqn,self,2,0.3000,1.5500,64,2026-05-31T08:47:09
3809,self,dqn,1,0.5500,-0.7000,64,2026-05-31T08:47:12
3810,dqn,self,2,0.2750,1.5875,64,2026-05-31T08:47:14
3811,self,dqn,1,0.5625,-0.7000,64,2026-05-31T08:47:17
3812,dqn,random,1,0.4500,-0.7000,64,2026-05-31T08:47:19
3813,random,dqn,2,0.7750,1.9625,64,2026-05-31T08:47:21
3814,dqn,self,2,0.3250,1.6125,64,2026-05-31T08:47:24
3815,pool:gen_001,dqn,2,0.6000,1.6000,64,2026-05-31T08:47:27
3816,dqn,self,2,0.3375,1.8000,64,2026-05-31T08:47:29
3817,self,dqn,1,0.6000,-0.6375,64,2026-05-31T08:47:31
3818,dqn,pool:gen_002,2,0.3000,1.8375,64,2026-05-31T08:47:33
3819,pool:gen_001,dqn,2,0.3250,1.4125,64,2026-05-31T08:47:36
3820,dqn,random,1,0.5000,-0.6375,64,2026-05-31T08:47:38
3821,pool:gen_003,dqn,1,0.4375,-0.7875,64,2026-05-31T08:47:40
3822,dqn,self,2,0.4625,1.5250,64,2026-05-31T08:47:43
3823,pool:gen_002,dqn,1,0.7750,-0.8125,64,2026-05-31T08:47:45
3824,dqn,self,1,0.5000,-0.8125,64,2026-05-31T08:47:47
3825,heuristic,dqn,2,0.6750,2.0875,64,2026-05-31T08:47:49
3826,dqn,self,2,0.2375,1.6250,64,2026-05-31T08:47:52
3827,pool:gen_001,dqn,2,0.3250,1.2000,64,2026-05-31T08:47:55
3828,dqn,pool:gen_002,2,0.3375,1.7500,64,2026-05-31T08:47:57
3829,self,dqn,1,0.5625,-0.8000,64,2026-05-31T08:47:59
3830,dqn,self,1,0.6625,-0.4250,64,2026-05-31T08:48:02
3831,pool:gen_003,dqn,1,0.6125,-0.8000,64,2026-05-31T08:48:04
3832,dqn,pool:gen_001,1,0.6375,-0.4125,64,2026-05-31T08:48:06
3833,self,dqn,1,0.8375,-0.6750,64,2026-05-31T08:48:08
3834,dqn,pool:gen_003,2,0.3500,1.3750,64,2026-05-31T08:48:10
3835,heuristic,dqn,1,0.7750,-0.3875,64,2026-05-31T08:48:13
3836,dqn,pool:gen_003,2,0.2500,1.3750,64,2026-05-31T08:48:15
3837,self,dqn,1,0.8750,-0.6000,64,2026-05-31T08:48:17
3838,dqn,self,2,0.3375,1.4875,64,2026-05-31T08:48:19
3839,self,dqn,1,0.4625,-0.8125,64,2026-05-31T08:48:21
3840,dqn,self,2,0.3875,1.5750,64,2026-05-31T08:48:23
3841,self,dqn,1,0.4000,-0.7000,64,2026-05-31T08:48:26
3842,dqn,pool:gen_002,2,0.3250,1.4750,64,2026-05-31T08:48:28
3843,self,dqn,2,0.6000,1.5625,64,2026-05-31T08:48:30
3844,dqn,self,2,0.4250,1.4500,64,2026-05-31T08:48:33
3845,pool:gen_002,dqn,1,0.3875,-0.6875,64,2026-05-31T08:48:35
3846,dqn,heuristic,1,1.1750,-0.4250,64,2026-05-31T08:48:37
3847,pool:gen_003,dqn,1,0.5500,-0.5875,64,2026-05-31T08:48:40
3848,dqn,pool:gen_002,1,0.4125,-0.7125,64,2026-05-31T08:48:42
3849,pool:gen_001,dqn,1,0.5625,-0.6125,64,2026-05-31T08:48:45
3850,dqn,self,2,0.2375,1.9000,64,2026-05-31T08:48:47
3851,self,dqn,1,0.3375,-0.8125,64,2026-05-31T08:48:49
3852,dqn,pool:gen_002,2,0.2375,1.4875,64,2026-05-31T08:48:51
3853,pool:gen_002,dqn,1,0.4125,-0.7750,64,2026-05-31T08:48:54
3854,dqn,pool:gen_001,2,0.4750,1.6875,64,2026-05-31T08:48:56
3855,self,dqn,1,0.7500,-0.8000,64,2026-05-31T08:48:58
3856,dqn,pool:gen_002,2,0.2500,1.3875,64,2026-05-31T08:49:02
3857,self,dqn,1,0.7250,-0.6125,64,2026-05-31T08:49:04
3858,dqn,pool:gen_001,2,0.3875,1.5625,64,2026-05-31T08:49:06
3859,pool:gen_003,dqn,1,0.4875,-0.6250,64,2026-05-31T08:49:08
3860,dqn,pool:gen_002,1,0.3875,-0.6750,64,2026-05-31T08:49:11
3861,self,dqn,1,0.8000,-0.5375,64,2026-05-31T08:49:13
3862,dqn,pool:gen_003,2,0.3750,1.6375,64,2026-05-31T08:49:15
3863,pool:gen_002,dqn,2,0.4500,1.4750,64,2026-05-31T08:49:17
3864,dqn,self,2,0.4375,1.6375,64,2026-05-31T08:49:20
3865,pool:gen_001,dqn,1,0.4125,-0.6750,64,2026-05-31T08:49:22
3866,dqn,self,2,0.3750,1.5000,64,2026-05-31T08:49:24
3867,self,dqn,1,0.7375,-0.6375,64,2026-05-31T08:49:26
3868,dqn,pool:gen_003,2,0.4250,1.7250,64,2026-05-31T08:49:29
3869,pool:gen_001,dqn,1,0.5750,-0.5500,64,2026-05-31T08:49:31
3870,dqn,heuristic,1,0.9000,-0.6375,64,2026-05-31T08:49:32
3871,self,dqn,1,0.5625,-0.6375,64,2026-05-31T08:49:35
3872,dqn,self,2,0.3875,1.4875,64,2026-05-31T08:49:37
3873,self,dqn,1,0.5750,-0.6375,64,2026-05-31T08:49:39
3874,dqn,pool:gen_003,2,0.5750,1.7000,64,2026-05-31T08:49:41
3875,self,dqn,1,0.6500,-0.6250,64,2026-05-31T08:49:43
3876,dqn,self,2,0.1250,1.4500,64,2026-05-31T08:49:46
3877,pool:gen_001,dqn,1,0.5125,-0.6500,64,2026-05-31T08:49:48
3878,dqn,pool:gen_003,1,0.7250,-0.3625,64,2026-05-31T08:49:50
3879,pool:gen_001,dqn,2,0.4125,1.4375,64,2026-05-31T08:49:52
3880,dqn,pool:gen_001,2,0.4625,1.6375,64,2026-05-31T08:49:55
3881,pool:gen_001,dqn,2,0.4875,1.5500,64,2026-05-31T08:49:57
3882,dqn,self,2,0.3250,1.8000,64,2026-05-31T08:49:59
3883,self,dqn,1,0.5375,-0.7750,64,2026-05-31T08:50:01
3884,dqn,pool:gen_001,2,0.5375,1.5500,64,2026-05-31T08:50:03
3885,pool:gen_003,dqn,1,0.7500,-0.6875,64,2026-05-31T08:50:05
3886,dqn,self,1,0.3750,-0.8000,64,2026-05-31T08:50:08
3887,self,dqn,1,0.5125,-0.5500,64,2026-05-31T08:50:10
3888,dqn,pool:gen_001,2,0.3125,1.4875,64,2026-05-31T08:50:12
3889,self,dqn,1,0.8500,-0.4750,64,2026-05-31T08:50:14
3890,dqn,pool:gen_002,2,0.2625,1.4875,64,2026-05-31T08:50:17
3891,pool:gen_002,dqn,1,0.4750,-0.7625,64,2026-05-31T08:50:19
3892,dqn,pool:gen_003,2,0.3500,2.0125,64,2026-05-31T08:50:21
3893,pool:gen_003,dqn,1,0.8375,-0.7625,64,2026-05-31T08:50:23
3894,dqn,random,1,0.7375,-0.8250,64,2026-05-31T08:50:25
3895,pool:gen_002,dqn,1,0.5875,-0.6750,64,2026-05-31T08:50:27
3896,dqn,heuristic,1,1.0000,-0.2625,64,2026-05-31T08:50:29
3897,pool:gen_001,dqn,1,0.4875,-0.7000,64,2026-05-31T08:50:32
3898,dqn,pool:gen_002,2,0.2500,1.6000,64,2026-05-31T08:50:34
3899,self,dqn,1,0.5625,-0.6250,64,2026-05-31T08:50:36
3900,dqn,self,2,0.3375,1.4625,64,2026-05-31T08:50:38
3901,pool:gen_001,dqn,2,0.2125,1.4250,64,2026-05-31T08:57:57
3902,dqn,self,2,0.7000,1.7000,64,2026-05-31T08:58:00
3903,self,dqn,1,0.3875,-0.8375,64,2026-05-31T08:58:02
3904,dqn,self,2,0.3500,1.5750,64,2026-05-31T08:58:04
3905,pool:gen_001,dqn,1,0.7750,-0.5625,64,2026-05-31T08:58:06
3906,dqn,pool:gen_002,2,0.3375,1.4625,64,2026-05-31T08:58:08
3907,self,dqn,1,0.7250,-0.6875,64,2026-05-31T08:58:11
3908,dqn,pool:gen_001,2,0.2875,1.3750,64,2026-05-31T08:58:13
3909,pool:gen_002,dqn,2,0.2375,1.5250,64,2026-05-31T08:58:15
3910,dqn,pool:gen_002,2,0.4375,1.5750,64,2026-05-31T08:58:17
3911,self,dqn,1,0.5375,-0.5500,64,2026-05-31T08:58:19
3912,dqn,self,2,0.4125,1.5500,64,2026-05-31T08:58:21
3913,self,dqn,1,0.5500,-0.5500,64,2026-05-31T08:58:23
3914,dqn,pool:gen_001,1,0.5500,-0.6250,64,2026-05-31T08:58:25
3915,self,dqn,1,0.4875,-0.6750,64,2026-05-31T08:58:28
3916,dqn,self,2,0.2750,1.4750,64,2026-05-31T08:58:30
3917,pool:gen_003,dqn,1,0.8000,-0.5875,64,2026-05-31T08:58:32
3918,dqn,pool:gen_001,1,0.5750,-0.4500,64,2026-05-31T08:58:34
3919,self,dqn,1,0.9500,-0.5750,64,2026-05-31T08:58:36
3920,dqn,pool:gen_001,2,0.5750,1.5625,64,2026-05-31T08:58:38
3921,pool:gen_002,dqn,1,0.7375,-0.5500,64,2026-05-31T08:58:41
3922,dqn,pool:gen_003,2,0.5250,1.6000,64,2026-05-31T08:58:43
3923,pool:gen_002,dqn,1,0.4625,-0.8000,64,2026-05-31T08:58:45
3924,dqn,self,1,0.6625,-0.5750,64,2026-05-31T08:58:48
3925,self,dqn,1,0.5500,-0.6625,64,2026-05-31T08:58:50
3926,dqn,self,2,0.2250,1.3625,64,2026-05-31T08:58:52
3927,pool:gen_002,dqn,1,0.9375,-0.7250,64,2026-05-31T08:58:54
3928,dqn,self,2,0.2500,1.4875,64,2026-05-31T08:58:56
3929,self,dqn,1,0.7000,-0.6125,64,2026-05-31T08:58:58
3930,dqn,self,2,0.2875,1.6750,64,2026-05-31T08:59:01
3931,heuristic,dqn,2,0.7375,1.7000,64,2026-05-31T08:59:03
3932,dqn,pool:gen_003,2,0.3125,1.8125,64,2026-05-31T08:59:05
3933,self,dqn,1,0.8500,-0.6375,64,2026-05-31T08:59:07
3934,dqn,self,2,0.2500,1.3750,64,2026-05-31T08:59:10
3935,pool:gen_001,dqn,2,0.6625,1.6875,64,2026-05-31T08:59:12
3936,dqn,pool:gen_003,2,0.3875,1.8125,64,2026-05-31T08:59:14
3937,pool:gen_002,dqn,1,0.7625,-0.6875,64,2026-05-31T08:59:16
3938,dqn,pool:gen_001,1,0.6750,-0.3750,64,2026-05-31T08:59:19
3939,self,dqn,1,0.5375,-0.7875,64,2026-05-31T08:59:21
3940,dqn,self,2,0.4750,1.6625,64,2026-05-31T08:59:23
3941,pool:gen_001,dqn,2,0.4500,1.4625,64,2026-05-31T08:59:26
3942,dqn,heuristic,1,0.7125,-0.4500,64,2026-05-31T08:59:28
3943,self,dqn,1,0.7250,-0.5625,64,2026-05-31T08:59:30
3944,dqn,self,2,0.4875,1.5250,64,2026-05-31T08:59:33
3945,pool:gen_003,dqn,1,0.7625,-0.5875,64,2026-05-31T08:59:35
3946,dqn,self,2,0.3375,1.5625,64,2026-05-31T08:59:37
3947,pool:gen_001,dqn,1,0.7250,-0.7125,64,2026-05-31T08:59:40
3948,dqn,random,1,0.5000,-0.7875,64,2026-05-31T08:59:42
3949,self,dqn,1,0.5875,-0.4625,64,2026-05-31T08:59:44
3950,dqn,pool:gen_002,2,0.3250,1.7250,64,2026-05-31T08:59:47
3951,self,dqn,1,0.8250,-0.8250,64,2026-05-31T08:59:49
3952,dqn,pool:gen_002,2,0.1875,1.5500,64,2026-05-31T08:59:52
3953,self,dqn,1,0.6875,-0.6250,64,2026-05-31T08:59:54
3954,dqn,self,1,0.2875,-0.7500,64,2026-05-31T08:59:57
3955,self,dqn,1,0.7375,-0.6125,64,2026-05-31T08:59:59
3956,dqn,pool:gen_002,1,0.4875,-0.5250,64,2026-05-31T09:00:01
3957,pool:gen_003,dqn,1,0.9375,-0.5375,64,2026-05-31T09:00:03
3958,dqn,self,2,0.3875,1.4625,64,2026-05-31T09:00:06
3959,self,dqn,1,0.7250,-0.6125,64,2026-05-31T09:00:08
3960,dqn,self,2,0.4375,1.6875,64,2026-05-31T09:00:11
3961,self,dqn,1,0.6250,-0.6875,64,2026-05-31T09:00:14
3962,dqn,self,1,0.4625,-0.7000,64,2026-05-31T09:00:16
3963,pool:gen_002,dqn,1,0.7000,-0.8375,64,2026-05-31T09:00:19
3964,dqn,pool:gen_001,2,0.2625,1.4125,64,2026-05-31T09:00:21
3965,pool:gen_001,dqn,1,0.5000,-0.6250,64,2026-05-31T09:00:24
3966,dqn,self,2,0.2750,1.7000,64,2026-05-31T09:00:26
3967,pool:gen_002,dqn,1,0.6000,-0.8875,64,2026-05-31T09:00:28
3968,dqn,pool:gen_003,2,0.3375,1.7500,64,2026-05-31T09:00:30
3969,pool:gen_003,dqn,1,1.0375,-0.6000,64,2026-05-31T09:00:33
3970,dqn,pool:gen_003,2,0.4750,2.1875,64,2026-05-31T09:00:35
3971,self,dqn,1,0.7250,-0.8000,64,2026-05-31T09:00:37
3972,dqn,pool:gen_003,2,0.2625,1.5125,64,2026-05-31T09:00:39
3973,self,dqn,2,0.3500,1.3625,64,2026-05-31T09:00:41
3974,dqn,pool:gen_001,1,0.4125,-0.6375,64,2026-05-31T09:00:43
3975,self,dqn,2,0.4375,1.6125,64,2026-05-31T09:00:45
3976,dqn,pool:gen_003,2,0.3875,2.0750,64,2026-05-31T09:00:47
3977,pool:gen_001,dqn,1,0.7375,-0.5250,64,2026-05-31T09:00:49
3978,dqn,pool:gen_001,2,0.5375,1.8250,64,2026-05-31T09:00:52
3979,pool:gen_002,dqn,1,0.6625,-0.7375,64,2026-05-31T09:00:54
3980,dqn,pool:gen_003,2,0.4250,1.8250,64,2026-05-31T09:00:56
3981,pool:gen_003,dqn,1,0.7000,-0.5375,64,2026-05-31T09:00:59
3982,dqn,self,2,0.2375,1.4875,64,2026-05-31T09:01:01
3983,pool:gen_001,dqn,1,0.5750,-0.7750,64,2026-05-31T09:01:03
3984,dqn,self,2,0.2625,1.7875,64,2026-05-31T09:01:06
3985,pool:gen_001,dqn,2,0.4625,1.4875,64,2026-05-31T09:01:08
3986,dqn,self,2,0.5000,1.5625,64,2026-05-31T09:01:11
3987,random,dqn,2,0.2375,1.7500,64,2026-05-31T09:01:13
3988,dqn,heuristic,2,0.6250,1.6750,64,2026-05-31T09:01:15
3989,pool:gen_003,dqn,1,0.7000,-0.6375,64,2026-05-31T09:01:17
3990,dqn,pool:gen_002,2,0.1500,1.8750,64,2026-05-31T09:01:20
3991,random,dqn,2,0.4250,1.6750,64,2026-05-31T09:01:22
3992,dqn,self,2,0.3625,1.7625,64,2026-05-31T09:01:24
3993,pool:gen_001,dqn,1,0.6500,-0.5000,64,2026-05-31T09:01:27
3994,dqn,self,2,0.3500,1.6875,64,2026-05-31T09:01:29
3995,self,dqn,1,0.8750,-0.4875,64,2026-05-31T09:01:32
3996,dqn,pool:gen_003,2,0.3750,1.6250,64,2026-05-31T09:01:34
3997,self,dqn,1,0.5250,-0.5875,64,2026-05-31T09:01:36
3998,dqn,self,2,0.5000,1.5625,64,2026-05-31T09:01:38
3999,pool:gen_002,dqn,1,0.7375,-0.8125,64,2026-05-31T09:01:40
4000,dqn,pool:gen_002,2,0.3250,1.6375,64,2026-05-31T09:01:43
4001,random,dqn,2,0.3000,1.4875,64,2026-05-31T09:09:09
4002,dqn,self,2,0.3375,1.5750,64,2026-05-31T09:09:11
4003,self,dqn,1,0.6000,-0.7750,64,2026-05-31T09:09:13
4004,dqn,pool:gen_004,2,0.3625,1.5375,64,2026-05-31T09:09:15
4005,self,dqn,1,0.7625,-0.8000,64,2026-05-31T09:09:18
4006,dqn,self,2,0.3125,1.6250,64,2026-05-31T09:09:20
4007,pool:gen_001,dqn,1,0.7000,-0.4875,64,2026-05-31T09:09:22
4008,dqn,self,2,0.7000,1.6125,64,2026-05-31T09:09:24
4009,pool:gen_003,dqn,1,1.1750,-0.7750,64,2026-05-31T09:09:27
4010,dqn,self,2,0.2125,1.3500,64,2026-05-31T09:09:29
4011,self,dqn,2,0.2875,1.4750,64,2026-05-31T09:09:31
4012,dqn,random,1,0.7125,-0.7875,64,2026-05-31T09:09:33
4013,self,dqn,1,0.6000,-0.7250,64,2026-05-31T09:09:36
4014,dqn,self,1,0.5375,-0.6000,64,2026-05-31T09:09:38
4015,pool:gen_004,dqn,2,0.4250,1.5750,64,2026-05-31T09:09:41
4016,dqn,random,1,0.5500,-0.6500,64,2026-05-31T09:09:49
4017,pool:gen_003,dqn,1,1.3875,-0.4875,64,2026-05-31T09:09:56
4018,dqn,self,2,0.3625,1.6750,64,2026-05-31T09:10:04
4019,pool:gen_003,dqn,1,1.0000,-0.7125,64,2026-05-31T09:10:11
4020,dqn,random,1,0.6000,-0.5875,64,2026-05-31T09:10:17
4021,self,dqn,1,0.9875,-0.7875,64,2026-05-31T09:10:24
4022,dqn,pool:gen_004,2,0.4750,1.8500,64,2026-05-31T09:10:32
4023,pool:gen_003,dqn,1,0.6125,-0.5750,64,2026-05-31T09:10:39
4024,dqn,self,2,0.3375,1.6125,64,2026-05-31T09:10:46
4025,pool:gen_001,dqn,1,0.7875,-0.5500,64,2026-05-31T09:10:53
4026,dqn,pool:gen_004,2,0.3875,1.7125,64,2026-05-31T09:11:00
4027,pool:gen_002,dqn,1,0.7375,-0.6625,64,2026-05-31T09:11:07
4028,dqn,heuristic,1,0.7250,-0.4250,64,2026-05-31T09:11:14
4029,pool:gen_004,dqn,1,0.4625,-0.6125,64,2026-05-31T09:11:21
4030,dqn,pool:gen_001,1,0.5250,-0.6125,64,2026-05-31T09:11:29
4031,self,dqn,1,0.8250,-0.6000,64,2026-05-31T09:11:36
4032,dqn,self,2,0.3375,1.5750,64,2026-05-31T09:11:43
4033,pool:gen_003,dqn,1,0.3125,-0.7625,64,2026-05-31T09:11:51
4034,dqn,self,1,0.5625,-0.6000,64,2026-05-31T09:11:59
4035,pool:gen_001,dqn,1,0.7250,-0.3375,64,2026-05-31T09:12:07
4036,dqn,self,2,0.2625,1.3500,64,2026-05-31T09:12:17
4037,pool:gen_004,dqn,1,0.5625,-0.6750,64,2026-05-31T09:12:27
4038,dqn,self,2,0.3500,1.5125,64,2026-05-31T09:12:34
4039,self,dqn,1,0.4000,-0.6625,64,2026-05-31T09:12:43
4040,dqn,self,1,0.5250,-0.5500,64,2026-05-31T09:12:51
4041,pool:gen_004,dqn,1,0.7875,-0.5125,64,2026-05-31T09:12:59
4042,dqn,self,2,0.4375,1.8375,64,2026-05-31T09:13:07
4043,pool:gen_004,dqn,1,0.6250,-0.7875,64,2026-05-31T09:13:14
4044,dqn,self,2,0.2750,1.4125,64,2026-05-31T09:13:20
4045,heuristic,dqn,2,0.7250,1.9125,64,2026-05-31T09:13:27
4046,dqn,self,2,0.2250,1.4500,64,2026-05-31T09:13:36
4047,heuristic,dqn,2,0.8125,1.9000,64,2026-05-31T09:13:45
4048,dqn,self,2,0.3250,1.6250,64,2026-05-31T09:13:53
4049,self,dqn,1,0.6625,-0.7750,64,2026-05-31T09:14:01
4050,dqn,random,1,0.7625,-0.7750,64,2026-05-31T09:14:08
4051,pool:gen_002,dqn,1,0.6750,-0.8125,64,2026-05-31T09:14:16
4052,dqn,self,2,0.3750,1.4625,64,2026-05-31T09:14:22
4053,self,dqn,1,0.4250,-0.6125,64,2026-05-31T09:14:29
4054,dqn,pool:gen_002,2,0.2375,1.8125,64,2026-05-31T09:14:36
4055,heuristic,dqn,2,0.5875,1.6250,64,2026-05-31T09:14:44
4056,dqn,self,2,0.3000,1.4500,64,2026-05-31T09:14:52
4057,self,dqn,1,0.9875,-0.7125,64,2026-05-31T09:15:03
4058,dqn,heuristic,2,0.6125,1.6250,64,2026-05-31T09:15:11
4059,heuristic,dqn,1,0.8125,-0.3750,64,2026-05-31T09:15:19
4060,dqn,pool:gen_003,2,0.4000,1.7125,64,2026-05-31T09:15:27
4061,pool:gen_003,dqn,1,0.5625,-0.6875,64,2026-05-31T09:15:35
4062,dqn,self,1,0.3125,-0.7500,64,2026-05-31T09:15:42
4063,self,dqn,2,0.3875,1.7125,64,2026-05-31T09:15:51
4064,dqn,pool:gen_003,2,0.5000,1.5250,64,2026-05-31T09:16:01
4065,pool:gen_002,dqn,1,0.7500,-0.7750,64,2026-05-31T09:16:10
4066,dqn,pool:gen_002,2,0.3250,1.7375,64,2026-05-31T09:16:20
4067,self,dqn,1,0.6625,-0.6250,64,2026-05-31T09:16:30
4068,dqn,pool:gen_001,1,0.4750,-0.6375,64,2026-05-31T09:16:39
4069,self,dqn,1,0.5750,-0.6125,64,2026-05-31T09:16:49
4070,dqn,self,2,0.2750,1.4750,64,2026-05-31T09:16:56
4071,pool:gen_003,dqn,1,0.6375,-0.8000,64,2026-05-31T09:17:03
4072,dqn,self,2,0.2375,1.6500,64,2026-05-31T09:17:12
4073,self,dqn,1,0.4750,-0.7125,64,2026-05-31T09:17:20
4074,dqn,random,1,0.8250,-0.6875,64,2026-05-31T09:17:27
4075,pool:gen_004,dqn,1,0.6750,-0.6375,64,2026-05-31T09:17:34
4076,dqn,self,2,0.3750,1.4875,64,2026-05-31T09:17:42
4077,random,dqn,1,0.5625,-0.6750,64,2026-05-31T09:17:49
4078,dqn,pool:gen_004,2,0.3250,1.4125,64,2026-05-31T09:17:57
4079,self,dqn,1,0.6375,-0.5375,64,2026-05-31T09:18:06
4080,dqn,random,2,0.5125,1.5750,64,2026-05-31T09:18:14
4081,pool:gen_002,dqn,1,0.3125,-0.7500,64,2026-05-31T09:18:21
4082,dqn,pool:gen_004,2,0.3250,1.4500,64,2026-05-31T09:18:29
4083,pool:gen_003,dqn,1,0.6000,-0.7875,64,2026-05-31T09:18:37
4084,dqn,self,2,0.4000,1.5375,64,2026-05-31T09:18:46
4085,pool:gen_004,dqn,1,0.5625,-0.8250,64,2026-05-31T09:18:56
4086,dqn,self,2,0.3000,1.4000,64,2026-05-31T09:19:07
4087,pool:gen_004,dqn,1,0.6750,-0.8000,64,2026-05-31T09:19:17
4088,dqn,pool:gen_001,1,0.7875,-0.5125,64,2026-05-31T09:19:31
4089,pool:gen_002,dqn,1,0.5250,-0.6750,64,2026-05-31T09:19:38
4090,dqn,pool:gen_003,2,0.4000,1.9875,64,2026-05-31T09:19:51
4091,pool:gen_004,dqn,1,0.9500,-0.4625,64,2026-05-31T09:19:59
4092,dqn,pool:gen_004,2,0.2750,1.8375,64,2026-05-31T09:20:07
4093,self,dqn,1,0.5250,-0.6875,64,2026-05-31T09:20:16
4094,dqn,random,2,0.5125,1.6875,64,2026-05-31T09:20:23
4095,self,dqn,1,0.7500,-0.6750,64,2026-05-31T09:20:31
4096,dqn,self,2,0.2375,1.8125,64,2026-05-31T09:20:38
4097,pool:gen_001,dqn,1,0.5750,-0.5750,64,2026-05-31T09:20:45
4098,dqn,heuristic,1,0.9375,-0.4375,64,2026-05-31T09:20:51
4099,pool:gen_002,dqn,1,0.5750,-0.7250,64,2026-05-31T09:20:59
4100,dqn,self,2,0.2750,1.4375,64,2026-05-31T09:21:08
4101,self,dqn,1,0.4500,-0.7625,64,2026-05-31T09:34:21
4102,dqn,self,2,0.3250,1.8125,64,2026-05-31T09:34:30
4103,self,dqn,1,0.6000,-0.7750,64,2026-05-31T09:34:38
4104,dqn,self,2,0.5000,1.7625,64,2026-05-31T09:34:45
4105,heuristic,dqn,1,0.7500,-0.4375,64,2026-05-31T09:34:54
4106,dqn,pool:gen_001,2,0.3000,1.5625,64,2026-05-31T09:35:05
4107,pool:gen_003,dqn,1,0.7250,-0.7375,64,2026-05-31T09:35:14
4108,dqn,pool:gen_002,2,0.2875,1.6375,64,2026-05-31T09:35:25
4109,pool:gen_003,dqn,1,1.0000,-0.7000,64,2026-05-31T09:35:35
4110,dqn,self,2,0.5625,1.5750,64,2026-05-31T09:35:44
4111,random,dqn,2,0.3125,1.5500,64,2026-05-31T09:35:53
4112,dqn,random,1,0.4750,-0.7750,64,2026-05-31T09:36:05
4113,pool:gen_002,dqn,1,0.7500,-0.8250,64,2026-05-31T09:36:16
4114,dqn,self,2,0.3625,1.9125,64,2026-05-31T09:36:28
4115,self,dqn,1,0.3125,-0.7750,64,2026-05-31T09:36:37
4116,dqn,self,2,0.4125,1.3500,64,2026-05-31T09:36:47
4117,self,dqn,1,0.6250,-0.6125,64,2026-05-31T09:36:59
4118,dqn,self,2,0.2750,1.6000,64,2026-05-31T09:37:12
4119,pool:gen_001,dqn,1,0.7375,-0.4250,64,2026-05-31T09:37:23
4120,dqn,self,2,0.3500,1.4500,64,2026-05-31T09:37:35
4121,pool:gen_003,dqn,1,0.8000,-0.7125,64,2026-05-31T09:37:44
4122,dqn,pool:gen_003,2,0.4625,1.5875,64,2026-05-31T09:37:53
4123,pool:gen_001,dqn,2,0.4625,1.4375,64,2026-05-31T09:38:02
4124,dqn,pool:gen_002,2,0.3000,1.5625,64,2026-05-31T09:38:12
4125,self,dqn,2,0.3875,1.4750,64,2026-05-31T09:38:22
4126,dqn,pool:gen_003,2,0.5250,1.9375,64,2026-05-31T09:38:31
4127,self,dqn,1,0.8375,-0.7375,64,2026-05-31T09:38:43
4128,dqn,pool:gen_003,2,0.5750,1.9750,64,2026-05-31T09:38:52
4129,self,dqn,1,0.6375,-0.6375,64,2026-05-31T09:38:58
4130,dqn,self,2,0.4625,1.7000,64,2026-05-31T09:39:01
4131,pool:gen_003,dqn,1,0.8250,-0.7000,64,2026-05-31T09:39:04
4132,dqn,pool:gen_004,2,0.5125,1.5125,64,2026-05-31T09:39:07
4133,random,dqn,2,0.4000,1.6250,64,2026-05-31T09:39:11
4134,dqn,pool:gen_003,2,0.3500,1.8500,64,2026-05-31T09:39:14
4135,pool:gen_001,dqn,1,0.7000,-0.6750,64,2026-05-31T09:39:15
4136,dqn,self,2,0.4250,1.6000,64,2026-05-31T09:39:18
4137,pool:gen_004,dqn,1,0.5125,-0.5625,64,2026-05-31T09:39:20
4138,dqn,self,2,0.3125,1.4875,64,2026-05-31T09:39:22
4139,heuristic,dqn,2,1.0625,2.1875,64,2026-05-31T09:39:25
4140,dqn,random,1,0.6500,-0.7125,64,2026-05-31T09:39:27
4141,pool:gen_001,dqn,1,0.5125,-0.6125,64,2026-05-31T09:39:31
4142,dqn,self,2,0.5125,1.6625,64,2026-05-31T09:39:34
4143,pool:gen_002,dqn,1,0.5875,-0.7625,64,2026-05-31T09:39:38
4144,dqn,pool:gen_002,2,0.3000,1.4500,64,2026-05-31T09:39:42
4145,self,dqn,1,0.6000,-0.6000,64,2026-05-31T09:39:45
4146,dqn,heuristic,1,0.8625,-0.4375,64,2026-05-31T09:39:50
4147,pool:gen_001,dqn,1,0.7500,-0.5625,64,2026-05-31T09:39:54
4148,dqn,self,2,0.3750,1.6375,64,2026-05-31T09:39:57
4149,pool:gen_004,dqn,1,0.4000,-0.7500,64,2026-05-31T09:40:01
4150,dqn,pool:gen_003,2,0.3750,1.4750,64,2026-05-31T09:40:04
4151,pool:gen_004,dqn,1,0.5125,-0.6375,64,2026-05-31T09:40:07
4152,dqn,self,2,0.3250,1.6125,64,2026-05-31T09:40:13
4153,self,dqn,1,0.9625,-0.5500,64,2026-05-31T09:40:16
4154,dqn,self,2,0.3000,1.5500,64,2026-05-31T09:40:18
4155,pool:gen_004,dqn,1,0.9125,-0.8250,64,2026-05-31T09:40:20
4156,dqn,pool:gen_002,2,0.3000,1.5750,64,2026-05-31T09:40:22
4157,self,dqn,1,0.4625,-0.7000,64,2026-05-31T09:40:24
4158,dqn,self,1,0.4000,-0.7375,64,2026-05-31T09:40:26
4159,self,dqn,1,0.9375,-0.7625,64,2026-05-31T09:40:27
4160,dqn,heuristic,1,0.8500,-0.5500,64,2026-05-31T09:40:29
4161,pool:gen_003,dqn,1,0.8125,-0.7000,64,2026-05-31T09:40:31
4162,dqn,self,2,0.3000,1.6125,64,2026-05-31T09:40:33
4163,pool:gen_003,dqn,1,0.7125,-0.6875,64,2026-05-31T09:40:36
4164,dqn,pool:gen_003,2,0.3000,1.5250,64,2026-05-31T09:40:38
4165,self,dqn,1,0.6125,-0.6125,64,2026-05-31T09:40:40
4166,dqn,self,2,0.4625,1.5125,64,2026-05-31T09:40:42
4167,self,dqn,1,0.7875,-0.7000,64,2026-05-31T09:40:45
4168,dqn,self,1,0.6500,-0.5750,64,2026-05-31T09:40:48
4169,self,dqn,1,0.4250,-0.6625,64,2026-05-31T09:40:51
4170,dqn,pool:gen_003,2,0.4000,1.7625,64,2026-05-31T09:40:53
4171,pool:gen_001,dqn,2,0.4750,1.4625,64,2026-05-31T09:40:55
4172,dqn,pool:gen_001,2,0.4000,1.5500,64,2026-05-31T09:40:58
4173,self,dqn,1,0.6000,-0.5750,64,2026-05-31T09:41:00
4174,dqn,pool:gen_001,1,0.7250,-0.4250,64,2026-05-31T09:41:02
4175,self,dqn,1,0.4875,-0.6250,64,2026-05-31T09:41:04
4176,dqn,pool:gen_001,2,0.3750,1.5250,64,2026-05-31T09:41:07
4177,pool:gen_004,dqn,1,0.5250,-0.8625,64,2026-05-31T09:41:09
4178,dqn,self,2,0.4125,1.7625,64,2026-05-31T09:41:11
4179,pool:gen_002,dqn,1,0.4750,-0.6000,64,2026-05-31T09:41:13
4180,dqn,pool:gen_004,2,0.4375,1.5875,64,2026-05-31T09:41:15
4181,pool:gen_003,dqn,1,0.5375,-0.5625,64,2026-05-31T09:41:17
4182,dqn,pool:gen_004,2,0.4000,1.5000,64,2026-05-31T09:41:19
4183,pool:gen_004,dqn,1,0.4875,-0.5250,64,2026-05-31T09:41:21
4184,dqn,self,2,0.4750,1.7375,64,2026-05-31T09:41:23
4185,pool:gen_004,dqn,1,0.7375,-0.4500,64,2026-05-31T09:41:25
4186,dqn,pool:gen_003,2,0.2500,1.5750,64,2026-05-31T09:41:28
4187,pool:gen_004,dqn,1,0.7375,-0.4000,64,2026-05-31T09:41:30
4188,dqn,pool:gen_001,1,0.5375,-0.7875,64,2026-05-31T09:41:32
4189,self,dqn,1,0.6875,-0.5875,64,2026-05-31T09:41:33
4190,dqn,pool:gen_002,2,0.2750,1.3750,64,2026-05-31T09:41:36
4191,pool:gen_002,dqn,2,0.2875,1.3500,64,2026-05-31T09:41:38
4192,dqn,self,2,0.4500,1.9000,64,2026-05-31T09:41:40
4193,pool:gen_002,dqn,1,0.4750,-0.6750,64,2026-05-31T09:41:42
4194,dqn,pool:gen_004,1,0.6500,-0.5625,64,2026-05-31T09:41:44
4195,self,dqn,1,0.7375,-0.7000,64,2026-05-31T09:41:46
4196,dqn,self,2,0.2500,1.5750,64,2026-05-31T09:41:48
4197,pool:gen_002,dqn,1,0.5125,-0.8250,64,2026-05-31T09:41:50
4198,dqn,self,1,0.3750,-0.7000,64,2026-05-31T09:41:53
4199,self,dqn,1,0.5250,-0.7000,64,2026-05-31T09:41:56
4200,dqn,self,2,0.3125,1.5125,64,2026-05-31T09:41:59
4201,self,dqn,1,0.5250,-0.6125,64,2026-05-31T09:52:28
4202,dqn,self,2,0.2125,1.3000,64,2026-05-31T09:52:32
4203,pool:gen_001,dqn,1,0.6875,-0.4625,64,2026-05-31T09:52:35
4204,dqn,pool:gen_004,2,0.3750,1.6875,64,2026-05-31T09:52:39
4205,pool:gen_001,dqn,2,0.6250,1.6750,64,2026-05-31T09:52:43
4206,dqn,self,2,0.3375,1.9875,64,2026-05-31T09:52:46
4207,self,dqn,1,0.5250,-0.7875,64,2026-05-31T09:52:49
4208,dqn,pool:gen_004,2,0.2250,1.4250,64,2026-05-31T09:52:53
4209,self,dqn,1,0.8625,-0.7125,64,2026-05-31T09:52:56
4210,dqn,pool:gen_002,1,0.6125,-0.5375,64,2026-05-31T09:53:03
4211,self,dqn,1,0.8000,-0.6250,64,2026-05-31T09:53:13
4212,dqn,pool:gen_002,2,0.4250,1.4250,64,2026-05-31T09:53:23
4213,pool:gen_001,dqn,2,0.5375,1.5250,64,2026-05-31T09:53:26
4214,dqn,pool:gen_001,2,0.3375,1.4000,64,2026-05-31T09:53:29
4215,pool:gen_001,dqn,2,0.4500,1.4625,64,2026-05-31T09:53:31
4216,dqn,pool:gen_003,2,0.2875,1.7375,64,2026-05-31T09:53:34
4217,pool:gen_001,dqn,1,0.3250,-0.7750,64,2026-05-31T09:53:38
4218,dqn,pool:gen_004,2,0.1625,1.6250,64,2026-05-31T09:53:40
4219,pool:gen_002,dqn,1,0.4875,-0.6250,64,2026-05-31T09:53:43
4220,dqn,self,1,0.6625,-0.4750,64,2026-05-31T09:53:45
4221,heuristic,dqn,2,1.0875,2.3875,64,2026-05-31T09:53:48
4222,dqn,pool:gen_002,2,0.3625,1.8250,64,2026-05-31T09:53:51
4223,self,dqn,1,0.8875,-0.5750,64,2026-05-31T09:53:53
4224,dqn,pool:gen_004,2,0.3500,1.5000,64,2026-05-31T09:53:56
4225,self,dqn,1,0.6375,-0.6000,64,2026-05-31T09:53:58
4226,dqn,self,2,0.4875,1.6000,64,2026-05-31T09:54:00
4227,self,dqn,1,0.4375,-0.6000,64,2026-05-31T09:54:03
4228,dqn,self,1,0.5125,-0.6750,64,2026-05-31T09:54:05
4229,heuristic,dqn,2,0.6750,1.7750,64,2026-05-31T09:54:07
4230,dqn,pool:gen_003,2,0.3500,1.7125,64,2026-05-31T09:54:10
4231,random,dqn,1,0.5000,-0.5625,64,2026-05-31T09:54:12
4232,dqn,pool:gen_003,2,0.2875,1.6000,64,2026-05-31T09:54:14
4233,self,dqn,1,0.5500,-0.6625,64,2026-05-31T09:54:16
4234,dqn,pool:gen_004,1,0.6000,-0.4375,64,2026-05-31T09:54:19
4235,pool:gen_002,dqn,2,0.4000,1.4500,64,2026-05-31T09:54:21
4236,dqn,pool:gen_004,1,0.8125,-0.5875,64,2026-05-31T09:54:25
4237,pool:gen_004,dqn,2,0.5250,1.5375,64,2026-05-31T09:54:27
4238,dqn,self,2,0.5000,1.6625,64,2026-05-31T09:54:30
4239,self,dqn,2,0.4125,1.5000,64,2026-05-31T09:54:32
4240,dqn,random,1,1.2750,-0.6250,64,2026-05-31T09:54:35
4241,pool:gen_002,dqn,1,0.3750,-0.7500,64,2026-05-31T09:54:37
4242,dqn,pool:gen_001,1,0.5250,-0.7500,64,2026-05-31T09:54:40
4243,pool:gen_002,dqn,1,0.6125,-0.7250,64,2026-05-31T09:54:42
4244,dqn,heuristic,1,1.3000,-0.4250,64,2026-05-31T09:54:45
4245,pool:gen_003,dqn,1,0.6125,-0.7000,64,2026-05-31T09:54:47
4246,dqn,self,2,0.4750,2.0375,64,2026-05-31T09:54:50
4247,self,dqn,1,0.5375,-0.6125,64,2026-05-31T09:54:52
4248,dqn,pool:gen_002,2,0.6375,1.7250,64,2026-05-31T09:54:55
4249,random,dqn,2,0.2250,1.9875,64,2026-05-31T09:54:58
4250,dqn,random,1,0.8625,-0.5000,64,2026-05-31T09:55:01
4251,self,dqn,1,0.8250,-0.7375,64,2026-05-31T09:55:03
4252,dqn,pool:gen_001,1,0.4000,-0.6125,64,2026-05-31T09:55:06
4253,self,dqn,1,0.4125,-0.8125,64,2026-05-31T09:55:08
4254,dqn,random,1,0.6875,-0.8125,64,2026-05-31T09:55:11
4255,self,dqn,1,0.8000,-0.6750,64,2026-05-31T09:55:14
4256,dqn,self,2,0.2875,1.6500,64,2026-05-31T09:55:18
4257,pool:gen_004,dqn,1,0.9625,-0.5375,64,2026-05-31T09:55:21
4258,dqn,random,1,0.4500,-0.7500,64,2026-05-31T09:55:23
4259,self,dqn,1,0.5250,-0.6875,64,2026-05-31T09:55:26
4260,dqn,pool:gen_001,2,0.4250,1.6875,64,2026-05-31T09:55:29
4261,pool:gen_003,dqn,1,0.6125,-0.7625,64,2026-05-31T09:55:32
4262,dqn,self,2,0.4125,1.5000,64,2026-05-31T09:55:35
4263,self,dqn,1,0.4875,-0.6750,64,2026-05-31T09:55:38
4264,dqn,self,2,0.2875,1.9750,64,2026-05-31T09:55:42
4265,self,dqn,2,0.3125,1.3250,64,2026-05-31T09:55:45
4266,dqn,pool:gen_003,2,0.3500,1.8250,64,2026-05-31T09:55:48
4267,pool:gen_001,dqn,1,0.6875,-0.6000,64,2026-05-31T09:55:52
4268,dqn,pool:gen_003,2,0.4250,1.9375,64,2026-05-31T09:55:55
4269,self,dqn,1,0.5125,-0.6125,64,2026-05-31T09:55:59
4270,dqn,pool:gen_001,2,0.6500,1.9375,64,2026-05-31T09:56:02
4271,heuristic,dqn,2,0.9375,2.1000,64,2026-05-31T09:56:04
4272,dqn,pool:gen_004,2,0.5000,1.7875,64,2026-05-31T09:56:07
4273,pool:gen_002,dqn,1,0.6125,-0.7625,64,2026-05-31T09:56:10
4274,dqn,self,1,0.6125,-0.5000,64,2026-05-31T09:56:13
4275,pool:gen_003,dqn,1,0.7125,-0.7500,64,2026-05-31T09:56:16
4276,dqn,self,2,0.3250,1.4875,64,2026-05-31T09:56:19
4277,self,dqn,1,0.8625,-0.6625,64,2026-05-31T09:56:21
4278,dqn,self,2,0.2625,1.4500,64,2026-05-31T09:56:24
4279,pool:gen_002,dqn,1,0.4625,-0.7000,64,2026-05-31T09:56:27
4280,dqn,heuristic,1,1.0625,-0.5125,64,2026-05-31T09:56:29
4281,pool:gen_003,dqn,1,1.0750,-0.6125,64,2026-05-31T09:56:32
4282,dqn,self,2,0.2500,1.3500,64,2026-05-31T09:56:35
4283,self,dqn,1,0.8375,-0.8250,64,2026-05-31T09:56:38
4284,dqn,pool:gen_001,2,0.6375,1.6625,64,2026-05-31T09:56:40
4285,self,dqn,2,0.2875,1.3750,64,2026-05-31T09:56:43
4286,dqn,pool:gen_001,1,0.5875,-0.6500,64,2026-05-31T09:56:46
4287,pool:gen_004,dqn,2,0.4375,1.4500,64,2026-05-31T09:56:48
4288,dqn,heuristic,1,1.1625,-0.4125,64,2026-05-31T09:56:51
4289,random,dqn,2,0.4125,1.4375,64,2026-05-31T09:56:54
4290,dqn,self,1,0.3750,-0.7125,64,2026-05-31T09:56:56
4291,self,dqn,1,0.5875,-0.4875,64,2026-05-31T09:56:59
4292,dqn,self,2,0.2750,1.4000,64,2026-05-31T09:57:02
4293,pool:gen_003,dqn,1,0.8250,-0.6625,64,2026-05-31T09:57:04
4294,dqn,self,2,0.4250,2.0000,64,2026-05-31T09:57:07
4295,pool:gen_001,dqn,2,0.3250,1.3375,64,2026-05-31T09:57:10
4296,dqn,self,2,0.3875,1.4125,64,2026-05-31T09:57:13
4297,self,dqn,2,0.4500,1.4625,64,2026-05-31T09:57:15
4298,dqn,pool:gen_003,2,0.5875,2.2875,64,2026-05-31T09:57:18
4299,self,dqn,1,0.6500,-0.6500,64,2026-05-31T09:57:21
4300,dqn,self,2,0.5875,1.6375,64,2026-05-31T09:57:23
4301,self,dqn,1,0.5500,-0.7000,64,2026-05-31T10:04:58
4302,dqn,self,2,0.2625,1.7500,64,2026-05-31T10:05:00
4303,pool:gen_002,dqn,1,1.0750,-0.5250,64,2026-05-31T10:05:02
4304,dqn,self,2,0.5875,1.6125,64,2026-05-31T10:05:05
4305,random,dqn,2,0.2000,1.4375,64,2026-05-31T10:05:08
4306,dqn,self,1,0.4000,-0.6375,64,2026-05-31T10:05:10
4307,self,dqn,1,0.7875,-0.5500,64,2026-05-31T10:05:13
4308,dqn,self,1,0.4625,-0.5750,64,2026-05-31T10:05:16
4309,self,dqn,1,0.5750,-0.4875,64,2026-05-31T10:05:19
4310,dqn,pool:gen_003,2,0.5500,2.1250,64,2026-05-31T10:05:21
4311,pool:gen_001,dqn,1,0.9250,-0.1625,64,2026-05-31T10:05:24
4312,dqn,self,2,0.4875,1.6125,64,2026-05-31T10:05:26
4313,pool:gen_001,dqn,2,0.4250,1.5000,64,2026-05-31T10:05:29
4314,dqn,self,2,0.3250,1.7375,64,2026-05-31T10:05:32
4315,pool:gen_001,dqn,1,0.7750,-0.5000,64,2026-05-31T10:05:34
4316,dqn,pool:gen_002,1,0.4750,-0.6500,64,2026-05-31T10:05:37
4317,self,dqn,2,0.5750,1.6000,64,2026-05-31T10:05:39
4318,dqn,self,2,0.4750,1.5000,64,2026-05-31T10:05:42
4319,self,dqn,1,0.4750,-0.7625,64,2026-05-31T10:05:44
4320,dqn,self,1,0.3375,-0.8000,64,2026-05-31T10:05:46
4321,pool:gen_004,dqn,1,0.7625,-0.6750,64,2026-05-31T10:05:49
4322,dqn,self,2,0.3875,1.4750,64,2026-05-31T10:05:52
4323,pool:gen_001,dqn,1,0.6375,-0.5500,64,2026-05-31T10:05:54
4324,dqn,self,1,0.5125,-0.6375,64,2026-05-31T10:05:56
4325,pool:gen_002,dqn,1,0.5500,-0.6375,64,2026-05-31T10:05:59
4326,dqn,pool:gen_004,2,0.3375,1.3375,64,2026-05-31T10:06:01
4327,self,dqn,1,0.8125,-0.8375,64,2026-05-31T10:06:04
4328,dqn,pool:gen_004,2,0.2000,1.9375,64,2026-05-31T10:06:06
4329,pool:gen_004,dqn,1,0.7000,-0.8750,64,2026-05-31T10:06:09
4330,dqn,self,2,0.4750,1.5250,64,2026-05-31T10:06:11
4331,self,dqn,1,0.5625,-0.7375,64,2026-05-31T10:06:14
4332,dqn,self,2,0.3625,1.5000,64,2026-05-31T10:06:16
4333,self,dqn,2,0.2625,1.3250,64,2026-05-31T10:06:19
4334,dqn,self,2,0.4875,1.6000,64,2026-05-31T10:06:22
4335,pool:gen_001,dqn,1,0.5875,-0.4250,64,2026-05-31T10:06:24
4336,dqn,random,1,0.6625,-0.6875,64,2026-05-31T10:06:27
4337,pool:gen_002,dqn,1,0.6500,-0.6500,64,2026-05-31T10:06:30
4338,dqn,self,1,0.5250,-0.5375,64,2026-05-31T10:06:33
4339,self,dqn,1,0.4750,-0.6750,64,2026-05-31T10:06:35
4340,dqn,self,2,0.3875,1.4875,64,2026-05-31T10:06:38
4341,pool:gen_002,dqn,1,0.7500,-0.7000,64,2026-05-31T10:06:41
4342,dqn,pool:gen_004,2,0.2375,1.6250,64,2026-05-31T10:06:43
4343,pool:gen_001,dqn,2,0.3375,1.3500,64,2026-05-31T10:06:45
4344,dqn,self,2,0.2625,1.5250,64,2026-05-31T10:06:48
4345,self,dqn,1,0.4750,-0.5625,64,2026-05-31T10:06:51
4346,dqn,pool:gen_001,2,0.6000,2.0250,64,2026-05-31T10:06:53
4347,pool:gen_003,dqn,1,0.9750,-0.6000,64,2026-05-31T10:06:56
4348,dqn,self,2,0.3500,1.6125,64,2026-05-31T10:06:59
4349,random,dqn,2,0.2750,1.6500,64,2026-05-31T10:07:01
4350,dqn,self,2,0.3625,1.4250,64,2026-05-31T10:07:04
4351,pool:gen_002,dqn,1,0.3125,-0.8000,64,2026-05-31T10:07:06
4352,dqn,pool:gen_003,2,0.2625,1.5750,64,2026-05-31T10:07:09
4353,self,dqn,1,0.5125,-0.6875,64,2026-05-31T10:07:11
4354,dqn,pool:gen_003,2,0.1750,1.7125,64,2026-05-31T10:07:14
4355,heuristic,dqn,2,0.8375,1.9250,64,2026-05-31T10:07:16
4356,dqn,random,1,0.6125,-0.7500,64,2026-05-31T10:07:19
4357,self,dqn,1,0.6375,-0.5875,64,2026-05-31T10:07:21
4358,dqn,random,1,0.8250,-0.7875,64,2026-05-31T10:07:23
4359,self,dqn,1,0.7875,-0.7500,64,2026-05-31T10:07:26
4360,dqn,self,2,0.2125,1.5750,64,2026-05-31T10:07:29
4361,self,dqn,1,0.3375,-0.7750,64,2026-05-31T10:07:32
4362,dqn,self,2,0.4125,1.6125,64,2026-05-31T10:07:35
4363,self,dqn,1,0.6000,-0.6125,64,2026-05-31T10:07:37
4364,dqn,self,1,0.5000,-0.6875,64,2026-05-31T10:07:40
4365,self,dqn,2,0.7250,1.7500,64,2026-05-31T10:07:42
4366,dqn,pool:gen_003,2,0.4625,1.8250,64,2026-05-31T10:07:45
4367,pool:gen_002,dqn,1,0.5750,-0.7625,64,2026-05-31T10:07:47
4368,dqn,pool:gen_001,2,0.3750,1.6875,64,2026-05-31T10:07:49
4369,self,dqn,1,0.7750,-0.6000,64,2026-05-31T10:07:52
4370,dqn,self,1,0.3875,-0.6875,64,2026-05-31T10:07:55
4371,heuristic,dqn,2,0.9125,1.9750,64,2026-05-31T10:07:57
4372,dqn,pool:gen_001,2,0.4250,1.5625,64,2026-05-31T10:07:59
4373,pool:gen_002,dqn,1,0.6500,-0.7875,64,2026-05-31T10:08:03
4374,dqn,self,2,0.3500,1.6750,64,2026-05-31T10:08:05
4375,self,dqn,1,0.4625,-0.7375,64,2026-05-31T10:08:08
4376,dqn,self,1,0.6125,-0.7000,64,2026-05-31T10:08:11
4377,self,dqn,1,0.4125,-0.6750,64,2026-05-31T10:08:13
4378,dqn,self,2,0.2500,1.5875,64,2026-05-31T10:08:16
4379,self,dqn,1,0.6250,-0.7000,64,2026-05-31T10:08:19
4380,dqn,self,1,0.4875,-0.7000,64,2026-05-31T10:08:22
4381,self,dqn,1,0.5125,-0.6500,64,2026-05-31T10:08:24
4382,dqn,self,2,0.5875,1.5875,64,2026-05-31T10:08:27
4383,pool:gen_001,dqn,1,0.4875,-0.5750,64,2026-05-31T10:08:30
4384,dqn,self,2,0.3375,1.4125,64,2026-05-31T10:08:32
4385,self,dqn,1,0.5125,-0.7750,64,2026-05-31T10:08:35
4386,dqn,self,2,0.3125,1.5250,64,2026-05-31T10:08:38
4387,pool:gen_003,dqn,1,0.6500,-0.6250,64,2026-05-31T10:08:40
4388,dqn,self,2,0.5375,1.7875,64,2026-05-31T10:08:43
4389,self,dqn,1,0.6750,-0.6000,64,2026-05-31T10:08:45
4390,dqn,self,2,0.4625,1.5625,64,2026-05-31T10:08:48
4391,heuristic,dqn,2,0.6750,1.7000,64,2026-05-31T10:08:50
4392,dqn,self,2,0.2875,1.6750,64,2026-05-31T10:08:53
4393,self,dqn,1,0.7125,-0.6125,64,2026-05-31T10:08:55
4394,dqn,pool:gen_001,1,0.6250,-0.4500,64,2026-05-31T10:08:58
4395,pool:gen_002,dqn,1,0.5000,-0.8125,64,2026-05-31T10:09:00
4396,dqn,pool:gen_002,2,0.2375,1.4750,64,2026-05-31T10:09:02
4397,self,dqn,1,0.6250,-0.7500,64,2026-05-31T10:09:05
4398,dqn,pool:gen_001,2,0.4375,1.4875,64,2026-05-31T10:09:07
4399,self,dqn,1,0.7000,-0.7000,64,2026-05-31T10:09:09
4400,dqn,self,2,0.3500,1.5125,64,2026-05-31T10:09:12
4401,self,dqn,1,0.6000,-0.7875,64,2026-05-31T10:16:53
4402,dqn,pool:gen_004,1,0.4125,-0.6375,64,2026-05-31T10:16:56
4403,self,dqn,1,0.5500,-0.7875,64,2026-05-31T10:16:58
4404,dqn,self,2,0.2750,1.3875,64,2026-05-31T10:17:01
4405,pool:gen_001,dqn,2,0.2625,1.4375,64,2026-05-31T10:17:04
4406,dqn,pool:gen_003,2,0.2625,1.4125,64,2026-05-31T10:17:06
4407,pool:gen_001,dqn,2,0.3625,1.6000,64,2026-05-31T10:17:08
4408,dqn,self,2,0.2500,1.6250,64,2026-05-31T10:17:11
4409,self,dqn,1,0.8125,-0.7500,64,2026-05-31T10:17:13
4410,dqn,pool:gen_001,1,0.6125,-0.5875,64,2026-05-31T10:17:16
4411,pool:gen_001,dqn,2,0.4375,1.5750,64,2026-05-31T10:17:18
4412,dqn,pool:gen_002,1,0.4875,-0.7250,64,2026-05-31T10:17:21
4413,self,dqn,1,0.5125,-0.7750,64,2026-05-31T10:17:23
4414,dqn,self,2,0.2000,1.3625,64,2026-05-31T10:17:26
4415,pool:gen_003,dqn,1,0.4375,-0.8125,64,2026-05-31T10:17:29
4416,dqn,self,2,0.6125,1.6500,64,2026-05-31T10:17:31
4417,pool:gen_001,dqn,2,0.5125,1.5000,64,2026-05-31T10:17:34
4418,dqn,pool:gen_003,2,0.3125,1.4375,64,2026-05-31T10:17:37
4419,heuristic,dqn,2,0.4000,1.8500,64,2026-05-31T10:17:39
4420,dqn,pool:gen_004,2,0.2750,1.3375,64,2026-05-31T10:17:42
4421,random,dqn,2,0.5250,1.8375,64,2026-05-31T10:17:44
4422,dqn,self,2,0.1000,1.4500,64,2026-05-31T10:17:47
4423,random,dqn,1,0.3625,-0.6875,64,2026-05-31T10:17:49
4424,dqn,self,2,0.3125,1.6125,64,2026-05-31T10:17:51
4425,pool:gen_003,dqn,2,0.3250,1.3125,64,2026-05-31T10:17:53
4426,dqn,pool:gen_004,2,0.2625,1.3500,64,2026-05-31T10:17:56
4427,self,dqn,1,0.7125,-0.7125,64,2026-05-31T10:17:58
4428,dqn,self,2,0.5250,1.6125,64,2026-05-31T10:18:00
4429,pool:gen_003,dqn,1,0.6625,-0.4500,64,2026-05-31T10:18:03
4430,dqn,pool:gen_003,2,0.4500,1.4500,64,2026-05-31T10:18:05
4431,pool:gen_002,dqn,1,0.5250,-0.8250,64,2026-05-31T10:18:07
4432,dqn,pool:gen_001,2,0.5375,1.5375,64,2026-05-31T10:18:10
4433,random,dqn,2,0.3125,1.6125,64,2026-05-31T10:18:12
4434,dqn,self,2,0.2625,1.3125,64,2026-05-31T10:18:14
4435,pool:gen_001,dqn,2,0.4125,1.6500,64,2026-05-31T10:18:16
4436,dqn,self,2,0.1875,1.5375,64,2026-05-31T10:18:19
4437,self,dqn,2,0.5500,1.5125,64,2026-05-31T10:18:21
4438,dqn,self,2,0.4250,1.7875,64,2026-05-31T10:18:23
4439,self,dqn,1,0.8250,-0.8375,64,2026-05-31T10:18:26
4440,dqn,pool:gen_003,2,0.2625,1.9125,64,2026-05-31T10:18:28
4441,heuristic,dqn,2,0.4875,1.7125,64,2026-05-31T10:18:31
4442,dqn,random,1,0.7250,-0.7625,64,2026-05-31T10:18:33
4443,heuristic,dqn,2,0.5750,1.8500,64,2026-05-31T10:18:35
4444,dqn,random,1,0.7375,-0.5875,64,2026-05-31T10:18:37
4445,self,dqn,1,0.7000,-0.6000,64,2026-05-31T10:18:40
4446,dqn,pool:gen_003,2,0.4375,1.8500,64,2026-05-31T10:18:42
4447,self,dqn,1,0.6000,-0.5375,64,2026-05-31T10:18:44
4448,dqn,pool:gen_003,1,0.4000,-0.6625,64,2026-05-31T10:18:47
4449,pool:gen_002,dqn,1,0.4625,-0.8250,64,2026-05-31T10:18:49
4450,dqn,self,2,0.2125,1.7000,64,2026-05-31T10:18:51
4451,self,dqn,1,0.4375,-0.8000,64,2026-05-31T10:18:54
4452,dqn,self,2,0.3500,1.6250,64,2026-05-31T10:18:56
4453,self,dqn,1,0.7500,-0.7875,64,2026-05-31T10:18:59
4454,dqn,self,2,0.3250,1.5625,64,2026-05-31T10:19:01
4455,pool:gen_001,dqn,1,0.7375,-0.3875,64,2026-05-31T10:19:03
4456,dqn,heuristic,1,1.0000,-0.3625,64,2026-05-31T10:19:05
4457,self,dqn,1,0.4500,-0.6375,64,2026-05-31T10:19:08
4458,dqn,pool:gen_001,2,0.5375,1.6250,64,2026-05-31T10:19:10
4459,pool:gen_003,dqn,1,0.5750,-0.7000,64,2026-05-31T10:19:12
4460,dqn,self,2,0.5000,1.7625,64,2026-05-31T10:19:15
4461,self,dqn,1,0.5000,-0.8375,64,2026-05-31T10:19:17
4462,dqn,pool:gen_001,1,0.5500,-0.5250,64,2026-05-31T10:19:20
4463,self,dqn,1,0.6375,-0.5750,64,2026-05-31T10:19:22
4464,dqn,self,2,0.3125,1.5500,64,2026-05-31T10:19:24
4465,self,dqn,1,0.6000,-0.5125,64,2026-05-31T10:19:27
4466,dqn,self,1,0.4125,-0.6000,64,2026-05-31T10:19:29
4467,pool:gen_001,dqn,1,0.5500,-0.5125,64,2026-05-31T10:19:31
4468,dqn,pool:gen_004,1,0.4875,-0.5125,64,2026-05-31T10:19:34
4469,self,dqn,1,0.7250,-0.7375,64,2026-05-31T10:19:36
4470,dqn,pool:gen_003,2,0.4125,1.6875,64,2026-05-31T10:19:39
4471,self,dqn,1,0.5750,-0.8125,64,2026-05-31T10:19:41
4472,dqn,self,2,0.3500,1.6500,64,2026-05-31T10:19:43
4473,self,dqn,1,0.4500,-0.6875,64,2026-05-31T10:19:46
4474,dqn,pool:gen_002,2,0.3000,1.4875,64,2026-05-31T10:19:48
4475,self,dqn,1,0.6625,-0.6625,64,2026-05-31T10:19:50
4476,dqn,pool:gen_001,1,0.5375,-0.5875,64,2026-05-31T10:19:53
4477,self,dqn,1,0.5875,-0.7125,64,2026-05-31T10:19:55
4478,dqn,self,2,0.3750,1.5000,64,2026-05-31T10:19:57
4479,pool:gen_003,dqn,1,0.5250,-0.5250,64,2026-05-31T10:20:00
4480,dqn,pool:gen_004,2,0.3375,1.6750,64,2026-05-31T10:20:02
4481,self,dqn,1,0.7125,-0.5750,64,2026-05-31T10:20:04
4482,dqn,pool:gen_002,1,0.3375,-0.6625,64,2026-05-31T10:20:07
4483,self,dqn,1,0.6625,-0.8125,64,2026-05-31T10:20:09
4484,dqn,pool:gen_002,2,0.2375,1.3625,64,2026-05-31T10:20:11
4485,self,dqn,1,0.3750,-0.6875,64,2026-05-31T10:20:14
4486,dqn,pool:gen_001,2,0.4125,1.3875,64,2026-05-31T10:20:16
4487,self,dqn,1,0.6750,-0.7125,64,2026-05-31T10:20:19
4488,dqn,self,2,0.4125,1.4500,64,2026-05-31T10:20:21
4489,pool:gen_004,dqn,2,0.4375,1.6250,64,2026-05-31T10:20:23
4490,dqn,pool:gen_003,2,0.3500,1.4625,64,2026-05-31T10:20:25
4491,random,dqn,2,0.2125,1.4250,64,2026-05-31T10:20:28
4492,dqn,self,2,0.2750,1.4750,64,2026-05-31T10:20:30
4493,pool:gen_002,dqn,1,0.3500,-0.8125,64,2026-05-31T10:20:32
4494,dqn,random,1,0.8625,-0.6250,64,2026-05-31T10:20:34
4495,self,dqn,1,0.7625,-0.7375,64,2026-05-31T10:20:37
4496,dqn,pool:gen_002,2,0.2375,1.3500,64,2026-05-31T10:20:39
4497,random,dqn,2,0.2750,1.7250,64,2026-05-31T10:20:41
4498,dqn,pool:gen_003,2,0.4500,1.6000,64,2026-05-31T10:20:43
4499,self,dqn,1,0.7250,-0.8375,64,2026-05-31T10:20:46
4500,dqn,self,1,0.3875,-0.6375,64,2026-05-31T10:20:48
4501,pool:gen_002,dqn,2,0.4375,1.5000,64,2026-05-31T10:28:46
4502,dqn,self,2,0.5750,1.5500,64,2026-05-31T10:28:48
4503,self,dqn,1,0.7000,-0.7500,64,2026-05-31T10:28:51
4504,dqn,pool:gen_002,1,0.6250,-0.5375,64,2026-05-31T10:28:53
4505,self,dqn,1,0.6000,-0.6125,64,2026-05-31T10:28:55
4506,dqn,pool:gen_001,1,0.5625,-0.6250,64,2026-05-31T10:28:58
4507,pool:gen_001,dqn,1,0.5250,-0.5375,64,2026-05-31T10:29:00
4508,dqn,self,2,0.1500,1.4625,64,2026-05-31T10:29:02
4509,self,dqn,1,0.9375,-0.7125,64,2026-05-31T10:29:05
4510,dqn,random,1,0.6750,-0.8875,64,2026-05-31T10:29:07
4511,heuristic,dqn,1,0.7250,-0.4500,64,2026-05-31T10:29:09
4512,dqn,self,2,0.1500,1.4625,64,2026-05-31T10:29:11
4513,pool:gen_003,dqn,1,1.1250,-0.6250,64,2026-05-31T10:29:14
4514,dqn,pool:gen_001,2,0.4500,1.6625,64,2026-05-31T10:29:16
4515,self,dqn,1,0.5500,-0.7000,64,2026-05-31T10:29:18
4516,dqn,pool:gen_002,2,0.3625,2.1875,64,2026-05-31T10:29:21
4517,pool:gen_003,dqn,1,1.0875,-0.4625,64,2026-05-31T10:29:23
4518,dqn,self,2,0.1625,1.3500,64,2026-05-31T10:29:26
4519,pool:gen_004,dqn,1,0.8875,-0.6875,64,2026-05-31T10:29:28
4520,dqn,heuristic,1,0.9250,-0.1750,64,2026-05-31T10:29:30
4521,self,dqn,1,0.5125,-0.6375,64,2026-05-31T10:29:33
4522,dqn,self,1,0.3875,-0.8375,64,2026-05-31T10:29:35
4523,pool:gen_001,dqn,1,0.6875,-0.5375,64,2026-05-31T10:29:37
4524,dqn,self,2,0.3250,1.4250,64,2026-05-31T10:29:40
4525,self,dqn,1,0.7750,-0.4500,64,2026-05-31T10:29:42
4526,dqn,pool:gen_001,2,0.4375,1.7750,64,2026-05-31T10:29:44
4527,pool:gen_004,dqn,1,0.6875,-0.6750,64,2026-05-31T10:29:47
4528,dqn,self,2,0.4375,1.5750,64,2026-05-31T10:29:49
4529,self,dqn,2,0.3375,1.4375,64,2026-05-31T10:29:52
4530,dqn,heuristic,2,0.6250,1.7000,64,2026-05-31T10:29:54
4531,self,dqn,1,0.5875,-0.6250,64,2026-05-31T10:29:56
4532,dqn,pool:gen_002,1,0.5125,-0.5375,64,2026-05-31T10:29:59
4533,heuristic,dqn,1,0.7750,-0.2625,64,2026-05-31T10:30:01
4534,dqn,self,1,0.5875,-0.6250,64,2026-05-31T10:30:03
4535,pool:gen_003,dqn,1,0.5875,-0.7750,64,2026-05-31T10:30:06
4536,dqn,self,2,0.4625,1.6250,64,2026-05-31T10:30:08
4537,heuristic,dqn,2,0.5375,1.7375,64,2026-05-31T10:30:10
4538,dqn,self,2,0.4000,1.5875,64,2026-05-31T10:30:12
4539,pool:gen_002,dqn,1,0.4500,-0.6500,64,2026-05-31T10:30:14
4540,dqn,self,2,0.3625,1.5375,64,2026-05-31T10:30:17
4541,self,dqn,1,0.5250,-0.7125,64,2026-05-31T10:30:19
4542,dqn,pool:gen_004,2,0.2000,1.3625,64,2026-05-31T10:30:21
4543,random,dqn,2,0.5625,1.6875,64,2026-05-31T10:30:23
4544,dqn,pool:gen_003,2,0.3375,1.3500,64,2026-05-31T10:30:26
4545,random,dqn,2,0.1750,1.6875,64,2026-05-31T10:30:28
4546,dqn,self,2,0.4500,1.6125,64,2026-05-31T10:30:30
4547,pool:gen_004,dqn,1,0.6250,-0.6625,64,2026-05-31T10:30:33
4548,dqn,pool:gen_003,2,0.1750,1.4625,64,2026-05-31T10:30:35
4549,pool:gen_001,dqn,2,0.3875,1.8250,64,2026-05-31T10:30:37
4550,dqn,pool:gen_001,1,0.5000,-0.6500,64,2026-05-31T10:30:40
4551,pool:gen_002,dqn,1,0.3625,-0.6875,64,2026-05-31T10:30:42
4552,dqn,self,2,0.3750,1.6625,64,2026-05-31T10:30:44
4553,pool:gen_004,dqn,1,0.5125,-0.7250,64,2026-05-31T10:30:46
4554,dqn,pool:gen_003,2,0.2250,1.6250,64,2026-05-31T10:30:49
4555,pool:gen_003,dqn,1,0.5375,-0.6625,64,2026-05-31T10:30:51
4556,dqn,self,2,0.4750,1.4375,64,2026-05-31T10:30:53
4557,pool:gen_004,dqn,1,0.5875,-0.7125,64,2026-05-31T10:30:55
4558,dqn,random,1,0.6125,-0.7625,64,2026-05-31T10:30:58
4559,pool:gen_001,dqn,2,0.2625,1.6125,64,2026-05-31T10:31:00
4560,dqn,self,2,0.3500,1.6375,64,2026-05-31T10:31:02
4561,self,dqn,1,0.5000,-0.8125,64,2026-05-31T10:31:04
4562,dqn,pool:gen_001,1,0.5500,-0.7250,64,2026-05-31T10:31:06
4563,pool:gen_001,dqn,2,0.5750,1.6500,64,2026-05-31T10:31:09
4564,dqn,pool:gen_003,2,0.3750,1.4250,64,2026-05-31T10:31:11
4565,self,dqn,1,0.5250,-0.8500,64,2026-05-31T10:31:14
4566,dqn,pool:gen_002,1,0.4625,-0.6625,64,2026-05-31T10:31:16
4567,self,dqn,1,0.5500,-0.5375,64,2026-05-31T10:31:18
4568,dqn,self,2,0.4000,1.6250,64,2026-05-31T10:31:20
4569,pool:gen_002,dqn,1,0.3500,-0.6625,64,2026-05-31T10:31:23
4570,dqn,self,2,0.3250,1.6750,64,2026-05-31T10:31:25
4571,pool:gen_002,dqn,1,0.6125,-0.5750,64,2026-05-31T10:31:27
4572,dqn,random,2,0.2750,1.3250,64,2026-05-31T10:31:30
4573,self,dqn,1,0.3875,-0.8500,64,2026-05-31T10:31:32
4574,dqn,pool:gen_003,2,0.3125,1.6500,64,2026-05-31T10:31:34
4575,self,dqn,1,0.5125,-0.8125,64,2026-05-31T10:31:37
4576,dqn,pool:gen_001,1,0.5625,-0.5250,64,2026-05-31T10:31:40
4577,self,dqn,1,0.8375,-0.6500,64,2026-05-31T10:31:42
4578,dqn,pool:gen_003,2,0.2750,1.6250,64,2026-05-31T10:31:44
4579,pool:gen_002,dqn,1,0.3875,-0.8250,64,2026-05-31T10:31:46
4580,dqn,self,2,0.2750,1.6750,64,2026-05-31T10:31:49
4581,heuristic,dqn,2,0.7875,2.0500,64,2026-05-31T10:31:51
4582,dqn,self,2,0.3500,1.6125,64,2026-05-31T10:31:55
4583,pool:gen_001,dqn,2,0.4000,1.4250,64,2026-05-31T10:31:57
4584,dqn,pool:gen_003,2,0.3000,1.5250,64,2026-05-31T10:31:59
4585,random,dqn,2,0.2750,1.6125,64,2026-05-31T10:32:01
4586,dqn,random,1,0.8375,-0.7375,64,2026-05-31T10:32:03
4587,pool:gen_002,dqn,1,0.5250,-0.8750,64,2026-05-31T10:32:06
4588,dqn,self,2,0.5000,1.5875,64,2026-05-31T10:32:08
4589,random,dqn,2,0.4625,1.8000,64,2026-05-31T10:32:10
4590,dqn,pool:gen_003,2,0.2375,1.5625,64,2026-05-31T10:32:12
4591,pool:gen_003,dqn,1,0.7875,-0.7250,64,2026-05-31T10:32:14
4592,dqn,self,2,0.4000,1.8750,64,2026-05-31T10:32:17
4593,self,dqn,2,0.5125,1.5375,64,2026-05-31T10:32:19
4594,dqn,self,2,0.4125,1.5750,64,2026-05-31T10:32:22
4595,random,dqn,2,0.2250,1.4875,64,2026-05-31T10:32:24
4596,dqn,pool:gen_004,2,0.3375,1.6500,64,2026-05-31T10:32:26
4597,self,dqn,1,0.5875,-0.4625,64,2026-05-31T10:32:29
4598,dqn,pool:gen_003,2,0.4375,1.7625,64,2026-05-31T10:32:31
4599,self,dqn,1,0.4750,-0.8750,64,2026-05-31T10:32:33
4600,dqn,self,1,0.6125,-0.5375,64,2026-05-31T10:32:36
4601,pool:gen_003,dqn,1,0.6625,-0.4750,64,2026-05-31T10:40:11
4602,dqn,pool:gen_004,2,0.2000,1.8000,64,2026-05-31T10:40:13
4603,self,dqn,1,0.5000,-0.6750,64,2026-05-31T10:40:15
4604,dqn,pool:gen_002,2,0.2875,1.5250,64,2026-05-31T10:40:18
4605,pool:gen_001,dqn,2,0.4750,1.5875,64,2026-05-31T10:40:20
4606,dqn,self,2,0.3250,1.5750,64,2026-05-31T10:40:22
4607,pool:gen_004,dqn,1,0.7875,-0.7000,64,2026-05-31T10:40:24
4608,dqn,self,2,0.3750,1.4375,64,2026-05-31T10:40:27
4609,self,dqn,1,0.3375,-0.6750,64,2026-05-31T10:40:29
4610,dqn,pool:gen_004,2,0.2875,1.5250,64,2026-05-31T10:40:31
4611,pool:gen_001,dqn,1,0.5500,-0.5250,64,2026-05-31T10:40:33
4612,dqn,heuristic,1,0.9250,-0.5000,64,2026-05-31T10:40:35
4613,self,dqn,1,0.9125,-0.7625,64,2026-05-31T10:40:38
4614,dqn,self,2,0.3875,1.9750,64,2026-05-31T10:40:40
4615,pool:gen_004,dqn,1,0.4125,-0.6250,64,2026-05-31T10:40:42
4616,dqn,pool:gen_004,2,0.3000,1.5500,64,2026-05-31T10:40:44
4617,self,dqn,1,0.5500,-0.8125,64,2026-05-31T10:40:46
4618,dqn,pool:gen_001,2,0.3250,1.5625,64,2026-05-31T10:40:49
4619,pool:gen_004,dqn,1,1.0250,-0.2750,64,2026-05-31T10:40:51
4620,dqn,pool:gen_002,2,0.2875,1.4625,64,2026-05-31T10:40:53
4621,self,dqn,1,0.7000,-0.7250,64,2026-05-31T10:40:56
4622,dqn,self,2,0.3125,1.5000,64,2026-05-31T10:40:58
4623,self,dqn,1,0.6375,-0.8375,64,2026-05-31T10:41:00
4624,dqn,self,1,0.3875,-0.7250,64,2026-05-31T10:41:03
4625,pool:gen_002,dqn,1,0.5250,-0.6000,64,2026-05-31T10:41:05
4626,dqn,self,2,0.2000,1.4875,64,2026-05-31T10:41:07
4627,pool:gen_001,dqn,2,0.6250,1.6000,64,2026-05-31T10:41:10
4628,dqn,self,2,0.3250,1.4625,64,2026-05-31T10:41:12
4629,self,dqn,1,0.5625,-0.7375,64,2026-05-31T10:41:15
4630,dqn,pool:gen_004,1,0.5750,-0.4375,64,2026-05-31T10:41:17
4631,self,dqn,1,0.5125,-0.8250,64,2026-05-31T10:41:19
4632,dqn,self,2,0.4500,1.5250,64,2026-05-31T10:41:21
4633,random,dqn,2,0.5375,1.5125,64,2026-05-31T10:41:24
4634,dqn,pool:gen_004,1,0.6125,-0.5125,64,2026-05-31T10:41:26
4635,pool:gen_001,dqn,1,0.8000,-0.4125,64,2026-05-31T10:41:28
4636,dqn,random,1,0.6750,-0.8125,64,2026-05-31T10:41:30
4637,pool:gen_002,dqn,2,0.4500,1.5625,64,2026-05-31T10:41:32
4638,dqn,self,1,0.7250,-0.6375,64,2026-05-31T10:41:34
4639,pool:gen_001,dqn,2,0.8500,1.8500,64,2026-05-31T10:41:37
4640,dqn,pool:gen_004,2,0.2000,1.6750,64,2026-05-31T10:41:39
4641,pool:gen_001,dqn,1,0.7500,-0.2625,64,2026-05-31T10:41:41
4642,dqn,pool:gen_001,1,0.9125,-0.3375,64,2026-05-31T10:41:43
4643,self,dqn,1,0.5000,-0.6000,64,2026-05-31T10:41:46
4644,dqn,heuristic,2,0.4250,1.5625,64,2026-05-31T10:41:48
4645,pool:gen_003,dqn,1,0.7375,-0.7250,64,2026-05-31T10:41:50
4646,dqn,pool:gen_003,2,0.4875,1.6875,64,2026-05-31T10:41:52
4647,self,dqn,2,0.2625,1.3500,64,2026-05-31T10:41:54
4648,dqn,self,2,0.2875,2.0250,64,2026-05-31T10:41:56
4649,pool:gen_002,dqn,1,0.7125,-0.8750,64,2026-05-31T10:41:58
4650,dqn,self,1,0.4250,-0.5875,64,2026-05-31T10:42:01
4651,pool:gen_002,dqn,1,0.7750,-0.7375,64,2026-05-31T10:42:03
4652,dqn,pool:gen_002,2,0.1500,1.5250,64,2026-05-31T10:42:05
4653,pool:gen_004,dqn,1,0.5875,-0.7500,64,2026-05-31T10:42:07
4654,dqn,heuristic,1,0.6500,-0.5500,64,2026-05-31T10:42:09
4655,pool:gen_003,dqn,1,0.9250,-0.4875,64,2026-05-31T10:42:12
4656,dqn,self,2,0.4875,1.4625,64,2026-05-31T10:42:14
4657,self,dqn,1,0.3625,-0.7500,64,2026-05-31T10:42:16
4658,dqn,self,2,0.2750,1.4625,64,2026-05-31T10:42:19
4659,pool:gen_002,dqn,1,0.5750,-0.7500,64,2026-05-31T10:42:21
4660,dqn,pool:gen_003,2,0.4250,1.5875,64,2026-05-31T10:42:23
4661,self,dqn,1,0.6625,-0.7250,64,2026-05-31T10:42:26
4662,dqn,self,2,0.5500,1.6625,64,2026-05-31T10:42:28
4663,pool:gen_001,dqn,2,0.5250,1.5375,64,2026-05-31T10:42:30
4664,dqn,self,1,0.8125,-0.3375,64,2026-05-31T10:42:32
4665,self,dqn,1,0.8500,-0.5500,64,2026-05-31T10:42:34
4666,dqn,self,2,0.3875,1.4500,64,2026-05-31T10:42:37
4667,heuristic,dqn,2,0.5750,1.6625,64,2026-05-31T10:42:39
4668,dqn,pool:gen_004,2,0.4875,1.6250,64,2026-05-31T10:42:41
4669,self,dqn,1,0.5500,-0.6500,64,2026-05-31T10:42:43
4670,dqn,pool:gen_002,2,0.5250,1.7625,64,2026-05-31T10:42:45
4671,random,dqn,2,0.1875,1.4875,64,2026-05-31T10:42:47
4672,dqn,self,2,0.3875,1.6250,64,2026-05-31T10:42:49
4673,pool:gen_001,dqn,1,0.6875,-0.4500,64,2026-05-31T10:42:51
4674,dqn,self,2,0.2000,1.5125,64,2026-05-31T10:42:53
4675,self,dqn,1,0.5000,-0.8875,64,2026-05-31T10:42:56
4676,dqn,self,2,0.2875,1.2875,64,2026-05-31T10:42:58
4677,pool:gen_003,dqn,1,0.7875,-0.5625,64,2026-05-31T10:43:00
4678,dqn,pool:gen_001,1,0.6125,-0.5625,64,2026-05-31T10:43:02
4679,self,dqn,1,0.9250,-0.6875,64,2026-05-31T10:43:04
4680,dqn,pool:gen_001,1,0.5000,-0.6125,64,2026-05-31T10:43:07
4681,self,dqn,1,0.4875,-0.6875,64,2026-05-31T10:43:09
4682,dqn,pool:gen_003,2,0.2625,1.7625,64,2026-05-31T10:43:11
4683,pool:gen_003,dqn,1,0.6125,-0.7500,64,2026-05-31T10:43:13
4684,dqn,heuristic,1,0.9625,-0.6375,64,2026-05-31T10:43:15
4685,self,dqn,1,0.5500,-0.6250,64,2026-05-31T10:43:18
4686,dqn,heuristic,1,1.1125,-0.3125,64,2026-05-31T10:43:19
4687,pool:gen_004,dqn,1,0.5375,-0.7500,64,2026-05-31T10:43:22
4688,dqn,pool:gen_002,2,0.4375,1.5250,64,2026-05-31T10:43:24
4689,self,dqn,1,0.6500,-0.7875,64,2026-05-31T10:43:26
4690,dqn,pool:gen_001,2,0.3875,1.4375,64,2026-05-31T10:43:28
4691,pool:gen_001,dqn,2,0.4375,1.6625,64,2026-05-31T10:43:31
4692,dqn,self,2,0.4125,1.5000,64,2026-05-31T10:43:33
4693,self,dqn,1,0.6750,-0.7750,64,2026-05-31T10:43:35
4694,dqn,self,1,0.5375,-0.5625,64,2026-05-31T10:43:37
4695,self,dqn,1,0.6500,-0.6625,64,2026-05-31T10:43:39
4696,dqn,heuristic,1,1.1250,-0.3125,64,2026-05-31T10:43:41
4697,pool:gen_004,dqn,1,0.6000,-0.6625,64,2026-05-31T10:43:43
4698,dqn,pool:gen_001,2,0.5750,1.7250,64,2026-05-31T10:43:45
4699,pool:gen_004,dqn,1,0.4750,-0.8250,64,2026-05-31T10:43:48
4700,dqn,pool:gen_004,1,0.3625,-0.6625,64,2026-05-31T10:43:50
4701,self,dqn,1,0.5375,-0.7625,64,2026-05-31T10:52:30
4702,dqn,pool:gen_003,2,0.1750,1.8375,64,2026-05-31T10:52:32
4703,pool:gen_001,dqn,1,0.7875,-0.3500,64,2026-05-31T10:52:35
4704,dqn,pool:gen_003,2,0.2250,1.8625,64,2026-05-31T10:52:37
4705,pool:gen_004,dqn,2,0.4500,1.4500,64,2026-05-31T10:52:39
4706,dqn,pool:gen_001,2,0.5750,1.6125,64,2026-05-31T10:52:40
4707,pool:gen_004,dqn,1,0.6625,-0.5750,64,2026-05-31T10:52:42
4708,dqn,self,2,0.3375,1.4375,64,2026-05-31T10:52:44
4709,pool:gen_004,dqn,1,0.5625,-0.6500,64,2026-05-31T10:52:46
4710,dqn,pool:gen_003,2,0.2000,1.8750,64,2026-05-31T10:52:47
4711,self,dqn,1,0.5250,-0.6125,64,2026-05-31T10:52:49
4712,dqn,self,2,0.2250,1.5125,64,2026-05-31T10:52:51
4713,self,dqn,2,0.6875,1.7375,64,2026-05-31T10:52:53
4714,dqn,pool:gen_001,1,0.6875,-0.6375,64,2026-05-31T10:52:55
4715,pool:gen_001,dqn,2,0.2875,1.6250,64,2026-05-31T10:52:57
4716,dqn,self,1,0.3500,-0.6875,64,2026-05-31T10:53:00
4717,pool:gen_004,dqn,1,0.6625,-0.7000,64,2026-05-31T10:53:01
4718,dqn,self,2,0.3500,1.5125,64,2026-05-31T10:53:04
4719,pool:gen_001,dqn,1,0.5625,-0.6875,64,2026-05-31T10:53:06
4720,dqn,pool:gen_003,2,0.3000,1.6250,64,2026-05-31T10:53:08
4721,self,dqn,1,0.5750,-0.6875,64,2026-05-31T10:53:10
4722,dqn,pool:gen_002,2,0.2375,1.2875,64,2026-05-31T10:53:12
4723,self,dqn,1,0.7875,-0.7250,64,2026-05-31T10:53:14
4724,dqn,self,1,0.4625,-0.7250,64,2026-05-31T10:53:16
4725,self,dqn,1,0.7000,-0.8000,64,2026-05-31T10:53:18
4726,dqn,self,2,0.2750,1.4750,64,2026-05-31T10:53:20
4727,self,dqn,1,0.5625,-0.6500,64,2026-05-31T10:53:22
4728,dqn,self,2,0.5125,1.5500,64,2026-05-31T10:53:25
4729,self,dqn,1,0.6375,-0.7125,64,2026-05-31T10:53:27
4730,dqn,pool:gen_001,1,0.7375,-0.4250,64,2026-05-31T10:53:29
4731,self,dqn,1,0.4125,-0.7500,64,2026-05-31T10:53:31
4732,dqn,self,2,0.3750,1.5625,64,2026-05-31T10:53:33
4733,self,dqn,1,0.7500,-0.6875,64,2026-05-31T10:53:35
4734,dqn,pool:gen_001,1,0.5125,-0.6625,64,2026-05-31T10:53:37
4735,pool:gen_004,dqn,1,0.5875,-0.7500,64,2026-05-31T10:53:39
4736,dqn,pool:gen_001,2,0.5875,1.6250,64,2026-05-31T10:53:41
4737,pool:gen_004,dqn,1,0.7500,-0.7625,64,2026-05-31T10:53:43
4738,dqn,self,2,0.4750,1.5000,64,2026-05-31T10:53:45
4739,self,dqn,1,0.7750,-0.6500,64,2026-05-31T10:53:47
4740,dqn,pool:gen_001,2,0.3875,1.7125,64,2026-05-31T10:53:49
4741,pool:gen_003,dqn,1,0.9375,-0.7875,64,2026-05-31T10:53:51
4742,dqn,pool:gen_002,2,0.3125,1.7375,64,2026-05-31T10:53:54
4743,pool:gen_003,dqn,1,0.9500,-0.6625,64,2026-05-31T10:53:56
4744,dqn,self,2,0.3125,1.6625,64,2026-05-31T10:53:58
4745,heuristic,dqn,2,0.6625,1.7250,64,2026-05-31T10:54:00
4746,dqn,self,2,0.2875,1.5625,64,2026-05-31T10:54:03
4747,heuristic,dqn,2,0.8375,1.8125,64,2026-05-31T10:54:05
4748,dqn,self,2,0.6750,1.7250,64,2026-05-31T10:54:07
4749,pool:gen_002,dqn,2,0.3250,1.3500,64,2026-05-31T10:54:09
4750,dqn,pool:gen_003,2,0.3000,1.3875,64,2026-05-31T10:54:11
4751,self,dqn,1,0.4500,-0.6625,64,2026-05-31T10:54:13
4752,dqn,self,2,0.3250,1.5250,64,2026-05-31T10:54:16
4753,self,dqn,1,0.5625,-0.8375,64,2026-05-31T10:54:19
4754,dqn,self,2,0.3125,1.3375,64,2026-05-31T10:54:21
4755,heuristic,dqn,2,0.6250,1.9375,64,2026-05-31T10:54:24
4756,dqn,pool:gen_004,2,0.3500,2.1875,64,2026-05-31T10:54:26
4757,pool:gen_001,dqn,2,0.2125,1.2875,64,2026-05-31T10:54:28
4758,dqn,self,2,0.6250,1.8375,64,2026-05-31T10:54:30
4759,self,dqn,2,0.3125,1.3500,64,2026-05-31T10:54:32
4760,dqn,self,2,0.4750,1.5375,64,2026-05-31T10:54:36
4761,self,dqn,1,0.4875,-0.5875,64,2026-05-31T10:54:39
4762,dqn,self,2,0.4500,1.7125,64,2026-05-31T10:54:41
4763,pool:gen_002,dqn,1,0.9125,-0.7500,64,2026-05-31T10:54:44
4764,dqn,self,2,0.2750,1.4125,64,2026-05-31T10:54:48
4765,pool:gen_002,dqn,1,0.5250,-0.8125,64,2026-05-31T10:54:50
4766,dqn,pool:gen_002,2,0.1500,1.5500,64,2026-05-31T10:54:54
4767,self,dqn,2,0.3000,1.3750,64,2026-05-31T10:54:57
4768,dqn,pool:gen_001,2,0.5250,1.8000,64,2026-05-31T10:55:03
4769,pool:gen_002,dqn,1,0.5000,-0.8500,64,2026-05-31T10:55:06
4770,dqn,self,2,0.5625,1.5500,64,2026-05-31T10:55:09
4771,pool:gen_004,dqn,1,0.6500,-0.7250,64,2026-05-31T10:55:12
4772,dqn,pool:gen_002,2,0.1625,1.6375,64,2026-05-31T10:55:14
4773,pool:gen_003,dqn,1,1.0375,-0.7125,64,2026-05-31T10:55:18
4774,dqn,pool:gen_002,2,0.2000,1.3250,64,2026-05-31T10:55:21
4775,self,dqn,1,0.8375,-0.6500,64,2026-05-31T10:55:24
4776,dqn,pool:gen_002,2,0.3125,1.7250,64,2026-05-31T10:55:28
4777,pool:gen_002,dqn,1,0.4375,-0.7500,64,2026-05-31T10:55:31
4778,dqn,pool:gen_003,2,0.3125,1.6500,64,2026-05-31T10:55:33
4779,self,dqn,1,0.4875,-0.6000,64,2026-05-31T10:55:35
4780,dqn,self,2,0.3125,1.7750,64,2026-05-31T10:55:37
4781,pool:gen_003,dqn,1,0.7875,-0.8625,64,2026-05-31T10:55:39
4782,dqn,self,2,0.4750,1.7125,64,2026-05-31T10:55:42
4783,self,dqn,1,0.7750,-0.7625,64,2026-05-31T10:55:44
4784,dqn,self,1,0.4375,-0.7125,64,2026-05-31T10:55:46
4785,pool:gen_002,dqn,1,0.4125,-0.7125,64,2026-05-31T10:55:50
4786,dqn,self,2,0.4500,1.5875,64,2026-05-31T10:55:52
4787,pool:gen_004,dqn,1,0.5250,-0.6875,64,2026-05-31T10:55:55
4788,dqn,pool:gen_004,2,0.2875,1.4000,64,2026-05-31T10:55:58
4789,self,dqn,1,0.9625,-0.6750,64,2026-05-31T10:56:00
4790,dqn,self,1,0.3000,-0.7375,64,2026-05-31T10:56:02
4791,self,dqn,1,0.4875,-0.7625,64,2026-05-31T10:56:04
4792,dqn,pool:gen_004,2,0.3125,1.6125,64,2026-05-31T10:56:06
4793,pool:gen_004,dqn,1,0.6000,-0.7375,64,2026-05-31T10:56:08
4794,dqn,pool:gen_001,2,0.4375,1.5125,64,2026-05-31T10:56:11
4795,pool:gen_004,dqn,1,0.6625,-0.6875,64,2026-05-31T10:56:14
4796,dqn,pool:gen_001,2,0.2375,1.5750,64,2026-05-31T10:56:17
4797,pool:gen_004,dqn,1,0.7000,-0.5750,64,2026-05-31T10:56:20
4798,dqn,self,1,0.4000,-0.6125,64,2026-05-31T10:56:23
4799,pool:gen_001,dqn,2,0.3625,1.4500,64,2026-05-31T10:56:25
4800,dqn,random,1,0.6250,-0.6000,64,2026-05-31T10:56:27
4801,self,dqn,1,0.4625,-0.8250,64,2026-05-31T11:04:30
4802,dqn,self,2,0.2750,1.5625,64,2026-05-31T11:04:33
4803,self,dqn,1,0.6250,-0.8000,64,2026-05-31T11:04:35
4804,dqn,pool:gen_002,2,0.3875,1.3625,64,2026-05-31T11:04:37
4805,self,dqn,1,0.7875,-0.6875,64,2026-05-31T11:04:40
4806,dqn,self,2,0.3750,1.4625,64,2026-05-31T11:04:42
4807,pool:gen_004,dqn,1,0.5125,-0.5125,64,2026-05-31T11:04:45
4808,dqn,pool:gen_003,2,0.4625,1.6875,64,2026-05-31T11:04:47
4809,pool:gen_002,dqn,2,0.4750,1.5625,64,2026-05-31T11:04:50
4810,dqn,self,2,0.3875,1.5625,64,2026-05-31T11:04:52
4811,pool:gen_002,dqn,2,0.4500,1.4250,64,2026-05-31T11:04:55
4812,dqn,pool:gen_003,2,0.5375,1.6625,64,2026-05-31T11:04:58
4813,self,dqn,1,0.4750,-0.5875,64,2026-05-31T11:05:00
4814,dqn,self,2,0.4625,1.5000,64,2026-05-31T11:05:02
4815,self,dqn,1,0.6250,-0.6125,64,2026-05-31T11:05:05
4816,dqn,pool:gen_003,2,0.4000,1.9625,64,2026-05-31T11:05:07
4817,pool:gen_003,dqn,1,0.9125,-0.7000,64,2026-05-31T11:05:10
4818,dqn,pool:gen_003,2,0.3250,1.7375,64,2026-05-31T11:05:12
4819,pool:gen_003,dqn,1,0.5625,-0.5750,64,2026-05-31T11:05:15
4820,dqn,pool:gen_002,1,0.5250,-0.5625,64,2026-05-31T11:05:17
4821,self,dqn,1,0.5750,-0.7000,64,2026-05-31T11:05:19
4822,dqn,pool:gen_003,2,0.4625,1.6125,64,2026-05-31T11:05:22
4823,self,dqn,1,0.5875,-0.5125,64,2026-05-31T11:05:24
4824,dqn,pool:gen_003,2,0.4125,1.5000,64,2026-05-31T11:05:27
4825,self,dqn,1,0.4250,-0.7125,64,2026-05-31T11:05:29
4826,dqn,pool:gen_001,2,0.2375,1.3375,64,2026-05-31T11:05:32
4827,pool:gen_003,dqn,1,0.6625,-0.5250,64,2026-05-31T11:05:34
4828,dqn,pool:gen_003,2,0.4000,1.6875,64,2026-05-31T11:05:37
4829,pool:gen_001,dqn,2,0.3375,1.3375,64,2026-05-31T11:05:39
4830,dqn,pool:gen_001,1,0.4875,-0.6750,64,2026-05-31T11:05:42
4831,self,dqn,1,0.7500,-0.4125,64,2026-05-31T11:05:44
4832,dqn,self,2,0.3750,1.6750,64,2026-05-31T11:05:46
4833,self,dqn,1,0.8375,-0.6000,64,2026-05-31T11:05:49
4834,dqn,self,2,0.3000,1.7000,64,2026-05-31T11:05:51
4835,pool:gen_004,dqn,1,0.4500,-0.7750,64,2026-05-31T11:05:54
4836,dqn,self,2,0.3375,1.9125,64,2026-05-31T11:05:56
4837,self,dqn,1,0.5625,-0.6625,64,2026-05-31T11:05:59
4838,dqn,random,1,0.7500,-0.8125,64,2026-05-31T11:06:01
4839,self,dqn,1,0.3750,-0.7750,64,2026-05-31T11:06:04
4840,dqn,self,2,0.4000,1.7000,64,2026-05-31T11:06:06
4841,pool:gen_002,dqn,1,0.2500,-0.7500,64,2026-05-31T11:06:09
4842,dqn,self,2,0.3125,1.4875,64,2026-05-31T11:06:11
4843,pool:gen_002,dqn,1,0.4250,-0.8000,64,2026-05-31T11:06:13
4844,dqn,self,1,0.5500,-0.4625,64,2026-05-31T11:06:16
4845,pool:gen_003,dqn,1,0.9250,-0.5375,64,2026-05-31T11:06:18
4846,dqn,pool:gen_002,2,0.4000,1.8500,64,2026-05-31T11:06:20
4847,pool:gen_001,dqn,2,0.4125,1.5125,64,2026-05-31T11:06:23
4848,dqn,pool:gen_004,2,0.3250,1.8125,64,2026-05-31T11:06:25
4849,pool:gen_002,dqn,1,0.6750,-0.8250,64,2026-05-31T11:06:27
4850,dqn,self,2,0.5125,1.6125,64,2026-05-31T11:06:30
4851,self,dqn,2,0.4000,1.5125,64,2026-05-31T11:06:32
4852,dqn,pool:gen_004,1,0.5125,-0.5000,64,2026-05-31T11:06:35
4853,pool:gen_003,dqn,1,0.8500,-0.6625,64,2026-05-31T11:06:37
4854,dqn,heuristic,1,0.9125,-0.3125,64,2026-05-31T11:06:39
4855,pool:gen_003,dqn,1,0.8750,-0.6875,64,2026-05-31T11:06:42
4856,dqn,pool:gen_003,2,0.4375,1.5250,64,2026-05-31T11:06:44
4857,self,dqn,1,0.6000,-0.7000,64,2026-05-31T11:06:46
4858,dqn,pool:gen_002,2,0.1875,1.4000,64,2026-05-31T11:06:49
4859,pool:gen_003,dqn,1,0.6375,-0.7625,64,2026-05-31T11:06:51
4860,dqn,self,2,0.2875,1.4250,64,2026-05-31T11:06:53
4861,self,dqn,1,0.4125,-0.7750,64,2026-05-31T11:06:56
4862,dqn,self,1,0.3875,-0.6625,64,2026-05-31T11:06:58
4863,pool:gen_003,dqn,1,0.3250,-0.8125,64,2026-05-31T11:07:00
4864,dqn,self,2,0.4750,1.5875,64,2026-05-31T11:07:03
4865,self,dqn,1,0.4875,-0.6000,64,2026-05-31T11:07:05
4866,dqn,pool:gen_003,2,0.2375,1.5250,64,2026-05-31T11:07:08
4867,pool:gen_003,dqn,1,0.4875,-0.8875,64,2026-05-31T11:07:10
4868,dqn,self,2,0.5500,1.8625,64,2026-05-31T11:07:12
4869,pool:gen_002,dqn,1,0.5375,-0.8375,64,2026-05-31T11:07:14
4870,dqn,random,2,0.3500,1.3500,64,2026-05-31T11:07:17
4871,pool:gen_002,dqn,1,0.5375,-0.8750,64,2026-05-31T11:07:19
4872,dqn,pool:gen_004,2,0.2500,1.6000,64,2026-05-31T11:07:21
4873,pool:gen_003,dqn,1,0.9500,-0.7125,64,2026-05-31T11:07:24
4874,dqn,self,1,0.6875,-0.5500,64,2026-05-31T11:07:26
4875,pool:gen_004,dqn,1,0.3875,-0.8375,64,2026-05-31T11:07:28
4876,dqn,pool:gen_002,2,0.2750,1.5250,64,2026-05-31T11:07:31
4877,pool:gen_004,dqn,1,0.4750,-0.6500,64,2026-05-31T11:07:33
4878,dqn,pool:gen_003,2,0.3000,1.7500,64,2026-05-31T11:07:35
4879,self,dqn,1,0.6500,-0.6250,64,2026-05-31T11:07:38
4880,dqn,pool:gen_001,2,0.3125,1.4750,64,2026-05-31T11:07:40
4881,pool:gen_001,dqn,1,0.5750,-0.6125,64,2026-05-31T11:07:42
4882,dqn,self,2,0.3375,1.5000,64,2026-05-31T11:07:45
4883,self,dqn,2,0.5000,1.4375,64,2026-05-31T11:07:47
4884,dqn,self,2,0.2125,1.5250,64,2026-05-31T11:07:50
4885,pool:gen_002,dqn,1,0.6125,-0.6875,64,2026-05-31T11:07:52
4886,dqn,self,2,0.3500,1.6375,64,2026-05-31T11:07:55
4887,pool:gen_001,dqn,2,0.4625,1.4750,64,2026-05-31T11:07:58
4888,dqn,self,2,0.5750,1.5875,64,2026-05-31T11:08:00
4889,pool:gen_001,dqn,1,0.6125,-0.7625,64,2026-05-31T11:08:03
4890,dqn,self,1,0.3375,-0.7000,64,2026-05-31T11:08:06
4891,pool:gen_002,dqn,1,0.6500,-0.8375,64,2026-05-31T11:08:09
4892,dqn,self,2,0.5125,1.5125,64,2026-05-31T11:08:11
4893,self,dqn,1,0.3625,-0.6625,64,2026-05-31T11:08:13
4894,dqn,self,1,0.5250,-0.7125,64,2026-05-31T11:08:16
4895,self,dqn,1,0.5500,-0.8125,64,2026-05-31T11:08:18
4896,dqn,pool:gen_001,2,0.4875,1.6125,64,2026-05-31T11:08:21
4897,heuristic,dqn,2,0.5375,1.9000,64,2026-05-31T11:08:23
4898,dqn,pool:gen_002,1,0.3250,-0.7250,64,2026-05-31T11:08:25
4899,pool:gen_002,dqn,1,0.7000,-0.5875,64,2026-05-31T11:08:28
4900,dqn,self,1,0.7000,-0.7750,64,2026-05-31T11:08:30
4901,pool:gen_002,dqn,1,0.4000,-0.6375,64,2026-05-31T11:16:56
4902,dqn,pool:gen_004,2,0.4125,1.4125,64,2026-05-31T11:16:59
4903,pool:gen_002,dqn,2,0.2375,1.3125,64,2026-05-31T11:17:02
4904,dqn,self,2,0.3250,1.6500,64,2026-05-31T11:17:05
4905,pool:gen_002,dqn,1,0.7125,-0.5500,64,2026-05-31T11:17:08
4906,dqn,pool:gen_004,2,0.2000,1.5500,64,2026-05-31T11:17:11
4907,heuristic,dqn,2,0.6375,1.7750,64,2026-05-31T11:17:13
4908,dqn,random,1,0.7500,-0.6375,64,2026-05-31T11:17:15
4909,pool:gen_002,dqn,1,0.6250,-0.7750,64,2026-05-31T11:17:18
4910,dqn,pool:gen_001,1,0.6125,-0.5875,64,2026-05-31T11:17:21
4911,self,dqn,2,0.5000,1.5125,64,2026-05-31T11:17:23
4912,dqn,pool:gen_004,2,0.4750,1.4750,64,2026-05-31T11:17:26
4913,random,dqn,2,0.4125,1.4625,64,2026-05-31T11:17:28
4914,dqn,pool:gen_004,2,0.3375,1.7500,64,2026-05-31T11:17:31
4915,pool:gen_001,dqn,1,0.5250,-0.6000,64,2026-05-31T11:17:33
4916,dqn,self,1,0.6375,-0.6750,64,2026-05-31T11:17:36
4917,pool:gen_001,dqn,2,0.4375,1.4875,64,2026-05-31T11:17:39
4918,dqn,random,1,0.8500,-0.6750,64,2026-05-31T11:17:41
4919,self,dqn,1,0.5125,-0.6250,64,2026-05-31T11:17:43
4920,dqn,heuristic,1,1.3375,-0.5000,64,2026-05-31T11:17:46
4921,pool:gen_001,dqn,2,0.5375,1.5625,64,2026-05-31T11:17:48
4922,dqn,self,2,0.4250,1.4125,64,2026-05-31T11:17:51
4923,self,dqn,1,0.6750,-0.5750,64,2026-05-31T11:17:53
4924,dqn,pool:gen_004,2,0.3375,1.4875,64,2026-05-31T11:17:56
4925,self,dqn,1,0.7125,-0.6875,64,2026-05-31T11:17:58
4926,dqn,pool:gen_004,2,0.3875,1.5125,64,2026-05-31T11:18:01
4927,self,dqn,1,1.1250,-0.5875,64,2026-05-31T11:18:04
4928,dqn,pool:gen_002,2,0.3375,1.4375,64,2026-05-31T11:18:06
4929,self,dqn,1,0.3250,-0.7875,64,2026-05-31T11:18:09
4930,dqn,heuristic,1,0.6500,-0.5750,64,2026-05-31T11:18:11
4931,pool:gen_003,dqn,1,0.9375,-0.5750,64,2026-05-31T11:18:14
4932,dqn,self,2,0.2375,1.5875,64,2026-05-31T11:18:17
4933,self,dqn,1,0.5375,-0.7250,64,2026-05-31T11:18:19
4934,dqn,pool:gen_003,2,0.3125,1.8000,64,2026-05-31T11:18:22
4935,pool:gen_004,dqn,1,0.7625,-0.6875,64,2026-05-31T11:18:24
4936,dqn,pool:gen_003,2,0.3000,1.7125,64,2026-05-31T11:18:27
4937,pool:gen_001,dqn,1,0.7375,-0.5750,64,2026-05-31T11:18:29
4938,dqn,self,2,0.4125,1.5250,64,2026-05-31T11:18:32
4939,self,dqn,1,0.4250,-0.7375,64,2026-05-31T11:18:35
4940,dqn,self,2,0.4500,1.5000,64,2026-05-31T11:18:37
4941,self,dqn,1,0.5875,-0.6375,64,2026-05-31T11:18:40
4942,dqn,self,2,0.3000,1.4750,64,2026-05-31T11:18:43
4943,pool:gen_001,dqn,1,0.7000,-0.7250,64,2026-05-31T11:18:45
4944,dqn,self,1,0.5375,-0.5375,64,2026-05-31T11:18:48
4945,pool:gen_001,dqn,1,0.8000,-0.4625,64,2026-05-31T11:18:51
4946,dqn,pool:gen_002,2,0.3000,1.6500,64,2026-05-31T11:18:53
4947,pool:gen_001,dqn,1,0.4375,-0.6000,64,2026-05-31T11:18:56
4948,dqn,self,2,0.3750,1.4500,64,2026-05-31T11:18:59
4949,pool:gen_004,dqn,1,0.7000,-0.7375,64,2026-05-31T11:19:02
4950,dqn,self,2,0.3750,1.5125,64,2026-05-31T11:19:05
4951,pool:gen_003,dqn,1,0.6500,-0.6125,64,2026-05-31T11:19:08
4952,dqn,self,2,0.2000,1.5875,64,2026-05-31T11:19:10
4953,self,dqn,2,0.4500,1.5375,64,2026-05-31T11:19:13
4954,dqn,self,1,0.5875,-0.6500,64,2026-05-31T11:19:16
4955,heuristic,dqn,2,0.6000,1.8500,64,2026-05-31T11:19:18
4956,dqn,self,2,0.2750,1.3750,64,2026-05-31T11:19:21
4957,self,dqn,1,0.5375,-0.6125,64,2026-05-31T11:19:24
4958,dqn,pool:gen_003,2,0.4000,1.7375,64,2026-05-31T11:19:27
4959,self,dqn,2,0.3000,1.5000,64,2026-05-31T11:19:30
4960,dqn,pool:gen_004,2,0.2625,1.5875,64,2026-05-31T11:19:34
4961,self,dqn,1,0.2500,-0.8000,64,2026-05-31T11:19:36
4962,dqn,self,1,0.6500,-0.7250,64,2026-05-31T11:19:40
4963,self,dqn,2,0.2250,1.2875,64,2026-05-31T11:19:45
4964,dqn,pool:gen_002,2,0.2750,1.5500,64,2026-05-31T11:19:49
4965,pool:gen_001,dqn,2,0.4375,1.5125,64,2026-05-31T11:19:52
4966,dqn,heuristic,1,0.7500,-0.2750,64,2026-05-31T11:19:55
4967,random,dqn,2,0.4000,1.3875,64,2026-05-31T11:19:58
4968,dqn,pool:gen_001,2,0.4500,1.8750,64,2026-05-31T11:20:01
4969,self,dqn,2,0.3875,1.4875,64,2026-05-31T11:20:04
4970,dqn,self,1,0.5125,-0.5750,64,2026-05-31T11:20:07
4971,self,dqn,1,0.4625,-0.6000,64,2026-05-31T11:20:09
4972,dqn,self,2,0.3750,1.6125,64,2026-05-31T11:20:12
4973,self,dqn,1,0.8125,-0.6625,64,2026-05-31T11:20:15
4974,dqn,self,2,0.2500,1.4875,64,2026-05-31T11:20:17
4975,self,dqn,1,0.6625,-0.5375,64,2026-05-31T11:20:20
4976,dqn,self,1,0.3375,-0.6875,64,2026-05-31T11:20:23
4977,self,dqn,2,0.4750,1.5125,64,2026-05-31T11:20:25
4978,dqn,pool:gen_001,2,0.5500,1.6500,64,2026-05-31T11:20:28
4979,pool:gen_002,dqn,1,0.6250,-0.6875,64,2026-05-31T11:20:31
4980,dqn,pool:gen_003,2,0.4125,1.9500,64,2026-05-31T11:20:34
4981,pool:gen_003,dqn,1,0.8500,-0.7125,64,2026-05-31T11:20:37
4982,dqn,pool:gen_001,2,0.2875,1.4625,64,2026-05-31T11:20:40
4983,self,dqn,1,0.7750,-0.6250,64,2026-05-31T11:20:42
4984,dqn,heuristic,2,0.6125,1.6750,64,2026-05-31T11:20:45
4985,self,dqn,1,0.4500,-0.6375,64,2026-05-31T11:20:48
4986,dqn,self,1,0.6500,-0.5875,64,2026-05-31T11:20:50
4987,self,dqn,2,0.3750,1.3750,64,2026-05-31T11:20:53
4988,dqn,pool:gen_003,2,0.6750,2.4250,64,2026-05-31T11:20:56
4989,pool:gen_004,dqn,1,0.6375,-0.5750,64,2026-05-31T11:20:58
4990,dqn,self,1,0.6000,-0.6000,64,2026-05-31T11:21:00
4991,self,dqn,1,0.6250,-0.5625,64,2026-05-31T11:21:03
4992,dqn,self,2,0.2750,1.4750,64,2026-05-31T11:21:05
4993,self,dqn,1,0.5500,-0.6500,64,2026-05-31T11:21:08
4994,dqn,self,2,0.3750,1.5625,64,2026-05-31T11:21:11
4995,self,dqn,1,0.7875,-0.4000,64,2026-05-31T11:21:14
4996,dqn,pool:gen_001,2,0.4250,1.7750,64,2026-05-31T11:21:16
4997,self,dqn,1,0.3500,-0.7375,64,2026-05-31T11:21:18
4998,dqn,self,2,0.2000,1.4500,64,2026-05-31T11:21:21
4999,self,dqn,1,0.6125,-0.7000,64,2026-05-31T11:21:23
5000,dqn,pool:gen_002,2,0.4500,1.8375,64,2026-05-31T11:21:26
5001,pool:gen_001,dqn,1,0.6875,-0.4625,64,2026-05-31T11:29:38
5002,dqn,self,2,0.3500,1.6250,64,2026-05-31T11:29:41
5003,self,dqn,1,0.9250,-0.5125,64,2026-05-31T11:29:44
5004,dqn,pool:gen_002,2,0.2500,1.8625,64,2026-05-31T11:29:47
5005,heuristic,dqn,2,0.7625,2.0250,64,2026-05-31T11:29:51
5006,dqn,random,1,0.8875,-0.6875,64,2026-05-31T11:29:54
5007,random,dqn,1,0.5250,-0.6625,64,2026-05-31T11:29:57
5008,dqn,pool:gen_001,1,0.5375,-0.6500,64,2026-05-31T11:30:00
5009,pool:gen_001,dqn,2,0.4375,1.4125,64,2026-05-31T11:30:04
5010,dqn,self,2,0.4000,1.4125,64,2026-05-31T11:30:07
5011,pool:gen_001,dqn,1,0.8500,-0.6875,64,2026-05-31T11:30:09
5012,dqn,self,2,0.2625,1.4750,64,2026-05-31T11:30:11
5013,random,dqn,1,0.6125,-0.4250,64,2026-05-31T11:30:13
5014,dqn,pool:gen_001,2,0.3750,2.0625,64,2026-05-31T11:30:16
5015,pool:gen_001,dqn,1,0.8750,-0.5000,64,2026-05-31T11:30:18
5016,dqn,self,2,0.4375,1.5500,64,2026-05-31T11:30:20
5017,self,dqn,1,0.5625,-0.5625,64,2026-05-31T11:30:22
5018,dqn,pool:gen_003,2,0.5625,2.4375,64,2026-05-31T11:30:25
5019,pool:gen_004,dqn,1,0.6625,-0.8250,64,2026-05-31T11:30:27
5020,dqn,self,2,0.4125,1.6875,64,2026-05-31T11:30:29
5021,pool:gen_002,dqn,1,0.9125,-0.7375,64,2026-05-31T11:30:31
5022,dqn,pool:gen_002,2,0.3500,1.8875,64,2026-05-31T11:30:33
5023,self,dqn,1,0.7625,-0.5625,64,2026-05-31T11:30:36
5024,dqn,self,1,0.5375,-0.5250,64,2026-05-31T11:30:37
5025,random,dqn,2,0.2750,1.3625,64,2026-05-31T11:30:39
5026,dqn,heuristic,2,0.9125,1.9500,64,2026-05-31T11:30:41
5027,pool:gen_001,dqn,1,0.5500,-0.6500,64,2026-05-31T11:30:43
5028,dqn,pool:gen_001,1,0.6375,-0.6125,64,2026-05-31T11:30:45
5029,self,dqn,2,0.4000,1.5125,64,2026-05-31T11:30:47
5030,dqn,pool:gen_001,2,0.4500,1.4875,64,2026-05-31T11:30:49
5031,self,dqn,1,0.6875,-0.8375,64,2026-05-31T11:30:51
5032,dqn,self,2,0.4500,1.4375,64,2026-05-31T11:30:53
5033,self,dqn,1,0.4625,-0.6625,64,2026-05-31T11:30:55
5034,dqn,pool:gen_002,2,0.2250,1.5500,64,2026-05-31T11:30:57
5035,random,dqn,1,0.7000,-0.5500,64,2026-05-31T11:30:59
5036,dqn,self,2,0.3750,1.6750,64,2026-05-31T11:31:02
5037,pool:gen_003,dqn,1,0.9625,-0.6250,64,2026-05-31T11:31:04
5038,dqn,self,1,0.6250,-0.4375,64,2026-05-31T11:31:06
5039,heuristic,dqn,2,1.0000,2.0625,64,2026-05-31T11:31:08
5040,dqn,pool:gen_004,2,0.4625,1.7000,64,2026-05-31T11:31:10
5041,self,dqn,1,0.6750,-0.8000,64,2026-05-31T11:31:12
5042,dqn,random,1,0.4875,-0.6750,64,2026-05-31T11:31:14
5043,self,dqn,1,0.5125,-0.5750,64,2026-05-31T11:31:16
5044,dqn,pool:gen_002,2,0.3125,1.3750,64,2026-05-31T11:31:18
5045,self,dqn,1,0.4000,-0.6375,64,2026-05-31T11:31:20
5046,dqn,pool:gen_004,2,0.2500,1.6250,64,2026-05-31T11:31:22
5047,self,dqn,1,0.6500,-0.6500,64,2026-05-31T11:31:24
5048,dqn,pool:gen_001,2,0.3500,1.5000,64,2026-05-31T11:31:26
5049,self,dqn,1,0.5750,-0.6875,64,2026-05-31T11:31:28
5050,dqn,pool:gen_001,2,0.5250,1.5500,64,2026-05-31T11:31:31
5051,pool:gen_003,dqn,1,0.6875,-0.5500,64,2026-05-31T11:31:32
5052,dqn,pool:gen_001,2,0.5375,2.0125,64,2026-05-31T11:31:34
5053,self,dqn,2,0.4000,1.3875,64,2026-05-31T11:31:36
5054,dqn,pool:gen_005,1,0.6000,-0.5250,64,2026-05-31T11:31:38
5055,self,dqn,1,0.5375,-0.8000,64,2026-05-31T11:31:40
5056,dqn,self,1,0.5125,-0.6500,64,2026-05-31T11:31:42
5057,self,dqn,1,0.5625,-0.7750,64,2026-05-31T11:31:44
5058,dqn,pool:gen_003,2,0.4375,1.5250,64,2026-05-31T11:31:46
5059,self,dqn,1,0.4000,-0.8875,64,2026-05-31T11:31:48
5060,dqn,self,2,0.2625,1.6375,64,2026-05-31T11:31:50
5061,self,dqn,1,0.4000,-0.6750,64,2026-05-31T11:31:52
5062,dqn,self,2,0.5375,1.5750,64,2026-05-31T11:31:54
5063,self,dqn,1,0.4500,-0.7750,64,2026-05-31T11:31:57
5064,dqn,pool:gen_005,1,0.4875,-0.6250,64,2026-05-31T11:31:59
5065,self,dqn,1,0.4375,-0.6750,64,2026-05-31T11:32:01
5066,dqn,pool:gen_005,1,0.4750,-0.7625,64,2026-05-31T11:32:03
5067,pool:gen_005,dqn,2,0.4500,1.5625,64,2026-05-31T11:32:05
5068,dqn,self,2,0.2375,1.3250,64,2026-05-31T11:32:08
5069,self,dqn,1,0.6000,-0.5375,64,2026-05-31T11:32:10
5070,dqn,pool:gen_003,2,0.4375,1.5125,64,2026-05-31T11:32:12
5071,pool:gen_002,dqn,1,0.4875,-0.7625,64,2026-05-31T11:32:15
5072,dqn,pool:gen_003,2,0.2375,1.5000,64,2026-05-31T11:32:17
5073,self,dqn,1,0.2750,-0.8625,64,2026-05-31T11:32:20
5074,dqn,pool:gen_004,2,0.2375,1.6125,64,2026-05-31T11:32:22
5075,self,dqn,2,0.4750,1.5125,64,2026-05-31T11:32:25
5076,dqn,self,2,0.4000,1.4375,64,2026-05-31T11:32:27
5077,pool:gen_004,dqn,2,0.4250,1.4875,64,2026-05-31T11:32:30
5078,dqn,pool:gen_001,2,0.4375,1.5250,64,2026-05-31T11:32:32
5079,pool:gen_001,dqn,1,0.6875,-0.5000,64,2026-05-31T11:32:35
5080,dqn,pool:gen_001,2,0.5250,1.6250,64,2026-05-31T11:32:37
5081,self,dqn,1,0.4750,-0.6125,64,2026-05-31T11:32:40
5082,dqn,pool:gen_005,1,0.5875,-0.4750,64,2026-05-31T11:32:42
5083,pool:gen_003,dqn,1,0.4250,-0.8375,64,2026-05-31T11:32:45
5084,dqn,pool:gen_002,1,0.4875,-0.6375,64,2026-05-31T11:32:47
5085,self,dqn,1,0.7750,-0.3750,64,2026-05-31T11:32:49
5086,dqn,self,2,0.3125,1.5875,64,2026-05-31T11:32:52
5087,pool:gen_004,dqn,1,0.5000,-0.7625,64,2026-05-31T11:32:54
5088,dqn,random,1,0.6500,-0.6625,64,2026-05-31T11:32:57
5089,pool:gen_004,dqn,1,0.4750,-0.8125,64,2026-05-31T11:32:59
5090,dqn,self,1,0.4125,-0.5875,64,2026-05-31T11:33:01
5091,self,dqn,1,0.4750,-0.5625,64,2026-05-31T11:33:04
5092,dqn,self,2,0.4375,1.4375,64,2026-05-31T11:33:06
5093,random,dqn,2,0.3375,1.6875,64,2026-05-31T11:33:08
5094,dqn,pool:gen_003,2,0.4250,1.7625,64,2026-05-31T11:33:11
5095,self,dqn,2,0.2250,1.3250,64,2026-05-31T11:33:13
5096,dqn,self,2,0.2375,1.3875,64,2026-05-31T11:33:15
5097,pool:gen_004,dqn,1,0.5375,-0.5750,64,2026-05-31T11:33:18
5098,dqn,self,2,0.4875,1.6875,64,2026-05-31T11:33:21
5099,random,dqn,2,0.3000,1.6500,64,2026-05-31T11:33:23
5100,dqn,pool:gen_002,1,0.4375,-0.6375,64,2026-05-31T11:33:25
5101,pool:gen_005,dqn,2,0.6250,1.6375,64,2026-05-31T11:40:35
5102,dqn,self,2,0.5375,1.7125,64,2026-05-31T11:40:37
5103,pool:gen_004,dqn,1,0.5125,-0.6250,64,2026-05-31T11:40:39
5104,dqn,pool:gen_005,1,0.4500,-0.6000,64,2026-05-31T11:40:42
5105,pool:gen_001,dqn,1,0.7125,-0.3750,64,2026-05-31T11:40:45
5106,dqn,self,2,0.4500,1.7500,64,2026-05-31T11:40:47
5107,self,dqn,1,0.4625,-0.5625,64,2026-05-31T11:40:50
5108,dqn,self,2,0.2375,1.7250,64,2026-05-31T11:40:52
5109,pool:gen_002,dqn,1,0.5750,-0.7000,64,2026-05-31T11:40:55
5110,dqn,random,1,0.7000,-0.7250,64,2026-05-31T11:40:57
5111,pool:gen_003,dqn,1,0.5750,-0.5500,64,2026-05-31T11:40:59
5112,dqn,heuristic,1,1.0500,-0.1375,64,2026-05-31T11:41:01
5113,pool:gen_002,dqn,1,0.5500,-0.7375,64,2026-05-31T11:41:04
5114,dqn,self,1,0.8000,-0.5000,64,2026-05-31T11:41:06
5115,self,dqn,1,0.4750,-0.6375,64,2026-05-31T11:41:09
5116,dqn,pool:gen_001,1,0.6375,-0.5500,64,2026-05-31T11:41:11
5117,self,dqn,1,0.5500,-0.7250,64,2026-05-31T11:41:14
5118,dqn,pool:gen_001,1,0.4500,-0.7875,64,2026-05-31T11:41:16
5119,pool:gen_004,dqn,2,0.4000,1.3750,64,2026-05-31T11:41:19
5120,dqn,pool:gen_002,1,0.3125,-0.8375,64,2026-05-31T11:41:21
5121,self,dqn,1,0.5625,-0.6000,64,2026-05-31T11:41:24
5122,dqn,pool:gen_004,2,0.1875,1.5750,64,2026-05-31T11:41:26
5123,pool:gen_003,dqn,1,0.4625,-0.6875,64,2026-05-31T11:41:28
5124,dqn,self,2,0.3750,1.4500,64,2026-05-31T11:41:31
5125,pool:gen_004,dqn,1,0.5875,-0.7125,64,2026-05-31T11:41:33
5126,dqn,pool:gen_003,2,0.3500,1.4375,64,2026-05-31T11:41:35
5127,pool:gen_002,dqn,2,0.1500,1.2000,64,2026-05-31T11:41:38
5128,dqn,pool:gen_004,2,0.4250,1.5750,64,2026-05-31T11:41:40
5129,pool:gen_004,dqn,1,0.5000,-0.7875,64,2026-05-31T11:41:42
5130,dqn,self,2,0.4250,1.5250,64,2026-05-31T11:41:45
5131,heuristic,dqn,2,1.0875,2.5000,64,2026-05-31T11:41:48
5132,dqn,heuristic,1,0.9375,-0.6250,64,2026-05-31T11:41:51
5133,pool:gen_002,dqn,1,0.3625,-0.6875,64,2026-05-31T11:41:54
5134,dqn,pool:gen_001,1,0.5250,-0.6375,64,2026-05-31T11:41:56
5135,pool:gen_001,dqn,2,0.5000,1.6125,64,2026-05-31T11:41:58
5136,dqn,self,1,0.5125,-0.7000,64,2026-05-31T11:42:01
5137,self,dqn,2,0.4000,1.4625,64,2026-05-31T11:42:03
5138,dqn,self,2,0.4125,1.6375,64,2026-05-31T11:42:05
5139,self,dqn,1,0.8000,-0.6875,64,2026-05-31T11:42:07
5140,dqn,heuristic,1,0.8000,-0.3625,64,2026-05-31T11:42:09
5141,pool:gen_004,dqn,1,0.6125,-0.4500,64,2026-05-31T11:42:11
5142,dqn,pool:gen_005,2,0.5625,1.5500,64,2026-05-31T11:42:13
5143,self,dqn,2,0.2875,1.3250,64,2026-05-31T11:42:16
5144,dqn,self,1,0.5125,-0.6750,64,2026-05-31T11:42:18
5145,self,dqn,1,0.5750,-0.6250,64,2026-05-31T11:42:21
5146,dqn,self,1,0.4125,-0.6750,64,2026-05-31T11:42:23
5147,self,dqn,1,0.6375,-0.6125,64,2026-05-31T11:42:26
5148,dqn,self,1,0.4875,-0.5250,64,2026-05-31T11:42:28
5149,self,dqn,2,0.2750,1.3750,64,2026-05-31T11:42:30
5150,dqn,pool:gen_005,1,0.7625,-0.4125,64,2026-05-31T11:42:33
5151,self,dqn,1,0.6625,-0.6625,64,2026-05-31T11:42:35
5152,dqn,self,1,0.7875,-0.4125,64,2026-05-31T11:42:37
5153,pool:gen_005,dqn,2,0.4750,1.5125,64,2026-05-31T11:42:39
5154,dqn,random,1,0.8125,-0.4250,64,2026-05-31T11:42:42
5155,pool:gen_001,dqn,2,0.6250,1.7875,64,2026-05-31T11:42:44
5156,dqn,self,2,0.4750,1.4750,64,2026-05-31T11:42:46
5157,self,dqn,2,0.5375,1.5125,64,2026-05-31T11:42:48
5158,dqn,self,2,0.4875,1.6375,64,2026-05-31T11:42:51
5159,pool:gen_001,dqn,2,0.4375,1.6125,64,2026-05-31T11:42:53
5160,dqn,self,2,0.4125,1.6375,64,2026-05-31T11:42:56
5161,pool:gen_004,dqn,1,0.4875,-0.6375,64,2026-05-31T11:42:58
5162,dqn,pool:gen_002,2,0.5125,1.6375,64,2026-05-31T11:43:00
5163,self,dqn,2,0.3500,1.3750,64,2026-05-31T11:43:03
5164,dqn,self,2,0.3375,1.3750,64,2026-05-31T11:43:05
5165,self,dqn,1,0.7125,-0.4750,64,2026-05-31T11:43:08
5166,dqn,random,1,0.5250,-0.7375,64,2026-05-31T11:43:10
5167,self,dqn,1,0.7000,-0.7750,64,2026-05-31T11:43:12
5168,dqn,pool:gen_002,2,0.4750,1.4750,64,2026-05-31T11:43:14
5169,pool:gen_005,dqn,2,0.4750,1.5000,64,2026-05-31T11:43:16
5170,dqn,pool:gen_005,2,0.5875,1.6375,64,2026-05-31T11:43:19
5171,self,dqn,1,0.5750,-0.6625,64,2026-05-31T11:43:21
5172,dqn,self,2,0.3125,1.4875,64,2026-05-31T11:43:23
5173,self,dqn,1,0.4625,-0.6000,64,2026-05-31T11:43:25
5174,dqn,self,1,0.3875,-0.8750,64,2026-05-31T11:43:28
5175,pool:gen_002,dqn,1,0.4500,-0.6375,64,2026-05-31T11:43:30
5176,dqn,self,1,0.4125,-0.6750,64,2026-05-31T11:43:32
5177,self,dqn,2,0.2750,1.4250,64,2026-05-31T11:43:34
5178,dqn,self,1,0.5375,-0.5125,64,2026-05-31T11:43:36
5179,pool:gen_004,dqn,1,0.4375,-0.6250,64,2026-05-31T11:43:39
5180,dqn,pool:gen_005,1,0.6250,-0.6375,64,2026-05-31T11:43:41
5181,pool:gen_003,dqn,1,0.6500,-0.6125,64,2026-05-31T11:43:43
5182,dqn,pool:gen_004,2,0.3875,1.5375,64,2026-05-31T11:43:45
5183,pool:gen_003,dqn,1,0.6125,-0.6000,64,2026-05-31T11:43:48
5184,dqn,pool:gen_005,2,0.5250,1.6250,64,2026-05-31T11:43:50
5185,pool:gen_002,dqn,1,0.4250,-0.7250,64,2026-05-31T11:43:53
5186,dqn,pool:gen_003,1,0.5500,-0.6000,64,2026-05-31T11:43:55
5187,pool:gen_002,dqn,1,0.5875,-0.8625,64,2026-05-31T11:43:57
5188,dqn,self,1,0.5500,-0.6500,64,2026-05-31T11:43:59
5189,self,dqn,2,0.4125,1.4125,64,2026-05-31T11:44:01
5190,dqn,self,2,0.2000,1.4625,64,2026-05-31T11:44:04
5191,self,dqn,1,0.6000,-0.7500,64,2026-05-31T11:44:06
5192,dqn,self,2,0.4750,1.5500,64,2026-05-31T11:44:08
5193,self,dqn,2,0.3250,1.4250,64,2026-05-31T11:44:10
5194,dqn,pool:gen_005,1,0.5625,-0.6125,64,2026-05-31T11:44:13
5195,pool:gen_003,dqn,1,0.8875,-0.7000,64,2026-05-31T11:44:15
5196,dqn,self,2,0.1875,1.4250,64,2026-05-31T11:44:17
5197,pool:gen_005,dqn,2,0.7000,1.7000,64,2026-05-31T11:44:20
5198,dqn,self,1,0.5500,-0.5625,64,2026-05-31T11:44:22
5199,pool:gen_001,dqn,2,0.2875,1.3750,64,2026-05-31T11:44:24
5200,dqn,random,1,0.6875,-0.5500,64,2026-05-31T11:44:26
5201,self,dqn,1,0.4250,-0.7000,64,2026-05-31T11:51:11
5202,dqn,self,2,0.3000,1.7250,64,2026-05-31T11:51:14
5203,pool:gen_001,dqn,2,0.4500,1.5000,64,2026-05-31T11:51:16
5204,dqn,random,2,0.3750,1.5000,64,2026-05-31T11:51:18
5205,pool:gen_005,dqn,2,0.4750,1.5750,64,2026-05-31T11:51:21
5206,dqn,pool:gen_003,2,0.3250,1.5125,64,2026-05-31T11:51:23
5207,self,dqn,1,0.5250,-0.7625,64,2026-05-31T11:51:26
5208,dqn,pool:gen_004,1,0.4625,-0.5375,64,2026-05-31T11:51:28
5209,self,dqn,1,0.6875,-0.6500,64,2026-05-31T11:51:31
5210,dqn,pool:gen_001,2,0.5375,1.7000,64,2026-05-31T11:51:33
5211,pool:gen_003,dqn,1,0.6875,-0.6875,64,2026-05-31T11:51:35
5212,dqn,pool:gen_002,1,0.3750,-0.6875,64,2026-05-31T11:51:38
5213,self,dqn,2,0.4125,1.4250,64,2026-05-31T11:51:40
5214,dqn,self,2,0.5625,1.6625,64,2026-05-31T11:51:42
5215,heuristic,dqn,1,0.6125,-0.6500,64,2026-05-31T11:51:44
5216,dqn,pool:gen_005,1,0.4375,-0.6500,64,2026-05-31T11:51:46
5217,self,dqn,1,0.8000,-0.4125,64,2026-05-31T11:51:49
5218,dqn,pool:gen_005,2,0.4750,1.5750,64,2026-05-31T11:51:51
5219,self,dqn,1,0.6375,-0.6250,64,2026-05-31T11:51:53
5220,dqn,random,1,0.6000,-0.6375,64,2026-05-31T11:51:56
5221,pool:gen_004,dqn,1,0.4250,-0.7375,64,2026-05-31T11:51:58
5222,dqn,self,2,0.4125,1.6250,64,2026-05-31T11:52:00
5223,pool:gen_004,dqn,1,0.5875,-0.7125,64,2026-05-31T11:52:03
5224,dqn,self,2,0.4375,1.5000,64,2026-05-31T11:52:05
5225,self,dqn,2,0.4750,1.4250,64,2026-05-31T11:52:08
5226,dqn,pool:gen_002,2,0.3125,1.4750,64,2026-05-31T11:52:10
5227,self,dqn,1,0.6125,-0.8125,64,2026-05-31T11:52:12
5228,dqn,pool:gen_004,2,0.2750,1.3750,64,2026-05-31T11:52:15
5229,self,dqn,1,0.6000,-0.6875,64,2026-05-31T11:52:17
5230,dqn,self,1,0.5125,-0.5375,64,2026-05-31T11:52:19
5231,self,dqn,1,0.5500,-0.5750,64,2026-05-31T11:52:22
5232,dqn,pool:gen_004,2,0.2750,1.6875,64,2026-05-31T11:52:24
5233,self,dqn,1,0.7000,-0.7250,64,2026-05-31T11:52:26
5234,dqn,pool:gen_005,1,0.4750,-0.6250,64,2026-05-31T11:52:29
5235,pool:gen_002,dqn,1,0.6500,-0.6250,64,2026-05-31T11:52:31
5236,dqn,self,2,0.3500,1.4625,64,2026-05-31T11:52:33
5237,pool:gen_004,dqn,1,0.8500,-0.6125,64,2026-05-31T11:52:36
5238,dqn,self,2,0.4250,1.6250,64,2026-05-31T11:52:38
5239,self,dqn,2,0.4625,1.4625,64,2026-05-31T11:52:40
5240,dqn,self,2,0.3750,1.4000,64,2026-05-31T11:52:42
5241,self,dqn,1,1.0875,-0.5875,64,2026-05-31T11:52:45
5242,dqn,heuristic,1,0.9625,-0.1500,64,2026-05-31T11:52:47
5243,pool:gen_001,dqn,1,0.7250,-0.4625,64,2026-05-31T11:52:49
5244,dqn,pool:gen_002,2,0.4875,1.5375,64,2026-05-31T11:52:51
5245,pool:gen_005,dqn,1,0.7250,-0.4500,64,2026-05-31T11:52:54
5246,dqn,self,1,0.6375,-0.6000,64,2026-05-31T11:52:56
5247,self,dqn,2,0.4250,1.4125,64,2026-05-31T11:52:58
5248,dqn,pool:gen_005,1,0.4750,-0.6125,64,2026-05-31T11:53:01
5249,self,dqn,2,0.3500,1.5625,64,2026-05-31T11:53:03
5250,dqn,self,1,0.6250,-0.5000,64,2026-05-31T11:53:06
5251,self,dqn,2,0.3625,1.4500,64,2026-05-31T11:53:08
5252,dqn,self,2,0.2250,1.3500,64,2026-05-31T11:53:11
5253,pool:gen_003,dqn,1,0.9625,-0.6250,64,2026-05-31T11:53:13
5254,dqn,self,2,0.3500,1.5000,64,2026-05-31T11:53:15
5255,pool:gen_003,dqn,1,1.0625,-0.5875,64,2026-05-31T11:53:18
5256,dqn,self,2,0.4000,1.5125,64,2026-05-31T11:53:21
5257,pool:gen_001,dqn,1,1.1000,-0.6500,64,2026-05-31T11:53:25
5258,dqn,pool:gen_001,2,0.6125,1.9375,64,2026-05-31T11:53:29
5259,self,dqn,1,0.4750,-0.7750,64,2026-05-31T11:53:32
5260,dqn,self,2,0.5250,1.5125,64,2026-05-31T11:53:35
5261,random,dqn,2,0.4125,1.3875,64,2026-05-31T11:53:37
5262,dqn,pool:gen_003,2,0.3625,2.1125,64,2026-05-31T11:53:40
5263,pool:gen_004,dqn,1,0.5875,-0.7750,64,2026-05-31T11:53:42
5264,dqn,pool:gen_001,2,0.4875,1.7875,64,2026-05-31T11:53:45
5265,self,dqn,2,0.3250,1.2875,64,2026-05-31T11:53:48
5266,dqn,self,2,0.3375,1.4250,64,2026-05-31T11:53:51
5267,self,dqn,1,0.3625,-0.7625,64,2026-05-31T11:53:54
5268,dqn,pool:gen_004,2,0.2500,1.4625,64,2026-05-31T11:53:56
5269,pool:gen_004,dqn,1,0.6250,-0.7875,64,2026-05-31T11:54:00
5270,dqn,self,1,0.7000,-0.7625,64,2026-05-31T11:54:03
5271,self,dqn,1,0.4750,-0.6500,64,2026-05-31T11:54:05
5272,dqn,self,2,0.4000,1.4375,64,2026-05-31T11:54:08
5273,pool:gen_004,dqn,1,0.7375,-0.7125,64,2026-05-31T11:54:11
5274,dqn,self,2,0.3500,1.4000,64,2026-05-31T11:54:14
5275,pool:gen_001,dqn,1,0.8000,-0.5500,64,2026-05-31T11:54:16
5276,dqn,pool:gen_003,2,0.5000,1.8500,64,2026-05-31T11:54:18
5277,pool:gen_002,dqn,2,0.4125,1.4250,64,2026-05-31T11:54:21
5278,dqn,self,2,0.4000,1.6875,64,2026-05-31T11:54:24
5279,self,dqn,2,0.3500,1.3000,64,2026-05-31T11:54:26
5280,dqn,self,1,0.8750,-0.6625,64,2026-05-31T11:54:29
5281,pool:gen_001,dqn,2,0.4625,1.4375,64,2026-05-31T11:54:31
5282,dqn,self,1,0.6375,-0.5375,64,2026-05-31T11:54:34
5283,pool:gen_005,dqn,2,0.4125,1.6625,64,2026-05-31T11:54:37
5284,dqn,self,2,0.3625,1.5500,64,2026-05-31T11:54:40
5285,pool:gen_001,dqn,1,0.7375,-0.6375,64,2026-05-31T11:54:42
5286,dqn,self,2,0.5750,1.9625,64,2026-05-31T11:54:44
5287,pool:gen_005,dqn,2,0.4000,1.4125,64,2026-05-31T11:54:47
5288,dqn,pool:gen_004,2,0.2250,1.5875,64,2026-05-31T11:54:49
5289,pool:gen_001,dqn,1,0.7750,-0.5625,64,2026-05-31T11:54:52
5290,dqn,self,2,0.3625,1.6250,64,2026-05-31T11:54:55
5291,self,dqn,1,0.3875,-0.7625,64,2026-05-31T11:54:58
5292,dqn,pool:gen_003,2,0.2750,1.9000,64,2026-05-31T11:55:01
5293,self,dqn,2,0.4875,1.6125,64,2026-05-31T11:55:04
5294,dqn,self,1,0.8375,-0.7500,64,2026-05-31T11:55:07
5295,self,dqn,1,0.5500,-0.8125,64,2026-05-31T11:55:10
5296,dqn,pool:gen_002,2,0.4500,1.6125,64,2026-05-31T11:55:13
5297,pool:gen_003,dqn,1,0.7875,-0.6875,64,2026-05-31T11:55:16
5298,dqn,self,2,0.3750,1.3875,64,2026-05-31T11:55:18
5299,pool:gen_005,dqn,2,0.5500,1.6750,64,2026-05-31T11:55:20
5300,dqn,pool:gen_003,2,0.4875,1.6375,64,2026-05-31T11:55:23
5301,self,dqn,1,0.5500,-0.6625,64,2026-05-31T12:03:06
5302,dqn,self,2,0.3875,1.4375,64,2026-05-31T12:03:09
5303,pool:gen_003,dqn,1,0.6125,-0.7750,64,2026-05-31T12:03:11
5304,dqn,self,2,0.2375,1.7375,64,2026-05-31T12:03:13
5305,self,dqn,1,0.5625,-0.6375,64,2026-05-31T12:03:16
5306,dqn,self,1,0.3625,-0.7250,64,2026-05-31T12:03:18
5307,heuristic,dqn,2,0.7500,1.7250,64,2026-05-31T12:03:20
5308,dqn,self,2,0.3750,1.7375,64,2026-05-31T12:03:23
5309,pool:gen_005,dqn,1,0.6875,-0.5500,64,2026-05-31T12:03:25
5310,dqn,pool:gen_002,2,0.5125,1.9500,64,2026-05-31T12:03:28
5311,pool:gen_003,dqn,1,1.4625,-0.4625,64,2026-05-31T12:03:30
5312,dqn,pool:gen_003,2,0.4875,1.9000,64,2026-05-31T12:03:32
5313,random,dqn,2,0.1375,1.5250,64,2026-05-31T12:03:35
5314,dqn,pool:gen_003,2,0.4750,2.2500,64,2026-05-31T12:03:37
5315,self,dqn,1,0.6250,-0.6875,64,2026-05-31T12:03:39
5316,dqn,self,1,0.6375,-0.5000,64,2026-05-31T12:03:42
5317,pool:gen_002,dqn,1,0.8875,-0.7625,64,2026-05-31T12:03:44
5318,dqn,pool:gen_003,2,0.3875,2.0125,64,2026-05-31T12:03:46
5319,self,dqn,1,0.4875,-0.8500,64,2026-05-31T12:03:49
5320,dqn,pool:gen_004,2,0.4375,1.6625,64,2026-05-31T12:03:51
5321,self,dqn,1,0.5250,-0.6000,64,2026-05-31T12:03:54
5322,dqn,pool:gen_003,2,0.5625,1.6750,64,2026-05-31T12:03:56
5323,pool:gen_005,dqn,1,0.4125,-0.7000,64,2026-05-31T12:03:59
5324,dqn,self,1,0.4500,-0.6000,64,2026-05-31T12:04:01
5325,self,dqn,1,0.5625,-0.6875,64,2026-05-31T12:04:04
5326,dqn,pool:gen_005,2,0.4125,1.4375,64,2026-05-31T12:04:06
5327,self,dqn,1,0.8875,-0.5875,64,2026-05-31T12:04:08
5328,dqn,random,1,0.9000,-0.6875,64,2026-05-31T12:04:11
5329,pool:gen_005,dqn,1,0.5750,-0.5125,64,2026-05-31T12:04:14
5330,dqn,pool:gen_005,1,0.6000,-0.6750,64,2026-05-31T12:04:16
5331,pool:gen_003,dqn,1,0.4625,-0.8375,64,2026-05-31T12:04:18
5332,dqn,pool:gen_001,1,0.5625,-0.5500,64,2026-05-31T12:04:21
5333,heuristic,dqn,2,0.8500,2.0875,64,2026-05-31T12:04:23
5334,dqn,self,2,0.4000,1.4625,64,2026-05-31T12:04:25
5335,self,dqn,1,0.3500,-0.6875,64,2026-05-31T12:04:28
5336,dqn,pool:gen_002,2,0.5750,1.5375,64,2026-05-31T12:04:30
5337,self,dqn,2,0.5125,1.6000,64,2026-05-31T12:04:32
5338,dqn,self,1,0.6625,-0.5000,64,2026-05-31T12:04:35
5339,pool:gen_005,dqn,1,0.6125,-0.6250,64,2026-05-31T12:04:37
5340,dqn,heuristic,1,1.1125,-0.3750,64,2026-05-31T12:04:39
5341,self,dqn,1,0.5000,-0.7375,64,2026-05-31T12:04:42
5342,dqn,self,1,0.5750,-0.5875,64,2026-05-31T12:04:44
5343,pool:gen_001,dqn,1,0.6750,-0.5125,64,2026-05-31T12:04:46
5344,dqn,self,2,0.6625,1.6750,64,2026-05-31T12:04:49
5345,pool:gen_005,dqn,1,0.5125,-0.6000,64,2026-05-31T12:04:51
5346,dqn,self,2,0.2750,1.3875,64,2026-05-31T12:04:53
5347,self,dqn,1,0.8625,-0.5750,64,2026-05-31T12:04:56
5348,dqn,pool:gen_004,2,0.4875,1.7375,64,2026-05-31T12:04:58
5349,pool:gen_004,dqn,1,0.7375,-0.4000,64,2026-05-31T12:05:01
5350,dqn,pool:gen_004,2,0.4875,1.6500,64,2026-05-31T12:05:03
5351,self,dqn,1,0.5000,-0.7750,64,2026-05-31T12:05:06
5352,dqn,self,2,0.1875,1.5500,64,2026-05-31T12:05:08
5353,pool:gen_002,dqn,1,0.8625,-0.6625,64,2026-05-31T12:05:11
5354,dqn,pool:gen_002,2,0.3750,1.5250,64,2026-05-31T12:05:13
5355,pool:gen_005,dqn,1,0.5250,-0.5250,64,2026-05-31T12:05:16
5356,dqn,pool:gen_001,2,0.6000,1.7500,64,2026-05-31T12:05:18
5357,pool:gen_004,dqn,1,0.7375,-0.6250,64,2026-05-31T12:05:20
5358,dqn,pool:gen_001,2,0.4125,1.7250,64,2026-05-31T12:05:23
5359,self,dqn,1,0.4875,-0.6375,64,2026-05-31T12:05:25
5360,dqn,heuristic,1,1.3250,-0.0750,64,2026-05-31T12:05:27
5361,self,dqn,1,0.7750,-0.5750,64,2026-05-31T12:05:29
5362,dqn,random,1,0.5250,-0.7375,64,2026-05-31T12:05:32
5363,pool:gen_004,dqn,1,0.7500,-0.8125,64,2026-05-31T12:05:34
5364,dqn,self,2,0.2750,1.4125,64,2026-05-31T12:05:37
5365,pool:gen_005,dqn,1,0.5375,-0.7375,64,2026-05-31T12:05:39
5366,dqn,pool:gen_002,2,0.2875,1.6875,64,2026-05-31T12:05:42
5367,pool:gen_002,dqn,1,0.4375,-0.6375,64,2026-05-31T12:05:44
5368,dqn,random,1,0.4875,-0.8000,64,2026-05-31T12:05:47
5369,self,dqn,1,0.4250,-0.6500,64,2026-05-31T12:05:49
5370,dqn,pool:gen_005,1,0.4000,-0.6750,64,2026-05-31T12:05:51
5371,self,dqn,1,0.8750,-0.3750,64,2026-05-31T12:05:54
5372,dqn,pool:gen_003,2,0.4125,1.6000,64,2026-05-31T12:05:56
5373,self,dqn,1,0.9500,-0.4500,64,2026-05-31T12:05:58
5374,dqn,self,2,0.3375,1.5625,64,2026-05-31T12:06:00
5375,pool:gen_004,dqn,2,0.3125,1.4000,64,2026-05-31T12:06:03
5376,dqn,pool:gen_002,2,0.3875,1.7000,64,2026-05-31T12:06:05
5377,self,dqn,1,0.7250,-0.6875,64,2026-05-31T12:06:08
5378,dqn,random,1,0.8250,-0.6250,64,2026-05-31T12:06:10
5379,self,dqn,1,0.9125,-0.5375,64,2026-05-31T12:06:13
5380,dqn,random,1,0.5500,-0.5750,64,2026-05-31T12:06:15
5381,self,dqn,1,0.4750,-0.6250,64,2026-05-31T12:06:17
5382,dqn,pool:gen_001,1,0.7500,-0.5250,64,2026-05-31T12:06:19
5383,self,dqn,2,0.6875,1.9875,64,2026-05-31T12:06:21
5384,dqn,heuristic,1,0.7375,-0.4000,64,2026-05-31T12:06:24
5385,self,dqn,1,0.6000,-0.6000,64,2026-05-31T12:06:26
5386,dqn,pool:gen_002,2,0.4875,1.7500,64,2026-05-31T12:06:28
5387,pool:gen_003,dqn,1,0.8500,-0.5000,64,2026-05-31T12:06:30
5388,dqn,self,2,0.3500,1.5625,64,2026-05-31T12:06:33
5389,self,dqn,1,0.5250,-0.7000,64,2026-05-31T12:06:35
5390,dqn,self,1,0.4000,-0.6000,64,2026-05-31T12:06:38
5391,self,dqn,1,0.5500,-0.7375,64,2026-05-31T12:06:40
5392,dqn,self,1,0.4125,-0.6250,64,2026-05-31T12:06:42
5393,pool:gen_003,dqn,1,0.5750,-0.6375,64,2026-05-31T12:06:45
5394,dqn,pool:gen_002,2,0.3375,1.6000,64,2026-05-31T12:06:47
5395,pool:gen_003,dqn,1,0.6500,-0.7500,64,2026-05-31T12:06:50
5396,dqn,self,2,0.5000,1.5750,64,2026-05-31T12:06:52
5397,pool:gen_002,dqn,1,0.2750,-0.8125,64,2026-05-31T12:06:54
5398,dqn,pool:gen_005,1,0.4875,-0.7625,64,2026-05-31T12:06:57
5399,self,dqn,2,0.4500,1.4375,64,2026-05-31T12:06:59
5400,dqn,pool:gen_005,1,0.5750,-0.7250,64,2026-05-31T12:07:02
5401,pool:gen_004,dqn,1,0.6875,-0.5000,64,2026-05-31T12:14:24
5402,dqn,self,2,0.4250,1.7000,64,2026-05-31T12:14:26
5403,self,dqn,1,0.6000,-0.7000,64,2026-05-31T12:14:28
5404,dqn,heuristic,1,1.2500,-0.3000,64,2026-05-31T12:14:30
5405,self,dqn,1,0.4125,-0.7500,64,2026-05-31T12:14:32
5406,dqn,pool:gen_005,1,0.9000,-0.6125,64,2026-05-31T12:14:35
5407,self,dqn,1,0.5875,-0.7000,64,2026-05-31T12:14:37
5408,dqn,self,2,0.4875,1.5750,64,2026-05-31T12:14:39
5409,pool:gen_002,dqn,1,0.4375,-0.8125,64,2026-05-31T12:14:41
5410,dqn,heuristic,1,1.4250,-0.1625,64,2026-05-31T12:14:43
5411,pool:gen_002,dqn,2,0.2875,1.3500,64,2026-05-31T12:14:45
5412,dqn,self,2,0.5375,1.7250,64,2026-05-31T12:14:47
5413,random,dqn,2,0.4625,1.5625,64,2026-05-31T12:14:49
5414,dqn,pool:gen_005,1,0.5750,-0.7375,64,2026-05-31T12:14:52
5415,self,dqn,2,0.4500,1.5500,64,2026-05-31T12:14:54
5416,dqn,pool:gen_004,2,0.3250,1.4250,64,2026-05-31T12:14:56
5417,self,dqn,1,0.7750,-0.7750,64,2026-05-31T12:14:58
5418,dqn,self,2,0.2000,1.6250,64,2026-05-31T12:15:01
5419,self,dqn,2,0.2250,1.4375,64,2026-05-31T12:15:03
5420,dqn,self,1,0.4250,-0.6500,64,2026-05-31T12:15:05
5421,heuristic,dqn,1,0.7875,-0.3625,64,2026-05-31T12:15:07
5422,dqn,pool:gen_001,2,0.4750,1.6250,64,2026-05-31T12:15:09
5423,self,dqn,1,0.7125,-0.7250,64,2026-05-31T12:15:12
5424,dqn,heuristic,1,1.0125,-0.3875,64,2026-05-31T12:15:14
5425,pool:gen_002,dqn,1,0.3375,-0.7250,64,2026-05-31T12:15:16
5426,dqn,pool:gen_001,1,0.5250,-0.5875,64,2026-05-31T12:15:18
5427,heuristic,dqn,2,0.4625,1.9000,64,2026-05-31T12:15:20
5428,dqn,self,2,0.2125,1.2875,64,2026-05-31T12:15:23
5429,pool:gen_004,dqn,1,0.4750,-0.6625,64,2026-05-31T12:15:26
5430,dqn,self,2,0.3750,1.5750,64,2026-05-31T12:15:28
5431,pool:gen_004,dqn,2,0.4875,1.5375,64,2026-05-31T12:15:30
5432,dqn,pool:gen_003,1,0.4250,-0.6375,64,2026-05-31T12:15:33
5433,self,dqn,1,0.4375,-0.6500,64,2026-05-31T12:15:35
5434,dqn,self,1,0.4750,-0.5625,64,2026-05-31T12:15:37
5435,self,dqn,1,0.5250,-0.5875,64,2026-05-31T12:15:40
5436,dqn,self,2,0.3625,1.3750,64,2026-05-31T12:15:42
5437,pool:gen_001,dqn,2,0.4125,1.4500,64,2026-05-31T12:15:44
5438,dqn,self,2,0.2375,1.4625,64,2026-05-31T12:15:47
5439,self,dqn,1,0.6875,-0.7000,64,2026-05-31T12:15:49
5440,dqn,pool:gen_002,1,0.4750,-0.6250,64,2026-05-31T12:15:51
5441,random,dqn,2,0.3250,2.1875,64,2026-05-31T12:15:53
5442,dqn,pool:gen_004,1,0.6125,-0.5875,64,2026-05-31T12:15:56
5443,pool:gen_005,dqn,2,0.4000,1.7750,64,2026-05-31T12:15:58
5444,dqn,self,1,0.5125,-0.7625,64,2026-05-31T12:16:00
5445,random,dqn,2,0.3750,1.4625,64,2026-05-31T12:16:02
5446,dqn,self,2,0.4250,1.5625,64,2026-05-31T12:16:05
5447,random,dqn,2,0.4250,1.5875,64,2026-05-31T12:16:07
5448,dqn,heuristic,1,1.5875,-0.3625,64,2026-05-31T12:16:09
5449,pool:gen_003,dqn,1,0.4250,-0.7625,64,2026-05-31T12:16:11
5450,dqn,pool:gen_005,1,0.6375,-0.6750,64,2026-05-31T12:16:14
5451,self,dqn,1,0.4250,-0.8250,64,2026-05-31T12:16:16
5452,dqn,pool:gen_003,1,0.2875,-0.7875,64,2026-05-31T12:16:18
5453,pool:gen_005,dqn,2,0.4875,1.6875,64,2026-05-31T12:16:21
5454,dqn,pool:gen_003,2,0.3500,1.3875,64,2026-05-31T12:16:23
5455,pool:gen_004,dqn,2,0.6500,1.6250,64,2026-05-31T12:16:25
5456,dqn,pool:gen_001,1,0.7875,-0.6000,64,2026-05-31T12:16:28
5457,pool:gen_004,dqn,1,0.7000,-0.6125,64,2026-05-31T12:16:30
5458,dqn,self,1,0.7500,-0.7125,64,2026-05-31T12:16:32
5459,pool:gen_005,dqn,2,0.3750,1.6250,64,2026-05-31T12:16:35
5460,dqn,self,2,0.2625,1.4500,64,2026-05-31T12:16:37
5461,pool:gen_004,dqn,1,0.6875,-0.6250,64,2026-05-31T12:16:39
5462,dqn,self,2,0.4500,1.6375,64,2026-05-31T12:16:42
5463,pool:gen_002,dqn,1,0.7500,-0.3625,64,2026-05-31T12:16:44
5464,dqn,self,2,0.4000,1.8875,64,2026-05-31T12:16:46
5465,pool:gen_004,dqn,1,0.7000,-0.6000,64,2026-05-31T12:16:48
5466,dqn,self,1,0.7375,-0.4125,64,2026-05-31T12:16:50
5467,pool:gen_004,dqn,1,0.5250,-0.6125,64,2026-05-31T12:16:53
5468,dqn,self,2,0.3500,1.4750,64,2026-05-31T12:16:55
5469,self,dqn,1,0.5000,-0.5875,64,2026-05-31T12:16:57
5470,dqn,self,1,0.5625,-0.6875,64,2026-05-31T12:17:00
5471,self,dqn,1,0.5250,-0.6625,64,2026-05-31T12:17:02
5472,dqn,self,1,0.5375,-0.5125,64,2026-05-31T12:17:04
5473,self,dqn,1,0.6750,-0.5125,64,2026-05-31T12:17:07
5474,dqn,pool:gen_004,2,0.4125,1.4375,64,2026-05-31T12:17:09
5475,pool:gen_005,dqn,2,0.4125,1.5250,64,2026-05-31T12:17:11
5476,dqn,pool:gen_004,2,0.5000,1.7875,64,2026-05-31T12:17:13
5477,self,dqn,1,0.4875,-0.7625,64,2026-05-31T12:17:16
5478,dqn,self,2,0.5875,1.6000,64,2026-05-31T12:17:18
5479,pool:gen_005,dqn,2,0.3875,1.4375,64,2026-05-31T12:17:20
5480,dqn,pool:gen_005,1,0.3750,-0.6375,64,2026-05-31T12:17:23
5481,self,dqn,2,0.3250,1.4625,64,2026-05-31T12:17:25
5482,dqn,pool:gen_004,2,0.4875,1.6750,64,2026-05-31T12:17:27
5483,pool:gen_005,dqn,1,0.3750,-0.6625,64,2026-05-31T12:17:29
5484,dqn,self,2,0.4125,1.4500,64,2026-05-31T12:17:32
5485,self,dqn,2,0.3125,1.6125,64,2026-05-31T12:17:34
5486,dqn,pool:gen_005,1,0.3375,-0.7250,64,2026-05-31T12:17:36
5487,random,dqn,2,0.2375,1.7750,64,2026-05-31T12:17:39
5488,dqn,random,1,0.6625,-0.5875,64,2026-05-31T12:17:41
5489,self,dqn,1,0.6000,-0.6000,64,2026-05-31T12:17:43
5490,dqn,pool:gen_003,2,0.4000,1.7500,64,2026-05-31T12:17:45
5491,pool:gen_002,dqn,1,0.6125,-0.6875,64,2026-05-31T12:17:48
5492,dqn,self,1,0.4250,-0.6750,64,2026-05-31T12:17:50
5493,self,dqn,2,0.3750,1.3375,64,2026-05-31T12:17:52
5494,dqn,pool:gen_005,1,0.3625,-0.7500,64,2026-05-31T12:17:55
5495,pool:gen_004,dqn,1,0.5750,-0.5250,64,2026-05-31T12:17:58
5496,dqn,self,1,0.2875,-0.7250,64,2026-05-31T12:18:00
5497,pool:gen_004,dqn,1,0.5500,-0.8625,64,2026-05-31T12:18:03
5498,dqn,pool:gen_005,1,0.3125,-0.7875,64,2026-05-31T12:18:05
5499,self,dqn,1,0.4375,-0.7000,64,2026-05-31T12:18:08
5500,dqn,pool:gen_003,2,0.3000,1.6250,64,2026-05-31T12:18:10
5501,pool:gen_005,dqn,1,0.4125,-0.7500,64,2026-05-31T12:25:30
5502,dqn,self,2,0.4625,1.6750,64,2026-05-31T12:25:32
5503,pool:gen_003,dqn,1,0.4750,-0.6750,64,2026-05-31T12:25:35
5504,dqn,random,1,0.5125,-0.5500,64,2026-05-31T12:25:37
5505,self,dqn,2,0.4250,1.6875,64,2026-05-31T12:25:40
5506,dqn,pool:gen_001,1,0.5750,-0.4500,64,2026-05-31T12:25:42
5507,pool:gen_005,dqn,1,0.4000,-0.7625,64,2026-05-31T12:25:44
5508,dqn,pool:gen_003,2,0.2875,1.6625,64,2026-05-31T12:25:47
5509,pool:gen_001,dqn,1,1.0000,-0.6875,64,2026-05-31T12:25:49
5510,dqn,self,2,0.3250,1.5625,64,2026-05-31T12:25:51
5511,pool:gen_002,dqn,1,0.5500,-0.6500,64,2026-05-31T12:25:53
5512,dqn,pool:gen_005,2,0.2625,1.4625,64,2026-05-31T12:25:56
5513,self,dqn,1,0.4625,-0.6750,64,2026-05-31T12:25:58
5514,dqn,self,2,0.2375,1.4500,64,2026-05-31T12:26:00
5515,pool:gen_001,dqn,1,0.4750,-0.6250,64,2026-05-31T12:26:03
5516,dqn,self,1,0.5750,-0.7625,64,2026-05-31T12:26:05
5517,pool:gen_001,dqn,1,0.5250,-0.6625,64,2026-05-31T12:26:07
5518,dqn,pool:gen_003,2,0.3625,1.8625,64,2026-05-31T12:26:10
5519,self,dqn,1,0.4875,-0.7125,64,2026-05-31T12:26:12
5520,dqn,pool:gen_004,2,0.5875,1.7250,64,2026-05-31T12:26:15
5521,pool:gen_002,dqn,1,0.8125,-0.7250,64,2026-05-31T12:26:17
5522,dqn,self,2,0.2750,1.4625,64,2026-05-31T12:26:19
5523,self,dqn,1,0.3875,-0.7375,64,2026-05-31T12:26:22
5524,dqn,self,2,0.4250,1.4875,64,2026-05-31T12:26:24
5525,pool:gen_003,dqn,1,1.1625,-0.5250,64,2026-05-31T12:26:26
5526,dqn,self,2,0.3625,1.6875,64,2026-05-31T12:26:28
5527,self,dqn,1,0.4875,-0.8250,64,2026-05-31T12:26:31
5528,dqn,heuristic,2,0.3875,1.6625,64,2026-05-31T12:26:33
5529,self,dqn,1,0.6250,-0.5125,64,2026-05-31T12:26:35
5530,dqn,self,2,0.3125,1.8000,64,2026-05-31T12:26:38
5531,self,dqn,1,0.7875,-0.6375,64,2026-05-31T12:26:40
5532,dqn,pool:gen_003,2,0.2125,2.0125,64,2026-05-31T12:26:42
5533,pool:gen_005,dqn,1,0.5125,-0.6000,64,2026-05-31T12:26:44
5534,dqn,pool:gen_003,2,0.3625,1.9500,64,2026-05-31T12:26:47
5535,pool:gen_003,dqn,1,1.4125,-0.6000,64,2026-05-31T12:26:49
5536,dqn,self,1,0.6000,-0.7000,64,2026-05-31T12:26:51
5537,pool:gen_005,dqn,1,0.4625,-0.6000,64,2026-05-31T12:26:53
5538,dqn,self,2,0.4000,1.6250,64,2026-05-31T12:26:56
5539,pool:gen_004,dqn,1,0.4750,-0.6750,64,2026-05-31T12:26:58
5540,dqn,pool:gen_005,2,0.5750,1.7250,64,2026-05-31T12:27:00
5541,self,dqn,2,0.5375,1.5250,64,2026-05-31T12:27:03
5542,dqn,self,2,0.1500,1.6125,64,2026-05-31T12:27:05
5543,self,dqn,2,0.3500,1.6125,64,2026-05-31T12:27:07
5544,dqn,pool:gen_005,2,0.3000,1.5250,64,2026-05-31T12:27:09
5545,pool:gen_001,dqn,2,0.3500,1.3500,64,2026-05-31T12:27:12
5546,dqn,self,1,0.4750,-0.6500,64,2026-05-31T12:27:14
5547,pool:gen_003,dqn,1,1.2000,-0.4375,64,2026-05-31T12:27:16
5548,dqn,pool:gen_001,2,0.5375,1.5750,64,2026-05-31T12:27:19
5549,self,dqn,2,0.5125,1.4500,64,2026-05-31T12:27:21
5550,dqn,pool:gen_005,2,0.5750,1.5875,64,2026-05-31T12:27:23
5551,pool:gen_004,dqn,1,0.8000,-0.3875,64,2026-05-31T12:27:26
5552,dqn,pool:gen_002,1,0.4625,-0.6500,64,2026-05-31T12:27:28
5553,self,dqn,1,0.6000,-0.5625,64,2026-05-31T12:27:30
5554,dqn,self,1,0.4500,-0.6250,64,2026-05-31T12:27:33
5555,self,dqn,1,0.5625,-0.7000,64,2026-05-31T12:27:35
5556,dqn,pool:gen_002,2,0.2875,1.5250,64,2026-05-31T12:27:37
5557,self,dqn,1,0.7250,-0.5125,64,2026-05-31T12:27:39
5558,dqn,pool:gen_001,1,0.6000,-0.5625,64,2026-05-31T12:27:42
5559,random,dqn,2,0.3875,1.7500,64,2026-05-31T12:27:44
5560,dqn,pool:gen_001,1,0.6125,-0.5625,64,2026-05-31T12:27:46
5561,self,dqn,1,0.5125,-0.7125,64,2026-05-31T12:27:48
5562,dqn,pool:gen_005,2,0.4875,1.6750,64,2026-05-31T12:27:50
5563,heuristic,dqn,2,0.7500,2.0500,64,2026-05-31T12:27:52
5564,dqn,self,2,0.2625,1.4375,64,2026-05-31T12:27:55
5565,pool:gen_001,dqn,2,0.3625,1.4250,64,2026-05-31T12:27:57
5566,dqn,random,1,0.6250,-0.6000,64,2026-05-31T12:27:59
5567,self,dqn,2,0.4375,1.5250,64,2026-05-31T12:28:01
5568,dqn,pool:gen_001,1,0.6000,-0.5375,64,2026-05-31T12:28:03
5569,self,dqn,1,0.5750,-0.5125,64,2026-05-31T12:28:06
5570,dqn,self,2,0.5000,1.8000,64,2026-05-31T12:28:08
5571,self,dqn,1,0.4875,-0.8750,64,2026-05-31T12:28:10
5572,dqn,random,1,0.5875,-0.7750,64,2026-05-31T12:28:12
5573,self,dqn,1,0.5125,-0.6125,64,2026-05-31T12:28:15
5574,dqn,self,2,0.3125,1.4250,64,2026-05-31T12:28:17
5575,pool:gen_003,dqn,1,0.9500,-0.7875,64,2026-05-31T12:28:19
5576,dqn,pool:gen_005,1,0.7000,-0.5875,64,2026-05-31T12:28:21
5577,pool:gen_004,dqn,1,0.9375,-0.4750,64,2026-05-31T12:28:23
5578,dqn,self,1,0.4750,-0.6125,64,2026-05-31T12:28:25
5579,self,dqn,1,0.5000,-0.6000,64,2026-05-31T12:28:27
5580,dqn,self,2,0.4250,1.6000,64,2026-05-31T12:28:30
5581,pool:gen_003,dqn,1,0.9750,-0.6500,64,2026-05-31T12:28:32
5582,dqn,pool:gen_003,2,0.3125,1.9750,64,2026-05-31T12:28:34
5583,pool:gen_005,dqn,1,0.5875,-0.6750,64,2026-05-31T12:28:36
5584,dqn,pool:gen_003,2,0.2500,1.7500,64,2026-05-31T12:28:38
5585,self,dqn,2,0.3750,1.6125,64,2026-05-31T12:28:41
5586,dqn,self,2,0.2625,1.5250,64,2026-05-31T12:28:43
5587,self,dqn,2,0.4125,1.5250,64,2026-05-31T12:28:46
5588,dqn,self,1,0.4875,-0.7500,64,2026-05-31T12:28:48
5589,pool:gen_004,dqn,1,0.6250,-0.5750,64,2026-05-31T12:28:50
5590,dqn,pool:gen_005,2,0.5000,1.6000,64,2026-05-31T12:28:52
5591,self,dqn,1,0.4625,-0.7250,64,2026-05-31T12:28:55
5592,dqn,heuristic,1,1.2375,-0.2750,64,2026-05-31T12:28:57
5593,heuristic,dqn,2,0.5125,1.9000,64,2026-05-31T12:28:59
5594,dqn,self,1,0.4750,-0.8250,64,2026-05-31T12:29:01
5595,pool:gen_002,dqn,1,0.6625,-0.7750,64,2026-05-31T12:29:03
5596,dqn,self,1,0.5625,-0.5625,64,2026-05-31T12:29:05
5597,self,dqn,1,0.5875,-0.7500,64,2026-05-31T12:29:08
5598,dqn,pool:gen_004,1,0.6250,-0.3875,64,2026-05-31T12:29:10
5599,self,dqn,1,0.5125,-0.6500,64,2026-05-31T12:29:13
5600,dqn,random,1,0.8250,-0.6125,64,2026-05-31T12:29:15
5601,pool:gen_001,dqn,1,0.8250,-0.4125,64,2026-05-31T12:36:34
5602,dqn,self,2,0.4250,1.5000,64,2026-05-31T12:36:36
5603,pool:gen_003,dqn,1,0.4500,-0.7750,64,2026-05-31T12:36:38
5604,dqn,pool:gen_005,1,0.7000,-0.4875,64,2026-05-31T12:36:40
5605,self,dqn,1,0.5625,-0.5000,64,2026-05-31T12:36:43
5606,dqn,self,2,0.5625,1.8000,64,2026-05-31T12:36:45
5607,self,dqn,2,0.2750,1.5875,64,2026-05-31T12:36:48
5608,dqn,self,2,0.3500,1.3625,64,2026-05-31T12:36:49
5609,self,dqn,1,0.5750,-0.8125,64,2026-05-31T12:36:52
5610,dqn,pool:gen_001,1,0.6500,-0.5875,64,2026-05-31T12:36:54
5611,self,dqn,1,0.4500,-0.6375,64,2026-05-31T12:36:56
5612,dqn,pool:gen_005,1,0.5000,-0.5750,64,2026-05-31T12:36:59
5613,self,dqn,2,0.3125,1.4000,64,2026-05-31T12:37:01
5614,dqn,pool:gen_002,2,0.2750,1.5875,64,2026-05-31T12:37:04
5615,pool:gen_005,dqn,2,0.2625,1.3375,64,2026-05-31T12:37:06
5616,dqn,pool:gen_003,2,0.6125,1.8625,64,2026-05-31T12:37:08
5617,self,dqn,1,0.6125,-0.6875,64,2026-05-31T12:37:10
5618,dqn,pool:gen_005,1,0.6750,-0.5375,64,2026-05-31T12:37:12
5619,self,dqn,2,0.2625,1.2875,64,2026-05-31T12:37:14
5620,dqn,pool:gen_003,1,0.4625,-0.5500,64,2026-05-31T12:37:17
5621,pool:gen_003,dqn,1,0.9000,-0.5125,64,2026-05-31T12:37:19
5622,dqn,self,2,0.4125,1.4750,64,2026-05-31T12:37:21
5623,pool:gen_005,dqn,1,0.5625,-0.5625,64,2026-05-31T12:37:23
5624,dqn,random,1,0.5000,-0.8125,64,2026-05-31T12:37:25
5625,heuristic,dqn,2,0.3375,1.7750,64,2026-05-31T12:37:28
5626,dqn,pool:gen_005,1,0.4125,-0.7125,64,2026-05-31T12:37:30
5627,self,dqn,2,0.2875,1.5125,64,2026-05-31T12:37:32
5628,dqn,self,1,0.4750,-0.6625,64,2026-05-31T12:37:34
5629,pool:gen_004,dqn,2,0.6625,1.8250,64,2026-05-31T12:37:36
5630,dqn,pool:gen_003,2,0.3500,1.6250,64,2026-05-31T12:37:38
5631,pool:gen_001,dqn,2,0.6750,1.7125,64,2026-05-31T12:37:41
5632,dqn,pool:gen_001,1,0.6500,-0.4625,64,2026-05-31T12:37:43
5633,self,dqn,1,0.4875,-0.5125,64,2026-05-31T12:37:45
5634,dqn,self,2,0.2750,1.4875,64,2026-05-31T12:37:47
5635,pool:gen_002,dqn,1,0.2750,-0.7750,64,2026-05-31T12:37:49
5636,dqn,pool:gen_001,1,0.5375,-0.4875,64,2026-05-31T12:37:52
5637,self,dqn,2,0.3250,1.3375,64,2026-05-31T12:37:54
5638,dqn,self,1,0.4625,-0.5875,64,2026-05-31T12:37:56
5639,pool:gen_003,dqn,1,0.7750,-0.7000,64,2026-05-31T12:37:59
5640,dqn,self,2,0.3625,1.3750,64,2026-05-31T12:38:01
5641,self,dqn,1,0.6000,-0.6750,64,2026-05-31T12:38:03
5642,dqn,pool:gen_001,1,0.6625,-0.4375,64,2026-05-31T12:38:05
5643,pool:gen_004,dqn,2,0.5125,1.7000,64,2026-05-31T12:38:08
5644,dqn,pool:gen_002,2,0.4625,1.4625,64,2026-05-31T12:38:10
5645,self,dqn,1,0.4625,-0.7750,64,2026-05-31T12:38:12
5646,dqn,pool:gen_002,2,0.5625,1.6000,64,2026-05-31T12:38:14
5647,pool:gen_003,dqn,2,0.3750,1.4250,64,2026-05-31T12:38:16
5648,dqn,pool:gen_001,1,0.7000,-0.5875,64,2026-05-31T12:38:19
5649,self,dqn,1,0.5250,-0.7250,64,2026-05-31T12:38:21
5650,dqn,pool:gen_005,1,0.7625,-0.6000,64,2026-05-31T12:38:23
5651,pool:gen_002,dqn,1,0.6875,-0.7500,64,2026-05-31T12:38:25
5652,dqn,self,1,0.4125,-0.7000,64,2026-05-31T12:38:27
5653,pool:gen_001,dqn,2,0.4000,1.5250,64,2026-05-31T12:38:30
5654,dqn,pool:gen_002,1,0.3750,-0.6500,64,2026-05-31T12:38:32
5655,pool:gen_001,dqn,2,0.3000,1.4375,64,2026-05-31T12:38:35
5656,dqn,self,2,0.4125,1.3750,64,2026-05-31T12:38:37
5657,pool:gen_003,dqn,1,0.5750,-0.7250,64,2026-05-31T12:38:40
5658,dqn,self,2,0.4125,1.5000,64,2026-05-31T12:38:42
5659,pool:gen_004,dqn,2,0.3250,1.5000,64,2026-05-31T12:38:44
5660,dqn,pool:gen_001,1,0.3750,-0.7375,64,2026-05-31T12:38:46
5661,self,dqn,1,0.3250,-0.7625,64,2026-05-31T12:38:49
5662,dqn,pool:gen_001,2,0.4000,1.6375,64,2026-05-31T12:38:51
5663,self,dqn,1,0.6375,-0.7250,64,2026-05-31T12:38:53
5664,dqn,self,2,0.5250,1.5875,64,2026-05-31T12:38:55
5665,pool:gen_001,dqn,2,0.2750,1.6000,64,2026-05-31T12:38:58
5666,dqn,self,1,0.6000,-0.4625,64,2026-05-31T12:39:00
5667,self,dqn,1,0.6625,-0.6625,64,2026-05-31T12:39:02
5668,dqn,self,1,0.4250,-0.6375,64,2026-05-31T12:39:04
5669,pool:gen_001,dqn,2,0.1875,1.3750,64,2026-05-31T12:39:07
5670,dqn,pool:gen_003,1,0.4125,-0.7000,64,2026-05-31T12:39:09
5671,pool:gen_004,dqn,1,0.4500,-0.7000,64,2026-05-31T12:39:11
5672,dqn,pool:gen_001,2,0.3375,1.3625,64,2026-05-31T12:39:14
5673,self,dqn,1,0.6000,-0.6875,64,2026-05-31T12:39:16
5674,dqn,pool:gen_001,1,0.4125,-0.6500,64,2026-05-31T12:39:18
5675,pool:gen_002,dqn,2,0.4625,1.5375,64,2026-05-31T12:39:21
5676,dqn,self,2,0.3750,1.5625,64,2026-05-31T12:39:23
5677,self,dqn,1,0.2375,-0.7875,64,2026-05-31T12:39:25
5678,dqn,self,2,0.3000,1.5125,64,2026-05-31T12:39:28
5679,random,dqn,2,0.3375,1.5875,64,2026-05-31T12:39:30
5680,dqn,random,1,0.7875,-0.6625,64,2026-05-31T12:39:32
5681,self,dqn,2,0.4500,1.5250,64,2026-05-31T12:39:35
5682,dqn,self,2,0.5500,1.6875,64,2026-05-31T12:39:37
5683,pool:gen_002,dqn,1,0.3375,-0.7500,64,2026-05-31T12:39:39
5684,dqn,self,1,0.5875,-0.5125,64,2026-05-31T12:39:41
5685,self,dqn,1,0.3875,-0.6375,64,2026-05-31T12:39:44
5686,dqn,self,2,0.6125,1.6500,64,2026-05-31T12:39:47
5687,self,dqn,1,0.4250,-0.6375,64,2026-05-31T12:39:49
5688,dqn,heuristic,1,1.1875,-0.3000,64,2026-05-31T12:39:51
5689,pool:gen_003,dqn,1,0.4250,-0.8000,64,2026-05-31T12:39:54
5690,dqn,self,1,0.5375,-0.6750,64,2026-05-31T12:39:56
5691,self,dqn,1,0.7750,-0.7750,64,2026-05-31T12:39:58
5692,dqn,self,1,0.4250,-0.6500,64,2026-05-31T12:40:01
5693,pool:gen_002,dqn,1,0.5125,-0.6250,64,2026-05-31T12:40:03
5694,dqn,self,2,0.6500,1.5875,64,2026-05-31T12:40:05
5695,self,dqn,1,0.5250,-0.7000,64,2026-05-31T12:40:07
5696,dqn,self,2,0.3250,1.3500,64,2026-05-31T12:40:10
5697,self,dqn,1,0.6250,-0.7625,64,2026-05-31T12:40:12
5698,dqn,pool:gen_001,2,0.2500,1.3000,64,2026-05-31T12:40:15
5699,pool:gen_004,dqn,1,0.4875,-0.5750,64,2026-05-31T12:40:17
5700,dqn,pool:gen_005,1,0.6500,-0.7125,64,2026-05-31T12:40:19
5701,self,dqn,1,0.7625,-0.6000,64,2026-05-31T12:47:28
5702,dqn,pool:gen_003,2,0.3625,1.5500,64,2026-05-31T12:47:30
5703,pool:gen_003,dqn,1,0.3500,-0.7125,64,2026-05-31T12:47:32
5704,dqn,self,2,0.2375,1.6875,64,2026-05-31T12:47:33
5705,self,dqn,2,0.3625,1.3625,64,2026-05-31T12:47:35
5706,dqn,self,1,0.4750,-0.7000,64,2026-05-31T12:47:37
5707,pool:gen_002,dqn,1,0.6500,-0.5500,64,2026-05-31T12:47:39
5708,dqn,pool:gen_003,2,0.5125,1.5250,64,2026-05-31T12:47:40
5709,self,dqn,1,0.5125,-0.6875,64,2026-05-31T12:47:42
5710,dqn,pool:gen_004,2,0.1875,1.5000,64,2026-05-31T12:47:44
5711,random,dqn,2,0.3125,1.8250,64,2026-05-31T12:47:46
5712,dqn,self,2,0.3125,1.8000,64,2026-05-31T12:47:47
5713,self,dqn,1,0.4875,-0.6375,64,2026-05-31T12:47:49
5714,dqn,pool:gen_001,1,0.9250,-0.4750,64,2026-05-31T12:47:51
5715,random,dqn,2,0.2500,1.8625,64,2026-05-31T12:47:53
5716,dqn,random,1,1.0000,-0.6500,64,2026-05-31T12:47:55
5717,pool:gen_003,dqn,1,0.8250,-0.6625,64,2026-05-31T12:47:57
5718,dqn,pool:gen_001,1,0.5750,-0.5625,64,2026-05-31T12:47:59
5719,pool:gen_004,dqn,1,0.4375,-0.6250,64,2026-05-31T12:48:00
5720,dqn,pool:gen_002,2,0.4250,1.5250,64,2026-05-31T12:48:02
5721,pool:gen_002,dqn,1,0.4125,-0.7125,64,2026-05-31T12:48:04
5722,dqn,pool:gen_001,1,0.6625,-0.4125,64,2026-05-31T12:48:06
5723,self,dqn,1,0.6000,-0.7875,64,2026-05-31T12:48:08
5724,dqn,pool:gen_002,1,0.5750,-0.7250,64,2026-05-31T12:48:09
5725,pool:gen_004,dqn,1,0.5250,-0.8000,64,2026-05-31T12:48:11
5726,dqn,self,2,0.2875,1.3625,64,2026-05-31T12:48:13
5727,pool:gen_004,dqn,1,0.5875,-0.7375,64,2026-05-31T12:48:15
5728,dqn,pool:gen_005,1,0.6625,-0.4500,64,2026-05-31T12:48:17
5729,pool:gen_004,dqn,1,0.6000,-0.7625,64,2026-05-31T12:48:18
5730,dqn,self,2,0.3500,1.4500,64,2026-05-31T12:48:20
5731,self,dqn,1,0.4625,-0.5625,64,2026-05-31T12:48:22
5732,dqn,self,2,0.4250,1.5250,64,2026-05-31T12:48:24
5733,random,dqn,2,0.2500,1.4500,64,2026-05-31T12:48:26
5734,dqn,self,2,0.5375,2.2000,64,2026-05-31T12:48:28
5735,pool:gen_001,dqn,1,0.6375,-0.5625,64,2026-05-31T12:48:29
5736,dqn,self,2,0.3125,1.4500,64,2026-05-31T12:48:31
5737,self,dqn,1,0.4875,-0.7125,64,2026-05-31T12:48:33
5738,dqn,heuristic,1,1.0750,-0.3625,64,2026-05-31T12:48:35
5739,self,dqn,2,0.3875,1.4750,64,2026-05-31T12:48:37
5740,dqn,pool:gen_004,2,0.3375,1.5125,64,2026-05-31T12:48:38
5741,heuristic,dqn,2,0.8500,2.3500,64,2026-05-31T12:48:40
5742,dqn,self,2,0.3875,1.4750,64,2026-05-31T12:48:42
5743,pool:gen_005,dqn,2,0.4875,1.5875,64,2026-05-31T12:48:44
5744,dqn,pool:gen_003,2,0.3750,1.4875,64,2026-05-31T12:48:45
5745,pool:gen_001,dqn,2,0.3750,1.4375,64,2026-05-31T12:48:47
5746,dqn,random,1,0.7875,-0.7375,64,2026-05-31T12:48:49
5747,pool:gen_004,dqn,1,0.5875,-0.7500,64,2026-05-31T12:48:51
5748,dqn,self,1,0.4750,-0.5750,64,2026-05-31T12:48:52
5749,self,dqn,1,0.4500,-0.8125,64,2026-05-31T12:48:54
5750,dqn,pool:gen_003,2,0.4000,1.5250,64,2026-05-31T12:48:56
5751,heuristic,dqn,2,0.6125,1.7750,64,2026-05-31T12:48:58
5752,dqn,pool:gen_002,2,0.4250,1.5125,64,2026-05-31T12:48:59
5753,pool:gen_001,dqn,1,0.3875,-0.7125,64,2026-05-31T12:49:01
5754,dqn,self,2,0.2250,1.3500,64,2026-05-31T12:49:03
5755,pool:gen_004,dqn,1,0.3250,-0.7625,64,2026-05-31T12:49:05
5756,dqn,self,2,0.3875,1.5125,64,2026-05-31T12:49:07
5757,pool:gen_001,dqn,2,0.6375,1.6875,64,2026-05-31T12:49:09
5758,dqn,self,2,0.3625,1.5375,64,2026-05-31T12:49:10
5759,pool:gen_001,dqn,1,0.5500,-0.5000,64,2026-05-31T12:49:12
5760,dqn,self,1,0.3250,-0.7000,64,2026-05-31T12:49:14
5761,pool:gen_005,dqn,2,0.5875,1.5625,64,2026-05-31T12:49:16
5762,dqn,self,1,0.6875,-0.6250,64,2026-05-31T12:49:18
5763,self,dqn,2,0.2500,1.2625,64,2026-05-31T12:49:19
5764,dqn,pool:gen_003,2,0.5000,2.0125,64,2026-05-31T12:49:21
5765,self,dqn,2,0.4375,1.5500,64,2026-05-31T12:49:24
5766,dqn,pool:gen_001,1,0.7250,-0.4500,64,2026-05-31T12:49:26
5767,self,dqn,1,0.5125,-0.5000,64,2026-05-31T12:49:29
5768,dqn,self,2,0.4000,1.4750,64,2026-05-31T12:49:32
5769,self,dqn,1,0.5750,-0.6375,64,2026-05-31T12:49:35
5770,dqn,pool:gen_003,1,0.5625,-0.5125,64,2026-05-31T12:49:37
5771,pool:gen_005,dqn,2,0.3875,1.6000,64,2026-05-31T12:49:40
5772,dqn,pool:gen_005,1,0.6000,-0.5750,64,2026-05-31T12:49:43
5773,pool:gen_003,dqn,1,0.6875,-0.7000,64,2026-05-31T12:49:45
5774,dqn,pool:gen_002,1,0.5750,-0.6125,64,2026-05-31T12:49:47
5775,heuristic,dqn,2,0.4000,1.7125,64,2026-05-31T12:49:49
5776,dqn,pool:gen_003,2,0.4125,1.7875,64,2026-05-31T12:49:51
5777,pool:gen_004,dqn,1,0.5125,-0.8250,64,2026-05-31T12:49:54
5778,dqn,pool:gen_002,1,0.3375,-0.7125,64,2026-05-31T12:49:56
5779,self,dqn,2,0.3250,1.3375,64,2026-05-31T12:49:59
5780,dqn,self,1,0.3500,-0.6875,64,2026-05-31T12:50:01
5781,heuristic,dqn,2,0.3875,1.9500,64,2026-05-31T12:50:03
5782,dqn,pool:gen_002,2,0.4125,1.7000,64,2026-05-31T12:50:06
5783,pool:gen_005,dqn,2,0.5125,1.6375,64,2026-05-31T12:50:08
5784,dqn,self,1,0.5750,-0.4750,64,2026-05-31T12:50:11
5785,pool:gen_001,dqn,2,0.3625,1.6250,64,2026-05-31T12:50:13
5786,dqn,random,1,0.7750,-0.6125,64,2026-05-31T12:50:15
5787,self,dqn,1,0.3500,-0.6625,64,2026-05-31T12:50:18
5788,dqn,heuristic,1,1.2625,-0.5500,64,2026-05-31T12:50:20
5789,pool:gen_005,dqn,1,0.5125,-0.6125,64,2026-05-31T12:50:22
5790,dqn,pool:gen_005,2,0.3500,1.4250,64,2026-05-31T12:50:25
5791,self,dqn,1,0.6375,-0.7500,64,2026-05-31T12:50:27
5792,dqn,self,2,0.5500,1.5375,64,2026-05-31T12:50:29
5793,pool:gen_003,dqn,1,0.5625,-0.7500,64,2026-05-31T12:50:32
5794,dqn,pool:gen_005,1,0.5375,-0.7625,64,2026-05-31T12:50:34
5795,pool:gen_002,dqn,1,0.6500,-0.7125,64,2026-05-31T12:50:36
5796,dqn,pool:gen_001,1,0.5250,-0.5875,64,2026-05-31T12:50:38
5797,self,dqn,1,0.5875,-0.6875,64,2026-05-31T12:50:41
5798,dqn,pool:gen_004,2,0.4125,1.8750,64,2026-05-31T12:50:43
5799,pool:gen_003,dqn,1,0.7625,-0.7000,64,2026-05-31T12:50:45
5800,dqn,pool:gen_001,1,0.7000,-0.6125,64,2026-05-31T12:50:47
5801,self,dqn,1,0.7125,-0.3875,64,2026-05-31T12:58:26
5802,dqn,self,1,0.5875,-0.5375,64,2026-05-31T12:58:29
5803,pool:gen_005,dqn,2,0.3875,1.5500,64,2026-05-31T12:58:31
5804,dqn,self,1,0.3625,-0.7875,64,2026-05-31T12:58:34
5805,pool:gen_005,dqn,2,0.4750,1.4875,64,2026-05-31T12:58:36
5806,dqn,random,1,0.6625,-0.7125,64,2026-05-31T12:58:38
5807,pool:gen_004,dqn,1,0.8250,-0.6500,64,2026-05-31T12:58:40
5808,dqn,self,2,0.5750,1.6500,64,2026-05-31T12:58:43
5809,pool:gen_001,dqn,1,0.3625,-0.7500,64,2026-05-31T12:58:45
5810,dqn,self,1,0.6750,-0.5875,64,2026-05-31T12:58:47
5811,self,dqn,2,0.3750,1.6250,64,2026-05-31T12:58:49
5812,dqn,self,1,0.6875,-0.7375,64,2026-05-31T12:58:51
5813,pool:gen_004,dqn,2,0.4625,1.6000,64,2026-05-31T12:58:54
5814,dqn,self,1,0.3500,-0.7000,64,2026-05-31T12:58:56
5815,self,dqn,2,0.6750,1.7250,64,2026-05-31T12:58:58
5816,dqn,pool:gen_003,2,0.2875,1.5875,64,2026-05-31T12:59:00
5817,pool:gen_003,dqn,1,0.6500,-0.7500,64,2026-05-31T12:59:03
5818,dqn,random,1,0.7250,-0.7125,64,2026-05-31T12:59:05
5819,self,dqn,2,0.5875,1.6625,64,2026-05-31T12:59:07
5820,dqn,self,1,0.5000,-0.7250,64,2026-05-31T12:59:09
5821,pool:gen_001,dqn,2,0.4125,1.4500,64,2026-05-31T12:59:11
5822,dqn,pool:gen_004,draw,0.6875,0.6375,64,2026-05-31T12:59:14
5823,pool:gen_002,dqn,1,0.4500,-0.7625,64,2026-05-31T12:59:16
5824,dqn,pool:gen_004,2,0.5750,1.7250,64,2026-05-31T12:59:18
5825,self,dqn,1,0.8125,-0.5500,64,2026-05-31T12:59:20
5826,dqn,self,2,0.3125,1.3000,64,2026-05-31T12:59:22
5827,self,dqn,1,0.4250,-0.7000,64,2026-05-31T12:59:24
5828,dqn,pool:gen_004,2,0.3625,1.8125,64,2026-05-31T12:59:27
5829,pool:gen_005,dqn,1,0.5500,-0.5250,64,2026-05-31T12:59:29
5830,dqn,pool:gen_004,2,0.5375,1.6250,64,2026-05-31T12:59:31
5831,self,dqn,1,1.0875,-0.5500,64,2026-05-31T12:59:34
5832,dqn,pool:gen_004,2,0.7250,1.6500,64,2026-05-31T12:59:36
5833,random,dqn,2,0.3375,1.6750,64,2026-05-31T12:59:38
5834,dqn,self,2,0.4125,1.6625,64,2026-05-31T12:59:40
5835,self,dqn,1,0.5500,-0.5250,64,2026-05-31T12:59:43
5836,dqn,pool:gen_005,1,0.5750,-0.6000,64,2026-05-31T12:59:45
5837,random,dqn,2,0.2875,1.4250,64,2026-05-31T12:59:47
5838,dqn,self,1,0.7250,-0.3250,64,2026-05-31T12:59:49
5839,self,dqn,1,0.5625,-0.7625,64,2026-05-31T12:59:52
5840,dqn,self,2,0.3750,1.5125,64,2026-05-31T12:59:54
5841,pool:gen_002,dqn,1,0.4375,-0.8000,64,2026-05-31T12:59:56
5842,dqn,self,2,0.2375,1.3875,64,2026-05-31T12:59:59
5843,pool:gen_004,dqn,2,0.3875,1.5375,64,2026-05-31T13:00:01
5844,dqn,self,2,0.4500,1.5750,64,2026-05-31T13:00:03
5845,self,dqn,1,0.4250,-0.7375,64,2026-05-31T13:00:06
5846,dqn,self,2,0.4000,1.4375,64,2026-05-31T13:00:08
5847,self,dqn,2,0.3750,1.4625,64,2026-05-31T13:00:10
5848,dqn,pool:gen_004,2,0.3375,1.4375,64,2026-05-31T13:00:13
5849,self,dqn,1,0.6500,-0.5875,64,2026-05-31T13:00:15
5850,dqn,heuristic,1,1.0250,-0.4250,64,2026-05-31T13:00:17
5851,pool:gen_005,dqn,2,0.3625,1.5125,64,2026-05-31T13:00:19
5852,dqn,pool:gen_005,1,0.4375,-0.7875,64,2026-05-31T13:00:22
5853,self,dqn,1,0.5125,-0.6000,64,2026-05-31T13:00:24
5854,dqn,self,2,0.2000,1.3750,64,2026-05-31T13:00:26
5855,random,dqn,2,0.2625,1.6875,64,2026-05-31T13:00:28
5856,dqn,random,1,0.9125,-0.7000,64,2026-05-31T13:00:31
5857,heuristic,dqn,2,0.6000,1.7375,64,2026-05-31T13:00:33
5858,dqn,self,2,0.2625,1.4250,64,2026-05-31T13:00:35
5859,self,dqn,1,0.4625,-0.6375,64,2026-05-31T13:00:37
5860,dqn,self,2,0.3875,1.5750,64,2026-05-31T13:00:40
5861,self,dqn,1,0.7250,-0.5875,64,2026-05-31T13:00:42
5862,dqn,pool:gen_001,1,0.7125,-0.5375,64,2026-05-31T13:00:44
5863,self,dqn,1,0.5625,-0.6375,64,2026-05-31T13:00:46
5864,dqn,pool:gen_005,2,0.3625,1.3875,64,2026-05-31T13:00:48
5865,pool:gen_001,dqn,2,0.4125,1.6125,64,2026-05-31T13:00:50
5866,dqn,pool:gen_002,1,0.4625,-0.5625,64,2026-05-31T13:00:53
5867,self,dqn,1,0.8375,-0.3875,64,2026-05-31T13:00:55
5868,dqn,self,2,0.3750,1.6250,64,2026-05-31T13:00:57
5869,pool:gen_005,dqn,1,0.3625,-0.7625,64,2026-05-31T13:01:00
5870,dqn,self,1,0.4750,-0.5875,64,2026-05-31T13:01:02
5871,pool:gen_005,dqn,2,0.3500,1.5250,64,2026-05-31T13:01:04
5872,dqn,pool:gen_002,2,0.3500,1.2875,64,2026-05-31T13:01:07
5873,self,dqn,1,0.4000,-0.6875,64,2026-05-31T13:01:09
5874,dqn,random,2,0.4250,1.5375,64,2026-05-31T13:01:11
5875,pool:gen_002,dqn,1,0.4625,-0.7375,64,2026-05-31T13:01:13
5876,dqn,self,2,0.5375,1.7750,64,2026-05-31T13:01:15
5877,pool:gen_003,dqn,1,0.6375,-0.6000,64,2026-05-31T13:01:18
5878,dqn,pool:gen_005,1,0.4750,-0.6750,64,2026-05-31T13:01:20
5879,random,dqn,2,0.3750,1.7625,64,2026-05-31T13:01:22
5880,dqn,self,2,0.4625,1.4500,64,2026-05-31T13:01:25
5881,pool:gen_002,dqn,1,0.5250,-0.6750,64,2026-05-31T13:01:27
5882,dqn,self,2,0.5125,1.5250,64,2026-05-31T13:01:30
5883,pool:gen_001,dqn,2,0.2625,1.5375,64,2026-05-31T13:01:32
5884,dqn,pool:gen_003,2,0.2125,1.8125,64,2026-05-31T13:01:34
5885,self,dqn,1,0.7500,-0.5250,64,2026-05-31T13:01:36
5886,dqn,self,2,0.3125,1.5875,64,2026-05-31T13:01:39
5887,self,dqn,2,0.4250,1.4375,64,2026-05-31T13:01:41
5888,dqn,self,1,0.3625,-0.7125,64,2026-05-31T13:01:44
5889,self,dqn,1,0.6375,-0.6750,64,2026-05-31T13:01:46
5890,dqn,pool:gen_004,1,0.5375,-0.5625,64,2026-05-31T13:01:48
5891,self,dqn,2,0.3875,1.4750,64,2026-05-31T13:01:51
5892,dqn,self,1,0.4000,-0.8000,64,2026-05-31T13:01:53
5893,pool:gen_002,dqn,1,0.6125,-0.6875,64,2026-05-31T13:01:55
5894,dqn,heuristic,1,1.2375,-0.3000,64,2026-05-31T13:01:57
5895,random,dqn,2,0.3375,1.8000,64,2026-05-31T13:02:00
5896,dqn,self,1,0.6625,-0.6250,64,2026-05-31T13:02:02
5897,pool:gen_004,dqn,1,0.5750,-0.6500,64,2026-05-31T13:02:04
5898,dqn,pool:gen_003,2,0.3250,1.4750,64,2026-05-31T13:02:06
5899,self,dqn,1,0.6625,-0.7750,64,2026-05-31T13:02:08
5900,dqn,self,2,0.4125,1.6375,64,2026-05-31T13:02:11
5901,pool:gen_002,dqn,1,0.5625,-0.5875,64,2026-05-31T13:09:38
5902,dqn,pool:gen_004,1,0.6875,-0.4500,64,2026-05-31T13:09:41
5903,pool:gen_003,dqn,1,0.4625,-0.6375,64,2026-05-31T13:09:43
5904,dqn,pool:gen_002,2,0.4000,1.5750,64,2026-05-31T13:09:45
5905,heuristic,dqn,2,0.5625,1.9375,64,2026-05-31T13:09:47
5906,dqn,self,2,0.3500,1.6125,64,2026-05-31T13:09:50
5907,random,dqn,2,0.5500,1.9750,64,2026-05-31T13:09:52
5908,dqn,pool:gen_002,1,0.6875,-0.5375,64,2026-05-31T13:09:53
5909,pool:gen_002,dqn,1,0.4000,-0.7250,64,2026-05-31T13:09:55
5910,dqn,self,2,0.3625,1.6000,64,2026-05-31T13:09:58
5911,self,dqn,1,0.3625,-0.6875,64,2026-05-31T13:10:00
5912,dqn,pool:gen_004,2,0.3875,1.5000,64,2026-05-31T13:10:02
5913,pool:gen_002,dqn,2,0.4750,1.5500,64,2026-05-31T13:10:05
5914,dqn,self,1,0.4375,-0.6000,64,2026-05-31T13:10:07
5915,pool:gen_003,dqn,1,0.7750,-0.7250,64,2026-05-31T13:10:09
5916,dqn,self,2,0.3375,1.5375,64,2026-05-31T13:10:11
5917,random,dqn,2,0.2750,1.6625,64,2026-05-31T13:10:13
5918,dqn,self,1,0.7500,-0.5875,64,2026-05-31T13:10:16
5919,pool:gen_003,dqn,1,0.5250,-0.7500,64,2026-05-31T13:10:18
5920,dqn,pool:gen_002,1,0.3625,-0.7000,64,2026-05-31T13:10:20
5921,pool:gen_005,dqn,2,0.4500,1.6500,64,2026-05-31T13:10:23
5922,dqn,pool:gen_005,1,0.6000,-0.5250,64,2026-05-31T13:10:25
5923,self,dqn,1,0.3750,-0.7875,64,2026-05-31T13:10:27
5924,dqn,self,2,0.2500,1.3625,64,2026-05-31T13:10:29
5925,pool:gen_005,dqn,2,0.5125,1.8625,64,2026-05-31T13:10:32
5926,dqn,pool:gen_003,2,0.4250,1.6625,64,2026-05-31T13:10:34
5927,self,dqn,1,0.3625,-0.7000,64,2026-05-31T13:10:36
5928,dqn,self,1,0.5250,-0.5625,64,2026-05-31T13:10:38
5929,pool:gen_001,dqn,2,0.2000,1.4625,64,2026-05-31T13:10:40
5930,dqn,self,2,0.3000,1.3750,64,2026-05-31T13:10:42
5931,pool:gen_004,dqn,1,0.8125,-0.5875,64,2026-05-31T13:10:45
5932,dqn,self,2,0.5000,1.6750,64,2026-05-31T13:10:47
5933,self,dqn,1,0.3625,-0.7125,64,2026-05-31T13:10:50
5934,dqn,pool:gen_003,2,0.3875,1.4625,64,2026-05-31T13:10:52
5935,self,dqn,1,0.4125,-0.7125,64,2026-05-31T13:10:54
5936,dqn,random,2,0.4000,1.6000,64,2026-05-31T13:10:56
5937,self,dqn,1,0.5500,-0.7625,64,2026-05-31T13:10:58
5938,dqn,self,2,0.4625,1.5625,64,2026-05-31T13:11:00
5939,pool:gen_003,dqn,1,0.5625,-0.7250,64,2026-05-31T13:11:03
5940,dqn,pool:gen_003,2,0.2500,1.6375,64,2026-05-31T13:11:05
5941,pool:gen_004,dqn,1,0.7125,-0.7500,64,2026-05-31T13:11:07
5942,dqn,self,2,0.2500,1.4750,64,2026-05-31T13:11:09
5943,self,dqn,1,0.7875,-0.7875,64,2026-05-31T13:11:12
5944,dqn,self,2,0.3000,1.3625,64,2026-05-31T13:11:14
5945,pool:gen_005,dqn,draw,0.3500,0.3500,64,2026-05-31T13:11:16
5946,dqn,pool:gen_001,1,0.5875,-0.4625,64,2026-05-31T13:11:19
5947,pool:gen_001,dqn,2,0.3625,1.5625,64,2026-05-31T13:11:21
5948,dqn,self,2,0.5375,1.7125,64,2026-05-31T13:11:23
5949,pool:gen_004,dqn,2,0.5000,1.5250,64,2026-05-31T13:11:25
5950,dqn,self,1,0.4125,-0.6000,64,2026-05-31T13:11:28
5951,pool:gen_005,dqn,2,0.6250,1.6750,64,2026-05-31T13:11:30
5952,dqn,self,1,0.5125,-0.5250,64,2026-05-31T13:11:32
5953,self,dqn,2,0.2375,1.4625,64,2026-05-31T13:11:34
5954,dqn,self,2,0.1625,1.5375,64,2026-05-31T13:11:36
5955,pool:gen_001,dqn,2,0.2875,1.5000,64,2026-05-31T13:11:38
5956,dqn,pool:gen_005,1,0.5625,-0.7125,64,2026-05-31T13:11:41
5957,heuristic,dqn,2,0.6125,1.6875,64,2026-05-31T13:11:43
5958,dqn,pool:gen_002,2,0.3500,1.4875,64,2026-05-31T13:11:45
5959,pool:gen_005,dqn,2,0.2750,1.5750,64,2026-05-31T13:11:47
5960,dqn,self,2,0.4875,1.5125,64,2026-05-31T13:11:49
5961,self,dqn,1,0.8125,-0.5875,64,2026-05-31T13:11:51
5962,dqn,pool:gen_005,1,0.6375,-0.6000,64,2026-05-31T13:11:54
5963,pool:gen_002,dqn,1,0.4250,-0.7500,64,2026-05-31T13:11:56
5964,dqn,self,1,0.4625,-0.7250,64,2026-05-31T13:11:58
5965,pool:gen_004,dqn,1,0.4625,-0.6625,64,2026-05-31T13:12:01
5966,dqn,pool:gen_004,2,0.3250,1.3750,64,2026-05-31T13:12:02
5967,self,dqn,2,0.4750,1.4625,64,2026-05-31T13:12:05
5968,dqn,random,1,0.6750,-0.6500,64,2026-05-31T13:12:07
5969,self,dqn,1,0.5500,-0.5500,64,2026-05-31T13:12:09
5970,dqn,self,1,0.3750,-0.7000,64,2026-05-31T13:12:12
5971,self,dqn,1,0.6000,-0.6000,64,2026-05-31T13:12:14
5972,dqn,self,1,0.3500,-0.6750,64,2026-05-31T13:12:16
5973,self,dqn,2,0.4500,1.5500,64,2026-05-31T13:12:18
5974,dqn,pool:gen_001,1,0.4875,-0.6250,64,2026-05-31T13:12:21
5975,pool:gen_004,dqn,1,0.5000,-0.6000,64,2026-05-31T13:12:23
5976,dqn,heuristic,1,0.7125,-0.5375,64,2026-05-31T13:12:25
5977,pool:gen_001,dqn,2,0.4000,1.4375,64,2026-05-31T13:12:27
5978,dqn,self,2,0.2500,1.2875,64,2026-05-31T13:12:29
5979,pool:gen_003,dqn,1,0.3250,-0.8625,64,2026-05-31T13:12:32
5980,dqn,self,1,0.6000,-0.7125,64,2026-05-31T13:12:34
5981,self,dqn,1,0.6000,-0.4750,64,2026-05-31T13:12:36
5982,dqn,random,1,0.9625,-0.6375,64,2026-05-31T13:12:38
5983,pool:gen_003,dqn,1,0.6500,-0.8000,64,2026-05-31T13:12:40
5984,dqn,pool:gen_004,2,0.4500,1.6625,64,2026-05-31T13:12:43
5985,self,dqn,1,0.6500,-0.6375,64,2026-05-31T13:12:45
5986,dqn,random,1,0.7625,-0.8125,64,2026-05-31T13:12:47
5987,pool:gen_002,dqn,1,0.7250,-0.8500,64,2026-05-31T13:12:49
5988,dqn,self,1,0.7750,-0.6125,64,2026-05-31T13:12:52
5989,self,dqn,1,0.8250,-0.4375,64,2026-05-31T13:12:54
5990,dqn,self,1,0.8625,-0.3250,64,2026-05-31T13:12:56
5991,self,dqn,1,0.4875,-0.6750,64,2026-05-31T13:12:59
5992,dqn,pool:gen_002,2,0.1375,1.5625,64,2026-05-31T13:13:01
5993,random,dqn,2,0.4000,1.5000,64,2026-05-31T13:13:03
5994,dqn,self,1,0.6125,-0.6750,64,2026-05-31T13:13:05
5995,pool:gen_002,dqn,1,0.6250,-0.7625,64,2026-05-31T13:13:07
5996,dqn,self,2,0.3125,1.6375,64,2026-05-31T13:13:10
5997,self,dqn,1,0.4625,-0.8125,64,2026-05-31T13:13:12
5998,dqn,self,2,0.3375,1.6375,64,2026-05-31T13:13:14
5999,self,dqn,1,0.3875,-0.6375,64,2026-05-31T13:13:16
6000,dqn,pool:gen_003,2,0.4375,1.9500,64,2026-05-31T13:13:18
6001,heuristic,dqn,2,0.7875,1.7500,64,2026-05-31T13:20:17
6002,dqn,self,1,0.4000,-0.8250,64,2026-05-31T13:20:20
6003,pool:gen_003,dqn,1,0.7250,-0.6375,64,2026-05-31T13:20:22
6004,dqn,self,1,0.4750,-0.6125,64,2026-05-31T13:20:25
6005,self,dqn,1,0.6500,-0.7125,64,2026-05-31T13:20:27
6006,dqn,pool:gen_001,2,0.6250,1.6375,64,2026-05-31T13:20:30
6007,pool:gen_002,dqn,1,0.5000,-0.7625,64,2026-05-31T13:20:32
6008,dqn,pool:gen_002,2,0.3000,1.5875,64,2026-05-31T13:20:35
6009,self,dqn,1,0.6000,-0.5125,64,2026-05-31T13:20:37
6010,dqn,random,2,0.4750,1.5625,64,2026-05-31T13:20:39
6011,heuristic,dqn,2,0.6250,1.5750,64,2026-05-31T13:20:42
6012,dqn,self,2,0.5000,1.5875,64,2026-05-31T13:20:44
6013,random,dqn,1,0.6375,-0.6750,64,2026-05-31T13:20:46
6014,dqn,self,2,0.4375,1.4500,64,2026-05-31T13:20:49
6015,pool:gen_002,dqn,1,0.8875,-0.7000,64,2026-05-31T13:20:51
6016,dqn,pool:gen_004,2,0.5125,1.8500,64,2026-05-31T13:20:54
6017,self,dqn,2,0.2875,1.5375,64,2026-05-31T13:20:56
6018,dqn,self,2,0.5375,1.5250,64,2026-05-31T13:20:59
6019,self,dqn,2,0.5750,1.6750,64,2026-05-31T13:21:01
6020,dqn,self,1,0.6000,-0.7250,64,2026-05-31T13:21:04
6021,pool:gen_006,dqn,1,0.4625,-0.7250,64,2026-05-31T13:21:08
6022,dqn,heuristic,1,0.5250,-0.7875,64,2026-05-31T13:21:10
6023,pool:gen_004,dqn,1,0.7250,-0.4875,64,2026-05-31T13:21:13
6024,dqn,pool:gen_004,2,0.3375,1.6500,64,2026-05-31T13:21:16
6025,pool:gen_004,dqn,1,0.7500,-0.5000,64,2026-05-31T13:21:18
6026,dqn,self,1,0.3125,-0.7375,64,2026-05-31T13:21:21
6027,self,dqn,1,0.7250,-0.6250,64,2026-05-31T13:21:24
6028,dqn,self,2,0.1750,1.5375,64,2026-05-31T13:21:26
6029,pool:gen_002,dqn,2,0.3500,1.4125,64,2026-05-31T13:21:29
6030,dqn,self,2,0.3000,1.5875,64,2026-05-31T13:21:32
6031,self,dqn,2,0.2875,1.4625,64,2026-05-31T13:21:34
6032,dqn,pool:gen_005,2,0.3625,1.4125,64,2026-05-31T13:21:37
6033,pool:gen_006,dqn,1,0.8875,-0.7125,64,2026-05-31T13:21:39
6034,dqn,pool:gen_004,2,0.3625,1.8375,64,2026-05-31T13:21:42
6035,random,dqn,1,0.5875,-0.5125,64,2026-05-31T13:21:44
6036,dqn,pool:gen_004,2,0.3125,1.7000,64,2026-05-31T13:21:46
6037,self,dqn,2,0.3125,1.5000,64,2026-05-31T13:21:49
6038,dqn,pool:gen_004,2,0.1875,1.5500,64,2026-05-31T13:21:52
6039,pool:gen_002,dqn,1,0.4125,-0.5875,64,2026-05-31T13:21:54
6040,dqn,self,1,0.6000,-0.6625,64,2026-05-31T13:21:56
6041,self,dqn,1,0.5125,-0.7375,64,2026-05-31T13:21:59
6042,dqn,self,2,0.4125,1.6875,64,2026-05-31T13:22:01
6043,pool:gen_002,dqn,1,0.4500,-0.7000,64,2026-05-31T13:22:04
6044,dqn,pool:gen_006,2,0.2750,1.4000,64,2026-05-31T13:22:06
6045,pool:gen_001,dqn,1,0.6875,-0.3250,64,2026-05-31T13:22:09
6046,dqn,self,2,0.6250,1.7875,64,2026-05-31T13:22:11
6047,self,dqn,1,0.4375,-0.7250,64,2026-05-31T13:22:13
6048,dqn,self,2,0.3750,1.4375,64,2026-05-31T13:22:16
6049,self,dqn,1,0.4625,-0.6000,64,2026-05-31T13:22:18
6050,dqn,self,1,0.3875,-0.7125,64,2026-05-31T13:22:21
6051,random,dqn,2,0.5250,1.7875,64,2026-05-31T13:22:23
6052,dqn,self,2,0.4750,1.5125,64,2026-05-31T13:22:26
6053,pool:gen_003,dqn,1,0.7250,-0.6250,64,2026-05-31T13:22:28
6054,dqn,pool:gen_002,1,0.4875,-0.6875,64,2026-05-31T13:22:31
6055,self,dqn,1,0.3750,-0.6875,64,2026-05-31T13:22:33
6056,dqn,pool:gen_004,1,0.5250,-0.6250,64,2026-05-31T13:22:35
6057,pool:gen_003,dqn,1,0.8500,-0.6375,64,2026-05-31T13:22:38
6058,dqn,pool:gen_003,2,0.1750,1.6875,64,2026-05-31T13:22:40
6059,self,dqn,1,0.5625,-0.6875,64,2026-05-31T13:22:43
6060,dqn,self,2,0.4625,1.4000,64,2026-05-31T13:22:45
6061,pool:gen_003,dqn,1,0.6250,-0.7250,64,2026-05-31T13:22:47
6062,dqn,random,1,0.6625,-0.5750,64,2026-05-31T13:22:50
6063,self,dqn,1,0.6375,-0.4625,64,2026-05-31T13:22:52
6064,dqn,self,1,0.6125,-0.7875,64,2026-05-31T13:22:54
6065,self,dqn,1,0.4250,-0.6250,64,2026-05-31T13:22:57
6066,dqn,pool:gen_003,2,0.3875,1.4875,64,2026-05-31T13:23:00
6067,self,dqn,1,0.6375,-0.4625,64,2026-05-31T13:23:02
6068,dqn,pool:gen_002,1,0.4375,-0.7125,64,2026-05-31T13:23:05
6069,pool:gen_005,dqn,2,0.6125,1.6250,64,2026-05-31T13:23:07
6070,dqn,self,1,0.4000,-0.7125,64,2026-05-31T13:23:10
6071,pool:gen_003,dqn,1,0.4375,-0.6125,64,2026-05-31T13:23:12
6072,dqn,pool:gen_003,2,0.3125,1.4000,64,2026-05-31T13:23:15
6073,self,dqn,1,0.7125,-0.5000,64,2026-05-31T13:23:17
6074,dqn,self,2,0.4375,1.4625,64,2026-05-31T13:23:19
6075,pool:gen_001,dqn,1,0.6875,-0.6750,64,2026-05-31T13:23:22
6076,dqn,pool:gen_006,1,0.7000,-0.6875,64,2026-05-31T13:23:24
6077,pool:gen_004,dqn,2,0.5000,1.5125,64,2026-05-31T13:23:27
6078,dqn,pool:gen_005,1,0.7500,-0.6250,64,2026-05-31T13:23:29
6079,self,dqn,1,0.5750,-0.5875,64,2026-05-31T13:23:32
6080,dqn,random,1,0.7625,-0.7750,64,2026-05-31T13:23:34
6081,pool:gen_003,dqn,1,0.4625,-0.6625,64,2026-05-31T13:23:36
6082,dqn,self,2,0.2375,1.4000,64,2026-05-31T13:23:39
6083,self,dqn,2,0.3750,1.4000,64,2026-05-31T13:23:41
6084,dqn,self,2,0.1375,1.5625,64,2026-05-31T13:23:44
6085,pool:gen_002,dqn,1,0.4000,-0.8375,64,2026-05-31T13:23:46
6086,dqn,pool:gen_005,1,0.5000,-0.6625,64,2026-05-31T13:23:49
6087,pool:gen_005,dqn,2,0.2875,1.3750,64,2026-05-31T13:23:51
6088,dqn,heuristic,1,1.2500,-0.1000,64,2026-05-31T13:23:53
6089,pool:gen_006,dqn,2,0.3250,1.4500,64,2026-05-31T13:23:56
6090,dqn,heuristic,1,1.2875,-0.2625,64,2026-05-31T13:23:58
6091,self,dqn,2,0.4875,1.5000,64,2026-05-31T13:24:00
6092,dqn,pool:gen_004,1,0.7250,-0.3375,64,2026-05-31T13:24:03
6093,pool:gen_002,dqn,2,0.3375,1.4625,64,2026-05-31T13:24:05
6094,dqn,self,2,0.2875,1.5750,64,2026-05-31T13:24:08
6095,pool:gen_005,dqn,2,0.3375,1.3750,64,2026-05-31T13:24:11
6096,dqn,pool:gen_006,1,0.4500,-0.7625,64,2026-05-31T13:24:13
6097,pool:gen_003,dqn,1,0.6375,-0.6375,64,2026-05-31T13:24:15
6098,dqn,self,2,0.2500,1.4500,64,2026-05-31T13:24:18
6099,pool:gen_004,dqn,1,0.8625,-0.3625,64,2026-05-31T13:24:20
6100,dqn,random,1,1.2000,-0.5750,64,2026-05-31T13:24:22
6101,self,dqn,2,0.3375,1.4750,64,2026-05-31T13:32:06
6102,dqn,pool:gen_003,2,0.3750,1.5875,64,2026-05-31T13:32:09
6103,pool:gen_002,dqn,1,0.6000,-0.7000,64,2026-05-31T13:32:12
6104,dqn,pool:gen_004,2,0.4000,1.7500,64,2026-05-31T13:32:14
6105,self,dqn,1,0.7875,-0.4000,64,2026-05-31T13:32:17
6106,dqn,self,1,0.5375,-0.6000,64,2026-05-31T13:32:19
6107,random,dqn,2,0.3250,1.9125,64,2026-05-31T13:32:22
6108,dqn,self,2,0.3625,1.4000,64,2026-05-31T13:32:24
6109,self,dqn,1,0.6375,-0.6000,64,2026-05-31T13:32:26
6110,dqn,pool:gen_002,1,0.4625,-0.5375,64,2026-05-31T13:32:29
6111,self,dqn,1,0.5375,-0.5125,64,2026-05-31T13:32:32
6112,dqn,pool:gen_001,1,0.6750,-0.4625,64,2026-05-31T13:32:34
6113,pool:gen_004,dqn,2,0.5125,1.6250,64,2026-05-31T13:32:36
6114,dqn,pool:gen_001,1,0.6250,-0.5875,64,2026-05-31T13:32:39
6115,pool:gen_006,dqn,2,0.4125,1.5625,64,2026-05-31T13:32:42
6116,dqn,pool:gen_005,1,0.4125,-0.8000,64,2026-05-31T13:32:44
6117,self,dqn,1,0.5875,-0.7250,64,2026-05-31T13:32:47
6118,dqn,pool:gen_006,2,0.3875,1.4375,64,2026-05-31T13:32:50
6119,heuristic,dqn,2,0.7750,1.9250,64,2026-05-31T13:32:52
6120,dqn,pool:gen_002,1,0.5375,-0.7750,64,2026-05-31T13:32:55
6121,self,dqn,1,0.3875,-0.7000,64,2026-05-31T13:32:58
6122,dqn,self,2,0.4375,1.4375,64,2026-05-31T13:33:00
6123,pool:gen_004,dqn,1,0.4625,-0.7500,64,2026-05-31T13:33:03
6124,dqn,pool:gen_004,1,0.4625,-0.6375,64,2026-05-31T13:33:05
6125,self,dqn,1,0.4750,-0.5375,64,2026-05-31T13:33:08
6126,dqn,pool:gen_005,2,0.2375,1.3625,64,2026-05-31T13:33:10
6127,pool:gen_001,dqn,1,0.5875,-0.4750,64,2026-05-31T13:33:13
6128,dqn,heuristic,1,1.2250,-0.3125,64,2026-05-31T13:33:15
6129,self,dqn,2,0.3750,1.5000,64,2026-05-31T13:33:17
6130,dqn,random,1,0.8250,-0.5625,64,2026-05-31T13:33:19
6131,self,dqn,1,0.5500,-0.7750,64,2026-05-31T13:33:22
6132,dqn,pool:gen_002,1,0.3625,-0.6625,64,2026-05-31T13:33:25
6133,heuristic,dqn,2,0.4125,2.0000,64,2026-05-31T13:33:27
6134,dqn,self,2,0.5000,1.8000,64,2026-05-31T13:33:29
6135,self,dqn,1,0.5750,-0.8125,64,2026-05-31T13:33:32
6136,dqn,pool:gen_001,1,0.6375,-0.7000,64,2026-05-31T13:33:34
6137,pool:gen_003,dqn,1,0.4500,-0.7125,64,2026-05-31T13:33:37
6138,dqn,pool:gen_003,2,0.3375,1.5625,64,2026-05-31T13:33:39
6139,pool:gen_002,dqn,1,0.5750,-0.6000,64,2026-05-31T13:33:41
6140,dqn,pool:gen_003,2,0.4375,1.4125,64,2026-05-31T13:33:44
6141,heuristic,dqn,2,1.0625,2.4375,64,2026-05-31T13:33:46
6142,dqn,self,2,0.3750,1.7500,64,2026-05-31T13:33:48
6143,pool:gen_003,dqn,1,0.5750,-0.5875,64,2026-05-31T13:33:51
6144,dqn,self,2,0.4250,1.4750,64,2026-05-31T13:33:54
6145,pool:gen_002,dqn,1,0.7375,-0.3750,64,2026-05-31T13:33:56
6146,dqn,self,2,0.3750,1.4500,64,2026-05-31T13:33:59
6147,pool:gen_005,dqn,2,0.3625,1.5250,64,2026-05-31T13:34:02
6148,dqn,self,1,0.3750,-0.7375,64,2026-05-31T13:34:05
6149,pool:gen_004,dqn,2,0.3625,1.6375,64,2026-05-31T13:34:07
6150,dqn,self,2,0.3375,1.7125,64,2026-05-31T13:34:10
6151,self,dqn,2,0.3250,1.5250,64,2026-05-31T13:34:13
6152,dqn,self,2,0.4125,1.6125,64,2026-05-31T13:34:15
6153,pool:gen_006,dqn,2,0.4125,1.4250,64,2026-05-31T13:34:18
6154,dqn,pool:gen_006,1,0.5250,-0.7000,64,2026-05-31T13:34:20
6155,self,dqn,2,0.3875,1.5375,64,2026-05-31T13:34:23
6156,dqn,heuristic,1,1.2750,-0.5000,64,2026-05-31T13:34:25
6157,pool:gen_005,dqn,2,0.1750,1.4750,64,2026-05-31T13:34:28
6158,dqn,pool:gen_006,1,0.4625,-0.5875,64,2026-05-31T13:34:30
6159,pool:gen_005,dqn,2,0.2625,1.4750,64,2026-05-31T13:34:32
6160,dqn,pool:gen_006,1,0.6125,-0.5500,64,2026-05-31T13:34:34
6161,pool:gen_002,dqn,1,0.5625,-0.5875,64,2026-05-31T13:34:37
6162,dqn,self,1,0.3625,-0.7000,64,2026-05-31T13:34:39
6163,self,dqn,1,0.5500,-0.5000,64,2026-05-31T13:34:41
6164,dqn,pool:gen_005,1,0.3500,-0.6500,64,2026-05-31T13:34:44
6165,self,dqn,1,0.4125,-0.6250,64,2026-05-31T13:34:47
6166,dqn,pool:gen_003,2,0.4000,1.6125,64,2026-05-31T13:34:52
6167,pool:gen_002,dqn,1,0.3500,-0.7750,64,2026-05-31T13:34:54
6168,dqn,self,2,0.3000,1.3500,64,2026-05-31T13:34:57
6169,self,dqn,2,0.5625,1.5250,64,2026-05-31T13:35:00
6170,dqn,pool:gen_006,2,0.3750,1.5125,64,2026-05-31T13:35:03
6171,pool:gen_004,dqn,1,0.3000,-0.7500,64,2026-05-31T13:35:07
6172,dqn,pool:gen_004,1,0.3500,-0.6750,64,2026-05-31T13:35:09
6173,pool:gen_003,dqn,1,0.8625,-0.6000,64,2026-05-31T13:35:12
6174,dqn,pool:gen_002,2,0.3500,1.5250,64,2026-05-31T13:35:14
6175,heuristic,dqn,2,0.7750,2.2625,64,2026-05-31T13:35:16
6176,dqn,pool:gen_006,1,0.6750,-0.4750,64,2026-05-31T13:35:18
6177,heuristic,dqn,2,0.6000,1.8250,64,2026-05-31T13:35:21
6178,dqn,self,2,0.4375,1.4125,64,2026-05-31T13:35:23
6179,heuristic,dqn,2,0.5875,1.9750,64,2026-05-31T13:35:25
6180,dqn,pool:gen_003,2,0.4375,1.6875,64,2026-05-31T13:35:28
6181,pool:gen_005,dqn,1,0.4750,-0.6000,64,2026-05-31T13:35:30
6182,dqn,pool:gen_005,2,0.3875,1.5000,64,2026-05-31T13:35:33
6183,pool:gen_004,dqn,1,0.2625,-0.8125,64,2026-05-31T13:35:35
6184,dqn,pool:gen_006,1,0.4125,-0.6125,64,2026-05-31T13:35:38
6185,pool:gen_004,dqn,2,0.3500,1.3250,64,2026-05-31T13:35:40
6186,dqn,self,2,0.5625,1.6875,64,2026-05-31T13:35:43
6187,pool:gen_003,dqn,1,0.7500,-0.7375,64,2026-05-31T13:35:45
6188,dqn,pool:gen_003,2,0.3750,1.6500,64,2026-05-31T13:35:47
6189,pool:gen_002,dqn,1,0.5000,-0.7625,64,2026-05-31T13:35:50
6190,dqn,pool:gen_006,1,0.3625,-0.7250,64,2026-05-31T13:35:52
6191,self,dqn,1,0.6000,-0.7125,64,2026-05-31T13:35:55
6192,dqn,pool:gen_005,1,0.4750,-0.6500,64,2026-05-31T13:35:57
6193,self,dqn,1,0.7625,-0.7375,64,2026-05-31T13:36:00
6194,dqn,self,1,0.5750,-0.6000,64,2026-05-31T13:36:02
6195,self,dqn,1,0.9625,-0.4875,64,2026-05-31T13:36:04
6196,dqn,self,2,0.3125,1.7625,64,2026-05-31T13:36:07
6197,pool:gen_001,dqn,1,0.6250,-0.4375,64,2026-05-31T13:36:09
6198,dqn,pool:gen_002,1,0.4625,-0.6375,64,2026-05-31T13:36:12
6199,heuristic,dqn,2,0.8875,2.0750,64,2026-05-31T13:36:14
6200,dqn,self,2,0.3375,1.5000,64,2026-05-31T13:36:16
6201,self,dqn,2,0.4500,1.6750,64,2026-05-31T13:44:26
6202,dqn,pool:gen_002,2,0.3750,1.4125,64,2026-05-31T13:44:28
6203,self,dqn,2,0.4375,1.7250,64,2026-05-31T13:44:30
6204,dqn,self,1,0.4250,-0.6375,64,2026-05-31T13:44:33
6205,pool:gen_002,dqn,1,0.6000,-0.5250,64,2026-05-31T13:44:35
6206,dqn,pool:gen_002,2,0.3000,1.6125,64,2026-05-31T13:44:38
6207,random,dqn,2,0.3375,1.9000,64,2026-05-31T13:44:40
6208,dqn,pool:gen_003,2,0.5750,1.7125,64,2026-05-31T13:44:42
6209,pool:gen_006,dqn,2,0.3625,1.4875,64,2026-05-31T13:44:45
6210,dqn,self,2,0.4125,1.4625,64,2026-05-31T13:44:47
6211,self,dqn,1,0.7500,-0.3750,64,2026-05-31T13:44:49
6212,dqn,random,1,0.6125,-0.5250,64,2026-05-31T13:44:51
6213,pool:gen_002,dqn,1,0.5375,-0.5875,64,2026-05-31T13:44:54
6214,dqn,pool:gen_005,1,0.4750,-0.6125,64,2026-05-31T13:44:56
6215,pool:gen_002,dqn,1,0.5500,-0.7250,64,2026-05-31T13:44:58
6216,dqn,pool:gen_001,1,0.6875,-0.6500,64,2026-05-31T13:45:01
6217,heuristic,dqn,2,0.7750,1.8375,64,2026-05-31T13:45:03
6218,dqn,pool:gen_004,2,0.4875,1.7250,64,2026-05-31T13:45:06
6219,heuristic,dqn,2,0.7375,1.6750,64,2026-05-31T13:45:08
6220,dqn,self,2,0.3500,1.4375,64,2026-05-31T13:45:10
6221,self,dqn,1,0.6875,-0.6375,64,2026-05-31T13:45:13
6222,dqn,self,2,0.4125,1.5000,64,2026-05-31T13:45:15
6223,self,dqn,2,0.5250,1.4875,64,2026-05-31T13:45:18
6224,dqn,pool:gen_002,1,0.6125,-0.5625,64,2026-05-31T13:45:20
6225,self,dqn,2,0.3250,1.6750,64,2026-05-31T13:45:23
6226,dqn,pool:gen_001,1,0.7375,-0.7375,64,2026-05-31T13:45:25
6227,self,dqn,1,0.6250,-0.5250,64,2026-05-31T13:45:28
6228,dqn,self,1,0.6875,-0.4750,64,2026-05-31T13:45:30
6229,self,dqn,1,0.4500,-0.7125,64,2026-05-31T13:45:32
6230,dqn,self,2,0.4625,1.4500,64,2026-05-31T13:45:35
6231,pool:gen_002,dqn,2,0.3250,1.4875,64,2026-05-31T13:45:37
6232,dqn,pool:gen_004,1,0.5625,-0.6375,64,2026-05-31T13:45:39
6233,self,dqn,2,0.3750,1.4875,64,2026-05-31T13:45:41
6234,dqn,self,2,0.5375,1.5500,64,2026-05-31T13:45:44
6235,heuristic,dqn,2,0.7375,1.9250,64,2026-05-31T13:45:46
6236,dqn,self,2,0.3000,1.2625,64,2026-05-31T13:45:48
6237,self,dqn,1,0.4375,-0.7250,64,2026-05-31T13:45:50
6238,dqn,self,2,0.3750,1.5625,64,2026-05-31T13:45:52
6239,pool:gen_002,dqn,1,0.4125,-0.7000,64,2026-05-31T13:45:55
6240,dqn,pool:gen_003,2,0.2875,1.6500,64,2026-05-31T13:45:57
6241,pool:gen_004,dqn,2,0.2500,1.4250,64,2026-05-31T13:45:59
6242,dqn,self,2,0.5750,1.7500,64,2026-05-31T13:46:02
6243,random,dqn,2,0.3125,1.4000,64,2026-05-31T13:46:04
6244,dqn,pool:gen_005,1,0.7000,-0.6125,64,2026-05-31T13:46:07
6245,pool:gen_004,dqn,1,0.5500,-0.6875,64,2026-05-31T13:46:09
6246,dqn,self,1,0.5500,-0.7000,64,2026-05-31T13:46:12
6247,self,dqn,2,0.6375,1.7250,64,2026-05-31T13:46:14
6248,dqn,self,2,0.3000,1.4625,64,2026-05-31T13:46:16
6249,pool:gen_005,dqn,2,0.3375,1.5000,64,2026-05-31T13:46:19
6250,dqn,pool:gen_002,2,0.3000,1.3875,64,2026-05-31T13:46:23
6251,self,dqn,1,0.5750,-0.7375,64,2026-05-31T13:46:26
6252,dqn,self,1,0.4875,-0.5250,64,2026-05-31T13:46:28
6253,self,dqn,1,0.7625,-0.6000,64,2026-05-31T13:46:31
6254,dqn,pool:gen_004,1,0.6625,-0.5000,64,2026-05-31T13:46:33
6255,self,dqn,2,0.3375,1.3750,64,2026-05-31T13:46:35
6256,dqn,self,2,0.4000,1.5125,64,2026-05-31T13:46:38
6257,random,dqn,2,0.1750,1.7125,64,2026-05-31T13:46:40
6258,dqn,self,1,0.6500,-0.7750,64,2026-05-31T13:46:43
6259,heuristic,dqn,2,0.6125,1.6375,64,2026-05-31T13:46:45
6260,dqn,pool:gen_002,2,0.4125,1.5750,64,2026-05-31T13:46:47
6261,pool:gen_004,dqn,2,0.5000,1.5000,64,2026-05-31T13:46:49
6262,dqn,pool:gen_005,1,0.4750,-0.5875,64,2026-05-31T13:46:51
6263,self,dqn,1,0.4750,-0.5875,64,2026-05-31T13:46:54
6264,dqn,self,2,0.3375,1.5500,64,2026-05-31T13:46:56
6265,pool:gen_005,dqn,1,0.4000,-0.6625,64,2026-05-31T13:46:59
6266,dqn,self,1,0.3750,-0.7000,64,2026-05-31T13:47:01
6267,pool:gen_004,dqn,1,0.6000,-0.7625,64,2026-05-31T13:47:03
6268,dqn,pool:gen_005,2,0.2875,1.3875,64,2026-05-31T13:47:05
6269,self,dqn,1,0.5250,-0.7500,64,2026-05-31T13:47:08
6270,dqn,self,2,0.3750,1.4500,64,2026-05-31T13:47:10
6271,self,dqn,1,0.7625,-0.4500,64,2026-05-31T13:47:13
6272,dqn,self,1,0.5625,-0.5250,64,2026-05-31T13:47:15
6273,pool:gen_005,dqn,1,0.6625,-0.7000,64,2026-05-31T13:47:18
6274,dqn,heuristic,1,1.0000,-0.2750,64,2026-05-31T13:47:20
6275,self,dqn,1,0.5750,-0.5500,64,2026-05-31T13:47:22
6276,dqn,pool:gen_003,2,0.3500,1.8125,64,2026-05-31T13:47:24
6277,pool:gen_002,dqn,1,0.6875,-0.7500,64,2026-05-31T13:47:27
6278,dqn,pool:gen_003,2,0.4750,1.8375,64,2026-05-31T13:47:29
6279,self,dqn,1,0.4250,-0.6000,64,2026-05-31T13:47:32
6280,dqn,random,1,0.6000,-0.7500,64,2026-05-31T13:47:34
6281,self,dqn,1,0.6375,-0.5750,64,2026-05-31T13:47:37
6282,dqn,pool:gen_005,1,0.4500,-0.7125,64,2026-05-31T13:47:39
6283,self,dqn,2,0.5250,1.7875,64,2026-05-31T13:47:42
6284,dqn,pool:gen_006,1,0.3750,-0.8375,64,2026-05-31T13:47:44
6285,pool:gen_006,dqn,2,0.2500,1.3500,64,2026-05-31T13:47:46
6286,dqn,self,1,0.4750,-0.6375,64,2026-05-31T13:47:49
6287,pool:gen_005,dqn,2,0.2250,1.3750,64,2026-05-31T13:47:51
6288,dqn,pool:gen_001,2,0.4375,1.4375,64,2026-05-31T13:47:53
6289,pool:gen_005,dqn,1,0.5125,-0.6000,64,2026-05-31T13:47:56
6290,dqn,pool:gen_002,2,0.2500,1.4000,64,2026-05-31T13:47:58
6291,pool:gen_006,dqn,2,0.3125,1.5375,64,2026-05-31T13:48:01
6292,dqn,pool:gen_005,2,0.3375,1.4250,64,2026-05-31T13:48:04
6293,self,dqn,1,0.5250,-0.6625,64,2026-05-31T13:48:06
6294,dqn,self,2,0.1625,1.6250,64,2026-05-31T13:48:09
6295,self,dqn,1,0.5250,-0.5500,64,2026-05-31T13:48:11
6296,dqn,pool:gen_002,1,0.5125,-0.6750,64,2026-05-31T13:48:13
6297,pool:gen_006,dqn,2,0.4625,1.5125,64,2026-05-31T13:48:16
6298,dqn,pool:gen_001,2,0.4875,1.6625,64,2026-05-31T13:48:18
6299,self,dqn,1,0.7125,-0.4750,64,2026-05-31T13:48:21
6300,dqn,pool:gen_001,2,0.3875,1.5500,64,2026-05-31T13:48:23
6301,pool:gen_004,dqn,1,0.8500,-0.7000,64,2026-05-31T13:56:03
6302,dqn,self,1,0.6250,-0.3750,64,2026-05-31T13:56:06
6303,self,dqn,1,0.6625,-0.7000,64,2026-05-31T13:56:09
6304,dqn,heuristic,1,1.0000,-0.2875,64,2026-05-31T13:56:11
6305,self,dqn,1,0.5500,-0.5625,64,2026-05-31T13:56:14
6306,dqn,self,2,0.3500,1.4250,64,2026-05-31T13:56:16
6307,self,dqn,2,0.3375,1.4500,64,2026-05-31T13:56:18
6308,dqn,self,1,0.7000,-0.6250,64,2026-05-31T13:56:21
6309,self,dqn,1,0.6500,-0.8250,64,2026-05-31T13:56:23
6310,dqn,pool:gen_005,1,0.3125,-0.7625,64,2026-05-31T13:56:25
6311,self,dqn,1,0.6500,-0.7375,64,2026-05-31T13:56:28
6312,dqn,pool:gen_002,2,0.3625,1.5500,64,2026-05-31T13:56:30
6313,random,dqn,2,0.2875,1.6250,64,2026-05-31T13:56:32
6314,dqn,self,2,0.3250,1.3875,64,2026-05-31T13:56:34
6315,self,dqn,1,0.3250,-0.7375,64,2026-05-31T13:56:36
6316,dqn,random,1,0.6625,-0.7625,64,2026-05-31T13:56:39
6317,pool:gen_003,dqn,1,0.8000,-0.6000,64,2026-05-31T13:56:41
6318,dqn,random,1,0.6125,-0.6375,64,2026-05-31T13:56:43
6319,pool:gen_004,dqn,1,1.0000,-0.6000,64,2026-05-31T13:56:45
6320,dqn,self,2,0.3375,1.4250,64,2026-05-31T13:56:48
6321,self,dqn,2,0.3750,1.5000,64,2026-05-31T13:56:50
6322,dqn,self,2,0.2750,1.7375,64,2026-05-31T13:56:52
6323,self,dqn,1,0.5250,-0.6375,64,2026-05-31T13:56:55
6324,dqn,pool:gen_006,1,0.6625,-0.4375,64,2026-05-31T13:56:57
6325,pool:gen_002,dqn,1,0.5000,-0.6500,64,2026-05-31T13:56:59
6326,dqn,self,2,0.4375,1.5625,64,2026-05-31T13:57:01
6327,pool:gen_004,dqn,2,0.5750,1.6500,64,2026-05-31T13:57:04
6328,dqn,pool:gen_006,2,0.3750,1.5500,64,2026-05-31T13:57:06
6329,pool:gen_005,dqn,2,0.4375,1.5250,64,2026-05-31T13:57:08
6330,dqn,self,2,0.4125,1.4375,64,2026-05-31T13:57:11
6331,self,dqn,2,0.3625,1.4375,64,2026-05-31T13:57:13
6332,dqn,pool:gen_006,1,0.4750,-0.5750,64,2026-05-31T13:57:15
6333,self,dqn,1,0.5125,-0.6000,64,2026-05-31T13:57:18
6334,dqn,self,2,0.3625,1.3875,64,2026-05-31T13:57:20
6335,pool:gen_006,dqn,2,0.2750,1.4375,64,2026-05-31T13:57:22
6336,dqn,self,2,0.4500,1.5500,64,2026-05-31T13:57:25
6337,random,dqn,1,0.5625,-0.5250,64,2026-05-31T13:57:27
6338,dqn,pool:gen_002,2,0.2000,1.3250,64,2026-05-31T13:57:29
6339,self,dqn,1,0.6250,-0.6125,64,2026-05-31T13:57:31
6340,dqn,self,2,0.3750,1.4500,64,2026-05-31T13:57:33
6341,pool:gen_006,dqn,2,0.4625,1.4875,64,2026-05-31T13:57:36
6342,dqn,pool:gen_002,1,0.4000,-0.7875,64,2026-05-31T13:57:38
6343,heuristic,dqn,2,0.7125,2.1750,64,2026-05-31T13:57:40
6344,dqn,self,1,0.6875,-0.5500,64,2026-05-31T13:57:42
6345,self,dqn,1,0.3750,-0.7125,64,2026-05-31T13:57:45
6346,dqn,pool:gen_005,1,0.4250,-0.6875,64,2026-05-31T13:57:47
6347,pool:gen_006,dqn,2,0.3250,1.6250,64,2026-05-31T13:57:49
6348,dqn,pool:gen_006,1,0.2625,-0.8375,64,2026-05-31T13:57:51
6349,pool:gen_002,dqn,2,0.2500,1.2750,64,2026-05-31T13:57:54
6350,dqn,pool:gen_001,1,0.5375,-0.5625,64,2026-05-31T13:57:56
6351,self,dqn,2,0.2125,1.3500,64,2026-05-31T13:57:58
6352,dqn,self,1,0.5750,-0.4625,64,2026-05-31T13:58:01
6353,self,dqn,1,0.5125,-0.6500,64,2026-05-31T13:58:03
6354,dqn,self,2,0.4250,1.5000,64,2026-05-31T13:58:05
6355,pool:gen_004,dqn,1,0.6875,-0.6500,64,2026-05-31T13:58:08
6356,dqn,pool:gen_003,2,0.4000,1.7250,64,2026-05-31T13:58:10
6357,self,dqn,1,0.6625,-0.6375,64,2026-05-31T13:58:12
6358,dqn,heuristic,1,0.9750,-0.3000,64,2026-05-31T13:58:14
6359,self,dqn,1,0.5625,-0.7500,64,2026-05-31T13:58:16
6360,dqn,heuristic,1,0.8875,-0.4375,64,2026-05-31T13:58:19
6361,pool:gen_002,dqn,1,0.5500,-0.7500,64,2026-05-31T13:58:21
6362,dqn,heuristic,1,1.1125,-0.3250,64,2026-05-31T13:58:23
6363,self,dqn,1,0.4750,-0.7500,64,2026-05-31T13:58:25
6364,dqn,pool:gen_004,2,0.4250,1.7125,64,2026-05-31T13:58:28
6365,pool:gen_003,dqn,1,0.9125,-0.5375,64,2026-05-31T13:58:30
6366,dqn,self,1,0.5375,-0.6500,64,2026-05-31T13:58:32
6367,pool:gen_005,dqn,1,0.7125,-0.5625,64,2026-05-31T13:58:35
6368,dqn,pool:gen_006,1,0.6375,-0.4750,64,2026-05-31T13:58:37
6369,pool:gen_005,dqn,2,0.6000,1.6125,64,2026-05-31T13:58:39
6370,dqn,self,1,0.5000,-0.6000,64,2026-05-31T13:58:41
6371,pool:gen_001,dqn,1,0.6125,-0.5000,64,2026-05-31T13:58:44
6372,dqn,pool:gen_003,2,0.4125,1.5875,64,2026-05-31T13:58:46
6373,self,dqn,1,0.5875,-0.5750,64,2026-05-31T13:58:48
6374,dqn,self,1,0.5625,-0.5750,64,2026-05-31T13:58:51
6375,self,dqn,1,0.5000,-0.5875,64,2026-05-31T13:58:53
6376,dqn,pool:gen_005,1,0.6250,-0.5875,64,2026-05-31T13:58:55
6377,random,dqn,2,0.4250,1.6875,64,2026-05-31T13:58:57
6378,dqn,self,1,0.4125,-0.6875,64,2026-05-31T13:58:59
6379,self,dqn,1,0.6250,-0.6500,64,2026-05-31T13:59:02
6380,dqn,self,1,0.5375,-0.6750,64,2026-05-31T13:59:04
6381,pool:gen_003,dqn,1,0.6000,-0.5125,64,2026-05-31T13:59:06
6382,dqn,self,2,0.2375,1.4375,64,2026-05-31T13:59:09
6383,pool:gen_005,dqn,1,0.5125,-0.6000,64,2026-05-31T13:59:11
6384,dqn,pool:gen_006,1,0.5000,-0.5875,64,2026-05-31T13:59:13
6385,self,dqn,2,0.3750,1.4125,64,2026-05-31T13:59:15
6386,dqn,self,2,0.5500,1.6375,64,2026-05-31T13:59:18
6387,self,dqn,1,0.4375,-0.6375,64,2026-05-31T13:59:20
6388,dqn,self,2,0.3250,1.4625,64,2026-05-31T13:59:22
6389,pool:gen_004,dqn,1,0.6750,-0.7125,64,2026-05-31T13:59:24
6390,dqn,pool:gen_005,2,0.4500,1.4500,64,2026-05-31T13:59:27
6391,pool:gen_005,dqn,2,0.4750,1.5250,64,2026-05-31T13:59:29
6392,dqn,self,2,0.2875,1.6250,64,2026-05-31T13:59:38
6393,pool:gen_004,dqn,1,0.5375,-0.7000,64,2026-05-31T13:59:49
6394,dqn,pool:gen_006,1,0.6125,-0.6500,64,2026-05-31T13:59:59
6395,pool:gen_004,dqn,1,0.5250,-0.5500,64,2026-05-31T14:00:08
6396,dqn,self,2,0.4000,1.6500,64,2026-05-31T14:00:19
6397,pool:gen_005,dqn,2,0.4625,1.7125,64,2026-05-31T14:00:31
6398,dqn,pool:gen_004,2,0.2875,1.3500,64,2026-05-31T14:00:42
6399,pool:gen_006,dqn,2,0.5250,1.9500,64,2026-05-31T14:00:51
6400,dqn,pool:gen_002,1,0.7625,-0.5125,64,2026-05-31T14:01:04
6401,self,dqn,2,0.5625,1.8125,64,2026-05-31T14:17:45
6402,dqn,pool:gen_003,1,0.4125,-0.6375,64,2026-05-31T14:17:54
6403,pool:gen_001,dqn,2,0.4250,1.7875,64,2026-05-31T14:18:03
6404,dqn,self,1,0.5125,-0.6375,64,2026-05-31T14:18:16
6405,self,dqn,1,0.4875,-0.6375,64,2026-05-31T14:18:26
6406,dqn,self,1,0.8125,-0.6750,64,2026-05-31T14:18:34
6407,self,dqn,2,0.4625,1.5625,64,2026-05-31T14:18:44
6408,dqn,self,1,0.5500,-0.5875,64,2026-05-31T14:18:53
6409,pool:gen_005,dqn,2,0.5125,1.8250,64,2026-05-31T14:19:03
6410,dqn,random,1,1.5125,-0.6500,64,2026-05-31T14:19:11
6411,self,dqn,1,0.6875,-0.7625,64,2026-05-31T14:19:22
6412,dqn,pool:gen_004,1,0.5500,-0.6750,64,2026-05-31T14:19:31
6413,pool:gen_006,dqn,2,0.4250,1.6625,64,2026-05-31T14:19:40
6414,dqn,self,1,0.5125,-0.5125,64,2026-05-31T14:19:48
6415,pool:gen_004,dqn,1,0.5625,-0.6250,64,2026-05-31T14:19:57
6416,dqn,self,2,0.3625,1.4500,64,2026-05-31T14:20:08
6417,self,dqn,2,0.2375,1.2375,64,2026-05-31T14:20:19
6418,dqn,pool:gen_004,1,0.6625,-0.7500,64,2026-05-31T14:20:28
6419,pool:gen_005,dqn,2,0.5625,1.6375,64,2026-05-31T14:20:37
6420,dqn,self,2,0.3750,1.6000,64,2026-05-31T14:20:46
6421,random,dqn,2,0.4000,1.9625,64,2026-05-31T14:20:54
6422,dqn,pool:gen_006,1,0.5750,-0.7000,64,2026-05-31T14:21:03
6423,pool:gen_006,dqn,2,0.5500,1.8125,64,2026-05-31T14:21:12
6424,dqn,pool:gen_002,1,0.5625,-0.5625,64,2026-05-31T14:21:21
6425,random,dqn,2,0.5625,2.0625,64,2026-05-31T14:21:29
6426,dqn,self,2,0.2500,1.4125,64,2026-05-31T14:21:38
6427,self,dqn,1,0.8125,-0.4250,64,2026-05-31T14:21:48
6428,dqn,self,1,0.5375,-0.7250,64,2026-05-31T14:21:59
6429,self,dqn,1,0.5875,-0.6375,64,2026-05-31T14:22:12
6430,dqn,self,2,0.4625,1.6500,64,2026-05-31T14:22:21
6431,pool:gen_005,dqn,2,0.4250,1.6125,64,2026-05-31T14:22:29
6432,dqn,random,1,0.8500,-0.7250,64,2026-05-31T14:22:39
6433,pool:gen_006,dqn,2,0.4875,1.8875,64,2026-05-31T14:22:48
6434,dqn,self,2,0.3250,1.5500,64,2026-05-31T14:22:58
6435,pool:gen_006,dqn,2,0.3625,1.7625,64,2026-05-31T14:23:07
6436,dqn,heuristic,1,1.0125,-0.4625,64,2026-05-31T14:23:15
6437,pool:gen_003,dqn,2,0.4000,1.4375,64,2026-05-31T14:23:24
6438,dqn,pool:gen_004,1,0.6250,-0.5375,64,2026-05-31T14:23:39
6439,self,dqn,2,0.3000,1.4875,64,2026-05-31T14:23:49
6440,dqn,random,1,0.7750,-0.7000,64,2026-05-31T14:23:59
6441,pool:gen_006,dqn,2,0.4500,1.4625,64,2026-05-31T14:24:09
6442,dqn,random,1,0.8750,-0.6875,64,2026-05-31T14:24:21
6443,self,dqn,1,0.5250,-0.8250,64,2026-05-31T14:24:31
6444,dqn,pool:gen_005,1,0.7250,-0.5250,64,2026-05-31T14:24:42
6445,pool:gen_002,dqn,2,0.4250,1.5875,64,2026-05-31T14:24:51
6446,dqn,self,1,0.3750,-0.6500,64,2026-05-31T14:25:00
6447,pool:gen_006,dqn,2,0.4625,1.6250,64,2026-05-31T14:25:09
6448,dqn,self,2,0.5125,1.5875,64,2026-05-31T14:25:18
6449,self,dqn,2,0.3750,1.5750,64,2026-05-31T14:25:27
6450,dqn,self,2,0.4375,1.6500,64,2026-05-31T14:25:37
6451,self,dqn,1,0.6250,-0.4875,64,2026-05-31T14:25:48
6452,dqn,pool:gen_006,1,0.9625,-0.5500,64,2026-05-31T14:25:57
6453,pool:gen_002,dqn,2,0.2375,1.4875,64,2026-05-31T14:26:06
6454,dqn,random,1,1.0000,-0.5000,64,2026-05-31T14:26:15
6455,pool:gen_003,dqn,1,0.5500,-0.6875,64,2026-05-31T14:26:24
6456,dqn,pool:gen_003,2,0.2750,1.4500,64,2026-05-31T14:26:33
6457,pool:gen_006,dqn,2,0.4250,1.7625,64,2026-05-31T14:26:42
6458,dqn,self,2,0.5375,1.5500,64,2026-05-31T14:26:51
6459,pool:gen_005,dqn,2,0.3625,1.6250,64,2026-05-31T14:27:01
6460,dqn,self,1,0.5750,-0.6375,64,2026-05-31T14:27:10
6461,self,dqn,1,0.6000,-0.6875,64,2026-05-31T14:27:26
6462,dqn,pool:gen_002,2,0.5750,1.6125,64,2026-05-31T14:27:43
6463,self,dqn,2,0.3875,1.4750,64,2026-05-31T14:27:57
6464,dqn,pool:gen_005,1,0.5875,-0.6375,64,2026-05-31T14:28:18
6465,pool:gen_002,dqn,1,0.3875,-0.8000,64,2026-05-31T14:28:29
6466,dqn,self,1,0.5625,-0.6125,64,2026-05-31T14:28:38
6467,pool:gen_004,dqn,2,0.3875,1.4250,64,2026-05-31T14:28:46
6468,dqn,pool:gen_003,2,0.2875,1.4875,64,2026-05-31T14:28:54
6469,pool:gen_005,dqn,2,0.4375,1.5125,64,2026-05-31T14:29:03
6470,dqn,self,2,0.3625,1.5000,64,2026-05-31T14:29:12
6471,pool:gen_003,dqn,1,0.5250,-0.7500,64,2026-05-31T14:29:21
6472,dqn,pool:gen_004,1,0.4375,-0.6000,64,2026-05-31T14:29:33
6473,pool:gen_006,dqn,2,0.5250,1.7250,64,2026-05-31T14:29:46
6474,dqn,self,1,0.3625,-0.7000,64,2026-05-31T14:30:01
6475,random,dqn,2,0.3500,1.7375,64,2026-05-31T14:30:11
6476,dqn,self,2,0.3750,1.6625,64,2026-05-31T14:30:22
6477,self,dqn,1,0.3875,-0.7125,64,2026-05-31T14:30:31
6478,dqn,self,1,0.5500,-0.6625,64,2026-05-31T14:30:39
6479,self,dqn,2,0.3375,1.4500,64,2026-05-31T14:30:49
6480,dqn,pool:gen_001,1,0.7500,-0.6375,64,2026-05-31T14:30:57
6481,pool:gen_002,dqn,1,0.3625,-0.7000,64,2026-05-31T14:31:07
6482,dqn,pool:gen_006,1,0.7375,-0.5625,64,2026-05-31T14:31:18
6483,self,dqn,1,0.7500,-0.6125,64,2026-05-31T14:31:27
6484,dqn,self,2,0.4125,1.5625,64,2026-05-31T14:31:37
6485,self,dqn,1,0.5750,-0.6000,64,2026-05-31T14:31:46
6486,dqn,random,1,1.4250,-0.6500,64,2026-05-31T14:31:56
6487,self,dqn,1,0.5125,-0.5125,64,2026-05-31T14:32:07
6488,dqn,heuristic,1,0.7750,-0.5000,64,2026-05-31T14:32:18
6489,pool:gen_002,dqn,1,0.4250,-0.6875,64,2026-05-31T14:32:30
6490,dqn,pool:gen_005,1,0.6750,-0.4750,64,2026-05-31T14:32:41
6491,pool:gen_002,dqn,2,0.2500,1.2750,64,2026-05-31T14:32:50
6492,dqn,pool:gen_005,1,0.6625,-0.4875,64,2026-05-31T14:33:01
6493,self,dqn,1,0.3875,-0.7125,64,2026-05-31T14:33:12
6494,dqn,self,1,0.5250,-0.6500,64,2026-05-31T14:33:20
6495,pool:gen_004,dqn,2,0.3750,1.5375,64,2026-05-31T14:33:30
6496,dqn,self,2,0.3500,1.3750,64,2026-05-31T14:33:41
6497,self,dqn,1,0.6375,-0.5000,64,2026-05-31T14:33:50
6498,dqn,self,2,0.5125,1.6250,64,2026-05-31T14:33:59
6499,self,dqn,2,0.3625,1.3875,64,2026-05-31T14:34:09
6500,dqn,self,2,0.4500,1.4250,64,2026-05-31T14:34:19
6501,heuristic,dqn,2,0.8000,2.3375,64,2026-05-31T14:49:44
6502,dqn,pool:gen_004,1,0.4250,-0.5750,64,2026-05-31T14:49:52
6503,pool:gen_003,dqn,2,0.4125,1.3625,64,2026-05-31T14:50:03
6504,dqn,self,1,0.6000,-0.6500,64,2026-05-31T14:50:13
6505,self,dqn,1,0.6625,-0.6750,64,2026-05-31T14:50:22
6506,dqn,pool:gen_005,1,0.9125,-0.5375,64,2026-05-31T14:50:31
6507,self,dqn,2,0.2250,1.4500,64,2026-05-31T14:50:39
6508,dqn,pool:gen_002,2,0.2500,1.2250,64,2026-05-31T14:50:48
6509,pool:gen_004,dqn,2,0.3000,1.5250,64,2026-05-31T14:50:59
6510,dqn,pool:gen_002,2,0.2375,1.3750,64,2026-05-31T14:51:08
6511,random,dqn,2,0.3250,1.9750,64,2026-05-31T14:51:17
6512,dqn,self,2,0.3000,1.3125,64,2026-05-31T14:51:26
6513,pool:gen_004,dqn,1,0.7000,-0.5125,64,2026-05-31T14:51:35
6514,dqn,self,1,0.5375,-0.5625,64,2026-05-31T14:51:44
6515,pool:gen_002,dqn,1,0.6875,-0.7250,64,2026-05-31T14:51:54
6516,dqn,pool:gen_006,2,0.4250,1.4500,64,2026-05-31T14:52:03
6517,self,dqn,1,0.7750,-0.5000,64,2026-05-31T14:52:12
6518,dqn,self,2,0.6000,1.5875,64,2026-05-31T14:52:21
6519,heuristic,dqn,2,0.4875,1.7125,64,2026-05-31T14:52:31
6520,dqn,pool:gen_005,1,0.5125,-0.6500,64,2026-05-31T14:52:40
6521,heuristic,dqn,2,0.5750,1.8500,64,2026-05-31T14:52:48
6522,dqn,self,1,0.6375,-0.7000,64,2026-05-31T14:52:57
6523,pool:gen_004,dqn,1,0.6750,-0.8125,64,2026-05-31T14:53:06
6524,dqn,pool:gen_006,1,0.3625,-0.7750,64,2026-05-31T14:53:15
6525,heuristic,dqn,2,0.7750,1.7000,64,2026-05-31T14:53:27
6526,dqn,self,1,0.6250,-0.8500,64,2026-05-31T14:53:36
6527,random,dqn,2,0.2625,1.4125,64,2026-05-31T14:53:45
6528,dqn,self,2,0.4250,1.3750,64,2026-05-31T14:53:54
6529,self,dqn,1,0.4500,-0.7000,64,2026-05-31T14:54:04
6530,dqn,pool:gen_004,2,0.3750,1.5625,64,2026-05-31T14:54:12
6531,pool:gen_006,dqn,1,0.4500,-0.6375,64,2026-05-31T14:54:24
6532,dqn,pool:gen_006,1,0.4375,-0.6500,64,2026-05-31T14:54:33
6533,self,dqn,2,0.3750,1.5000,64,2026-05-31T14:54:42
6534,dqn,self,2,0.2875,1.3750,64,2026-05-31T14:54:50
6535,self,dqn,1,0.7000,-0.5750,64,2026-05-31T14:54:59
6536,dqn,pool:gen_003,2,0.3250,1.8000,64,2026-05-31T14:55:09
6537,self,dqn,1,0.6375,-0.4875,64,2026-05-31T14:55:20
6538,dqn,self,1,0.4375,-0.5875,64,2026-05-31T14:55:28
6539,self,dqn,2,0.3375,1.6500,64,2026-05-31T14:55:37
6540,dqn,heuristic,1,0.9250,-0.3250,64,2026-05-31T14:55:45
6541,pool:gen_004,dqn,1,0.5750,-0.7750,64,2026-05-31T14:55:52
6542,dqn,self,2,0.3375,1.3500,64,2026-05-31T14:56:01
6543,pool:gen_006,dqn,1,0.6000,-0.5500,64,2026-05-31T14:56:11
6544,dqn,pool:gen_006,1,0.6375,-0.4250,64,2026-05-31T14:56:20
6545,self,dqn,1,0.6625,-0.5750,64,2026-05-31T14:56:29
6546,dqn,pool:gen_006,1,0.6625,-0.5500,64,2026-05-31T14:56:37
6547,self,dqn,2,0.3625,1.4000,64,2026-05-31T14:56:47
6548,dqn,pool:gen_002,2,0.2625,1.3750,64,2026-05-31T14:56:56
6549,self,dqn,1,0.5000,-0.6875,64,2026-05-31T14:57:05
6550,dqn,self,2,0.4625,1.6125,64,2026-05-31T14:57:14
6551,self,dqn,1,0.7000,-0.7000,64,2026-05-31T14:57:25
6552,dqn,self,2,0.4875,1.5750,64,2026-05-31T14:57:35
6553,self,dqn,1,0.8250,-0.7000,64,2026-05-31T14:57:44
6554,dqn,pool:gen_002,2,0.2250,1.3625,64,2026-05-31T14:57:55
6555,self,dqn,1,0.4375,-0.7000,64,2026-05-31T14:58:05
6556,dqn,heuristic,1,1.0000,-0.2500,64,2026-05-31T14:58:12
6557,self,dqn,2,0.3500,1.4125,64,2026-05-31T14:58:21
6558,dqn,pool:gen_006,2,0.6250,1.6250,64,2026-05-31T14:58:31
6559,self,dqn,2,0.3875,1.6500,64,2026-05-31T14:58:39
6560,dqn,self,2,0.4375,1.4750,64,2026-05-31T14:58:48
6561,pool:gen_003,dqn,1,0.7375,-0.7375,64,2026-05-31T14:58:56
6562,dqn,pool:gen_004,2,0.2625,1.5375,64,2026-05-31T14:59:05
6563,pool:gen_003,dqn,1,0.6875,-0.7750,64,2026-05-31T14:59:16
6564,dqn,self,2,0.3250,1.5000,64,2026-05-31T14:59:29
6565,heuristic,dqn,2,0.9250,2.0250,64,2026-05-31T14:59:45
6566,dqn,self,1,0.4750,-0.6625,64,2026-05-31T14:59:59
6567,self,dqn,2,0.6250,1.6250,64,2026-05-31T15:00:11
6568,dqn,self,1,0.4125,-0.8000,64,2026-05-31T15:00:36
6569,heuristic,dqn,2,0.8000,2.3125,64,2026-05-31T15:00:47
6570,dqn,self,2,0.2750,1.2875,64,2026-05-31T15:00:54
6571,self,dqn,1,0.4750,-0.5750,64,2026-05-31T15:01:03
6572,dqn,self,1,0.7750,-0.4875,64,2026-05-31T15:01:17
6573,pool:gen_001,dqn,2,0.4000,1.5250,64,2026-05-31T15:01:27
6574,dqn,self,2,0.4500,1.5000,64,2026-05-31T15:01:37
6575,pool:gen_006,dqn,2,0.3375,1.6000,64,2026-05-31T15:01:45
6576,dqn,self,1,0.4375,-0.6750,64,2026-05-31T15:01:55
6577,pool:gen_006,dqn,2,0.4250,1.8250,64,2026-05-31T15:02:08
6578,dqn,pool:gen_002,1,0.5000,-0.7750,64,2026-05-31T15:02:20
6579,self,dqn,1,0.4250,-0.6375,64,2026-05-31T15:02:30
6580,dqn,pool:gen_002,1,0.4750,-0.7500,64,2026-05-31T15:02:40
6581,pool:gen_006,dqn,2,0.4875,1.7750,64,2026-05-31T15:02:49
6582,dqn,self,2,0.4250,1.5250,64,2026-05-31T15:03:00
6583,self,dqn,1,0.6125,-0.4875,64,2026-05-31T15:03:09
6584,dqn,self,1,0.4500,-0.6250,64,2026-05-31T15:03:20
6585,self,dqn,1,0.5500,-0.6125,64,2026-05-31T15:03:30
6586,dqn,random,1,0.9125,-0.5000,64,2026-05-31T15:03:41
6587,self,dqn,1,0.4250,-0.7500,64,2026-05-31T15:03:52
6588,dqn,pool:gen_002,1,0.3750,-0.7250,64,2026-05-31T15:04:04
6589,random,dqn,2,0.1875,1.8000,64,2026-05-31T15:04:12
6590,dqn,random,1,0.5375,-0.8375,64,2026-05-31T15:04:20
6591,pool:gen_003,dqn,1,0.6125,-0.7500,64,2026-05-31T15:04:31
6592,dqn,self,2,0.2250,1.5750,64,2026-05-31T15:04:42
6593,pool:gen_003,dqn,1,0.6375,-0.5000,64,2026-05-31T15:04:50
6594,dqn,self,2,0.3500,1.4125,64,2026-05-31T15:05:01
6595,self,dqn,1,0.6250,-0.8500,64,2026-05-31T15:05:11
6596,dqn,self,2,0.5750,1.6250,64,2026-05-31T15:05:21
6597,pool:gen_002,dqn,2,0.2750,1.4250,64,2026-05-31T15:05:30
6598,dqn,self,2,0.4125,1.4875,64,2026-05-31T15:05:43
6599,self,dqn,1,0.6000,-0.5875,64,2026-05-31T15:05:55
6600,dqn,pool:gen_005,1,0.6125,-0.5500,64,2026-05-31T15:06:07
6601,pool:gen_004,dqn,1,0.5750,-0.6875,64,2026-05-31T15:25:19
6602,dqn,self,1,0.4750,-0.6125,64,2026-05-31T15:25:35
6603,self,dqn,2,0.4625,1.5875,64,2026-05-31T15:25:47
6604,dqn,pool:gen_001,1,0.5750,-0.4625,64,2026-05-31T15:26:14
6605,random,dqn,2,0.5125,1.7625,64,2026-05-31T15:27:00
6606,dqn,self,2,0.3375,1.4625,64,2026-05-31T15:27:13
6607,self,dqn,2,0.2500,1.4000,64,2026-05-31T15:27:28
6608,dqn,pool:gen_003,2,0.1875,1.5750,64,2026-05-31T15:27:51
6609,pool:gen_002,dqn,1,0.5125,-0.6250,64,2026-05-31T15:28:03
6610,dqn,pool:gen_005,1,0.6500,-0.5125,64,2026-05-31T15:28:19
6611,pool:gen_006,dqn,2,0.3750,1.4875,64,2026-05-31T15:28:30
6612,dqn,self,1,0.5000,-0.5875,64,2026-05-31T15:28:41
6613,pool:gen_005,dqn,2,0.4000,1.4500,64,2026-05-31T15:28:53
6614,dqn,self,2,0.3500,1.4000,64,2026-05-31T15:29:05
6615,self,dqn,1,0.5500,-0.7000,64,2026-05-31T15:29:17
6616,dqn,self,1,0.6375,-0.5375,64,2026-05-31T15:29:28
6617,self,dqn,2,0.2875,1.3875,64,2026-05-31T15:29:39
6618,dqn,pool:gen_003,2,0.4625,1.6000,64,2026-05-31T15:29:53
6619,self,dqn,2,0.5375,1.5875,64,2026-05-31T15:30:05
6620,dqn,pool:gen_003,2,0.2625,1.5625,64,2026-05-31T15:30:16
6621,random,dqn,2,0.2875,1.7250,64,2026-05-31T15:30:26
6622,dqn,self,1,0.5875,-0.6000,64,2026-05-31T15:30:38
6623,self,dqn,2,0.2750,1.5375,64,2026-05-31T15:30:48
6624,dqn,pool:gen_005,1,0.6375,-0.6500,64,2026-05-31T15:30:59
6625,pool:gen_002,dqn,1,0.3125,-0.7625,64,2026-05-31T15:31:11
6626,dqn,pool:gen_003,2,0.3750,1.5750,64,2026-05-31T15:31:32
6627,pool:gen_004,dqn,2,0.5625,1.5625,64,2026-05-31T15:31:49
6628,dqn,self,2,0.4125,1.5125,64,2026-05-31T15:32:04
6629,pool:gen_005,dqn,2,0.4625,1.5500,64,2026-05-31T15:32:22
6630,dqn,self,2,0.4250,1.4500,64,2026-05-31T15:32:39
6631,heuristic,dqn,2,0.5875,1.8000,64,2026-05-31T15:32:53
6632,dqn,random,1,0.9250,-0.7125,64,2026-05-31T15:33:11
6633,self,dqn,2,0.2875,1.5875,64,2026-05-31T15:33:29
6634,dqn,self,2,0.4625,1.6125,64,2026-05-31T15:33:45
6635,pool:gen_006,dqn,1,0.5875,-0.5250,64,2026-05-31T15:34:00
6636,dqn,pool:gen_006,1,0.6250,-0.4625,64,2026-05-31T15:34:17
6637,heuristic,dqn,2,0.7750,1.8875,64,2026-05-31T15:34:33
6638,dqn,self,2,0.4125,1.4250,64,2026-05-31T15:34:49
6639,pool:gen_005,dqn,2,0.3625,1.5125,64,2026-05-31T15:35:05
6640,dqn,pool:gen_003,2,0.3625,1.6750,64,2026-05-31T15:35:24
6641,self,dqn,1,0.8125,-0.5375,64,2026-05-31T15:35:44
6642,dqn,pool:gen_005,1,0.6000,-0.6750,64,2026-05-31T15:36:02
6643,self,dqn,2,0.2125,1.5375,64,2026-05-31T15:36:23
6644,dqn,pool:gen_001,1,0.6750,-0.4250,64,2026-05-31T15:36:41
6645,pool:gen_005,dqn,2,0.4125,1.5750,64,2026-05-31T15:37:04
6646,dqn,self,2,0.3625,1.3500,64,2026-05-31T15:37:16
6647,heuristic,dqn,2,0.6125,2.7000,64,2026-05-31T15:37:26
6648,dqn,self,2,0.5125,1.6375,64,2026-05-31T15:37:37
6649,pool:gen_004,dqn,2,0.4500,1.5250,64,2026-05-31T15:37:47
6650,dqn,self,2,0.3125,1.5000,64,2026-05-31T15:37:59
6651,self,dqn,2,0.3750,1.4375,64,2026-05-31T15:38:11
6652,dqn,pool:gen_004,2,0.3375,1.3625,64,2026-05-31T15:38:21
6653,self,dqn,2,0.6125,1.6625,64,2026-05-31T15:38:32
6654,dqn,self,2,0.3250,1.3500,64,2026-05-31T15:38:42
6655,self,dqn,1,0.6500,-0.6625,64,2026-05-31T15:38:54
6656,dqn,self,1,0.7500,-0.5375,64,2026-05-31T15:39:07
6657,self,dqn,1,0.5000,-0.6250,64,2026-05-31T15:39:18
6658,dqn,pool:gen_006,1,0.8000,-0.6000,64,2026-05-31T15:39:29
6659,self,dqn,1,0.3375,-0.7500,64,2026-05-31T15:39:41
6660,dqn,pool:gen_006,1,0.8750,-0.5625,64,2026-05-31T15:39:51
6661,self,dqn,2,0.2375,1.4875,64,2026-05-31T15:40:03
6662,dqn,self,2,0.5750,1.6500,64,2026-05-31T15:40:15
6663,pool:gen_002,dqn,2,0.4750,1.7625,64,2026-05-31T15:40:25
6664,dqn,pool:gen_001,1,0.8625,-0.6500,64,2026-05-31T15:40:36
6665,heuristic,dqn,2,0.8875,2.1000,64,2026-05-31T15:40:46
6666,dqn,pool:gen_002,1,0.6375,-0.4625,64,2026-05-31T15:40:59
6667,heuristic,dqn,2,1.0000,2.5750,64,2026-05-31T15:41:09
6668,dqn,pool:gen_003,2,0.4375,1.7500,64,2026-05-31T15:41:20
6669,random,dqn,2,0.4250,1.6875,64,2026-05-31T15:41:32
6670,dqn,pool:gen_003,2,0.3750,1.5625,64,2026-05-31T15:41:43
6671,self,dqn,2,0.5875,1.5625,64,2026-05-31T15:41:59
6672,dqn,pool:gen_005,1,0.4000,-0.7750,64,2026-05-31T15:42:14
6673,self,dqn,1,0.6250,-0.6000,64,2026-05-31T15:42:24
6674,dqn,self,2,0.3125,1.5125,64,2026-05-31T15:42:38
6675,pool:gen_003,dqn,1,0.5125,-0.6375,64,2026-05-31T15:42:51
6676,dqn,pool:gen_006,1,0.6500,-0.6625,64,2026-05-31T15:43:05
6677,self,dqn,2,0.5250,1.5500,64,2026-05-31T15:43:23
6678,dqn,pool:gen_003,2,0.3875,1.5625,64,2026-05-31T15:43:33
6679,self,dqn,2,0.3875,1.4000,64,2026-05-31T15:43:41
6680,dqn,pool:gen_003,2,0.2250,1.4250,64,2026-05-31T15:43:51
6681,random,dqn,2,0.2625,1.7125,64,2026-05-31T15:44:00
6682,dqn,pool:gen_005,1,0.6625,-0.5625,64,2026-05-31T15:44:08
6683,pool:gen_003,dqn,1,0.4625,-0.6750,64,2026-05-31T15:44:18
6684,dqn,random,1,1.2250,-0.5125,64,2026-05-31T15:44:26
6685,pool:gen_006,dqn,2,0.5125,1.9250,64,2026-05-31T15:44:34
6686,dqn,pool:gen_002,1,0.5250,-0.6000,64,2026-05-31T15:44:43
6687,pool:gen_002,dqn,1,0.4750,-0.8500,64,2026-05-31T15:44:53
6688,dqn,self,1,0.5875,-0.6875,64,2026-05-31T15:45:06
6689,self,dqn,1,0.3625,-0.7375,64,2026-05-31T15:45:15
6690,dqn,pool:gen_006,1,0.9875,-0.4875,64,2026-05-31T15:45:25
6691,pool:gen_002,dqn,1,0.3750,-0.7000,64,2026-05-31T15:45:34
6692,dqn,self,2,0.4125,1.7500,64,2026-05-31T15:45:43
6693,self,dqn,1,0.5250,-0.5500,64,2026-05-31T15:45:54
6694,dqn,pool:gen_005,1,0.7500,-0.6000,64,2026-05-31T15:46:04
6695,pool:gen_002,dqn,2,0.2375,1.2500,64,2026-05-31T15:46:13
6696,dqn,self,2,0.5625,1.6125,64,2026-05-31T15:46:22
6697,heuristic,dqn,2,0.3625,1.8000,64,2026-05-31T15:46:35
6698,dqn,pool:gen_003,2,0.2500,1.4750,64,2026-05-31T15:46:47
6699,heuristic,dqn,2,0.5875,2.1625,64,2026-05-31T15:46:58
6700,dqn,pool:gen_006,1,0.6750,-0.8125,64,2026-05-31T15:47:12
6701,self,dqn,2,0.3375,1.5125,64,2026-05-31T16:03:07
6702,dqn,pool:gen_005,1,0.5125,-0.7000,64,2026-05-31T16:03:16
6703,random,dqn,2,0.2625,1.7125,64,2026-05-31T16:03:24
6704,dqn,pool:gen_006,1,0.8375,-0.5875,64,2026-05-31T16:03:33
6705,heuristic,dqn,2,0.7375,1.8875,64,2026-05-31T16:03:41
6706,dqn,pool:gen_002,2,0.4250,1.4375,64,2026-05-31T16:03:50
6707,pool:gen_004,dqn,1,0.3875,-0.7500,64,2026-05-31T16:03:59
6708,dqn,pool:gen_003,2,0.3000,1.7500,64,2026-05-31T16:04:08
6709,self,dqn,1,0.9125,-0.7250,64,2026-05-31T16:04:17
6710,dqn,self,2,0.2625,1.3000,64,2026-05-31T16:04:26
6711,self,dqn,1,0.6875,-0.5125,64,2026-05-31T16:04:35
6712,dqn,pool:gen_002,2,0.5625,1.8250,64,2026-05-31T16:04:44
6713,self,dqn,1,0.6375,-0.6875,64,2026-05-31T16:04:53
6714,dqn,self,2,0.3625,1.4625,64,2026-05-31T16:05:03
6715,self,dqn,2,0.4375,1.4625,64,2026-05-31T16:05:12
6716,dqn,pool:gen_002,2,0.4750,1.7375,64,2026-05-31T16:05:20
6717,self,dqn,1,0.7875,-0.5000,64,2026-05-31T16:05:30
6718,dqn,random,1,0.5375,-0.8500,64,2026-05-31T16:05:37
6719,pool:gen_002,dqn,1,0.7250,-0.6375,64,2026-05-31T16:05:46
6720,dqn,self,2,0.3875,1.5000,64,2026-05-31T16:05:54
6721,self,dqn,1,0.5625,-0.5750,64,2026-05-31T16:06:03
6722,dqn,self,1,0.8000,-0.6000,64,2026-05-31T16:06:12
6723,pool:gen_005,dqn,1,0.3875,-0.7250,64,2026-05-31T16:06:21
6724,dqn,pool:gen_001,1,0.5125,-0.6000,64,2026-05-31T16:06:35
6725,pool:gen_006,dqn,1,0.4250,-0.6500,64,2026-05-31T16:06:46
6726,dqn,self,1,0.5750,-0.5125,64,2026-05-31T16:06:56
6727,pool:gen_002,dqn,1,0.5750,-0.6875,64,2026-05-31T16:07:05
6728,dqn,self,1,0.7375,-0.6375,64,2026-05-31T16:07:13
6729,pool:gen_006,dqn,1,0.5250,-0.5250,64,2026-05-31T16:07:26
6730,dqn,pool:gen_002,2,0.3250,1.4125,64,2026-05-31T16:07:36
6731,self,dqn,1,0.3250,-0.7125,64,2026-05-31T16:07:46
6732,dqn,self,1,0.5125,-0.5500,64,2026-05-31T16:07:55
6733,self,dqn,2,0.5125,1.5000,64,2026-05-31T16:08:04
6734,dqn,self,2,0.2875,1.4375,64,2026-05-31T16:08:13
6735,self,dqn,1,0.5625,-0.7000,64,2026-05-31T16:08:22
6736,dqn,self,2,0.4500,1.5250,64,2026-05-31T16:08:31
6737,pool:gen_004,dqn,2,0.3500,1.3500,64,2026-05-31T16:09:04
6738,dqn,heuristic,1,1.1625,-0.2375,64,2026-05-31T16:09:14
6739,pool:gen_005,dqn,2,0.4375,1.7125,64,2026-05-31T16:09:23
6740,dqn,self,1,0.5625,-0.5875,64,2026-05-31T16:09:31
6741,pool:gen_003,dqn,1,0.6500,-0.6375,64,2026-05-31T16:09:40
6742,dqn,self,2,0.4125,1.4625,64,2026-05-31T16:10:07
6743,pool:gen_004,dqn,2,0.4750,1.5375,64,2026-05-31T16:10:19
6744,dqn,pool:gen_004,1,0.7875,-0.5500,64,2026-05-31T16:10:30
6745,pool:gen_004,dqn,2,0.4125,1.5875,64,2026-05-31T16:10:39
6746,dqn,self,1,0.3250,-0.7625,64,2026-05-31T16:10:49
6747,self,dqn,2,0.2375,1.2625,64,2026-05-31T16:10:59
6748,dqn,heuristic,1,0.8125,-0.4375,64,2026-05-31T16:11:07
6749,self,dqn,1,0.7000,-0.7500,64,2026-05-31T16:11:16
6750,dqn,pool:gen_002,1,0.5375,-0.6125,64,2026-05-31T16:11:25
6751,pool:gen_002,dqn,2,0.4000,1.4125,64,2026-05-31T16:11:34
6752,dqn,self,2,0.7875,1.9125,64,2026-05-31T16:11:44
6753,pool:gen_003,dqn,1,0.5125,-0.6000,64,2026-05-31T16:11:53
6754,dqn,self,2,0.3875,1.3500,64,2026-05-31T16:12:03
6755,self,dqn,2,0.3500,1.3250,64,2026-05-31T16:12:13
6756,dqn,pool:gen_006,1,0.6125,-0.5750,64,2026-05-31T16:12:23
6757,pool:gen_002,dqn,2,0.4625,1.5000,64,2026-05-31T16:12:31
6758,dqn,random,1,0.6875,-0.7500,64,2026-05-31T16:12:39
6759,pool:gen_006,dqn,2,0.4125,1.6375,64,2026-05-31T16:12:47
6760,dqn,pool:gen_002,1,0.5625,-0.5125,64,2026-05-31T16:12:56
6761,self,dqn,2,0.2750,1.3500,64,2026-05-31T16:13:05
6762,dqn,self,1,0.5625,-0.5250,64,2026-05-31T16:13:14
6763,self,dqn,2,0.7125,1.7000,64,2026-05-31T16:13:22
6764,dqn,self,1,0.4000,-0.6625,64,2026-05-31T16:13:31
6765,pool:gen_004,dqn,1,0.5125,-0.6750,64,2026-05-31T16:13:40
6766,dqn,self,2,0.3250,1.3750,64,2026-05-31T16:13:49
6767,self,dqn,1,0.7875,-0.5875,64,2026-05-31T16:13:58
6768,dqn,self,1,0.6250,-0.7875,64,2026-05-31T16:14:07
6769,pool:gen_005,dqn,1,0.8250,-0.6750,64,2026-05-31T16:14:16
6770,dqn,pool:gen_006,2,0.3375,1.8500,64,2026-05-31T16:14:25
6771,heuristic,dqn,1,0.7500,-0.4125,64,2026-05-31T16:14:34
6772,dqn,pool:gen_006,2,0.3625,1.8625,64,2026-05-31T16:14:43
6773,pool:gen_005,dqn,1,0.7375,-0.4875,64,2026-05-31T16:15:01
6774,dqn,self,1,0.3625,-0.6750,64,2026-05-31T16:15:12
6775,self,dqn,1,0.5875,-0.5250,64,2026-05-31T16:15:22
6776,dqn,pool:gen_003,2,0.5000,1.7750,64,2026-05-31T16:15:31
6777,pool:gen_005,dqn,2,0.4375,1.4000,64,2026-05-31T16:15:42
6778,dqn,pool:gen_003,2,0.4000,1.5125,64,2026-05-31T16:15:53
6779,self,dqn,2,0.2500,1.3500,64,2026-05-31T16:16:04
6780,dqn,pool:gen_006,1,0.6250,-0.4750,64,2026-05-31T16:16:18
6781,pool:gen_004,dqn,1,0.4625,-0.6750,64,2026-05-31T16:17:18
6782,dqn,self,2,0.4875,1.4625,64,2026-05-31T16:17:36
6783,self,dqn,2,0.3500,1.5750,64,2026-05-31T16:17:49
6784,dqn,random,1,0.4750,-0.6750,64,2026-05-31T16:18:02
6785,self,dqn,2,0.4750,1.5750,64,2026-05-31T16:18:18
6786,dqn,self,2,0.2375,1.4125,64,2026-05-31T16:18:33
6787,pool:gen_003,dqn,1,0.9000,-0.7250,64,2026-05-31T16:18:57
6788,dqn,self,2,0.3750,1.5250,64,2026-05-31T16:19:05
6789,pool:gen_003,dqn,1,0.8875,-0.7125,64,2026-05-31T16:19:10
6790,dqn,pool:gen_004,2,0.4625,1.5625,64,2026-05-31T16:19:14
6791,self,dqn,2,0.4000,1.4625,64,2026-05-31T16:19:18
6792,dqn,self,1,0.4375,-0.7000,64,2026-05-31T16:19:22
6793,self,dqn,2,0.3500,1.4125,64,2026-05-31T16:19:26
6794,dqn,pool:gen_005,1,0.4750,-0.5875,64,2026-05-31T16:19:30
6795,random,dqn,2,0.4875,1.5625,64,2026-05-31T16:19:33
6796,dqn,self,2,0.3625,1.4000,64,2026-05-31T16:19:36
6797,self,dqn,2,0.3625,1.4625,64,2026-05-31T16:19:39
6798,dqn,pool:gen_006,2,0.4625,1.5750,64,2026-05-31T16:19:42
6799,self,dqn,2,0.4000,1.4375,64,2026-05-31T16:19:45
6800,dqn,self,1,0.8250,-0.4875,64,2026-05-31T16:19:48
6801,self,dqn,1,0.4000,-0.8375,64,2026-05-31T16:27:25
6802,dqn,pool:gen_006,2,0.3750,1.5625,64,2026-05-31T16:27:28
6803,pool:gen_004,dqn,1,0.6000,-0.6750,64,2026-05-31T16:27:32
6804,dqn,pool:gen_005,1,0.4125,-0.6125,64,2026-05-31T16:27:35
6805,pool:gen_004,dqn,1,0.5125,-0.7250,64,2026-05-31T16:27:38
6806,dqn,pool:gen_003,2,0.4750,1.9875,64,2026-05-31T16:27:42
6807,random,dqn,2,0.3375,1.8375,64,2026-05-31T16:27:44
6808,dqn,pool:gen_006,2,0.2875,1.4375,64,2026-05-31T16:27:47
6809,pool:gen_002,dqn,1,1.1375,-0.4125,64,2026-05-31T16:27:50
6810,dqn,random,1,0.5375,-0.8625,64,2026-05-31T16:27:53
6811,heuristic,dqn,2,0.7500,1.8000,64,2026-05-31T16:27:56
6812,dqn,self,1,0.6625,-0.5875,64,2026-05-31T16:27:59
6813,pool:gen_004,dqn,1,0.6875,-0.6375,64,2026-05-31T16:28:02
6814,dqn,pool:gen_002,2,0.5250,1.5625,64,2026-05-31T16:28:04
6815,pool:gen_003,dqn,1,0.4250,-0.7875,64,2026-05-31T16:28:07
6816,dqn,pool:gen_003,2,0.2125,1.5625,64,2026-05-31T16:28:09
6817,self,dqn,1,0.7875,-0.5750,64,2026-05-31T16:28:12
6818,dqn,self,1,0.4125,-0.6875,64,2026-05-31T16:28:15
6819,pool:gen_001,dqn,1,0.5625,-0.6500,64,2026-05-31T16:28:18
6820,dqn,self,1,0.3875,-0.7125,64,2026-05-31T16:28:21
6821,pool:gen_004,dqn,1,0.4625,-0.8125,64,2026-05-31T16:28:24
6822,dqn,self,2,0.3875,1.4125,64,2026-05-31T16:28:26
6823,self,dqn,2,0.3500,1.3375,64,2026-05-31T16:28:29
6824,dqn,pool:gen_002,2,0.3875,1.4000,64,2026-05-31T16:28:31
6825,self,dqn,1,0.5125,-0.7250,64,2026-05-31T16:28:34
6826,dqn,self,2,0.4875,1.7250,64,2026-05-31T16:28:36
6827,self,dqn,1,0.9000,-0.6500,64,2026-05-31T16:28:39
6828,dqn,pool:gen_003,2,0.2125,1.6000,64,2026-05-31T16:28:41
6829,pool:gen_005,dqn,1,0.5375,-0.6000,64,2026-05-31T16:28:44
6830,dqn,pool:gen_004,2,0.2250,1.4500,64,2026-05-31T16:28:46
6831,pool:gen_002,dqn,1,0.3000,-0.7875,64,2026-05-31T16:28:49
6832,dqn,self,1,0.5125,-0.5375,64,2026-05-31T16:28:52
6833,self,dqn,1,0.5125,-0.5625,64,2026-05-31T16:28:54
6834,dqn,self,2,0.4125,1.4000,64,2026-05-31T16:28:57
6835,random,dqn,2,0.2750,2.1875,64,2026-05-31T16:28:59
6836,dqn,pool:gen_004,2,0.2875,1.4250,64,2026-05-31T16:29:02
6837,pool:gen_005,dqn,2,0.4625,1.4125,64,2026-05-31T16:29:05
6838,dqn,heuristic,1,0.6500,-0.7000,64,2026-05-31T16:29:07
6839,pool:gen_006,dqn,2,0.4625,1.5500,64,2026-05-31T16:29:10
6840,dqn,random,1,0.6750,-0.8000,64,2026-05-31T16:29:13
6841,self,dqn,1,0.6250,-0.5625,64,2026-05-31T16:29:16
6842,dqn,pool:gen_004,1,0.5250,-0.5500,64,2026-05-31T16:29:19
6843,pool:gen_001,dqn,1,0.6625,-0.5000,64,2026-05-31T16:29:21
6844,dqn,self,1,0.2875,-0.7375,64,2026-05-31T16:29:24
6845,self,dqn,2,0.3875,1.4125,64,2026-05-31T16:29:27
6846,dqn,self,1,0.5125,-0.8125,64,2026-05-31T16:29:29
6847,pool:gen_004,dqn,1,0.5500,-0.8000,64,2026-05-31T16:29:32
6848,dqn,self,2,0.3125,1.3625,64,2026-05-31T16:29:34
6849,self,dqn,2,0.4375,1.7500,64,2026-05-31T16:29:36
6850,dqn,pool:gen_003,2,0.2375,1.4750,64,2026-05-31T16:29:39
6851,self,dqn,2,0.3875,1.4000,64,2026-05-31T16:29:42
6852,dqn,pool:gen_005,1,0.5375,-0.6125,64,2026-05-31T16:29:44
6853,self,dqn,2,0.3375,1.5375,64,2026-05-31T16:29:47
6854,dqn,self,1,0.6875,-0.7625,64,2026-05-31T16:29:49
6855,pool:gen_005,dqn,1,0.5750,-0.5375,64,2026-05-31T16:29:52
6856,dqn,self,2,0.5000,1.8500,64,2026-05-31T16:29:54
6857,pool:gen_005,dqn,1,0.5875,-0.6625,64,2026-05-31T16:29:57
6858,dqn,pool:gen_004,1,0.3625,-0.6875,64,2026-05-31T16:29:59
6859,self,dqn,1,0.6000,-0.5375,64,2026-05-31T16:30:02
6860,dqn,heuristic,1,0.9875,-0.2875,64,2026-05-31T16:30:05
6861,self,dqn,1,0.4250,-0.6500,64,2026-05-31T16:30:09
6862,dqn,pool:gen_005,1,0.4375,-0.5750,64,2026-05-31T16:30:12
6863,pool:gen_001,dqn,2,0.3500,1.5875,64,2026-05-31T16:30:15
6864,dqn,heuristic,1,1.3875,-0.2625,64,2026-05-31T16:30:17
6865,self,dqn,2,0.4250,1.4500,64,2026-05-31T16:30:20
6866,dqn,self,2,0.3375,1.6750,64,2026-05-31T16:30:23
6867,pool:gen_005,dqn,1,0.5125,-0.6875,64,2026-05-31T16:30:26
6868,dqn,pool:gen_003,2,0.2250,1.4750,64,2026-05-31T16:30:28
6869,self,dqn,1,0.7500,-0.7750,64,2026-05-31T16:30:30
6870,dqn,self,2,0.4750,1.5875,64,2026-05-31T16:30:33
6871,self,dqn,2,0.3750,1.4875,64,2026-05-31T16:30:36
6872,dqn,self,1,0.4750,-0.6375,64,2026-05-31T16:30:39
6873,random,dqn,2,0.2375,1.3500,64,2026-05-31T16:30:42
6874,dqn,self,2,0.3875,1.3875,64,2026-05-31T16:30:44
6875,pool:gen_006,dqn,2,0.4625,1.5750,64,2026-05-31T16:30:47
6876,dqn,pool:gen_005,1,0.5875,-0.6625,64,2026-05-31T16:30:50
6877,pool:gen_004,dqn,1,0.4875,-0.6000,64,2026-05-31T16:30:52
6878,dqn,pool:gen_004,2,0.3500,1.3500,64,2026-05-31T16:30:54
6879,pool:gen_002,dqn,1,0.5375,-0.7000,64,2026-05-31T16:30:57
6880,dqn,pool:gen_003,2,0.3125,1.8250,64,2026-05-31T16:31:00
6881,pool:gen_001,dqn,2,0.3375,1.6250,64,2026-05-31T16:31:03
6882,dqn,pool:gen_002,2,0.3750,1.3750,64,2026-05-31T16:31:06
6883,pool:gen_004,dqn,1,0.6500,-0.5250,64,2026-05-31T16:31:09
6884,dqn,self,2,0.3375,1.8250,64,2026-05-31T16:31:11
6885,pool:gen_006,dqn,1,0.4875,-0.8000,64,2026-05-31T16:31:14
6886,dqn,self,2,0.3125,1.5000,64,2026-05-31T16:31:16
6887,self,dqn,1,0.4625,-0.7250,64,2026-05-31T16:31:19
6888,dqn,self,2,0.2875,1.5125,64,2026-05-31T16:31:22
6889,self,dqn,1,0.4125,-0.6125,64,2026-05-31T16:31:24
6890,dqn,self,2,0.3625,1.7875,64,2026-05-31T16:31:26
6891,pool:gen_004,dqn,1,0.4750,-0.8000,64,2026-05-31T16:31:29
6892,dqn,self,2,0.6125,1.6375,64,2026-05-31T16:31:32
6893,pool:gen_006,dqn,2,0.3125,1.4125,64,2026-05-31T16:31:35
6894,dqn,self,1,0.7125,-0.6000,64,2026-05-31T16:31:37
6895,pool:gen_004,dqn,1,0.4625,-0.7500,64,2026-05-31T16:31:40
6896,dqn,self,2,0.4000,1.4375,64,2026-05-31T16:31:42
6897,pool:gen_005,dqn,2,0.4125,1.5375,64,2026-05-31T16:31:45
6898,dqn,pool:gen_005,1,0.6500,-0.4500,64,2026-05-31T16:31:48
6899,pool:gen_004,dqn,2,0.3500,1.4875,64,2026-05-31T16:31:50
6900,dqn,pool:gen_003,2,0.3125,1.6500,64,2026-05-31T16:31:53
6901,self,dqn,2,0.2625,1.4125,64,2026-05-31T16:39:24
6902,dqn,self,1,0.4375,-0.6375,64,2026-05-31T16:39:27
6903,self,dqn,2,0.4125,1.4625,64,2026-05-31T16:39:30
6904,dqn,self,2,0.3500,1.4000,64,2026-05-31T16:39:33
6905,random,dqn,2,0.3000,1.7875,64,2026-05-31T16:39:36
6906,dqn,pool:gen_005,2,0.4500,1.4875,64,2026-05-31T16:39:39
6907,pool:gen_003,dqn,1,0.6125,-0.7000,64,2026-05-31T16:39:41
6908,dqn,pool:gen_005,1,0.5125,-0.7125,64,2026-05-31T16:39:44
6909,self,dqn,1,0.3375,-0.6875,64,2026-05-31T16:39:46
6910,dqn,pool:gen_005,1,0.6375,-0.6750,64,2026-05-31T16:39:49
6911,self,dqn,2,0.5125,1.5375,64,2026-05-31T16:39:52
6912,dqn,self,2,0.2875,1.4125,64,2026-05-31T16:39:54
6913,pool:gen_001,dqn,1,0.6250,-0.7375,64,2026-05-31T16:39:59
6914,dqn,self,1,0.6625,-0.5000,64,2026-05-31T16:40:02
6915,self,dqn,1,0.5500,-0.5125,64,2026-05-31T16:40:05
6916,dqn,pool:gen_006,1,0.4500,-0.6375,64,2026-05-31T16:40:08
6917,pool:gen_003,dqn,1,0.7000,-0.5750,64,2026-05-31T16:40:11
6918,dqn,pool:gen_006,1,0.6375,-0.6375,64,2026-05-31T16:40:13
6919,pool:gen_006,dqn,2,0.4250,1.4500,64,2026-05-31T16:40:16
6920,dqn,pool:gen_003,1,0.5000,-0.6625,64,2026-05-31T16:40:18
6921,random,dqn,2,0.2500,1.5500,64,2026-05-31T16:40:21
6922,dqn,pool:gen_004,1,0.5000,-0.5875,64,2026-05-31T16:40:24
6923,heuristic,dqn,2,0.8125,2.1500,64,2026-05-31T16:40:27
6924,dqn,pool:gen_002,1,0.6125,-0.5250,64,2026-05-31T16:40:30
6925,self,dqn,1,0.9500,-0.7125,64,2026-05-31T16:40:34
6926,dqn,pool:gen_005,1,0.6875,-0.5375,64,2026-05-31T16:40:40
6927,self,dqn,2,0.3250,1.5125,64,2026-05-31T16:40:46
6928,dqn,self,1,0.3000,-0.7125,64,2026-05-31T16:40:52
6929,pool:gen_003,dqn,2,0.4125,1.4000,64,2026-05-31T16:40:57
6930,dqn,self,1,0.4625,-0.8000,64,2026-05-31T16:41:04
6931,self,dqn,1,0.7875,-0.5625,64,2026-05-31T16:41:10
6932,dqn,pool:gen_002,1,0.6000,-0.4500,64,2026-05-31T16:41:16
6933,pool:gen_005,dqn,2,0.3625,1.6750,64,2026-05-31T16:41:20
6934,dqn,pool:gen_002,1,0.6500,-0.4250,64,2026-05-31T16:41:23
6935,pool:gen_006,dqn,2,0.3375,1.4875,64,2026-05-31T16:41:26
6936,dqn,pool:gen_003,2,0.4375,1.4750,64,2026-05-31T16:41:29
6937,self,dqn,2,0.2625,1.3125,64,2026-05-31T16:41:32
6938,dqn,heuristic,1,1.1000,-0.1250,64,2026-05-31T16:41:35
6939,pool:gen_005,dqn,2,0.2375,1.4125,64,2026-05-31T16:41:38
6940,dqn,heuristic,1,1.7375,-0.1500,64,2026-05-31T16:41:40
6941,pool:gen_002,dqn,1,0.7000,-0.5125,64,2026-05-31T16:41:43
6942,dqn,pool:gen_002,2,0.5000,1.5375,64,2026-05-31T16:41:46
6943,self,dqn,1,0.4500,-0.6375,64,2026-05-31T16:41:49
6944,dqn,self,1,0.8750,-0.4875,64,2026-05-31T16:41:52
6945,random,dqn,2,0.4625,2.0375,64,2026-05-31T16:41:55
6946,dqn,self,2,0.3750,1.3625,64,2026-05-31T16:41:58
6947,pool:gen_004,dqn,2,0.4750,1.7375,64,2026-05-31T16:42:01
6948,dqn,pool:gen_002,1,0.5875,-0.6625,64,2026-05-31T16:42:05
6949,self,dqn,1,0.4125,-0.6250,64,2026-05-31T16:42:07
6950,dqn,self,1,0.4625,-0.5625,64,2026-05-31T16:42:10
6951,pool:gen_002,dqn,1,0.3375,-0.7125,64,2026-05-31T16:42:13
6952,dqn,pool:gen_003,2,0.3625,1.5250,64,2026-05-31T16:42:16
6953,self,dqn,1,0.6250,-0.5375,64,2026-05-31T16:42:19
6954,dqn,random,1,0.7250,-0.6375,64,2026-05-31T16:42:22
6955,random,dqn,2,0.2375,1.6125,64,2026-05-31T16:42:25
6956,dqn,self,1,0.4000,-0.6875,64,2026-05-31T16:42:27
6957,pool:gen_003,dqn,1,0.6875,-0.6375,64,2026-05-31T16:42:30
6958,dqn,pool:gen_004,2,0.6125,1.5875,64,2026-05-31T16:42:33
6959,pool:gen_006,dqn,2,0.3750,1.7125,64,2026-05-31T16:42:36
6960,dqn,self,1,0.4625,-0.5750,64,2026-05-31T16:42:38
6961,pool:gen_003,dqn,1,0.8250,-0.5375,64,2026-05-31T16:42:41
6962,dqn,pool:gen_004,2,0.6375,1.6375,64,2026-05-31T16:42:45
6963,self,dqn,2,0.3625,1.4875,64,2026-05-31T16:42:48
6964,dqn,self,2,0.3750,1.3625,64,2026-05-31T16:42:51
6965,pool:gen_003,dqn,1,0.5000,-0.8000,64,2026-05-31T16:42:53
6966,dqn,self,2,0.5000,1.5875,64,2026-05-31T16:42:57
6967,pool:gen_005,dqn,2,0.5000,1.7875,64,2026-05-31T16:43:00
6968,dqn,self,1,0.4250,-0.8250,64,2026-05-31T16:43:02
6969,pool:gen_003,dqn,1,0.5375,-0.6750,64,2026-05-31T16:43:05
6970,dqn,self,1,0.7500,-0.6000,64,2026-05-31T16:43:08
6971,pool:gen_002,dqn,1,0.6125,-0.5250,64,2026-05-31T16:43:10
6972,dqn,random,1,0.9375,-0.5750,64,2026-05-31T16:43:12
6973,pool:gen_002,dqn,1,0.6000,-0.4875,64,2026-05-31T16:43:15
6974,dqn,pool:gen_001,1,0.6375,-0.8250,64,2026-05-31T16:43:18
6975,self,dqn,2,0.6000,1.5500,64,2026-05-31T16:43:21
6976,dqn,self,2,0.4000,1.5625,64,2026-05-31T16:43:23
6977,pool:gen_004,dqn,2,0.3875,1.4875,64,2026-05-31T16:43:26
6978,dqn,pool:gen_005,1,0.8875,-0.5250,64,2026-05-31T16:43:28
6979,self,dqn,1,0.5625,-0.5625,64,2026-05-31T16:43:30
6980,dqn,pool:gen_006,1,0.4250,-0.6875,64,2026-05-31T16:43:33
6981,pool:gen_005,dqn,2,0.3500,1.7250,64,2026-05-31T16:43:35
6982,dqn,pool:gen_004,1,0.5875,-0.5875,64,2026-05-31T16:43:38
6983,pool:gen_003,dqn,2,0.2500,1.3000,64,2026-05-31T16:43:40
6984,dqn,pool:gen_004,1,0.4625,-0.7000,64,2026-05-31T16:43:42
6985,pool:gen_006,dqn,2,0.3750,1.8750,64,2026-05-31T16:43:44
6986,dqn,pool:gen_006,1,0.8375,-0.6500,64,2026-05-31T16:43:47
6987,self,dqn,2,0.2750,1.3625,64,2026-05-31T16:43:49
6988,dqn,self,1,0.4750,-0.6750,64,2026-05-31T16:43:51
6989,self,dqn,2,0.3750,1.6500,64,2026-05-31T16:43:54
6990,dqn,self,2,0.4625,1.4625,64,2026-05-31T16:43:56
6991,self,dqn,2,0.3500,1.4125,64,2026-05-31T16:43:59
6992,dqn,pool:gen_006,1,0.8750,-0.6000,64,2026-05-31T16:44:01
6993,self,dqn,1,0.5500,-0.7375,64,2026-05-31T16:44:03
6994,dqn,self,1,0.5375,-0.6000,64,2026-05-31T16:44:06
6995,heuristic,dqn,2,0.4625,2.0375,64,2026-05-31T16:44:08
6996,dqn,self,2,0.4000,1.5625,64,2026-05-31T16:44:10
6997,self,dqn,2,0.4000,1.5375,64,2026-05-31T16:44:12
6998,dqn,pool:gen_004,2,0.5250,1.5500,64,2026-05-31T16:44:15
6999,pool:gen_002,dqn,2,0.3500,1.5000,64,2026-05-31T16:44:17
7000,dqn,pool:gen_001,1,0.6750,-0.7375,64,2026-05-31T16:44:20
7001,pool:gen_005,dqn,2,0.4125,1.5875,64,2026-05-31T16:54:23
7002,dqn,self,2,0.4125,1.5500,64,2026-05-31T16:54:31
7003,random,dqn,2,0.3000,2.2000,64,2026-05-31T16:54:41
7004,dqn,pool:gen_006,1,0.8250,-0.5500,64,2026-05-31T16:54:50
7005,self,dqn,1,0.9500,-0.6000,64,2026-05-31T16:54:59
7006,dqn,pool:gen_004,1,0.7875,-0.5750,64,2026-05-31T16:55:13
7007,pool:gen_006,dqn,2,0.4625,1.7250,64,2026-05-31T16:55:24
7008,dqn,self,1,0.4625,-0.6250,64,2026-05-31T16:55:36
7009,pool:gen_007,dqn,2,0.4000,1.5375,64,2026-05-31T16:55:48
7010,dqn,random,1,0.7000,-0.8750,64,2026-05-31T16:55:59
7011,self,dqn,1,0.6125,-0.6250,64,2026-05-31T16:56:11
7012,dqn,self,2,0.2875,1.5125,64,2026-05-31T16:56:22
7013,pool:gen_006,dqn,1,0.6375,-0.4500,64,2026-05-31T16:56:34
7014,dqn,self,2,0.2750,1.2625,64,2026-05-31T16:56:46
7015,self,dqn,1,0.7125,-0.6000,64,2026-05-31T16:57:00
7016,dqn,self,1,0.3625,-0.7375,64,2026-05-31T16:57:10
7017,pool:gen_005,dqn,1,0.5125,-0.4875,64,2026-05-31T16:57:24
7018,dqn,self,2,0.4000,1.6125,64,2026-05-31T16:57:34
7019,self,dqn,1,0.4000,-0.7250,64,2026-05-31T16:57:44
7020,dqn,pool:gen_004,2,0.3250,1.5625,64,2026-05-31T16:57:52
7021,pool:gen_004,dqn,1,0.6625,-0.6500,64,2026-05-31T16:58:02
7022,dqn,self,2,0.2250,1.3000,64,2026-05-31T16:58:11
7023,pool:gen_004,dqn,1,0.7250,-0.5625,64,2026-05-31T16:58:20
7024,dqn,self,2,0.5250,1.5500,64,2026-05-31T16:58:28
7025,self,dqn,2,0.3875,1.4750,64,2026-05-31T16:58:37
7026,dqn,pool:gen_003,2,0.5375,1.7125,64,2026-05-31T16:58:46
7027,self,dqn,1,0.5250,-0.5875,64,2026-05-31T16:58:55
7028,dqn,pool:gen_005,1,0.5375,-0.5750,64,2026-05-31T16:59:06
7029,self,dqn,1,0.8000,-0.8750,64,2026-05-31T16:59:15
7030,dqn,self,1,0.4125,-0.6750,64,2026-05-31T16:59:24
7031,pool:gen_006,dqn,1,0.6500,-0.6125,64,2026-05-31T16:59:32
7032,dqn,self,1,0.6250,-0.7000,64,2026-05-31T16:59:41
7033,self,dqn,1,0.6875,-0.6250,64,2026-05-31T16:59:50
7034,dqn,pool:gen_005,1,0.6250,-0.6125,64,2026-05-31T17:00:04
7035,random,dqn,2,0.4500,1.4750,64,2026-05-31T17:00:15
7036,dqn,self,1,0.5500,-0.5625,64,2026-05-31T17:00:26
7037,self,dqn,1,0.7500,-0.4625,64,2026-05-31T17:00:38
7038,dqn,pool:gen_002,1,0.4375,-0.6000,64,2026-05-31T17:00:48
7039,self,dqn,2,0.4625,1.4250,64,2026-05-31T17:00:57
7040,dqn,pool:gen_006,1,0.5000,-0.6000,64,2026-05-31T17:01:08
7041,self,dqn,1,0.4125,-0.7250,64,2026-05-31T17:01:27
7042,dqn,self,2,0.2375,1.5250,64,2026-05-31T17:01:39
7043,pool:gen_005,dqn,2,0.5000,1.6250,64,2026-05-31T17:01:51
7044,dqn,self,2,0.3375,1.6625,64,2026-05-31T17:01:59
7045,pool:gen_007,dqn,1,0.5625,-0.5125,64,2026-05-31T17:02:10
7046,dqn,self,2,0.3625,1.4500,64,2026-05-31T17:02:21
7047,pool:gen_007,dqn,2,0.4625,1.4625,64,2026-05-31T17:02:32
7048,dqn,self,2,0.4000,1.6000,64,2026-05-31T17:02:44
7049,pool:gen_006,dqn,1,0.4500,-0.8250,64,2026-05-31T17:02:54
7050,dqn,self,1,0.5250,-0.6625,64,2026-05-31T17:03:08
7051,self,dqn,1,0.4250,-0.6625,64,2026-05-31T17:03:20
7052,dqn,pool:gen_003,2,0.3875,1.4750,64,2026-05-31T17:03:30
7053,self,dqn,1,0.4875,-0.7625,64,2026-05-31T17:03:41
7054,dqn,heuristic,1,1.1500,-0.4750,64,2026-05-31T17:03:50
7055,self,dqn,2,0.3000,1.3750,64,2026-05-31T17:03:58
7056,dqn,heuristic,1,0.8875,-0.4750,64,2026-05-31T17:04:07
7057,pool:gen_005,dqn,2,0.3250,1.4875,64,2026-05-31T17:04:20
7058,dqn,pool:gen_005,1,0.6875,-0.7375,64,2026-05-31T17:04:29
7059,self,dqn,2,0.3125,1.3125,64,2026-05-31T17:04:41
7060,dqn,self,2,0.2875,1.3750,64,2026-05-31T17:04:53
7061,self,dqn,2,0.3875,1.4750,64,2026-05-31T17:05:03
7062,dqn,heuristic,1,1.0625,-0.5625,64,2026-05-31T17:05:14
7063,self,dqn,1,0.5500,-0.6125,64,2026-05-31T17:05:23
7064,dqn,self,2,0.3250,1.5625,64,2026-05-31T17:05:37
7065,self,dqn,2,0.2875,1.4375,64,2026-05-31T17:05:47
7066,dqn,pool:gen_003,2,0.2875,1.5625,64,2026-05-31T17:05:56
7067,self,dqn,1,0.6125,-0.6500,64,2026-05-31T17:06:06
7068,dqn,pool:gen_004,2,0.4875,1.5375,64,2026-05-31T17:06:16
7069,self,dqn,2,0.3625,1.4000,64,2026-05-31T17:06:25
7070,dqn,heuristic,1,1.4875,-0.0375,64,2026-05-31T17:06:37
7071,pool:gen_004,dqn,2,0.3000,1.3250,64,2026-05-31T17:06:47
7072,dqn,pool:gen_007,2,0.3125,1.4625,64,2026-05-31T17:06:56
7073,pool:gen_003,dqn,1,0.7875,-0.7750,64,2026-05-31T17:07:05
7074,dqn,self,2,0.2500,1.3875,64,2026-05-31T17:07:17
7075,self,dqn,1,0.5125,-0.6125,64,2026-05-31T17:07:25
7076,dqn,pool:gen_007,2,0.3000,1.5375,64,2026-05-31T17:07:33
7077,pool:gen_004,dqn,1,0.5125,-0.6375,64,2026-05-31T17:07:44
7078,dqn,pool:gen_007,2,0.2750,1.4625,64,2026-05-31T17:07:53
7079,pool:gen_003,dqn,1,0.9125,-0.6875,64,2026-05-31T17:08:07
7080,dqn,self,1,0.4625,-0.6750,64,2026-05-31T17:08:19
7081,pool:gen_006,dqn,1,0.5750,-0.4625,64,2026-05-31T17:08:30
7082,dqn,self,2,0.1625,1.6875,64,2026-05-31T17:08:43
7083,pool:gen_007,dqn,1,0.6625,-0.7250,64,2026-05-31T17:08:55
7084,dqn,self,1,0.8125,-0.4500,64,2026-05-31T17:09:07
7085,self,dqn,1,0.5750,-0.7500,64,2026-05-31T17:09:20
7086,dqn,pool:gen_004,2,0.4250,1.7875,64,2026-05-31T17:09:33
7087,self,dqn,1,0.5875,-0.9250,64,2026-05-31T17:09:45
7088,dqn,pool:gen_005,1,0.3375,-0.7000,64,2026-05-31T17:09:56
7089,self,dqn,2,0.4125,1.5375,64,2026-05-31T17:10:06
7090,dqn,self,1,0.4875,-0.6375,64,2026-05-31T17:10:19
7091,self,dqn,2,0.3625,1.4375,64,2026-05-31T17:10:30
7092,dqn,heuristic,1,1.0500,-0.4125,64,2026-05-31T17:10:38
7093,self,dqn,2,0.3500,1.4125,64,2026-05-31T17:10:50
7094,dqn,pool:gen_003,2,0.3875,1.4625,64,2026-05-31T17:11:01
7095,self,dqn,1,0.3875,-0.7250,64,2026-05-31T17:11:12
7096,dqn,self,1,0.2625,-0.7375,64,2026-05-31T17:11:25
7097,self,dqn,2,0.3875,1.6250,64,2026-05-31T17:11:35
7098,dqn,pool:gen_003,2,0.3000,1.3500,64,2026-05-31T17:11:45
7099,self,dqn,2,0.5000,1.7000,64,2026-05-31T17:11:56
7100,dqn,pool:gen_005,1,0.6125,-0.6625,64,2026-05-31T17:12:07
7101,self,dqn,2,0.2375,1.4750,64,2026-05-31T17:20:35
7102,dqn,pool:gen_001,2,0.4000,1.4625,64,2026-05-31T17:20:37
7103,self,dqn,2,0.3250,1.5750,64,2026-05-31T17:20:40
7104,dqn,self,1,0.8250,-0.4000,64,2026-05-31T17:20:42
7105,self,dqn,1,0.5250,-0.7250,64,2026-05-31T17:20:45
7106,dqn,self,2,0.4000,1.4375,64,2026-05-31T17:20:48
7107,pool:gen_005,dqn,1,0.4250,-0.6375,64,2026-05-31T17:20:51
7108,dqn,heuristic,1,1.2125,-0.3875,64,2026-05-31T17:20:53
7109,self,dqn,1,0.4500,-0.9000,64,2026-05-31T17:20:56
7110,dqn,pool:gen_004,2,0.4625,1.6750,64,2026-05-31T17:20:59
7111,self,dqn,1,0.4250,-0.7125,64,2026-05-31T17:21:01
7112,dqn,self,2,0.2500,1.5250,64,2026-05-31T17:21:04
7113,self,dqn,1,0.6500,-0.4625,64,2026-05-31T17:21:07
7114,dqn,self,2,0.4625,1.4750,64,2026-05-31T17:21:10
7115,self,dqn,1,0.6500,-0.6250,64,2026-05-31T17:21:13
7116,dqn,self,2,0.2750,1.5625,64,2026-05-31T17:21:15
7117,pool:gen_006,dqn,2,0.4875,1.5375,64,2026-05-31T17:21:18
7118,dqn,pool:gen_005,1,0.6125,-0.6375,64,2026-05-31T17:21:20
7119,random,dqn,2,0.3375,1.5625,64,2026-05-31T17:21:23
7120,dqn,random,1,0.7625,-0.6750,64,2026-05-31T17:21:25
7121,self,dqn,1,0.8125,-0.3250,64,2026-05-31T17:21:28
7122,dqn,random,1,0.5500,-0.5500,64,2026-05-31T17:21:30
7123,pool:gen_006,dqn,1,0.6000,-0.6750,64,2026-05-31T17:21:32
7124,dqn,pool:gen_003,2,0.4500,1.8625,64,2026-05-31T17:21:34
7125,pool:gen_004,dqn,1,0.6875,-0.5000,64,2026-05-31T17:21:37
7126,dqn,pool:gen_002,2,0.3875,1.7125,64,2026-05-31T17:21:39
7127,heuristic,dqn,2,0.9625,2.2000,64,2026-05-31T17:21:41
7128,dqn,self,2,0.2750,1.4625,64,2026-05-31T17:21:44
7129,pool:gen_006,dqn,2,0.3500,1.3375,64,2026-05-31T17:21:46
7130,dqn,self,1,0.6375,-0.5000,64,2026-05-31T17:21:49
7131,self,dqn,2,0.5125,1.7500,64,2026-05-31T17:21:52
7132,dqn,pool:gen_007,2,0.3125,1.5500,64,2026-05-31T17:21:54
7133,heuristic,dqn,2,0.6500,2.3875,64,2026-05-31T17:21:56
7134,dqn,pool:gen_005,1,0.5375,-0.7375,64,2026-05-31T17:21:59
7135,pool:gen_003,dqn,1,0.7125,-0.8250,64,2026-05-31T17:22:01
7136,dqn,pool:gen_004,2,0.2875,1.3750,64,2026-05-31T17:22:03
7137,self,dqn,2,0.3250,1.4750,64,2026-05-31T17:22:06
7138,dqn,pool:gen_003,2,0.2625,1.6375,64,2026-05-31T17:22:08
7139,self,dqn,1,0.5500,-0.5750,64,2026-05-31T17:22:11
7140,dqn,pool:gen_003,2,0.2625,1.4625,64,2026-05-31T17:22:13
7141,pool:gen_005,dqn,2,0.3125,1.5125,64,2026-05-31T17:22:16
7142,dqn,self,2,0.4125,1.7250,64,2026-05-31T17:22:18
7143,pool:gen_004,dqn,1,0.5250,-0.6500,64,2026-05-31T17:22:20
7144,dqn,random,1,0.7375,-0.7750,64,2026-05-31T17:22:23
7145,pool:gen_005,dqn,2,0.2750,1.6625,64,2026-05-31T17:22:26
7146,dqn,pool:gen_007,2,0.3625,1.6375,64,2026-05-31T17:22:28
7147,pool:gen_006,dqn,2,0.4125,1.6500,64,2026-05-31T17:22:31
7148,dqn,pool:gen_003,2,0.2625,1.5125,64,2026-05-31T17:22:33
7149,pool:gen_007,dqn,1,0.5000,-0.6375,64,2026-05-31T17:22:36
7150,dqn,self,2,0.3125,1.3125,64,2026-05-31T17:22:39
7151,pool:gen_002,dqn,1,0.5375,-0.8125,64,2026-05-31T17:22:42
7152,dqn,pool:gen_007,2,0.4125,1.4500,64,2026-05-31T17:22:45
7153,self,dqn,2,0.3625,1.4875,64,2026-05-31T17:22:47
7154,dqn,self,1,0.5125,-0.5500,64,2026-05-31T17:22:50
7155,pool:gen_007,dqn,1,0.6375,-0.6875,64,2026-05-31T17:22:54
7156,dqn,self,1,0.4125,-0.6625,64,2026-05-31T17:22:57
7157,self,dqn,2,0.3250,1.5375,64,2026-05-31T17:23:00
7158,dqn,heuristic,1,1.0375,-0.2625,64,2026-05-31T17:23:02
7159,pool:gen_006,dqn,2,0.4625,1.5875,64,2026-05-31T17:23:05
7160,dqn,pool:gen_007,2,0.4000,1.5500,64,2026-05-31T17:23:07
7161,self,dqn,2,0.3375,1.3625,64,2026-05-31T17:23:09
7162,dqn,pool:gen_005,1,0.5625,-0.6750,64,2026-05-31T17:23:12
7163,self,dqn,2,0.2750,1.5875,64,2026-05-31T17:23:14
7164,dqn,pool:gen_003,2,0.2250,1.5125,64,2026-05-31T17:23:16
7165,pool:gen_005,dqn,2,0.4500,1.6500,64,2026-05-31T17:23:18
7166,dqn,pool:gen_007,2,0.2250,1.5625,64,2026-05-31T17:23:21
7167,pool:gen_003,dqn,1,0.4000,-0.7375,64,2026-05-31T17:23:23
7168,dqn,pool:gen_005,1,0.5375,-0.6375,64,2026-05-31T17:23:25
7169,pool:gen_007,dqn,1,0.5375,-0.7250,64,2026-05-31T17:23:28
7170,dqn,self,1,0.4625,-0.6375,64,2026-05-31T17:23:30
7171,pool:gen_006,dqn,2,0.3375,1.3000,64,2026-05-31T17:23:33
7172,dqn,pool:gen_004,2,0.2625,1.4500,64,2026-05-31T17:23:35
7173,pool:gen_001,dqn,2,0.5500,1.6125,64,2026-05-31T17:23:37
7174,dqn,pool:gen_004,2,0.2875,1.4750,64,2026-05-31T17:23:40
7175,self,dqn,1,0.8875,-0.8500,64,2026-05-31T17:23:42
7176,dqn,pool:gen_007,2,0.3500,1.4375,64,2026-05-31T17:23:44
7177,self,dqn,1,0.5500,-0.5250,64,2026-05-31T17:23:47
7178,dqn,pool:gen_007,1,0.3125,-0.7250,64,2026-05-31T17:23:49
7179,heuristic,dqn,2,0.8000,2.3375,64,2026-05-31T17:23:51
7180,dqn,self,2,0.3875,1.4875,64,2026-05-31T17:23:54
7181,pool:gen_005,dqn,2,0.2750,1.3250,64,2026-05-31T17:23:56
7182,dqn,heuristic,1,0.9875,-0.3250,64,2026-05-31T17:23:58
7183,random,dqn,2,0.2000,1.3875,64,2026-05-31T17:24:01
7184,dqn,pool:gen_004,2,0.2625,1.3625,64,2026-05-31T17:24:03
7185,pool:gen_005,dqn,2,0.2750,1.4750,64,2026-05-31T17:24:05
7186,dqn,self,1,0.5625,-0.7750,64,2026-05-31T17:24:08
7187,pool:gen_004,dqn,1,0.5500,-0.6750,64,2026-05-31T17:24:10
7188,dqn,self,2,0.2625,1.7250,64,2026-05-31T17:24:13
7189,pool:gen_002,dqn,1,0.8375,-0.6750,64,2026-05-31T17:24:15
7190,dqn,pool:gen_002,2,0.3750,1.6500,64,2026-05-31T17:24:17
7191,self,dqn,2,0.3375,1.4125,64,2026-05-31T17:24:20
7192,dqn,random,1,0.6250,-0.4500,64,2026-05-31T17:24:23
7193,pool:gen_001,dqn,1,0.4125,-0.6500,64,2026-05-31T17:24:25
7194,dqn,pool:gen_006,1,0.3500,-0.6625,64,2026-05-31T17:24:28
7195,self,dqn,1,0.5625,-0.6500,64,2026-05-31T17:24:30
7196,dqn,self,1,0.5375,-0.7750,64,2026-05-31T17:24:33
7197,pool:gen_004,dqn,1,0.5875,-0.7250,64,2026-05-31T17:24:35
7198,dqn,random,1,0.6125,-0.7625,64,2026-05-31T17:24:37
7199,pool:gen_006,dqn,2,0.3375,1.5000,64,2026-05-31T17:24:40
7200,dqn,self,1,0.4750,-0.7000,64,2026-05-31T17:24:42
7201,pool:gen_003,dqn,1,0.6000,-0.7125,64,2026-05-31T17:31:32
7202,dqn,pool:gen_004,2,0.2125,1.5125,64,2026-05-31T17:31:34
7203,self,dqn,2,0.2750,1.3250,64,2026-05-31T17:31:37
7204,dqn,pool:gen_004,2,0.2250,1.6250,64,2026-05-31T17:31:39
7205,self,dqn,2,0.3750,1.4375,64,2026-05-31T17:31:42
7206,dqn,self,1,0.6250,-0.4500,64,2026-05-31T17:31:44
7207,pool:gen_003,dqn,1,0.4875,-0.8375,64,2026-05-31T17:31:46
7208,dqn,pool:gen_006,1,0.5000,-0.6250,64,2026-05-31T17:31:48
7209,pool:gen_003,dqn,1,0.3500,-0.9125,64,2026-05-31T17:31:50
7210,dqn,random,1,0.7750,-0.7250,64,2026-05-31T17:31:52
7211,pool:gen_006,dqn,1,0.3750,-0.6625,64,2026-05-31T17:31:54
7212,dqn,random,1,0.7125,-0.6250,64,2026-05-31T17:31:56
7213,self,dqn,2,0.4000,1.6625,64,2026-05-31T17:31:59
7214,dqn,pool:gen_003,2,0.1875,1.4000,64,2026-05-31T17:32:01
7215,self,dqn,1,0.4500,-0.7875,64,2026-05-31T17:32:03
7216,dqn,pool:gen_004,1,0.6250,-0.5500,64,2026-05-31T17:32:05
7217,self,dqn,2,0.5625,1.5750,64,2026-05-31T17:32:07
7218,dqn,self,1,0.3625,-0.6750,64,2026-05-31T17:32:09
7219,pool:gen_004,dqn,2,0.4875,1.4875,64,2026-05-31T17:32:12
7220,dqn,pool:gen_005,1,0.4875,-0.5375,64,2026-05-31T17:32:14
7221,self,dqn,2,0.4125,1.4125,64,2026-05-31T17:32:15
7222,dqn,pool:gen_004,2,0.5125,1.5375,64,2026-05-31T17:32:17
7223,self,dqn,2,0.2875,1.4625,64,2026-05-31T17:32:20
7224,dqn,self,1,0.7375,-0.4875,64,2026-05-31T17:32:22
7225,pool:gen_007,dqn,1,0.4375,-0.6625,64,2026-05-31T17:32:24
7226,dqn,pool:gen_006,1,0.4750,-0.6250,64,2026-05-31T17:32:26
7227,self,dqn,1,0.8125,-0.6500,64,2026-05-31T17:32:29
7228,dqn,pool:gen_003,2,0.3625,1.7375,64,2026-05-31T17:32:31
7229,pool:gen_006,dqn,2,0.4625,1.4875,64,2026-05-31T17:32:33
7230,dqn,pool:gen_006,2,0.4625,1.5375,64,2026-05-31T17:32:36
7231,self,dqn,1,0.5625,-0.6875,64,2026-05-31T17:32:38
7232,dqn,pool:gen_003,2,0.2125,1.6625,64,2026-05-31T17:32:41
7233,random,dqn,2,0.2125,1.6250,64,2026-05-31T17:32:44
7234,dqn,pool:gen_003,2,0.1750,1.6375,64,2026-05-31T17:32:46
7235,self,dqn,1,0.5125,-0.6875,64,2026-05-31T17:32:49
7236,dqn,random,1,1.4375,-0.6250,64,2026-05-31T17:32:51
7237,pool:gen_007,dqn,1,0.6000,-0.8625,64,2026-05-31T17:32:54
7238,dqn,pool:gen_004,1,0.5125,-0.6375,64,2026-05-31T17:32:57
7239,self,dqn,2,0.4000,1.6250,64,2026-05-31T17:32:59
7240,dqn,pool:gen_007,2,0.2375,1.6875,64,2026-05-31T17:33:02
7241,pool:gen_007,dqn,1,0.6875,-0.6625,64,2026-05-31T17:33:05
7242,dqn,pool:gen_003,2,0.2375,1.4875,64,2026-05-31T17:33:08
7243,pool:gen_004,dqn,2,0.3625,1.3250,64,2026-05-31T17:33:10
7244,dqn,pool:gen_001,1,0.6125,-0.7000,64,2026-05-31T17:33:13
7245,pool:gen_005,dqn,2,0.4125,1.4750,64,2026-05-31T17:33:16
7246,dqn,pool:gen_007,2,0.3250,1.4375,64,2026-05-31T17:33:18
7247,self,dqn,1,0.6625,-0.5375,64,2026-05-31T17:33:21
7248,dqn,pool:gen_004,2,0.2750,1.3500,64,2026-05-31T17:33:23
7249,self,dqn,1,0.5625,-0.6750,64,2026-05-31T17:33:26
7250,dqn,self,2,0.4625,1.4625,64,2026-05-31T17:33:29
7251,random,dqn,2,0.2875,1.4125,64,2026-05-31T17:33:32
7252,dqn,self,1,0.7500,-0.4000,64,2026-05-31T17:33:35
7253,pool:gen_006,dqn,2,0.4500,1.4625,64,2026-05-31T17:33:37
7254,dqn,self,2,0.3375,1.5125,64,2026-05-31T17:33:40
7255,pool:gen_004,dqn,2,0.3500,1.5875,64,2026-05-31T17:33:42
7256,dqn,pool:gen_007,2,0.3750,1.6000,64,2026-05-31T17:33:45
7257,self,dqn,2,0.4250,1.3875,64,2026-05-31T17:33:48
7258,dqn,self,1,0.5375,-0.6875,64,2026-05-31T17:33:51
7259,pool:gen_005,dqn,2,0.3000,1.4500,64,2026-05-31T17:33:55
7260,dqn,self,1,0.6125,-0.5500,64,2026-05-31T17:33:57
7261,pool:gen_003,dqn,1,0.9125,-0.6875,64,2026-05-31T17:34:00
7262,dqn,self,1,0.6375,-0.7500,64,2026-05-31T17:34:03
7263,pool:gen_004,dqn,1,0.5875,-0.6125,64,2026-05-31T17:34:06
7264,dqn,heuristic,1,0.4750,-0.5375,64,2026-05-31T17:34:09
7265,self,dqn,1,0.5750,-0.5000,64,2026-05-31T17:34:12
7266,dqn,self,2,0.3625,1.5625,64,2026-05-31T17:34:16
7267,pool:gen_003,dqn,1,0.6500,-0.8375,64,2026-05-31T17:34:19
7268,dqn,pool:gen_005,1,0.5500,-0.5125,64,2026-05-31T17:34:23
7269,pool:gen_005,dqn,1,0.5125,-0.5750,64,2026-05-31T17:34:27
7270,dqn,heuristic,1,1.0250,-0.2750,64,2026-05-31T17:34:30
7271,self,dqn,1,0.4625,-0.5750,64,2026-05-31T17:34:33
7272,dqn,self,1,0.5750,-0.6125,64,2026-05-31T17:34:37
7273,pool:gen_004,dqn,1,0.6750,-0.7125,64,2026-05-31T17:34:40
7274,dqn,pool:gen_004,2,0.3625,1.5750,64,2026-05-31T17:34:44
7275,self,dqn,2,0.3750,1.4125,64,2026-05-31T17:34:47
7276,dqn,self,1,0.2500,-0.7875,64,2026-05-31T17:34:49
7277,pool:gen_007,dqn,1,0.7250,-0.6500,64,2026-05-31T17:34:52
7278,dqn,heuristic,1,0.9125,-0.1875,64,2026-05-31T17:34:54
7279,self,dqn,2,0.3125,1.5250,64,2026-05-31T17:34:57
7280,dqn,pool:gen_004,2,0.2250,1.5750,64,2026-05-31T17:35:00
7281,self,dqn,2,0.4750,1.5875,64,2026-05-31T17:35:02
7282,dqn,self,2,0.5500,1.6625,64,2026-05-31T17:35:05
7283,random,dqn,2,0.3125,1.7000,64,2026-05-31T17:35:08
7284,dqn,pool:gen_003,2,0.3750,1.6000,64,2026-05-31T17:35:11
7285,self,dqn,1,0.3625,-0.6500,64,2026-05-31T17:35:14
7286,dqn,self,1,0.3625,-0.6375,64,2026-05-31T17:35:16
7287,self,dqn,1,0.3250,-0.7125,64,2026-05-31T17:35:19
7288,dqn,self,2,0.5000,1.6375,64,2026-05-31T17:35:21
7289,self,dqn,1,0.7875,-0.4250,64,2026-05-31T17:35:24
7290,dqn,pool:gen_007,2,0.3500,1.6375,64,2026-05-31T17:35:26
7291,pool:gen_006,dqn,1,0.5250,-0.5125,64,2026-05-31T17:35:29
7292,dqn,self,1,0.4125,-0.6000,64,2026-05-31T17:35:31
7293,pool:gen_005,dqn,1,0.4250,-0.5875,64,2026-05-31T17:35:34
7294,dqn,pool:gen_006,2,0.4125,1.5500,64,2026-05-31T17:35:36
7295,self,dqn,2,0.4375,1.6000,64,2026-05-31T17:35:38
7296,dqn,pool:gen_005,2,0.4375,1.4375,64,2026-05-31T17:35:40
7297,self,dqn,1,0.4125,-0.7000,64,2026-05-31T17:35:43
7298,dqn,pool:gen_007,2,0.2750,1.8125,64,2026-05-31T17:35:45
7299,pool:gen_007,dqn,1,0.7875,-0.6750,64,2026-05-31T17:35:47
7300,dqn,self,2,0.8750,1.9875,64,2026-05-31T17:35:50
7301,self,dqn,1,0.5125,-0.7500,64,2026-05-31T17:44:56
7302,dqn,self,1,0.4125,-0.6750,64,2026-05-31T17:44:58
7303,pool:gen_007,dqn,1,0.7500,-0.8250,64,2026-05-31T17:45:01
7304,dqn,random,1,0.8875,-0.7375,64,2026-05-31T17:45:03
7305,pool:gen_004,dqn,1,0.4500,-0.5875,64,2026-05-31T17:45:06
7306,dqn,pool:gen_006,1,0.5375,-0.6625,64,2026-05-31T17:45:08
7307,pool:gen_005,dqn,2,0.3625,1.7125,64,2026-05-31T17:45:11
7308,dqn,pool:gen_007,2,0.2750,1.4875,64,2026-05-31T17:45:13
7309,pool:gen_003,dqn,2,0.4125,1.3625,64,2026-05-31T17:45:16
7310,dqn,heuristic,1,1.2875,-0.1875,64,2026-05-31T17:45:18
7311,self,dqn,2,0.3000,1.3375,64,2026-05-31T17:45:21
7312,dqn,pool:gen_003,2,0.3875,1.4625,64,2026-05-31T17:45:23
7313,pool:gen_004,dqn,2,0.3625,1.3625,64,2026-05-31T17:45:25
7314,dqn,self,1,0.6625,-0.4875,64,2026-05-31T17:45:28
7315,pool:gen_004,dqn,2,0.4250,1.4250,64,2026-05-31T17:45:30
7316,dqn,pool:gen_004,1,0.4500,-0.5500,64,2026-05-31T17:45:33
7317,pool:gen_007,dqn,1,0.7875,-0.8000,64,2026-05-31T17:45:35
7318,dqn,pool:gen_006,1,0.7875,-0.6250,64,2026-05-31T17:45:38
7319,pool:gen_005,dqn,2,0.4500,1.6875,64,2026-05-31T17:45:40
7320,dqn,pool:gen_007,2,0.3500,1.6125,64,2026-05-31T17:45:43
7321,self,dqn,1,0.7625,-0.5625,64,2026-05-31T17:45:45
7322,dqn,pool:gen_003,2,0.4125,1.5000,64,2026-05-31T17:45:48
7323,pool:gen_002,dqn,2,0.3375,1.4375,64,2026-05-31T17:45:50
7324,dqn,pool:gen_007,2,0.2750,1.7000,64,2026-05-31T17:45:53
7325,heuristic,dqn,2,0.6125,1.6500,64,2026-05-31T17:45:55
7326,dqn,random,1,0.7125,-0.7250,64,2026-05-31T17:45:58
7327,pool:gen_004,dqn,1,0.6375,-0.5875,64,2026-05-31T17:46:00
7328,dqn,pool:gen_005,1,0.6000,-0.6250,64,2026-05-31T17:46:02
7329,pool:gen_004,dqn,1,0.5750,-0.6500,64,2026-05-31T17:46:05
7330,dqn,pool:gen_007,2,0.4125,1.5000,64,2026-05-31T17:46:07
7331,pool:gen_007,dqn,1,0.5000,-0.6000,64,2026-05-31T17:46:10
7332,dqn,self,2,0.5375,1.5875,64,2026-05-31T17:46:12
7333,self,dqn,2,0.6750,1.6250,64,2026-05-31T17:46:15
7334,dqn,self,2,0.3000,1.5625,64,2026-05-31T17:46:17
7335,self,dqn,1,0.6125,-0.6875,64,2026-05-31T17:46:20
7336,dqn,pool:gen_007,2,0.4875,1.5375,64,2026-05-31T17:46:23
7337,self,dqn,1,0.6500,-0.7625,64,2026-05-31T17:46:25
7338,dqn,pool:gen_003,2,0.2375,1.6000,64,2026-05-31T17:46:28
7339,self,dqn,2,0.4625,1.5125,64,2026-05-31T17:46:30
7340,dqn,self,2,0.3375,1.3875,64,2026-05-31T17:46:32
7341,pool:gen_003,dqn,1,0.7000,-0.7625,64,2026-05-31T17:46:34
7342,dqn,pool:gen_005,1,0.5875,-0.7625,64,2026-05-31T17:46:37
7343,self,dqn,1,0.5000,-0.8750,64,2026-05-31T17:46:39
7344,dqn,pool:gen_006,1,0.4750,-0.6750,64,2026-05-31T17:46:42
7345,pool:gen_003,dqn,1,0.4875,-0.8500,64,2026-05-31T17:46:44
7346,dqn,pool:gen_005,1,0.6250,-0.4625,64,2026-05-31T17:46:47
7347,heuristic,dqn,2,0.7875,2.1375,64,2026-05-31T17:46:49
7348,dqn,heuristic,1,1.0250,-0.2250,64,2026-05-31T17:46:51
7349,pool:gen_007,dqn,1,0.6250,-0.7625,64,2026-05-31T17:46:53
7350,dqn,pool:gen_006,2,0.4875,1.5125,64,2026-05-31T17:46:56
7351,self,dqn,1,0.5000,-0.7125,64,2026-05-31T17:46:58
7352,dqn,pool:gen_005,1,0.5000,-0.5625,64,2026-05-31T17:47:01
7353,self,dqn,1,0.6875,-0.7250,64,2026-05-31T17:47:03
7354,dqn,pool:gen_001,1,0.6875,-0.5250,64,2026-05-31T17:47:06
7355,pool:gen_006,dqn,2,0.4625,1.5625,64,2026-05-31T17:47:08
7356,dqn,self,2,0.2250,1.3000,64,2026-05-31T17:47:11
7357,self,dqn,2,0.4000,1.3750,64,2026-05-31T17:47:13
7358,dqn,self,2,0.4500,1.4125,64,2026-05-31T17:47:15
7359,pool:gen_003,dqn,1,0.3250,-0.8500,64,2026-05-31T17:47:18
7360,dqn,heuristic,1,1.0000,-0.5250,64,2026-05-31T17:47:20
7361,pool:gen_007,dqn,1,0.5875,-0.5500,64,2026-05-31T17:47:22
7362,dqn,pool:gen_007,2,0.4000,1.5500,64,2026-05-31T17:47:25
7363,self,dqn,1,0.8500,-0.5875,64,2026-05-31T17:47:27
7364,dqn,self,2,0.4250,1.5000,64,2026-05-31T17:47:29
7365,self,dqn,1,0.4875,-0.6000,64,2026-05-31T17:47:32
7366,dqn,self,2,0.3375,1.4000,64,2026-05-31T17:47:34
7367,self,dqn,1,0.4875,-0.7375,64,2026-05-31T17:47:36
7368,dqn,self,2,0.3375,1.3625,64,2026-05-31T17:47:39
7369,pool:gen_004,dqn,2,0.4000,1.4250,64,2026-05-31T17:47:41
7370,dqn,self,2,0.4000,1.4375,64,2026-05-31T17:47:44
7371,self,dqn,1,0.3375,-0.7000,64,2026-05-31T17:47:46
7372,dqn,pool:gen_002,1,0.3500,-0.6750,64,2026-05-31T17:47:48
7373,pool:gen_005,dqn,2,0.4750,1.8000,64,2026-05-31T17:47:51
7374,dqn,self,1,0.6875,-0.4625,64,2026-05-31T17:47:53
7375,self,dqn,1,0.5750,-0.8000,64,2026-05-31T17:47:55
7376,dqn,pool:gen_005,1,0.9375,-0.5125,64,2026-05-31T17:47:58
7377,random,dqn,2,0.3375,1.9750,64,2026-05-31T17:48:01
7378,dqn,self,2,0.3500,1.4500,64,2026-05-31T17:48:03
7379,pool:gen_007,dqn,1,0.5250,-0.6250,64,2026-05-31T17:48:06
7380,dqn,self,2,0.3625,1.5375,64,2026-05-31T17:48:09
7381,self,dqn,2,0.3125,1.5625,64,2026-05-31T17:48:12
7382,dqn,self,1,0.5250,-0.5750,64,2026-05-31T17:48:15
7383,pool:gen_004,dqn,1,0.5000,-0.7875,64,2026-05-31T17:48:17
7384,dqn,pool:gen_006,1,0.4875,-0.6000,64,2026-05-31T17:48:19
7385,self,dqn,2,0.3875,1.4625,64,2026-05-31T17:48:22
7386,dqn,self,1,0.7250,-0.7375,64,2026-05-31T17:48:24
7387,self,dqn,1,0.8625,-0.5000,64,2026-05-31T17:48:26
7388,dqn,self,2,0.2500,1.4000,64,2026-05-31T17:48:29
7389,self,dqn,2,0.5000,1.5000,64,2026-05-31T17:48:31
7390,dqn,self,2,0.3500,1.4125,64,2026-05-31T17:48:34
7391,pool:gen_005,dqn,1,0.6125,-0.5500,64,2026-05-31T17:48:37
7392,dqn,self,2,0.4000,1.6250,64,2026-05-31T17:48:39
7393,pool:gen_007,dqn,1,0.9250,-0.7250,64,2026-05-31T17:48:42
7394,dqn,pool:gen_006,1,0.7125,-0.5500,64,2026-05-31T17:48:44
7395,self,dqn,1,0.4875,-0.6875,64,2026-05-31T17:48:47
7396,dqn,pool:gen_001,1,0.9375,-0.3875,64,2026-05-31T17:48:49
7397,pool:gen_007,dqn,1,0.5125,-0.6875,64,2026-05-31T17:48:51
7398,dqn,self,1,0.5375,-0.6750,64,2026-05-31T17:48:54
7399,pool:gen_007,dqn,1,0.5000,-0.7125,64,2026-05-31T17:48:57
7400,dqn,self,1,0.4125,-0.6625,64,2026-05-31T17:48:59
7401,pool:gen_003,dqn,1,0.7625,-0.6500,64,2026-05-31T17:56:58
7402,dqn,pool:gen_007,2,0.3875,1.4250,64,2026-05-31T17:57:01
7403,self,dqn,1,0.4875,-0.5500,64,2026-05-31T17:57:03
7404,dqn,self,1,0.7875,-0.6500,64,2026-05-31T17:57:06
7405,self,dqn,2,0.4125,1.5000,64,2026-05-31T17:57:08
7406,dqn,self,2,0.3000,1.7625,64,2026-05-31T17:57:11
7407,pool:gen_006,dqn,2,0.3750,1.3750,64,2026-05-31T17:57:13
7408,dqn,pool:gen_005,2,0.4500,1.4125,64,2026-05-31T17:57:16
7409,self,dqn,1,0.4000,-0.6750,64,2026-05-31T17:57:18
7410,dqn,self,2,0.4000,1.5125,64,2026-05-31T17:57:20
7411,pool:gen_005,dqn,2,0.4625,1.6250,64,2026-05-31T17:57:23
7412,dqn,self,2,0.3250,1.5250,64,2026-05-31T17:57:25
7413,pool:gen_003,dqn,1,1.0375,-0.6625,64,2026-05-31T17:57:28
7414,dqn,pool:gen_004,2,0.5625,1.5375,64,2026-05-31T17:57:30
7415,self,dqn,2,0.4375,1.5000,64,2026-05-31T17:57:32
7416,dqn,self,1,0.6500,-0.6625,64,2026-05-31T17:57:35
7417,random,dqn,1,0.3375,-0.6875,64,2026-05-31T17:57:37
7418,dqn,pool:gen_007,2,0.3000,1.6500,64,2026-05-31T17:57:40
7419,pool:gen_006,dqn,2,0.3250,1.5750,64,2026-05-31T17:57:42
7420,dqn,heuristic,1,0.9375,-0.3000,64,2026-05-31T17:57:45
7421,self,dqn,1,0.4625,-0.7750,64,2026-05-31T17:57:47
7422,dqn,self,1,0.5375,-0.8000,64,2026-05-31T17:57:50
7423,random,dqn,2,0.4125,1.3875,64,2026-05-31T17:57:52
7424,dqn,self,2,0.4750,1.7250,64,2026-05-31T17:57:54
7425,pool:gen_007,dqn,1,0.5125,-0.7875,64,2026-05-31T17:57:57
7426,dqn,self,2,0.3125,1.3125,64,2026-05-31T17:58:00
7427,self,dqn,2,0.4500,1.5750,64,2026-05-31T17:58:02
7428,dqn,pool:gen_006,1,0.7000,-0.6875,64,2026-05-31T17:58:04
7429,pool:gen_003,dqn,1,0.7250,-0.7500,64,2026-05-31T17:58:07
7430,dqn,pool:gen_003,2,0.3500,1.6250,64,2026-05-31T17:58:09
7431,pool:gen_005,dqn,2,0.3625,1.6375,64,2026-05-31T17:58:12
7432,dqn,pool:gen_004,2,0.4000,1.5500,64,2026-05-31T17:58:15
7433,pool:gen_006,dqn,2,0.3875,1.4625,64,2026-05-31T17:58:17
7434,dqn,self,2,0.2875,1.3750,64,2026-05-31T17:58:20
7435,pool:gen_003,dqn,1,0.6750,-0.7375,64,2026-05-31T17:58:23
7436,dqn,pool:gen_007,2,0.3750,1.4625,64,2026-05-31T17:58:25
7437,pool:gen_003,dqn,1,0.8500,-0.8375,64,2026-05-31T17:58:28
7438,dqn,self,1,0.5250,-0.5375,64,2026-05-31T17:58:31
7439,pool:gen_006,dqn,2,0.3500,1.5500,64,2026-05-31T17:58:34
7440,dqn,pool:gen_006,1,0.6875,-0.6125,64,2026-05-31T17:58:37
7441,pool:gen_005,dqn,2,0.2375,1.6250,64,2026-05-31T17:58:39
7442,dqn,self,1,0.4000,-0.6250,64,2026-05-31T17:58:42
7443,pool:gen_004,dqn,1,0.5125,-0.7125,64,2026-05-31T17:58:45
7444,dqn,heuristic,1,0.9750,-0.2750,64,2026-05-31T17:58:47
7445,pool:gen_004,dqn,1,0.4625,-0.7125,64,2026-05-31T17:58:50
7446,dqn,self,2,0.3750,1.5250,64,2026-05-31T17:58:52
7447,pool:gen_003,dqn,1,0.6250,-0.7500,64,2026-05-31T17:58:54
7448,dqn,self,1,0.6875,-0.5875,64,2026-05-31T17:58:57
7449,pool:gen_003,dqn,2,0.4500,1.4875,64,2026-05-31T17:58:59
7450,dqn,pool:gen_006,1,0.5625,-0.5500,64,2026-05-31T17:59:02
7451,self,dqn,2,0.5000,1.4625,64,2026-05-31T17:59:05
7452,dqn,pool:gen_004,1,0.5125,-0.5750,64,2026-05-31T17:59:07
7453,self,dqn,2,0.3125,1.5000,64,2026-05-31T17:59:10
7454,dqn,self,1,0.3875,-0.7875,64,2026-05-31T17:59:13
7455,self,dqn,2,0.4625,1.5500,64,2026-05-31T17:59:15
7456,dqn,random,1,0.8000,-0.7875,64,2026-05-31T17:59:18
7457,self,dqn,1,0.5125,-0.5750,64,2026-05-31T17:59:20
7458,dqn,pool:gen_007,2,0.1875,1.6125,64,2026-05-31T17:59:22
7459,self,dqn,1,0.6125,-0.6750,64,2026-05-31T17:59:25
7460,dqn,self,1,0.5125,-0.5625,64,2026-05-31T17:59:27
7461,self,dqn,1,0.5375,-0.6125,64,2026-05-31T17:59:30
7462,dqn,self,1,0.4625,-0.5875,64,2026-05-31T17:59:32
7463,heuristic,dqn,2,0.5250,1.7750,64,2026-05-31T17:59:35
7464,dqn,self,2,0.5000,1.4250,64,2026-05-31T17:59:37
7465,self,dqn,1,0.5250,-0.7625,64,2026-05-31T17:59:39
7466,dqn,self,1,0.3250,-0.7875,64,2026-05-31T17:59:41
7467,pool:gen_004,dqn,1,0.5250,-0.5125,64,2026-05-31T17:59:44
7468,dqn,self,2,0.2625,1.7500,64,2026-05-31T17:59:46
7469,pool:gen_003,dqn,2,0.3250,1.4625,64,2026-05-31T17:59:49
7470,dqn,pool:gen_004,1,0.6625,-0.5375,64,2026-05-31T17:59:51
7471,random,dqn,2,0.3375,1.7750,64,2026-05-31T17:59:53
7472,dqn,heuristic,1,1.6250,-0.0875,64,2026-05-31T17:59:55
7473,pool:gen_005,dqn,2,0.4250,1.7875,64,2026-05-31T17:59:57
7474,dqn,pool:gen_002,1,0.5125,-0.7625,64,2026-05-31T18:00:00
7475,self,dqn,2,0.3500,1.4125,64,2026-05-31T18:00:03
7476,dqn,pool:gen_007,2,0.4500,1.5250,64,2026-05-31T18:00:06
7477,pool:gen_004,dqn,1,0.4875,-0.5875,64,2026-05-31T18:00:08
7478,dqn,heuristic,1,0.7625,-0.3750,64,2026-05-31T18:00:11
7479,self,dqn,1,0.4625,-0.7500,64,2026-05-31T18:00:13
7480,dqn,self,2,0.3250,1.5500,64,2026-05-31T18:00:16
7481,self,dqn,1,0.5250,-0.6625,64,2026-05-31T18:00:19
7482,dqn,pool:gen_007,2,0.3000,1.3875,64,2026-05-31T18:00:21
7483,self,dqn,2,0.1750,1.2125,64,2026-05-31T18:00:23
7484,dqn,pool:gen_003,1,0.5125,-0.5375,64,2026-05-31T18:00:26
7485,pool:gen_003,dqn,1,0.4875,-0.5875,64,2026-05-31T18:00:28
7486,dqn,pool:gen_003,2,0.4375,1.4500,64,2026-05-31T18:00:30
7487,pool:gen_007,dqn,1,0.6875,-0.8250,64,2026-05-31T18:00:32
7488,dqn,self,1,0.4875,-0.5625,64,2026-05-31T18:00:35
7489,pool:gen_006,dqn,1,0.5500,-0.5500,64,2026-05-31T18:00:38
7490,dqn,self,1,0.5875,-0.5625,64,2026-05-31T18:00:41
7491,pool:gen_003,dqn,1,0.4875,-0.6375,64,2026-05-31T18:00:43
7492,dqn,pool:gen_004,1,1.0250,-0.5000,64,2026-05-31T18:00:46
7493,self,dqn,2,0.3750,1.3250,64,2026-05-31T18:00:48
7494,dqn,pool:gen_003,1,0.4375,-0.6125,64,2026-05-31T18:00:51
7495,self,dqn,1,0.6625,-0.6750,64,2026-05-31T18:00:56
7496,dqn,self,2,0.5875,1.6125,64,2026-05-31T18:00:59
7497,self,dqn,1,0.5750,-0.8000,64,2026-05-31T18:01:02
7498,dqn,pool:gen_007,2,0.2875,1.6625,64,2026-05-31T18:01:05
7499,self,dqn,1,0.8750,-0.5750,64,2026-05-31T18:01:08
7500,dqn,pool:gen_007,2,0.2750,1.6625,64,2026-05-31T18:01:11
7501,self,dqn,2,0.4250,1.4375,64,2026-05-31T18:08:34
7502,dqn,random,1,0.8625,-0.7500,64,2026-05-31T18:08:36
7503,pool:gen_003,dqn,1,0.4375,-0.6500,64,2026-05-31T18:08:38
7504,dqn,pool:gen_003,2,0.2875,1.4000,64,2026-05-31T18:08:41
7505,self,dqn,2,0.4000,1.7125,64,2026-05-31T18:08:43
7506,dqn,heuristic,1,1.4750,-0.2750,64,2026-05-31T18:08:45
7507,self,dqn,1,0.6875,-0.7375,64,2026-05-31T18:08:47
7508,dqn,self,1,0.4625,-0.7000,64,2026-05-31T18:08:50
7509,heuristic,dqn,2,0.8250,2.1750,64,2026-05-31T18:08:52
7510,dqn,pool:gen_001,1,0.7000,-0.6000,64,2026-05-31T18:08:55
7511,pool:gen_004,dqn,1,0.4125,-0.7000,64,2026-05-31T18:08:57
7512,dqn,pool:gen_005,1,0.7875,-0.7375,64,2026-05-31T18:08:59
7513,pool:gen_005,dqn,2,0.2625,1.6875,64,2026-05-31T18:09:01
7514,dqn,pool:gen_004,1,0.6125,-0.5750,64,2026-05-31T18:09:04
7515,pool:gen_001,dqn,2,0.4375,1.5750,64,2026-05-31T18:09:06
7516,dqn,pool:gen_006,1,0.5875,-0.5750,64,2026-05-31T18:09:08
7517,pool:gen_005,dqn,2,0.3250,1.6125,64,2026-05-31T18:09:11
7518,dqn,pool:gen_006,1,0.6750,-0.5750,64,2026-05-31T18:09:13
7519,pool:gen_003,dqn,2,0.6000,1.5625,64,2026-05-31T18:09:15
7520,dqn,self,1,0.5250,-0.6250,64,2026-05-31T18:09:18
7521,self,dqn,1,0.5625,-0.7125,64,2026-05-31T18:09:20
7522,dqn,self,2,0.3125,1.5500,64,2026-05-31T18:09:23
7523,pool:gen_006,dqn,2,0.3500,1.7875,64,2026-05-31T18:09:25
7524,dqn,random,1,0.8250,-0.8375,64,2026-05-31T18:09:27
7525,self,dqn,1,0.5375,-0.6000,64,2026-05-31T18:09:30
7526,dqn,pool:gen_005,1,0.8000,-0.8000,64,2026-05-31T18:09:32
7527,pool:gen_006,dqn,2,0.4250,1.6000,64,2026-05-31T18:09:35
7528,dqn,self,2,0.5375,1.5750,64,2026-05-31T18:09:37
7529,pool:gen_006,dqn,2,0.4500,1.5625,64,2026-05-31T18:09:39
7530,dqn,self,1,0.4125,-0.7000,64,2026-05-31T18:09:42
7531,self,dqn,2,0.3250,1.5125,64,2026-05-31T18:09:44
7532,dqn,self,1,0.6500,-0.7125,64,2026-05-31T18:09:46
7533,self,dqn,1,0.6250,-0.6000,64,2026-05-31T18:09:49
7534,dqn,self,1,0.4125,-0.6000,64,2026-05-31T18:09:51
7535,random,dqn,2,0.3375,2.0125,64,2026-05-31T18:09:53
7536,dqn,self,1,0.4875,-0.6000,64,2026-05-31T18:09:56
7537,random,dqn,2,0.2250,1.3500,64,2026-05-31T18:09:58
7538,dqn,random,1,0.8500,-0.7500,64,2026-05-31T18:10:00
7539,pool:gen_006,dqn,2,0.4500,1.5250,64,2026-05-31T18:10:03
7540,dqn,self,1,0.5750,-0.6500,64,2026-05-31T18:10:05
7541,pool:gen_003,dqn,1,0.6500,-0.7750,64,2026-05-31T18:10:07
7542,dqn,heuristic,1,0.9625,-0.3750,64,2026-05-31T18:10:10
7543,pool:gen_003,dqn,1,0.7250,-0.6875,64,2026-05-31T18:10:12
7544,dqn,self,2,0.3875,1.6250,64,2026-05-31T18:10:14
7545,self,dqn,1,0.3375,-0.6875,64,2026-05-31T18:10:17
7546,dqn,pool:gen_004,1,0.3750,-0.7500,64,2026-05-31T18:10:19
7547,pool:gen_005,dqn,2,0.3625,1.6125,64,2026-05-31T18:10:21
7548,dqn,self,2,0.3500,1.5000,64,2026-05-31T18:10:24
7549,self,dqn,2,0.2000,1.3625,64,2026-05-31T18:10:26
7550,dqn,self,1,0.4000,-0.6500,64,2026-05-31T18:10:28
7551,self,dqn,1,0.5375,-0.5750,64,2026-05-31T18:10:31
7552,dqn,pool:gen_003,2,0.4000,1.6875,64,2026-05-31T18:10:33
7553,pool:gen_004,dqn,1,0.3750,-0.6875,64,2026-05-31T18:10:35
7554,dqn,self,2,0.3375,1.4750,64,2026-05-31T18:10:38
7555,self,dqn,2,0.3500,1.3750,64,2026-05-31T18:10:40
7556,dqn,pool:gen_006,1,0.6750,-0.7375,64,2026-05-31T18:10:43
7557,pool:gen_007,dqn,1,0.7875,-0.6875,64,2026-05-31T18:10:45
7558,dqn,self,2,0.4500,1.5000,64,2026-05-31T18:10:48
7559,self,dqn,1,0.2750,-0.7625,64,2026-05-31T18:10:50
7560,dqn,random,1,0.6750,-0.7000,64,2026-05-31T18:10:53
7561,pool:gen_006,dqn,1,0.6250,-0.4500,64,2026-05-31T18:10:55
7562,dqn,self,1,0.6250,-0.4375,64,2026-05-31T18:10:57
7563,pool:gen_007,dqn,1,0.6250,-0.6500,64,2026-05-31T18:11:00
7564,dqn,pool:gen_004,1,0.5375,-0.6500,64,2026-05-31T18:11:02
7565,self,dqn,2,0.4125,1.6625,64,2026-05-31T18:11:04
7566,dqn,random,1,0.6250,-0.6000,64,2026-05-31T18:11:07
7567,pool:gen_004,dqn,2,0.3375,1.5000,64,2026-05-31T18:11:09
7568,dqn,self,2,0.2625,1.4250,64,2026-05-31T18:11:11
7569,self,dqn,1,0.6875,-0.6750,64,2026-05-31T18:11:13
7570,dqn,pool:gen_006,2,0.5500,1.5625,64,2026-05-31T18:11:16
7571,pool:gen_004,dqn,2,0.4375,1.4375,64,2026-05-31T18:11:18
7572,dqn,pool:gen_006,1,0.6625,-0.4500,64,2026-05-31T18:11:21
7573,pool:gen_007,dqn,2,0.5000,1.5125,64,2026-05-31T18:11:23
7574,dqn,pool:gen_007,2,0.4250,1.5625,64,2026-05-31T18:11:25
7575,pool:gen_006,dqn,2,0.3750,1.7000,64,2026-05-31T18:11:28
7576,dqn,heuristic,1,1.5750,-0.3625,64,2026-05-31T18:11:30
7577,self,dqn,1,0.5125,-0.6625,64,2026-05-31T18:11:32
7578,dqn,self,1,0.3750,-0.6500,64,2026-05-31T18:11:35
7579,random,dqn,2,0.3625,2.0750,64,2026-05-31T18:11:37
7580,dqn,self,1,0.3250,-0.7625,64,2026-05-31T18:11:40
7581,self,dqn,1,0.5250,-0.6000,64,2026-05-31T18:11:42
7582,dqn,self,1,0.5625,-0.7000,64,2026-05-31T18:11:45
7583,self,dqn,1,0.4500,-0.7250,64,2026-05-31T18:11:47
7584,dqn,pool:gen_007,1,0.6000,-0.6250,64,2026-05-31T18:11:49
7585,self,dqn,1,0.5000,-0.5125,64,2026-05-31T18:11:52
7586,dqn,pool:gen_006,1,0.7500,-0.6750,64,2026-05-31T18:11:54
7587,pool:gen_007,dqn,2,0.4250,1.4375,64,2026-05-31T18:11:57
7588,dqn,self,2,0.5000,1.4875,64,2026-05-31T18:11:59
7589,heuristic,dqn,2,0.8750,1.8625,64,2026-05-31T18:12:02
7590,dqn,self,1,0.3875,-0.6250,64,2026-05-31T18:12:04
7591,self,dqn,1,0.7875,-0.6000,64,2026-05-31T18:12:06
7592,dqn,pool:gen_007,2,0.3000,1.6125,64,2026-05-31T18:12:09
7593,pool:gen_006,dqn,2,0.6125,1.7500,64,2026-05-31T18:12:11
7594,dqn,self,1,0.5000,-0.7500,64,2026-05-31T18:12:13
7595,self,dqn,1,0.6625,-0.7875,64,2026-05-31T18:12:15
7596,dqn,self,1,0.5250,-0.6000,64,2026-05-31T18:12:18
7597,self,dqn,1,0.6250,-0.5625,64,2026-05-31T18:12:20
7598,dqn,pool:gen_006,1,0.8750,-0.5500,64,2026-05-31T18:12:22
7599,self,dqn,1,0.5625,-0.7250,64,2026-05-31T18:12:24
7600,dqn,pool:gen_004,1,0.4625,-0.6625,64,2026-05-31T18:12:27
7601,self,dqn,1,0.8125,-0.5625,64,2026-05-31T18:25:03
7602,dqn,pool:gen_004,1,0.4250,-0.7125,64,2026-05-31T18:25:16
7603,pool:gen_007,dqn,1,0.4125,-0.6875,64,2026-05-31T18:25:28
7604,dqn,self,1,0.5625,-0.7500,64,2026-05-31T18:25:40
7605,pool:gen_003,dqn,1,0.3250,-0.7875,64,2026-05-31T18:25:51
7606,dqn,self,1,0.3750,-0.8125,64,2026-05-31T18:26:04
7607,pool:gen_006,dqn,1,0.5375,-0.5375,64,2026-05-31T18:26:18
7608,dqn,heuristic,1,1.4375,-0.2625,64,2026-05-31T18:26:29
7609,self,dqn,2,0.3375,1.6625,64,2026-05-31T18:26:41
7610,dqn,self,2,0.4125,1.6625,64,2026-05-31T18:26:53
7611,self,dqn,2,0.1750,1.3125,64,2026-05-31T18:27:07
7612,dqn,self,2,0.5750,1.5750,64,2026-05-31T18:27:19
7613,pool:gen_005,dqn,2,0.4375,1.7125,64,2026-05-31T18:27:34
7614,dqn,self,2,0.4625,1.4750,64,2026-05-31T18:27:49
7615,pool:gen_003,dqn,1,0.5125,-0.8000,64,2026-05-31T18:28:00
7616,dqn,self,1,0.6750,-0.4875,64,2026-05-31T18:28:14
7617,pool:gen_003,dqn,1,0.4750,-0.7625,64,2026-05-31T18:28:29
7618,dqn,pool:gen_004,1,0.4750,-0.6375,64,2026-05-31T18:28:43
7619,random,dqn,2,0.5625,1.7375,64,2026-05-31T18:28:58
7620,dqn,self,1,0.5750,-0.5125,64,2026-05-31T18:29:12
7621,pool:gen_003,dqn,2,0.2375,1.2750,64,2026-05-31T18:29:34
7622,dqn,random,1,0.7250,-0.8625,64,2026-05-31T18:29:53
7623,pool:gen_007,dqn,1,0.5250,-0.6125,64,2026-05-31T18:30:10
7624,dqn,pool:gen_002,1,0.3750,-0.7375,64,2026-05-31T18:30:23
7625,pool:gen_003,dqn,2,0.3000,1.2500,64,2026-05-31T18:30:41
7626,dqn,heuristic,1,1.0500,-0.4250,64,2026-05-31T18:30:55
7627,pool:gen_006,dqn,1,0.4625,-0.5750,64,2026-05-31T18:31:12
7628,dqn,pool:gen_006,1,0.5375,-0.5875,64,2026-05-31T18:31:32
7629,self,dqn,1,0.7375,-0.6375,64,2026-05-31T18:31:50
7630,dqn,pool:gen_007,2,0.4625,1.4500,64,2026-05-31T18:32:00
7631,self,dqn,1,0.5875,-0.7375,64,2026-05-31T18:32:09
7632,dqn,self,1,0.4625,-0.6250,64,2026-05-31T18:32:17
7633,pool:gen_003,dqn,1,0.4500,-0.7125,64,2026-05-31T18:32:25
7634,dqn,self,2,0.5375,1.5250,64,2026-05-31T18:32:34
7635,self,dqn,1,0.3500,-0.7000,64,2026-05-31T18:32:42
7636,dqn,random,1,0.7875,-0.6125,64,2026-05-31T18:32:53
7637,pool:gen_006,dqn,2,0.4375,1.6500,64,2026-05-31T18:33:06
7638,dqn,self,1,0.4125,-0.6625,64,2026-05-31T18:33:33
7639,self,dqn,2,0.5000,1.5625,64,2026-05-31T18:33:46
7640,dqn,self,2,0.2875,1.3625,64,2026-05-31T18:33:56
7641,pool:gen_006,dqn,2,0.4125,1.6000,64,2026-05-31T18:34:07
7642,dqn,pool:gen_005,1,0.6125,-0.6625,64,2026-05-31T18:34:18
7643,pool:gen_005,dqn,2,0.3000,1.4875,64,2026-05-31T18:34:29
7644,dqn,self,2,0.5125,1.5375,64,2026-05-31T18:34:40
7645,pool:gen_003,dqn,1,0.8750,-0.8250,64,2026-05-31T18:34:51
7646,dqn,self,1,0.3125,-0.7250,64,2026-05-31T18:35:02
7647,self,dqn,2,0.4250,1.4875,64,2026-05-31T18:35:10
7648,dqn,pool:gen_006,1,0.7125,-0.5000,64,2026-05-31T18:35:18
7649,self,dqn,2,0.2375,1.3500,64,2026-05-31T18:35:27
7650,dqn,self,2,0.4750,1.6750,64,2026-05-31T18:35:36
7651,pool:gen_003,dqn,1,0.5500,-0.8625,64,2026-05-31T18:35:45
7652,dqn,self,1,0.6875,-0.7000,64,2026-05-31T18:35:54
7653,self,dqn,1,0.4750,-0.5625,64,2026-05-31T18:36:03
7654,dqn,pool:gen_005,1,0.6875,-0.6000,64,2026-05-31T18:36:11
7655,self,dqn,2,0.2625,1.4000,64,2026-05-31T18:36:21
7656,dqn,self,1,0.4000,-0.6750,64,2026-05-31T18:36:30
7657,self,dqn,1,0.3250,-0.7375,64,2026-05-31T18:36:39
7658,dqn,pool:gen_006,1,0.6250,-0.7500,64,2026-05-31T18:36:48
7659,self,dqn,1,0.7375,-0.5125,64,2026-05-31T18:36:57
7660,dqn,self,1,0.9125,-0.6625,64,2026-05-31T18:37:09
7661,pool:gen_004,dqn,1,0.6250,-0.4375,64,2026-05-31T18:37:18
7662,dqn,pool:gen_003,2,0.2625,1.4750,64,2026-05-31T18:37:28
7663,pool:gen_007,dqn,1,0.5250,-0.6000,64,2026-05-31T18:37:36
7664,dqn,pool:gen_003,2,0.3750,1.6750,64,2026-05-31T18:37:45
7665,pool:gen_005,dqn,2,0.3625,1.6750,64,2026-05-31T18:37:54
7666,dqn,self,1,0.6375,-0.5500,64,2026-05-31T18:38:04
7667,self,dqn,2,0.4625,1.5750,64,2026-05-31T18:38:12
7668,dqn,pool:gen_002,1,0.3375,-0.7250,64,2026-05-31T18:38:22
7669,self,dqn,1,0.6375,-0.7000,64,2026-05-31T18:38:31
7670,dqn,self,1,0.5125,-0.5750,64,2026-05-31T18:38:40
7671,pool:gen_006,dqn,2,0.3000,1.5125,64,2026-05-31T18:38:49
7672,dqn,self,2,0.2875,1.4250,64,2026-05-31T18:38:58
7673,pool:gen_005,dqn,2,0.4000,1.8250,64,2026-05-31T18:39:06
7674,dqn,self,1,0.5625,-0.5250,64,2026-05-31T18:39:15
7675,self,dqn,1,0.9000,-0.6375,64,2026-05-31T18:39:24
7676,dqn,self,2,0.6625,1.8875,64,2026-05-31T18:39:37
7677,pool:gen_001,dqn,2,0.3375,1.6750,64,2026-05-31T18:39:45
7678,dqn,pool:gen_003,2,0.4375,1.6250,64,2026-05-31T18:39:54
7679,self,dqn,1,0.5250,-0.5250,64,2026-05-31T18:40:04
7680,dqn,heuristic,1,1.3000,-0.4125,64,2026-05-31T18:40:11
7681,self,dqn,1,0.6750,-0.4375,64,2026-05-31T18:40:20
7682,dqn,self,2,0.3125,1.5500,64,2026-05-31T18:40:30
7683,pool:gen_004,dqn,2,0.4875,1.6000,64,2026-05-31T18:40:38
7684,dqn,pool:gen_003,1,0.4125,-0.7000,64,2026-05-31T18:40:47
7685,self,dqn,1,0.4250,-0.6375,64,2026-05-31T18:40:56
7686,dqn,heuristic,1,1.4750,-0.3625,64,2026-05-31T18:41:04
7687,self,dqn,1,0.5125,-0.5750,64,2026-05-31T18:41:13
7688,dqn,self,1,0.4750,-0.7250,64,2026-05-31T18:41:26
7689,self,dqn,1,0.5000,-0.7250,64,2026-05-31T18:41:37
7690,dqn,pool:gen_004,1,0.7000,-0.6250,64,2026-05-31T18:41:47
7691,self,dqn,1,0.6250,-0.6125,64,2026-05-31T18:42:00
7692,dqn,pool:gen_003,1,0.4375,-0.6875,64,2026-05-31T18:42:10
7693,self,dqn,1,0.2750,-0.7500,64,2026-05-31T18:42:19
7694,dqn,heuristic,1,1.6875,-0.2125,64,2026-05-31T18:42:26
7695,self,dqn,2,0.5000,1.5500,64,2026-05-31T18:42:35
7696,dqn,pool:gen_003,2,0.3375,1.4125,64,2026-05-31T18:42:45
7697,self,dqn,2,0.4125,1.4250,64,2026-05-31T18:42:55
7698,dqn,pool:gen_004,1,0.6500,-0.6750,64,2026-05-31T18:43:06
7699,self,dqn,1,0.4625,-0.7125,64,2026-05-31T18:43:14
7700,dqn,self,1,0.4250,-0.6500,64,2026-05-31T18:43:22
7701,pool:gen_005,dqn,2,0.4875,1.7750,64,2026-05-31T18:59:08
7702,dqn,pool:gen_006,1,0.5000,-0.6375,64,2026-05-31T18:59:19
7703,pool:gen_004,dqn,2,0.3125,1.4875,64,2026-05-31T18:59:30
7704,dqn,pool:gen_003,1,0.3750,-0.6750,64,2026-05-31T18:59:41
7705,self,dqn,1,0.7250,-0.5750,64,2026-05-31T18:59:53
7706,dqn,pool:gen_003,1,0.4250,-0.6750,64,2026-05-31T19:00:05
7707,pool:gen_006,dqn,2,0.3250,1.3875,64,2026-05-31T19:00:15
7708,dqn,self,1,0.5875,-0.6000,64,2026-05-31T19:00:27
7709,pool:gen_007,dqn,1,0.5125,-0.6500,64,2026-05-31T19:00:38
7710,dqn,pool:gen_003,1,0.4750,-0.7500,64,2026-05-31T19:00:50
7711,pool:gen_004,dqn,2,0.2750,1.5125,64,2026-05-31T19:01:01
7712,dqn,random,1,1.4375,-0.4750,64,2026-05-31T19:01:13
7713,self,dqn,2,0.4250,1.4375,64,2026-05-31T19:01:25
7714,dqn,self,2,0.2625,1.3250,64,2026-05-31T19:01:36
7715,pool:gen_004,dqn,2,0.3000,1.5000,64,2026-05-31T19:01:48
7716,dqn,pool:gen_003,2,0.1625,1.5000,64,2026-05-31T19:02:02
7717,self,dqn,1,0.4625,-0.7625,64,2026-05-31T19:02:12
7718,dqn,pool:gen_003,1,0.3625,-0.7625,64,2026-05-31T19:02:23
7719,self,dqn,1,0.4625,-0.7500,64,2026-05-31T19:02:34
7720,dqn,self,2,0.4000,1.4875,64,2026-05-31T19:02:46
7721,self,dqn,2,0.3500,1.3875,64,2026-05-31T19:02:57
7722,dqn,pool:gen_006,1,0.7125,-0.6375,64,2026-05-31T19:03:10
7723,self,dqn,1,0.5375,-0.5625,64,2026-05-31T19:03:24
7724,dqn,pool:gen_007,1,0.5125,-0.7750,64,2026-05-31T19:03:35
7725,self,dqn,1,0.4625,-0.7125,64,2026-05-31T19:03:46
7726,dqn,pool:gen_006,1,0.8750,-0.6250,64,2026-05-31T19:03:57
7727,self,dqn,2,0.3250,1.4875,64,2026-05-31T19:04:09
7728,dqn,self,1,0.5500,-0.5250,64,2026-05-31T19:04:21
7729,self,dqn,1,0.3750,-0.6500,64,2026-05-31T19:04:32
7730,dqn,self,2,0.3375,1.3750,64,2026-05-31T19:04:43
7731,pool:gen_007,dqn,1,0.4125,-0.6625,64,2026-05-31T19:04:54
7732,dqn,self,1,0.3875,-0.7500,64,2026-05-31T19:05:06
7733,heuristic,dqn,2,0.6125,2.5000,64,2026-05-31T19:05:16
7734,dqn,self,1,0.4625,-0.6250,64,2026-05-31T19:05:27
7735,pool:gen_007,dqn,2,0.3875,1.3875,64,2026-05-31T19:05:38
7736,dqn,pool:gen_007,1,0.4250,-0.6625,64,2026-05-31T19:05:48
7737,self,dqn,2,0.4125,1.4875,64,2026-05-31T19:05:59
7738,dqn,self,2,0.2375,1.3625,64,2026-05-31T19:06:12
7739,pool:gen_001,dqn,2,0.6000,1.9250,64,2026-05-31T19:06:24
7740,dqn,pool:gen_007,1,0.6250,-0.6250,64,2026-05-31T19:06:35
7741,self,dqn,1,0.5125,-0.6500,64,2026-05-31T19:06:46
7742,dqn,pool:gen_007,1,0.6500,-0.6125,64,2026-05-31T19:06:58
7743,self,dqn,2,0.3875,1.5875,64,2026-05-31T19:07:10
7744,dqn,pool:gen_003,1,0.7250,-0.5500,64,2026-05-31T19:07:24
7745,pool:gen_005,dqn,2,0.5625,1.8125,64,2026-05-31T19:07:37
7746,dqn,self,1,0.6750,-0.4625,64,2026-05-31T19:07:48
7747,heuristic,dqn,2,0.5625,2.3500,64,2026-05-31T19:07:57
7748,dqn,pool:gen_005,1,0.7125,-0.6125,64,2026-05-31T19:08:07
7749,self,dqn,1,0.6750,-0.3750,64,2026-05-31T19:08:18
7750,dqn,self,1,0.4875,-0.7500,64,2026-05-31T19:08:30
7751,pool:gen_005,dqn,2,0.2875,1.9625,64,2026-05-31T19:08:44
7752,dqn,self,1,0.4000,-0.7375,64,2026-05-31T19:08:54
7753,self,dqn,1,0.6250,-0.4500,64,2026-05-31T19:09:09
7754,dqn,pool:gen_006,1,0.7000,-0.4750,64,2026-05-31T19:09:24
7755,self,dqn,2,0.5125,1.5250,64,2026-05-31T19:09:40
7756,dqn,self,2,0.2250,1.2250,64,2026-05-31T19:10:00
7757,pool:gen_001,dqn,2,0.3750,1.3875,64,2026-05-31T19:10:12
7758,dqn,pool:gen_007,2,0.4375,1.5375,64,2026-05-31T19:10:23
7759,self,dqn,1,0.6750,-0.3625,64,2026-05-31T19:10:34
7760,dqn,pool:gen_003,2,0.3375,1.4000,64,2026-05-31T19:10:44
7761,self,dqn,2,0.4500,1.4750,64,2026-05-31T19:10:54
7762,dqn,self,2,0.3125,1.4125,64,2026-05-31T19:11:06
7763,pool:gen_003,dqn,2,0.4000,1.3750,64,2026-05-31T19:11:18
7764,dqn,self,2,0.4500,1.4000,64,2026-05-31T19:11:30
7765,pool:gen_007,dqn,1,0.6500,-0.6500,64,2026-05-31T19:11:40
7766,dqn,pool:gen_001,1,0.5750,-0.7000,64,2026-05-31T19:11:51
7767,pool:gen_003,dqn,2,0.4750,1.5125,64,2026-05-31T19:12:03
7768,dqn,self,2,0.5875,1.7250,64,2026-05-31T19:12:17
7769,self,dqn,2,0.3375,1.3875,64,2026-05-31T19:12:34
7770,dqn,pool:gen_005,1,0.7375,-0.5500,64,2026-05-31T19:12:48
7771,self,dqn,1,0.4625,-0.6375,64,2026-05-31T19:12:57
7772,dqn,pool:gen_006,1,0.5000,-0.6375,64,2026-05-31T19:13:08
7773,heuristic,dqn,2,0.8500,2.4000,64,2026-05-31T19:13:18
7774,dqn,self,1,0.4250,-0.5875,64,2026-05-31T19:13:30
7775,self,dqn,1,0.4250,-0.7000,64,2026-05-31T19:13:43
7776,dqn,self,1,0.4750,-0.7750,64,2026-05-31T19:13:55
7777,pool:gen_001,dqn,2,0.4125,1.5375,64,2026-05-31T19:14:08
7778,dqn,pool:gen_003,2,0.4375,1.6625,64,2026-05-31T19:14:19
7779,pool:gen_003,dqn,1,0.7500,-0.4875,64,2026-05-31T19:14:30
7780,dqn,self,2,0.9250,1.9750,64,2026-05-31T19:14:43
7781,self,dqn,1,0.4000,-0.6125,64,2026-05-31T19:14:55
7782,dqn,self,2,0.3250,1.6250,64,2026-05-31T19:15:07
7783,self,dqn,2,0.3875,1.5750,64,2026-05-31T19:15:18
7784,dqn,pool:gen_003,2,0.3500,2.0375,64,2026-05-31T19:15:29
7785,pool:gen_005,dqn,2,0.4500,1.4625,64,2026-05-31T19:15:40
7786,dqn,self,1,0.5750,-0.8250,64,2026-05-31T19:15:52
7787,self,dqn,2,0.3250,1.3750,64,2026-05-31T19:16:04
7788,dqn,self,1,0.5625,-0.8500,64,2026-05-31T19:16:17
7789,pool:gen_003,dqn,1,1.0000,-0.5875,64,2026-05-31T19:16:28
7790,dqn,self,1,0.4250,-0.7125,64,2026-05-31T19:16:39
7791,pool:gen_004,dqn,1,0.7500,-0.4000,64,2026-05-31T19:16:50
7792,dqn,pool:gen_001,1,0.4875,-0.5125,64,2026-05-31T19:17:01
7793,random,dqn,2,0.4000,1.6375,64,2026-05-31T19:17:10
7794,dqn,self,1,0.5750,-0.6875,64,2026-05-31T19:17:19
7795,pool:gen_007,dqn,1,0.5875,-0.7250,64,2026-05-31T19:17:30
7796,dqn,self,1,0.5000,-0.6750,64,2026-05-31T19:17:40
7797,pool:gen_005,dqn,2,0.3875,1.4500,64,2026-05-31T19:17:49
7798,dqn,self,2,0.1500,1.4375,64,2026-05-31T19:17:58
7799,self,dqn,1,0.4875,-0.6375,64,2026-05-31T19:18:08
7800,dqn,self,2,0.2875,1.3125,64,2026-05-31T19:18:17
7801,self,dqn,1,0.5375,-0.6500,64,2026-05-31T19:32:56
7802,dqn,pool:gen_004,1,0.7375,-0.5750,64,2026-05-31T19:32:58
7803,self,dqn,1,0.4875,-0.6375,64,2026-05-31T19:33:01
7804,dqn,pool:gen_006,2,0.4750,1.4500,64,2026-05-31T19:33:04
7805,pool:gen_005,dqn,2,0.4125,1.5375,64,2026-05-31T19:33:08
7806,dqn,pool:gen_003,2,0.5500,2.0000,64,2026-05-31T19:33:12
7807,pool:gen_006,dqn,1,0.4875,-0.7375,64,2026-05-31T19:33:14
7808,dqn,pool:gen_007,2,0.2375,1.6625,64,2026-05-31T19:33:17
7809,random,dqn,2,0.6125,1.7125,64,2026-05-31T19:33:20
7810,dqn,pool:gen_007,2,0.2625,1.7750,64,2026-05-31T19:33:23
7811,self,dqn,1,0.6000,-0.7125,64,2026-05-31T19:33:26
7812,dqn,self,1,0.3500,-0.6625,64,2026-05-31T19:33:30
7813,pool:gen_004,dqn,1,0.6625,-0.4500,64,2026-05-31T19:33:32
7814,dqn,pool:gen_004,2,0.6125,1.6750,64,2026-05-31T19:33:36
7815,heuristic,dqn,2,0.9750,2.3625,64,2026-05-31T19:33:38
7816,dqn,pool:gen_003,2,0.3500,1.7500,64,2026-05-31T19:33:41
7817,self,dqn,1,0.4000,-0.6875,64,2026-05-31T19:33:44
7818,dqn,self,1,0.4250,-0.6125,64,2026-05-31T19:33:47
7819,pool:gen_007,dqn,1,0.5875,-0.7500,64,2026-05-31T19:33:49
7820,dqn,self,1,0.8125,-0.5000,64,2026-05-31T19:33:52
7821,pool:gen_005,dqn,1,0.6250,-0.5500,64,2026-05-31T19:33:55
7822,dqn,pool:gen_006,1,0.6000,-0.5500,64,2026-05-31T19:33:58
7823,pool:gen_003,dqn,1,0.6125,-0.5625,64,2026-05-31T19:34:01
7824,dqn,pool:gen_007,2,0.3000,1.5250,64,2026-05-31T19:34:04
7825,self,dqn,1,0.5875,-0.5375,64,2026-05-31T19:34:07
7826,dqn,pool:gen_003,2,0.2500,1.4875,64,2026-05-31T19:34:10
7827,pool:gen_007,dqn,2,0.4750,1.4375,64,2026-05-31T19:34:13
7828,dqn,pool:gen_005,2,0.2750,1.3000,64,2026-05-31T19:34:16
7829,self,dqn,2,0.4000,1.5625,64,2026-05-31T19:34:19
7830,dqn,self,1,0.6375,-0.8000,64,2026-05-31T19:34:22
7831,self,dqn,2,0.3000,1.5125,64,2026-05-31T19:34:25
7832,dqn,pool:gen_005,1,0.4000,-0.6500,64,2026-05-31T19:34:28
7833,self,dqn,1,0.6250,-0.7375,64,2026-05-31T19:34:31
7834,dqn,pool:gen_005,2,0.2750,1.3500,64,2026-05-31T19:34:34
7835,self,dqn,2,0.3125,1.5000,64,2026-05-31T19:34:36
7836,dqn,random,1,0.6500,-0.5375,64,2026-05-31T19:34:39
7837,pool:gen_003,dqn,1,0.6625,-0.7750,64,2026-05-31T19:34:42
7838,dqn,pool:gen_007,2,0.3125,1.4750,64,2026-05-31T19:34:44
7839,pool:gen_003,dqn,1,0.6625,-0.7750,64,2026-05-31T19:34:47
7840,dqn,pool:gen_004,1,0.4625,-0.6250,64,2026-05-31T19:34:50
7841,pool:gen_003,dqn,1,0.7625,-0.7250,64,2026-05-31T19:34:53
7842,dqn,self,1,0.5750,-0.5000,64,2026-05-31T19:34:55
7843,self,dqn,1,0.6250,-0.4125,64,2026-05-31T19:34:58
7844,dqn,pool:gen_007,2,0.2625,1.4750,64,2026-05-31T19:35:01
7845,self,dqn,1,0.4875,-0.5500,64,2026-05-31T19:35:03
7846,dqn,self,1,0.3750,-0.7500,64,2026-05-31T19:35:06
7847,self,dqn,1,0.7375,-0.5875,64,2026-05-31T19:35:09
7848,dqn,self,1,0.5875,-0.6250,64,2026-05-31T19:35:12
7849,self,dqn,2,0.3000,1.4500,64,2026-05-31T19:35:15
7850,dqn,pool:gen_001,2,0.2875,1.5000,64,2026-05-31T19:35:17
7851,self,dqn,1,0.5375,-0.7375,64,2026-05-31T19:35:20
7852,dqn,self,2,0.5625,1.5375,64,2026-05-31T19:35:22
7853,random,dqn,2,0.5125,1.7250,64,2026-05-31T19:35:25
7854,dqn,pool:gen_006,1,0.7875,-0.5875,64,2026-05-31T19:35:27
7855,self,dqn,1,0.6000,-0.6375,64,2026-05-31T19:35:29
7856,dqn,self,1,0.6375,-0.5250,64,2026-05-31T19:35:32
7857,pool:gen_007,dqn,1,0.5500,-0.6750,64,2026-05-31T19:35:35
7858,dqn,random,1,0.9000,-0.6125,64,2026-05-31T19:35:38
7859,self,dqn,2,0.5125,1.6000,64,2026-05-31T19:35:41
7860,dqn,random,1,0.6875,-0.5875,64,2026-05-31T19:35:43
7861,heuristic,dqn,2,0.9250,2.1500,64,2026-05-31T19:35:46
7862,dqn,self,1,0.6375,-0.7500,64,2026-05-31T19:35:48
7863,self,dqn,1,0.2750,-0.7625,64,2026-05-31T19:35:51
7864,dqn,pool:gen_007,2,0.3250,1.6000,64,2026-05-31T19:35:54
7865,pool:gen_003,dqn,1,0.7000,-0.7500,64,2026-05-31T19:35:57
7866,dqn,pool:gen_006,1,0.8750,-0.4875,64,2026-05-31T19:35:59
7867,pool:gen_003,dqn,1,0.7000,-0.6250,64,2026-05-31T19:36:02
7868,dqn,self,1,0.7375,-0.4625,64,2026-05-31T19:36:05
7869,self,dqn,1,0.4250,-0.6750,64,2026-05-31T19:36:07
7870,dqn,self,1,0.4500,-0.6625,64,2026-05-31T19:36:10
7871,self,dqn,2,0.2875,1.5375,64,2026-05-31T19:36:13
7872,dqn,self,1,0.4875,-0.7375,64,2026-05-31T19:36:16
7873,pool:gen_001,dqn,2,0.3625,1.5750,64,2026-05-31T19:36:18
7874,dqn,self,1,0.5250,-0.7625,64,2026-05-31T19:36:21
7875,pool:gen_003,dqn,1,0.7625,-0.7375,64,2026-05-31T19:36:24
7876,dqn,pool:gen_004,1,0.4375,-0.5750,64,2026-05-31T19:36:27
7877,self,dqn,1,0.6625,-0.5000,64,2026-05-31T19:36:29
7878,dqn,self,1,0.3250,-0.7750,64,2026-05-31T19:36:32
7879,self,dqn,2,0.3000,1.4625,64,2026-05-31T19:36:34
7880,dqn,pool:gen_005,1,0.5000,-0.6125,64,2026-05-31T19:36:36
7881,pool:gen_007,dqn,1,0.8000,-0.4000,64,2026-05-31T19:36:38
7882,dqn,pool:gen_007,2,0.5125,1.8125,64,2026-05-31T19:36:41
7883,pool:gen_007,dqn,1,0.8750,-0.4750,64,2026-05-31T19:36:43
7884,dqn,self,1,0.3250,-0.8375,64,2026-05-31T19:36:45
7885,self,dqn,1,0.5125,-0.6625,64,2026-05-31T19:36:47
7886,dqn,pool:gen_004,2,0.5250,1.5500,64,2026-05-31T19:36:50
7887,random,dqn,2,0.3625,1.8750,64,2026-05-31T19:36:52
7888,dqn,pool:gen_004,2,0.4625,1.6000,64,2026-05-31T19:36:54
7889,self,dqn,1,0.6625,-0.5750,64,2026-05-31T19:36:56
7890,dqn,self,2,0.4750,1.5875,64,2026-05-31T19:36:59
7891,heuristic,dqn,2,0.5625,1.7625,64,2026-05-31T19:37:01
7892,dqn,pool:gen_006,1,0.7375,-0.5375,64,2026-05-31T19:37:03
7893,self,dqn,1,0.4250,-0.7125,64,2026-05-31T19:37:05
7894,dqn,self,2,0.4375,1.4625,64,2026-05-31T19:37:07
7895,pool:gen_003,dqn,1,0.6500,-0.6500,64,2026-05-31T19:37:10
7896,dqn,self,2,0.5125,1.6500,64,2026-05-31T19:37:12
7897,pool:gen_005,dqn,2,0.4250,1.5125,64,2026-05-31T19:37:15
7898,dqn,pool:gen_007,2,0.2500,1.7125,64,2026-05-31T19:37:17
7899,pool:gen_004,dqn,2,0.5250,1.5500,64,2026-05-31T19:37:20
7900,dqn,self,1,0.6000,-0.6500,64,2026-05-31T19:37:23
7901,self,dqn,2,0.5125,1.5500,64,2026-05-31T19:44:26
7902,dqn,self,2,0.2625,1.4750,64,2026-05-31T19:44:29
7903,self,dqn,1,0.5000,-0.7250,64,2026-05-31T19:44:32
7904,dqn,self,1,0.3125,-0.7500,64,2026-05-31T19:44:34
7905,pool:gen_005,dqn,2,0.4625,1.6500,64,2026-05-31T19:44:37
7906,dqn,self,2,0.4375,1.4500,64,2026-05-31T19:44:40
7907,self,dqn,1,0.4125,-0.6875,64,2026-05-31T19:44:42
7908,dqn,self,2,0.2375,1.4250,64,2026-05-31T19:44:45
7909,self,dqn,1,0.5875,-0.7500,64,2026-05-31T19:44:48
7910,dqn,pool:gen_003,2,0.4250,1.4500,64,2026-05-31T19:44:50
7911,pool:gen_003,dqn,1,0.3750,-0.6375,64,2026-05-31T19:44:53
7912,dqn,pool:gen_005,1,0.7750,-0.6250,64,2026-05-31T19:44:55
7913,self,dqn,2,0.7250,1.6875,64,2026-05-31T19:44:58
7914,dqn,self,2,0.4125,1.4875,64,2026-05-31T19:45:00
7915,self,dqn,1,0.6250,-0.4125,64,2026-05-31T19:45:02
7916,dqn,pool:gen_004,1,0.7375,-0.6625,64,2026-05-31T19:45:05
7917,self,dqn,1,0.5125,-0.6750,64,2026-05-31T19:45:07
7918,dqn,self,1,0.5875,-0.7375,64,2026-05-31T19:45:10
7919,pool:gen_003,dqn,1,0.4000,-0.6250,64,2026-05-31T19:45:13
7920,dqn,pool:gen_005,1,0.8500,-0.5625,64,2026-05-31T19:45:15
7921,pool:gen_006,dqn,2,0.2750,1.7500,64,2026-05-31T19:45:18
7922,dqn,self,1,0.5250,-0.6375,64,2026-05-31T19:45:20
7923,pool:gen_003,dqn,1,0.4875,-0.5875,64,2026-05-31T19:45:23
7924,dqn,pool:gen_005,1,0.6875,-0.6625,64,2026-05-31T19:45:25
7925,self,dqn,2,0.4500,1.5125,64,2026-05-31T19:45:27
7926,dqn,self,1,0.5375,-0.6750,64,2026-05-31T19:45:30
7927,self,dqn,2,0.4125,1.3625,64,2026-05-31T19:45:32
7928,dqn,self,2,0.3500,1.4125,64,2026-05-31T19:45:35
7929,self,dqn,1,0.5125,-0.8250,64,2026-05-31T19:45:37
7930,dqn,self,2,0.4500,1.4750,64,2026-05-31T19:45:40
7931,self,dqn,2,0.3250,1.7625,64,2026-05-31T19:45:42
7932,dqn,pool:gen_004,1,0.7250,-0.5250,64,2026-05-31T19:45:44
7933,self,dqn,2,0.4375,1.5750,64,2026-05-31T19:45:47
7934,dqn,heuristic,1,1.1000,-0.4250,64,2026-05-31T19:45:49
7935,pool:gen_005,dqn,2,0.4125,1.7125,64,2026-05-31T19:45:51
7936,dqn,pool:gen_006,1,0.7750,-0.7250,64,2026-05-31T19:45:54
7937,self,dqn,1,0.4375,-0.6875,64,2026-05-31T19:45:56
7938,dqn,pool:gen_005,1,0.6625,-0.6375,64,2026-05-31T19:45:59
7939,self,dqn,2,0.5000,1.6125,64,2026-05-31T19:46:01
7940,dqn,pool:gen_004,1,0.6750,-0.4625,64,2026-05-31T19:46:04
7941,pool:gen_004,dqn,1,0.6250,-0.5250,64,2026-05-31T19:46:06
7942,dqn,self,1,0.5250,-0.5000,64,2026-05-31T19:46:09
7943,pool:gen_001,dqn,2,0.3625,1.8875,64,2026-05-31T19:46:11
7944,dqn,pool:gen_003,1,0.5875,-0.8000,64,2026-05-31T19:46:13
7945,pool:gen_005,dqn,2,0.5375,1.6625,64,2026-05-31T19:46:16
7946,dqn,self,1,0.5125,-0.5750,64,2026-05-31T19:46:18
7947,pool:gen_006,dqn,2,0.5375,1.8750,64,2026-05-31T19:46:21
7948,dqn,pool:gen_004,1,0.6750,-0.4125,64,2026-05-31T19:46:23
7949,pool:gen_003,dqn,1,0.4500,-0.6000,64,2026-05-31T19:46:26
7950,dqn,pool:gen_004,1,0.6500,-0.5000,64,2026-05-31T19:46:28
7951,self,dqn,1,0.7375,-0.6625,64,2026-05-31T19:46:31
7952,dqn,self,1,0.3625,-0.6625,64,2026-05-31T19:46:33
7953,self,dqn,2,0.3750,1.4625,64,2026-05-31T19:46:36
7954,dqn,pool:gen_006,1,0.9125,-0.5375,64,2026-05-31T19:46:38
7955,heuristic,dqn,2,1.0000,2.6875,64,2026-05-31T19:46:40
7956,dqn,pool:gen_004,1,0.7000,-0.5875,64,2026-05-31T19:46:42
7957,heuristic,dqn,2,0.9500,2.4625,64,2026-05-31T19:46:45
7958,dqn,pool:gen_002,1,0.4750,-0.5750,64,2026-05-31T19:46:47
7959,self,dqn,2,0.4125,1.5750,64,2026-05-31T19:46:49
7960,dqn,pool:gen_004,1,0.8625,-0.7125,64,2026-05-31T19:46:52
7961,self,dqn,1,0.5875,-0.5125,64,2026-05-31T19:46:54
7962,dqn,pool:gen_007,2,0.3000,1.4750,64,2026-05-31T19:46:57
7963,self,dqn,1,0.8250,-0.2750,64,2026-05-31T19:46:59
7964,dqn,self,2,0.2250,1.3625,64,2026-05-31T19:47:01
7965,pool:gen_003,dqn,1,0.4375,-0.6750,64,2026-05-31T19:47:03
7966,dqn,self,2,0.5625,1.6000,64,2026-05-31T19:47:06
7967,self,dqn,2,0.3125,1.3375,64,2026-05-31T19:47:08
7968,dqn,heuristic,1,1.2500,-0.2875,64,2026-05-31T19:47:11
7969,pool:gen_004,dqn,2,0.4125,1.7000,64,2026-05-31T19:47:13
7970,dqn,self,1,0.6125,-0.6000,64,2026-05-31T19:47:15
7971,self,dqn,1,0.5875,-0.6250,64,2026-05-31T19:47:18
7972,dqn,self,1,0.6500,-0.5125,64,2026-05-31T19:47:20
7973,pool:gen_007,dqn,1,0.6375,-0.5125,64,2026-05-31T19:47:22
7974,dqn,self,1,0.6500,-0.6250,64,2026-05-31T19:47:25
7975,self,dqn,2,0.4750,1.4750,64,2026-05-31T19:47:27
7976,dqn,self,1,0.5125,-0.7250,64,2026-05-31T19:47:30
7977,random,dqn,2,0.1625,1.9625,64,2026-05-31T19:47:32
7978,dqn,pool:gen_006,1,0.8125,-0.5625,64,2026-05-31T19:47:35
7979,heuristic,dqn,2,0.8750,2.1000,64,2026-05-31T19:47:37
7980,dqn,random,1,0.8250,-0.6750,64,2026-05-31T19:47:39
7981,pool:gen_004,dqn,2,0.4750,1.4875,64,2026-05-31T19:47:41
7982,dqn,pool:gen_006,1,0.5500,-0.7000,64,2026-05-31T19:47:43
7983,self,dqn,1,0.6125,-0.8125,64,2026-05-31T19:47:46
7984,dqn,pool:gen_003,2,0.4875,1.5875,64,2026-05-31T19:47:48
7985,random,dqn,2,0.3750,2.0375,64,2026-05-31T19:47:51
7986,dqn,heuristic,1,1.5875,-0.3125,64,2026-05-31T19:47:53
7987,self,dqn,2,0.6375,1.7375,64,2026-05-31T19:47:55
7988,dqn,pool:gen_002,1,0.5625,-0.6375,64,2026-05-31T19:47:58
7989,self,dqn,2,0.4625,1.4750,64,2026-05-31T19:48:00
7990,dqn,pool:gen_006,2,0.4625,1.5250,64,2026-05-31T19:48:02
7991,self,dqn,1,0.7375,-0.4625,64,2026-05-31T19:48:05
7992,dqn,self,2,0.5000,1.5375,64,2026-05-31T19:48:07
7993,pool:gen_007,dqn,1,0.5125,-0.7625,64,2026-05-31T19:48:10
7994,dqn,pool:gen_006,1,0.7375,-0.5250,64,2026-05-31T19:48:12
7995,self,dqn,1,0.5625,-0.6000,64,2026-05-31T19:48:14
7996,dqn,pool:gen_007,2,0.3500,1.4375,64,2026-05-31T19:48:17
7997,pool:gen_007,dqn,1,0.4375,-0.6125,64,2026-05-31T19:48:19
7998,dqn,random,1,0.9000,-0.7500,64,2026-05-31T19:48:21
7999,random,dqn,2,0.5000,1.7625,64,2026-05-31T19:48:23
8000,dqn,self,1,0.4625,-0.6875,64,2026-05-31T19:48:26
8001,self,dqn,1,0.6375,-0.5625,64,2026-05-31T19:55:51
8002,dqn,pool:gen_007,2,0.3750,1.3875,64,2026-05-31T19:55:53
8003,pool:gen_005,dqn,2,0.2875,1.8500,64,2026-05-31T19:55:56
8004,dqn,heuristic,1,1.5625,-0.2250,64,2026-05-31T19:55:58
8005,pool:gen_004,dqn,2,0.3750,1.5000,64,2026-05-31T19:56:00
8006,dqn,self,2,0.4375,1.4625,64,2026-05-31T19:56:03
8007,pool:gen_008,dqn,1,0.5125,-0.5875,64,2026-05-31T19:56:05
8008,dqn,pool:gen_005,1,0.5750,-0.6500,64,2026-05-31T19:56:07
8009,pool:gen_007,dqn,1,0.5625,-0.6250,64,2026-05-31T19:56:09
8010,dqn,pool:gen_006,1,1.0750,-0.6000,64,2026-05-31T19:56:11
8011,self,dqn,1,0.3500,-0.6875,64,2026-05-31T19:56:13
8012,dqn,pool:gen_008,1,0.5875,-0.6000,64,2026-05-31T19:56:16
8013,pool:gen_008,dqn,1,0.4375,-0.5750,64,2026-05-31T19:56:18
8014,dqn,pool:gen_004,1,0.6500,-0.7125,64,2026-05-31T19:56:20
8015,pool:gen_006,dqn,2,0.3625,1.7625,64,2026-05-31T19:56:23
8016,dqn,pool:gen_006,1,0.6875,-0.6750,64,2026-05-31T19:56:25
8017,self,dqn,2,0.4625,1.5375,64,2026-05-31T19:56:27
8018,dqn,pool:gen_007,2,0.3750,1.4875,64,2026-05-31T19:56:30
8019,self,dqn,2,0.3250,1.4625,64,2026-05-31T19:56:32
8020,dqn,self,1,0.7000,-0.6625,64,2026-05-31T19:56:35
8021,pool:gen_007,dqn,1,0.4750,-0.7125,64,2026-05-31T19:56:37
8022,dqn,self,1,0.3875,-0.6375,64,2026-05-31T19:56:40
8023,pool:gen_007,dqn,2,0.4000,1.3625,64,2026-05-31T19:56:42
8024,dqn,self,1,0.4875,-0.7250,64,2026-05-31T19:56:44
8025,pool:gen_008,dqn,1,0.5000,-0.6625,64,2026-05-31T19:56:47
8026,dqn,pool:gen_005,1,0.7375,-0.4750,64,2026-05-31T19:56:49
8027,self,dqn,1,0.4875,-0.6125,64,2026-05-31T19:56:51
8028,dqn,heuristic,1,1.5000,-0.3250,64,2026-05-31T19:56:53
8029,self,dqn,1,0.6875,-0.7125,64,2026-05-31T19:56:55
8030,dqn,self,1,0.5625,-0.6750,64,2026-05-31T19:56:58
8031,self,dqn,1,0.3250,-0.8500,64,2026-05-31T19:57:00
8032,dqn,pool:gen_005,1,0.9000,-0.5125,64,2026-05-31T19:57:03
8033,pool:gen_002,dqn,1,0.4500,-0.7625,64,2026-05-31T19:57:05
8034,dqn,pool:gen_006,1,0.6250,-0.7000,64,2026-05-31T19:57:07
8035,self,dqn,1,0.5000,-0.8000,64,2026-05-31T19:57:10
8036,dqn,pool:gen_005,1,0.9000,-0.6375,64,2026-05-31T19:57:12
8037,self,dqn,2,0.2250,1.3875,64,2026-05-31T19:57:14
8038,dqn,pool:gen_005,1,0.6125,-0.5875,64,2026-05-31T19:57:16
8039,pool:gen_005,dqn,2,0.4625,1.6750,64,2026-05-31T19:57:18
8040,dqn,pool:gen_008,2,0.2750,1.8375,64,2026-05-31T19:57:21
8041,pool:gen_006,dqn,1,0.5750,-0.5250,64,2026-05-31T19:57:23
8042,dqn,pool:gen_007,2,0.3625,1.7375,64,2026-05-31T19:57:25
8043,self,dqn,2,0.3375,1.4375,64,2026-05-31T19:57:28
8044,dqn,self,1,0.8625,-0.7500,64,2026-05-31T19:57:30
8045,self,dqn,1,0.4500,-0.7750,64,2026-05-31T19:57:33
8046,dqn,self,2,0.2875,1.3500,64,2026-05-31T19:57:35
8047,self,dqn,1,0.5000,-0.7000,64,2026-05-31T19:57:37
8048,dqn,self,2,0.2375,1.4375,64,2026-05-31T19:57:39
8049,self,dqn,2,0.4250,1.4625,64,2026-05-31T19:57:42
8050,dqn,pool:gen_008,2,0.3125,1.6375,64,2026-05-31T19:57:44
8051,pool:gen_008,dqn,1,0.8875,-0.7625,64,2026-05-31T19:57:46
8052,dqn,self,1,0.6000,-0.5125,64,2026-05-31T19:57:49
8053,pool:gen_006,dqn,2,0.3250,1.4125,64,2026-05-31T19:57:51
8054,dqn,pool:gen_004,2,0.3375,1.3625,64,2026-05-31T19:57:53
8055,pool:gen_008,dqn,1,0.7500,-0.5250,64,2026-05-31T19:57:55
8056,dqn,pool:gen_006,1,0.4375,-0.7125,64,2026-05-31T19:57:58
8057,self,dqn,2,0.3125,1.3625,64,2026-05-31T19:58:00
8058,dqn,pool:gen_006,1,0.4875,-0.6750,64,2026-05-31T19:58:03
8059,pool:gen_006,dqn,2,0.2750,1.4500,64,2026-05-31T19:58:05
8060,dqn,pool:gen_004,2,0.3000,1.4250,64,2026-05-31T19:58:07
8061,self,dqn,2,0.3625,1.6750,64,2026-05-31T19:58:10
8062,dqn,random,2,0.4500,1.4000,64,2026-05-31T19:58:12
8063,pool:gen_006,dqn,2,0.3500,1.3500,64,2026-05-31T19:58:14
8064,dqn,self,2,0.3375,1.6000,64,2026-05-31T19:58:17
8065,pool:gen_006,dqn,2,0.4125,1.5125,64,2026-05-31T19:58:19
8066,dqn,pool:gen_008,2,0.4125,1.6875,64,2026-05-31T19:58:21
8067,self,dqn,2,0.1625,1.6000,64,2026-05-31T19:58:24
8068,dqn,pool:gen_004,1,0.4500,-0.6125,64,2026-05-31T19:58:26
8069,self,dqn,2,0.3125,1.2625,64,2026-05-31T19:58:28
8070,dqn,self,2,0.3750,1.5625,64,2026-05-31T19:58:31
8071,self,dqn,2,0.2750,1.2875,64,2026-05-31T19:58:33
8072,dqn,random,1,0.5625,-0.7875,64,2026-05-31T19:58:35
8073,self,dqn,1,0.4125,-0.7375,64,2026-05-31T19:58:38
8074,dqn,pool:gen_006,1,0.5000,-0.5750,64,2026-05-31T19:58:40
8075,self,dqn,2,0.2875,1.2500,64,2026-05-31T19:58:42
8076,dqn,pool:gen_008,2,0.4250,1.6125,64,2026-05-31T19:58:44
8077,pool:gen_008,dqn,1,0.7125,-0.6000,64,2026-05-31T19:58:47
8078,dqn,pool:gen_006,1,0.4250,-0.6500,64,2026-05-31T19:58:49
8079,self,dqn,1,0.6125,-0.6375,64,2026-05-31T19:58:51
8080,dqn,pool:gen_008,2,0.3875,1.6250,64,2026-05-31T19:58:54
8081,self,dqn,1,0.5625,-0.7750,64,2026-05-31T19:58:56
8082,dqn,self,2,0.6250,1.7250,64,2026-05-31T19:58:59
8083,heuristic,dqn,2,0.8125,2.1875,64,2026-05-31T19:59:00
8084,dqn,self,2,0.2625,1.3250,64,2026-05-31T19:59:03
8085,pool:gen_006,dqn,2,0.3875,1.5750,64,2026-05-31T19:59:05
8086,dqn,pool:gen_007,2,0.2500,1.7000,64,2026-05-31T19:59:08
8087,pool:gen_001,dqn,1,0.5250,-0.6000,64,2026-05-31T19:59:10
8088,dqn,pool:gen_006,1,0.7125,-0.7000,64,2026-05-31T19:59:12
8089,random,dqn,2,0.6875,1.8625,64,2026-05-31T19:59:14
8090,dqn,pool:gen_002,2,0.4500,1.4625,64,2026-05-31T19:59:17
8091,random,dqn,2,0.5000,1.9625,64,2026-05-31T19:59:19
8092,dqn,self,2,0.4125,1.4250,64,2026-05-31T19:59:21
8093,pool:gen_005,dqn,2,0.3750,1.3375,64,2026-05-31T19:59:23
8094,dqn,pool:gen_006,1,0.6375,-0.7250,64,2026-05-31T19:59:26
8095,self,dqn,1,0.6625,-0.7500,64,2026-05-31T19:59:28
8096,dqn,pool:gen_001,1,0.5500,-0.4875,64,2026-05-31T19:59:30
8097,self,dqn,1,0.4500,-0.6375,64,2026-05-31T19:59:32
8098,dqn,pool:gen_006,1,0.4000,-0.7125,64,2026-05-31T19:59:35
8099,pool:gen_008,dqn,1,0.6625,-0.7625,64,2026-05-31T19:59:37
8100,dqn,self,2,0.4375,1.4625,64,2026-05-31T19:59:39
8101,pool:gen_008,dqn,1,0.7500,-0.7250,64,2026-05-31T20:06:29
8102,dqn,self,2,0.2875,1.4375,64,2026-05-31T20:06:32
8103,pool:gen_004,dqn,1,0.5125,-0.6375,64,2026-05-31T20:06:34
8104,dqn,self,2,0.4375,1.5500,64,2026-05-31T20:06:36
8105,pool:gen_004,dqn,2,0.4250,1.5250,64,2026-05-31T20:06:39
8106,dqn,heuristic,1,1.2750,-0.1750,64,2026-05-31T20:06:41
8107,pool:gen_004,dqn,1,0.6250,-0.4750,64,2026-05-31T20:06:43
8108,dqn,self,1,0.5625,-0.5500,64,2026-05-31T20:06:46
8109,self,dqn,1,0.5625,-0.6500,64,2026-05-31T20:06:48
8110,dqn,self,1,0.4000,-0.7250,64,2026-05-31T20:06:51
8111,pool:gen_005,dqn,2,0.4125,1.6000,64,2026-05-31T20:06:53
8112,dqn,self,2,0.3625,1.7625,64,2026-05-31T20:06:55
8113,pool:gen_004,dqn,1,0.7250,-0.7500,64,2026-05-31T20:06:58
8114,dqn,pool:gen_003,2,0.3500,1.8000,64,2026-05-31T20:07:00
8115,pool:gen_006,dqn,2,0.5250,1.5875,64,2026-05-31T20:07:03
8116,dqn,pool:gen_007,2,0.2500,1.9625,64,2026-05-31T20:07:05
8117,self,dqn,2,0.3000,1.5125,64,2026-05-31T20:07:07
8118,dqn,self,2,0.3125,1.6250,64,2026-05-31T20:07:10
8119,pool:gen_008,dqn,1,0.5125,-0.6375,64,2026-05-31T20:07:12
8120,dqn,heuristic,1,1.0250,-0.4000,64,2026-05-31T20:07:14
8121,pool:gen_008,dqn,1,0.4750,-0.6875,64,2026-05-31T20:07:16
8122,dqn,pool:gen_004,2,0.3125,1.5000,64,2026-05-31T20:07:18
8123,self,dqn,2,0.4875,1.5750,64,2026-05-31T20:07:21
8124,dqn,self,2,0.4000,1.4125,64,2026-05-31T20:07:23
8125,self,dqn,1,0.4875,-0.5625,64,2026-05-31T20:07:25
8126,dqn,self,2,0.3250,1.6625,64,2026-05-31T20:07:27
8127,pool:gen_007,dqn,1,0.6125,-0.7250,64,2026-05-31T20:07:29
8128,dqn,self,2,0.5125,1.6875,64,2026-05-31T20:07:32
8129,self,dqn,2,0.3500,1.4375,64,2026-05-31T20:07:34
8130,dqn,self,2,0.4125,1.5625,64,2026-05-31T20:07:36
8131,self,dqn,1,0.3625,-0.6875,64,2026-05-31T20:07:39
8132,dqn,self,1,0.5875,-0.7125,64,2026-05-31T20:07:41
8133,pool:gen_007,dqn,1,0.4875,-0.6125,64,2026-05-31T20:07:43
8134,dqn,pool:gen_006,1,0.5375,-0.6375,64,2026-05-31T20:07:45
8135,pool:gen_005,dqn,2,0.4375,1.7375,64,2026-05-31T20:07:48
8136,dqn,pool:gen_005,1,0.8125,-0.4875,64,2026-05-31T20:07:50
8137,pool:gen_007,dqn,1,0.6250,-0.6250,64,2026-05-31T20:07:52
8138,dqn,self,2,0.2125,1.3875,64,2026-05-31T20:07:55
8139,self,dqn,2,0.3375,1.3250,64,2026-05-31T20:07:57
8140,dqn,heuristic,1,0.6750,-0.3750,64,2026-05-31T20:07:59
8141,pool:gen_004,dqn,1,0.5125,-0.5625,64,2026-05-31T20:08:02
8142,dqn,self,1,0.5875,-0.6250,64,2026-05-31T20:08:04
8143,self,dqn,1,0.4250,-0.6500,64,2026-05-31T20:08:07
8144,dqn,pool:gen_004,1,0.4250,-0.7000,64,2026-05-31T20:08:09
8145,self,dqn,1,0.4375,-0.5750,64,2026-05-31T20:08:11
8146,dqn,pool:gen_005,1,0.8625,-0.6000,64,2026-05-31T20:08:14
8147,self,dqn,1,0.4625,-0.5875,64,2026-05-31T20:08:16
8148,dqn,pool:gen_004,1,0.3875,-0.6750,64,2026-05-31T20:08:18
8149,self,dqn,1,0.4750,-0.7875,64,2026-05-31T20:08:20
8150,dqn,self,2,0.3250,1.4500,64,2026-05-31T20:08:23
8151,pool:gen_005,dqn,2,0.4375,1.6125,64,2026-05-31T20:08:25
8152,dqn,pool:gen_005,1,0.8750,-0.3625,64,2026-05-31T20:08:27
8153,pool:gen_006,dqn,1,0.5125,-0.6250,64,2026-05-31T20:08:30
8154,dqn,self,1,0.5625,-0.7875,64,2026-05-31T20:08:32
8155,self,dqn,1,0.6750,-0.8500,64,2026-05-31T20:08:34
8156,dqn,self,2,0.3125,1.4625,64,2026-05-31T20:08:37
8157,self,dqn,1,0.6125,-0.5625,64,2026-05-31T20:08:39
8158,dqn,pool:gen_005,1,0.4000,-0.6375,64,2026-05-31T20:08:41
8159,pool:gen_006,dqn,1,0.4750,-0.6375,64,2026-05-31T20:08:44
8160,dqn,self,1,0.5750,-0.7375,64,2026-05-31T20:08:46
8161,random,dqn,2,0.4500,1.4875,64,2026-05-31T20:08:48
8162,dqn,self,2,0.5125,1.5375,64,2026-05-31T20:08:52
8163,pool:gen_007,dqn,1,0.7250,-0.7375,64,2026-05-31T20:08:54
8164,dqn,self,2,0.3875,1.4750,64,2026-05-31T20:08:57
8165,pool:gen_005,dqn,2,0.3625,1.5125,64,2026-05-31T20:08:59
8166,dqn,pool:gen_005,2,0.3750,1.5250,64,2026-05-31T20:09:01
8167,self,dqn,2,0.3875,1.4125,64,2026-05-31T20:09:03
8168,dqn,self,2,0.3625,1.7500,64,2026-05-31T20:09:06
8169,self,dqn,2,0.4125,1.3875,64,2026-05-31T20:09:08
8170,dqn,self,1,0.5375,-0.5125,64,2026-05-31T20:09:11
8171,self,dqn,2,0.5000,1.8000,64,2026-05-31T20:09:13
8172,dqn,self,1,0.4750,-0.6500,64,2026-05-31T20:09:15
8173,pool:gen_007,dqn,1,0.6750,-0.5125,64,2026-05-31T20:09:18
8174,dqn,pool:gen_005,2,0.2125,1.4000,64,2026-05-31T20:09:20
8175,self,dqn,2,0.1875,1.4000,64,2026-05-31T20:09:23
8176,dqn,self,2,0.4750,1.5625,64,2026-05-31T20:09:26
8177,pool:gen_002,dqn,1,0.4125,-0.7000,64,2026-05-31T20:09:28
8178,dqn,self,1,0.4375,-0.7500,64,2026-05-31T20:09:32
8179,self,dqn,2,0.3625,1.8375,64,2026-05-31T20:09:34
8180,dqn,pool:gen_005,2,0.1875,1.3625,64,2026-05-31T20:09:37
8181,self,dqn,1,0.3875,-0.6500,64,2026-05-31T20:09:38
8182,dqn,pool:gen_007,2,0.4500,1.5125,64,2026-05-31T20:09:40
8183,pool:gen_001,dqn,1,0.6375,-0.6875,64,2026-05-31T20:09:43
8184,dqn,self,1,0.4250,-0.7625,64,2026-05-31T20:09:45
8185,pool:gen_007,dqn,1,0.5875,-0.5000,64,2026-05-31T20:09:47
8186,dqn,pool:gen_004,2,0.4750,1.4750,64,2026-05-31T20:09:49
8187,self,dqn,1,0.5250,-0.5375,64,2026-05-31T20:09:51
8188,dqn,pool:gen_005,2,0.4500,1.4875,64,2026-05-31T20:09:53
8189,self,dqn,1,0.6125,-0.6250,64,2026-05-31T20:09:56
8190,dqn,pool:gen_008,2,0.3500,1.7000,64,2026-05-31T20:09:58
8191,self,dqn,1,0.5000,-0.7375,64,2026-05-31T20:10:00
8192,dqn,pool:gen_006,1,0.6375,-0.4875,64,2026-05-31T20:10:03
8193,pool:gen_004,dqn,1,0.4000,-0.7250,64,2026-05-31T20:10:05
8194,dqn,self,1,0.4250,-0.8125,64,2026-05-31T20:10:08
8195,self,dqn,2,0.4500,1.7750,64,2026-05-31T20:10:10
8196,dqn,pool:gen_008,2,0.5500,1.5875,64,2026-05-31T20:10:12
8197,pool:gen_005,dqn,2,0.4875,1.7000,64,2026-05-31T20:10:15
8198,dqn,self,1,0.7000,-0.4750,64,2026-05-31T20:10:17
8199,pool:gen_006,dqn,1,0.7625,-0.4875,64,2026-05-31T20:10:20
8200,dqn,self,1,0.5000,-0.6625,64,2026-05-31T20:10:22
8201,pool:gen_005,dqn,1,0.4625,-0.7125,64,2026-05-31T20:18:14
8202,dqn,pool:gen_007,2,0.3000,1.7875,64,2026-05-31T20:18:17
8203,self,dqn,2,0.3875,1.7500,64,2026-05-31T20:18:19
8204,dqn,random,2,0.3500,1.3500,64,2026-05-31T20:18:22
8205,pool:gen_007,dqn,1,0.5500,-0.7000,64,2026-05-31T20:18:25
8206,dqn,pool:gen_008,2,0.4625,1.7000,64,2026-05-31T20:18:27
8207,heuristic,dqn,2,0.7500,2.2000,64,2026-05-31T20:18:29
8208,dqn,self,1,0.5500,-0.6875,64,2026-05-31T20:18:31
8209,pool:gen_005,dqn,1,0.5875,-0.7000,64,2026-05-31T20:18:33
8210,dqn,pool:gen_005,1,0.6125,-0.5375,64,2026-05-31T20:18:36
8211,pool:gen_005,dqn,2,0.4625,1.5500,64,2026-05-31T20:18:38
8212,dqn,pool:gen_007,2,0.3250,1.5500,64,2026-05-31T20:18:41
8213,random,dqn,2,0.3500,1.3750,64,2026-05-31T20:18:43
8214,dqn,self,1,0.4250,-0.6125,64,2026-05-31T20:18:45
8215,pool:gen_006,dqn,2,0.4875,1.5875,64,2026-05-31T20:18:47
8216,dqn,pool:gen_006,1,0.6125,-0.6750,64,2026-05-31T20:18:50
8217,pool:gen_004,dqn,1,0.3750,-0.7750,64,2026-05-31T20:18:52
8218,dqn,pool:gen_007,2,0.3625,1.7750,64,2026-05-31T20:18:54
8219,self,dqn,1,0.5000,-0.5250,64,2026-05-31T20:18:56
8220,dqn,self,2,0.4750,1.5625,64,2026-05-31T20:18:58
8221,pool:gen_003,dqn,1,0.9250,-0.6250,64,2026-05-31T20:19:01
8222,dqn,pool:gen_002,2,0.4000,1.6250,64,2026-05-31T20:19:03
8223,pool:gen_004,dqn,1,0.7250,-0.5625,64,2026-05-31T20:19:06
8224,dqn,pool:gen_004,2,0.2875,1.5625,64,2026-05-31T20:19:08
8225,self,dqn,2,0.4375,1.4750,64,2026-05-31T20:19:11
8226,dqn,pool:gen_004,2,0.1625,1.5750,64,2026-05-31T20:19:13
8227,pool:gen_002,dqn,1,0.5125,-0.6500,64,2026-05-31T20:19:16
8228,dqn,pool:gen_005,1,0.5125,-0.5250,64,2026-05-31T20:19:18
8229,self,dqn,1,0.6500,-0.4250,64,2026-05-31T20:19:20
8230,dqn,pool:gen_007,2,0.2375,1.4500,64,2026-05-31T20:19:23
8231,self,dqn,2,0.4000,1.5750,64,2026-05-31T20:19:25
8232,dqn,self,2,0.3250,1.5125,64,2026-05-31T20:19:28
8233,self,dqn,2,0.5000,1.5500,64,2026-05-31T20:19:30
8234,dqn,pool:gen_005,2,0.4000,1.4250,64,2026-05-31T20:19:32
8235,pool:gen_005,dqn,1,0.4500,-0.6625,64,2026-05-31T20:19:35
8236,dqn,heuristic,1,1.3125,-0.2500,64,2026-05-31T20:19:37
8237,random,dqn,2,0.2750,1.9250,64,2026-05-31T20:19:39
8238,dqn,heuristic,1,0.7375,-0.5500,64,2026-05-31T20:19:41
8239,self,dqn,2,0.3125,1.3375,64,2026-05-31T20:19:44
8240,dqn,pool:gen_005,1,0.6250,-0.3750,64,2026-05-31T20:19:46
8241,pool:gen_002,dqn,2,0.4625,1.5375,64,2026-05-31T20:19:48
8242,dqn,pool:gen_006,1,0.6625,-0.5375,64,2026-05-31T20:19:51
8243,pool:gen_006,dqn,1,0.5750,-0.5875,64,2026-05-31T20:19:53
8244,dqn,self,1,0.3875,-0.7500,64,2026-05-31T20:19:56
8245,pool:gen_006,dqn,1,0.6375,-0.6000,64,2026-05-31T20:19:58
8246,dqn,pool:gen_006,1,0.7125,-0.4625,64,2026-05-31T20:20:00
8247,self,dqn,1,0.5750,-0.7000,64,2026-05-31T20:20:03
8248,dqn,pool:gen_004,2,0.3625,1.4000,64,2026-05-31T20:20:05
8249,pool:gen_007,dqn,1,0.5625,-0.7875,64,2026-05-31T20:20:07
8250,dqn,pool:gen_007,2,0.2875,1.5000,64,2026-05-31T20:20:10
8251,self,dqn,1,0.5875,-0.7375,64,2026-05-31T20:20:12
8252,dqn,random,1,0.7875,-0.6375,64,2026-05-31T20:20:14
8253,pool:gen_004,dqn,1,0.4250,-0.6500,64,2026-05-31T20:20:17
8254,dqn,self,2,0.3125,1.3125,64,2026-05-31T20:20:19
8255,pool:gen_008,dqn,1,0.6750,-0.5625,64,2026-05-31T20:20:22
8256,dqn,pool:gen_001,1,0.5500,-0.5875,64,2026-05-31T20:20:25
8257,self,dqn,2,0.2375,1.5125,64,2026-05-31T20:20:29
8258,dqn,self,2,0.3875,1.5375,64,2026-05-31T20:20:32
8259,self,dqn,2,0.2250,1.4125,64,2026-05-31T20:20:35
8260,dqn,self,2,0.3750,1.4500,64,2026-05-31T20:20:38
8261,self,dqn,2,0.4500,1.5375,64,2026-05-31T20:20:41
8262,dqn,pool:gen_008,2,0.4875,1.6375,64,2026-05-31T20:20:44
8263,pool:gen_007,dqn,1,0.8125,-0.6875,64,2026-05-31T20:20:47
8264,dqn,pool:gen_005,2,0.3500,1.4125,64,2026-05-31T20:20:49
8265,self,dqn,2,0.3125,1.3250,64,2026-05-31T20:20:52
8266,dqn,self,2,0.4125,1.5500,64,2026-05-31T20:20:55
8267,self,dqn,2,0.2625,1.4875,64,2026-05-31T20:20:57
8268,dqn,self,1,0.6375,-0.5750,64,2026-05-31T20:21:00
8269,self,dqn,1,0.7750,-0.6250,64,2026-05-31T20:21:03
8270,dqn,self,1,0.3375,-0.7000,64,2026-05-31T20:21:06
8271,self,dqn,1,0.5000,-0.7125,64,2026-05-31T20:21:09
8272,dqn,pool:gen_006,1,0.4000,-0.6500,64,2026-05-31T20:21:11
8273,self,dqn,1,0.5625,-0.7125,64,2026-05-31T20:21:14
8274,dqn,random,1,0.6500,-0.7625,64,2026-05-31T20:21:16
8275,pool:gen_008,dqn,1,0.8875,-0.7375,64,2026-05-31T20:21:19
8276,dqn,self,2,0.5125,1.8000,64,2026-05-31T20:21:22
8277,heuristic,dqn,2,0.8250,2.0125,64,2026-05-31T20:21:24
8278,dqn,self,1,0.5875,-0.6125,64,2026-05-31T20:21:26
8279,pool:gen_007,dqn,1,1.1250,-0.7000,64,2026-05-31T20:21:29
8280,dqn,self,2,0.3625,1.6375,64,2026-05-31T20:21:31
8281,pool:gen_004,dqn,1,0.6625,-0.7875,64,2026-05-31T20:21:33
8282,dqn,pool:gen_005,2,0.5125,1.5625,64,2026-05-31T20:21:36
8283,pool:gen_005,dqn,1,0.6500,-0.4750,64,2026-05-31T20:21:38
8284,dqn,pool:gen_007,2,0.1875,1.9500,64,2026-05-31T20:21:41
8285,pool:gen_004,dqn,1,0.6750,-0.6250,64,2026-05-31T20:21:43
8286,dqn,pool:gen_006,2,0.5250,1.5500,64,2026-05-31T20:21:45
8287,pool:gen_005,dqn,1,0.5875,-0.5125,64,2026-05-31T20:21:47
8288,dqn,self,1,0.8750,-0.7625,64,2026-05-31T20:21:50
8289,pool:gen_008,dqn,1,0.6125,-0.8000,64,2026-05-31T20:21:52
8290,dqn,self,2,0.2250,1.5125,64,2026-05-31T20:21:54
8291,random,dqn,2,0.2000,1.8500,64,2026-05-31T20:21:56
8292,dqn,pool:gen_008,2,0.2250,1.6750,64,2026-05-31T20:21:59
8293,pool:gen_008,dqn,1,0.7500,-0.8750,64,2026-05-31T20:22:01
8294,dqn,pool:gen_005,1,0.4000,-0.6250,64,2026-05-31T20:22:04
8295,self,dqn,1,0.6750,-0.8250,64,2026-05-31T20:22:06
8296,dqn,self,2,0.3750,1.4125,64,2026-05-31T20:22:09
8297,self,dqn,2,0.4125,1.4250,64,2026-05-31T20:22:11
8298,dqn,self,1,0.5250,-0.7875,64,2026-05-31T20:22:13
8299,heuristic,dqn,2,0.6000,1.6750,64,2026-05-31T20:22:15
8300,dqn,random,1,0.8000,-0.5875,64,2026-05-31T20:22:17
8301,pool:gen_006,dqn,1,0.4625,-0.6250,64,2026-05-31T20:31:41
8302,dqn,pool:gen_003,2,0.3625,1.7125,64,2026-05-31T20:31:44
8303,pool:gen_004,dqn,1,0.5000,-0.6000,64,2026-05-31T20:31:46
8304,dqn,pool:gen_008,2,0.1625,1.7750,64,2026-05-31T20:31:49
8305,self,dqn,2,0.5125,1.5250,64,2026-05-31T20:31:51
8306,dqn,pool:gen_006,1,0.7125,-0.6250,64,2026-05-31T20:31:53
8307,self,dqn,2,0.4375,1.5625,64,2026-05-31T20:31:56
8308,dqn,self,2,0.4375,1.6000,64,2026-05-31T20:31:59
8309,pool:gen_008,dqn,1,0.9125,-0.5750,64,2026-05-31T20:32:01
8310,dqn,heuristic,1,1.3500,-0.1875,64,2026-05-31T20:32:03
8311,pool:gen_008,dqn,1,0.9125,-0.6625,64,2026-05-31T20:32:06
8312,dqn,heuristic,1,1.5750,-0.1500,64,2026-05-31T20:32:08
8313,self,dqn,2,0.3500,1.5125,64,2026-05-31T20:32:10
8314,dqn,self,2,0.3500,1.4000,64,2026-05-31T20:32:13
8315,self,dqn,1,0.7000,-0.7375,64,2026-05-31T20:32:15
8316,dqn,self,2,0.3000,1.4625,64,2026-05-31T20:32:17
8317,self,dqn,1,0.4125,-0.7375,64,2026-05-31T20:32:20
8318,dqn,pool:gen_004,1,0.6000,-0.4125,64,2026-05-31T20:32:22
8319,pool:gen_008,dqn,1,0.5000,-0.5625,64,2026-05-31T20:32:25
8320,dqn,self,1,0.4625,-0.6500,64,2026-05-31T20:32:27
8321,heuristic,dqn,2,0.8000,1.9625,64,2026-05-31T20:32:29
8322,dqn,self,2,0.4500,1.5250,64,2026-05-31T20:32:31
8323,pool:gen_006,dqn,2,0.3250,1.4625,64,2026-05-31T20:32:34
8324,dqn,self,1,0.3375,-0.6750,64,2026-05-31T20:32:36
8325,self,dqn,2,0.3750,1.4500,64,2026-05-31T20:32:38
8326,dqn,self,1,0.7000,-0.5875,64,2026-05-31T20:32:41
8327,pool:gen_008,dqn,1,0.5250,-0.6875,64,2026-05-31T20:32:43
8328,dqn,self,1,0.3125,-0.7750,64,2026-05-31T20:32:46
8329,self,dqn,2,0.3375,1.5000,64,2026-05-31T20:32:48
8330,dqn,self,1,0.5250,-0.5000,64,2026-05-31T20:32:51
8331,self,dqn,1,0.5500,-0.6875,64,2026-05-31T20:32:53
8332,dqn,pool:gen_005,1,0.6375,-0.7000,64,2026-05-31T20:32:55
8333,pool:gen_008,dqn,1,0.5375,-0.6125,64,2026-05-31T20:32:57
8334,dqn,self,1,0.3375,-0.7125,64,2026-05-31T20:33:00
8335,self,dqn,1,0.4750,-0.7000,64,2026-05-31T20:33:02
8336,dqn,pool:gen_008,2,0.4250,1.5375,64,2026-05-31T20:33:05
8337,pool:gen_004,dqn,1,0.4750,-0.6625,64,2026-05-31T20:33:07
8338,dqn,self,1,0.5000,-0.7500,64,2026-05-31T20:33:10
8339,self,dqn,2,0.4250,1.5375,64,2026-05-31T20:33:12
8340,dqn,pool:gen_007,2,0.4375,1.5750,64,2026-05-31T20:33:14
8341,pool:gen_006,dqn,1,0.4750,-0.6250,64,2026-05-31T20:33:17
8342,dqn,pool:gen_006,2,0.4250,1.5375,64,2026-05-31T20:33:20
8343,pool:gen_005,dqn,1,0.7125,-0.5000,64,2026-05-31T20:33:22
8344,dqn,self,1,0.5750,-0.5750,64,2026-05-31T20:33:24
8345,heuristic,dqn,2,0.6125,1.9125,64,2026-05-31T20:33:26
8346,dqn,self,2,0.3000,1.4625,64,2026-05-31T20:33:29
8347,pool:gen_006,dqn,1,0.6500,-0.6625,64,2026-05-31T20:33:31
8348,dqn,self,1,0.5000,-0.6375,64,2026-05-31T20:33:33
8349,pool:gen_007,dqn,1,0.8125,-0.6750,64,2026-05-31T20:33:36
8350,dqn,pool:gen_005,1,0.8000,-0.4375,64,2026-05-31T20:33:38
8351,self,dqn,1,0.5625,-0.5750,64,2026-05-31T20:33:40
8352,dqn,pool:gen_007,2,0.7250,1.7625,64,2026-05-31T20:33:43
8353,pool:gen_003,dqn,1,0.5125,-0.8375,64,2026-05-31T20:33:45
8354,dqn,pool:gen_007,2,0.3250,1.7875,64,2026-05-31T20:33:47
8355,self,dqn,1,0.5500,-0.6750,64,2026-05-31T20:33:50
8356,dqn,self,2,0.4375,1.6000,64,2026-05-31T20:33:52
8357,self,dqn,2,0.2375,1.5625,64,2026-05-31T20:33:55
8358,dqn,self,1,0.4375,-0.6750,64,2026-05-31T20:33:57
8359,self,dqn,1,0.3500,-0.7000,64,2026-05-31T20:33:59
8360,dqn,self,2,0.5875,1.5125,64,2026-05-31T20:34:02
8361,self,dqn,2,0.4875,1.4875,64,2026-05-31T20:34:04
8362,dqn,pool:gen_005,1,0.7625,-0.5375,64,2026-05-31T20:34:07
8363,pool:gen_005,dqn,2,0.4875,1.5375,64,2026-05-31T20:34:09
8364,dqn,self,1,0.4875,-0.9125,64,2026-05-31T20:34:11
8365,pool:gen_007,dqn,1,1.0500,-0.6000,64,2026-05-31T20:34:14
8366,dqn,self,1,0.2875,-0.7875,64,2026-05-31T20:34:16
8367,random,dqn,2,0.2750,1.8250,64,2026-05-31T20:34:18
8368,dqn,self,1,0.3125,-0.7875,64,2026-05-31T20:34:21
8369,self,dqn,1,0.3250,-0.7375,64,2026-05-31T20:34:23
8370,dqn,pool:gen_008,2,0.2875,1.6500,64,2026-05-31T20:34:25
8371,pool:gen_004,dqn,1,0.5250,-0.7125,64,2026-05-31T20:34:28
8372,dqn,self,1,0.6000,-0.5625,64,2026-05-31T20:34:30
8373,random,dqn,2,0.3750,1.9000,64,2026-05-31T20:34:32
8374,dqn,self,1,0.6500,-0.6875,64,2026-05-31T20:34:35
8375,pool:gen_002,dqn,2,0.3750,1.3625,64,2026-05-31T20:34:37
8376,dqn,self,2,0.4375,1.7000,64,2026-05-31T20:34:40
8377,pool:gen_004,dqn,1,0.7250,-0.5500,64,2026-05-31T20:34:42
8378,dqn,self,2,0.6625,1.6625,64,2026-05-31T20:34:44
8379,pool:gen_006,dqn,2,0.4500,1.6000,64,2026-05-31T20:34:47
8380,dqn,self,1,0.5875,-0.5625,64,2026-05-31T20:34:49
8381,pool:gen_005,dqn,2,0.2375,1.5625,64,2026-05-31T20:34:51
8382,dqn,self,1,0.5750,-0.6875,64,2026-05-31T20:34:54
8383,self,dqn,2,0.5500,1.6000,64,2026-05-31T20:34:56
8384,dqn,self,2,0.6375,1.8625,64,2026-05-31T20:34:58
8385,random,dqn,2,0.3750,1.4375,64,2026-05-31T20:35:01
8386,dqn,pool:gen_007,2,0.2500,1.4625,64,2026-05-31T20:35:03
8387,self,dqn,1,0.4625,-0.6125,64,2026-05-31T20:35:06
8388,dqn,self,1,0.5875,-0.4750,64,2026-05-31T20:35:08
8389,self,dqn,1,0.5375,-0.7625,64,2026-05-31T20:35:10
8390,dqn,random,1,0.7125,-0.6500,64,2026-05-31T20:35:13
8391,random,dqn,2,0.3000,2.0125,64,2026-05-31T20:35:15
8392,dqn,self,2,0.3875,1.8000,64,2026-05-31T20:35:17
8393,pool:gen_007,dqn,1,0.5500,-0.5875,64,2026-05-31T20:35:20
8394,dqn,self,1,0.2750,-0.7875,64,2026-05-31T20:35:22
8395,self,dqn,2,0.5000,1.5625,64,2026-05-31T20:35:24
8396,dqn,pool:gen_004,2,0.4125,1.5500,64,2026-05-31T20:35:27
8397,pool:gen_006,dqn,2,0.4500,1.3875,64,2026-05-31T20:35:29
8398,dqn,random,1,0.9875,-0.5000,64,2026-05-31T20:35:31
8399,self,dqn,1,0.4750,-0.7500,64,2026-05-31T20:35:34
8400,dqn,self,1,0.5125,-0.6750,64,2026-05-31T20:35:36
8401,pool:gen_006,dqn,2,0.4625,1.5375,64,2026-05-31T20:42:58
8402,dqn,pool:gen_007,2,0.3375,1.5500,64,2026-05-31T20:43:00
8403,pool:gen_004,dqn,1,0.6125,-0.6375,64,2026-05-31T20:43:03
8404,dqn,self,2,0.2875,1.4250,64,2026-05-31T20:43:05
8405,self,dqn,2,0.4500,1.6375,64,2026-05-31T20:43:08
8406,dqn,pool:gen_004,2,0.4500,1.5500,64,2026-05-31T20:43:10
8407,pool:gen_005,dqn,1,0.4375,-0.6125,64,2026-05-31T20:43:13
8408,dqn,pool:gen_005,1,0.2875,-0.7500,64,2026-05-31T20:43:15
8409,self,dqn,1,0.5625,-0.5000,64,2026-05-31T20:43:17
8410,dqn,self,2,0.3500,1.5750,64,2026-05-31T20:43:20
8411,self,dqn,1,0.5375,-0.6875,64,2026-05-31T20:43:22
8412,dqn,random,1,0.9500,-0.6500,64,2026-05-31T20:43:24
8413,pool:gen_004,dqn,1,0.6125,-0.5750,64,2026-05-31T20:43:27
8414,dqn,self,2,0.7250,1.6750,64,2026-05-31T20:43:30
8415,pool:gen_006,dqn,2,0.3625,1.5750,64,2026-05-31T20:43:32
8416,dqn,pool:gen_007,2,0.4375,1.5000,64,2026-05-31T20:43:34
8417,pool:gen_008,dqn,1,0.6500,-0.6875,64,2026-05-31T20:43:36
8418,dqn,pool:gen_006,1,0.5750,-0.5125,64,2026-05-31T20:43:39
8419,self,dqn,1,0.3500,-0.8375,64,2026-05-31T20:43:41
8420,dqn,self,2,0.3875,1.4875,64,2026-05-31T20:43:43
8421,random,dqn,2,0.4375,2.2750,64,2026-05-31T20:43:46
8422,dqn,self,1,0.6250,-0.8125,64,2026-05-31T20:43:48
8423,self,dqn,2,0.6000,1.7000,64,2026-05-31T20:43:51
8424,dqn,pool:gen_008,2,0.4500,1.5000,64,2026-05-31T20:43:53
8425,pool:gen_004,dqn,1,0.6375,-0.6000,64,2026-05-31T20:43:57
8426,dqn,pool:gen_007,1,0.6500,-0.6000,64,2026-05-31T20:43:59
8427,self,dqn,1,0.4125,-0.6250,64,2026-05-31T20:44:02
8428,dqn,self,2,0.4250,1.5375,64,2026-05-31T20:44:05
8429,self,dqn,2,0.4000,1.5000,64,2026-05-31T20:44:07
8430,dqn,self,2,0.4625,1.6125,64,2026-05-31T20:44:10
8431,self,dqn,1,0.6000,-0.5250,64,2026-05-31T20:44:12
8432,dqn,self,2,0.6375,1.6125,64,2026-05-31T20:44:15
8433,pool:gen_008,dqn,1,0.3875,-0.7500,64,2026-05-31T20:44:18
8434,dqn,pool:gen_004,1,0.7250,-0.5625,64,2026-05-31T20:44:20
8435,random,dqn,2,0.3625,1.8125,64,2026-05-31T20:44:22
8436,dqn,pool:gen_005,1,0.7000,-0.5750,64,2026-05-31T20:44:25
8437,self,dqn,2,0.3375,1.6500,64,2026-05-31T20:44:27
8438,dqn,self,1,0.5000,-0.6250,64,2026-05-31T20:44:30
8439,self,dqn,2,0.5000,1.4875,64,2026-05-31T20:44:32
8440,dqn,self,1,0.5750,-0.5875,64,2026-05-31T20:44:34
8441,pool:gen_007,dqn,1,0.5375,-0.6250,64,2026-05-31T20:44:37
8442,dqn,self,1,0.5375,-0.6000,64,2026-05-31T20:44:39
8443,pool:gen_006,dqn,2,0.3250,1.9000,64,2026-05-31T20:44:41
8444,dqn,self,2,0.3375,1.4125,64,2026-05-31T20:44:44
8445,pool:gen_008,dqn,1,0.5750,-0.6250,64,2026-05-31T20:44:46
8446,dqn,self,2,0.3250,1.5250,64,2026-05-31T20:44:49
8447,pool:gen_005,dqn,2,0.4250,1.7750,64,2026-05-31T20:44:51
8448,dqn,pool:gen_007,1,0.6250,-0.6000,64,2026-05-31T20:44:54
8449,heuristic,dqn,2,0.5500,2.1875,64,2026-05-31T20:44:56
8450,dqn,self,2,0.3250,1.4125,64,2026-05-31T20:44:58
8451,self,dqn,1,0.6750,-0.3750,64,2026-05-31T20:45:01
8452,dqn,self,2,0.4375,1.4500,64,2026-05-31T20:45:03
8453,random,dqn,2,0.4500,1.7875,64,2026-05-31T20:45:05
8454,dqn,self,1,0.5000,-0.6875,64,2026-05-31T20:45:07
8455,pool:gen_004,dqn,1,0.6125,-0.4875,64,2026-05-31T20:45:10
8456,dqn,self,1,0.7500,-0.3750,64,2026-05-31T20:45:12
8457,pool:gen_005,dqn,2,0.4625,1.5750,64,2026-05-31T20:45:15
8458,dqn,heuristic,1,0.9250,-0.5000,64,2026-05-31T20:45:17
8459,self,dqn,2,0.4625,1.7500,64,2026-05-31T20:45:19
8460,dqn,self,1,0.7000,-0.5500,64,2026-05-31T20:45:22
8461,self,dqn,2,0.4125,1.5750,64,2026-05-31T20:45:24
8462,dqn,pool:gen_007,2,0.4000,1.4250,64,2026-05-31T20:45:26
8463,self,dqn,1,0.4375,-0.6875,64,2026-05-31T20:45:29
8464,dqn,pool:gen_006,1,0.7875,-0.7375,64,2026-05-31T20:45:31
8465,self,dqn,1,0.3500,-0.7500,64,2026-05-31T20:45:33
8466,dqn,self,2,0.3375,1.5000,64,2026-05-31T20:45:35
8467,heuristic,dqn,2,0.6750,2.0875,64,2026-05-31T20:45:38
8468,dqn,self,2,0.2500,1.4375,64,2026-05-31T20:45:40
8469,pool:gen_002,dqn,2,0.2250,1.4375,64,2026-05-31T20:45:42
8470,dqn,pool:gen_005,1,0.8625,-0.4750,64,2026-05-31T20:45:45
8471,self,dqn,1,0.3125,-0.8125,64,2026-05-31T20:45:47
8472,dqn,pool:gen_004,1,0.5875,-0.6750,64,2026-05-31T20:45:50
8473,pool:gen_007,dqn,2,0.6000,1.6375,64,2026-05-31T20:45:52
8474,dqn,pool:gen_005,1,0.9875,-0.3625,64,2026-05-31T20:45:54
8475,pool:gen_008,dqn,1,0.3750,-0.7875,64,2026-05-31T20:45:57
8476,dqn,self,1,0.3625,-0.6625,64,2026-05-31T20:45:59
8477,self,dqn,1,0.6000,-0.6000,64,2026-05-31T20:46:02
8478,dqn,self,2,0.5250,1.7500,64,2026-05-31T20:46:04
8479,pool:gen_004,dqn,2,0.4500,1.5375,64,2026-05-31T20:46:06
8480,dqn,pool:gen_004,1,0.9125,-0.5500,64,2026-05-31T20:46:09
8481,self,dqn,1,0.6250,-0.6375,64,2026-05-31T20:46:11
8482,dqn,pool:gen_005,1,0.8375,-0.4500,64,2026-05-31T20:46:13
8483,pool:gen_006,dqn,2,0.3375,1.8875,64,2026-05-31T20:46:17
8484,dqn,self,1,0.4750,-0.8125,64,2026-05-31T20:46:20
8485,pool:gen_004,dqn,2,0.3125,1.4625,64,2026-05-31T20:46:22
8486,dqn,pool:gen_004,1,0.4500,-0.6750,64,2026-05-31T20:46:25
8487,self,dqn,1,0.4250,-0.7500,64,2026-05-31T20:46:28
8488,dqn,self,2,0.5250,1.6250,64,2026-05-31T20:46:30
8489,pool:gen_007,dqn,2,0.2500,1.5250,64,2026-05-31T20:46:33
8490,dqn,pool:gen_004,1,0.4250,-0.7000,64,2026-05-31T20:46:36
8491,pool:gen_007,dqn,1,0.4125,-0.6250,64,2026-05-31T20:46:40
8492,dqn,pool:gen_007,2,0.3250,1.3875,64,2026-05-31T20:46:44
8493,pool:gen_002,dqn,2,0.3375,1.3125,64,2026-05-31T20:46:47
8494,dqn,self,2,0.3500,1.4000,64,2026-05-31T20:46:50
8495,pool:gen_005,dqn,2,0.4000,1.6500,64,2026-05-31T20:46:53
8496,dqn,self,1,0.4875,-0.7625,64,2026-05-31T20:46:57
8497,pool:gen_007,dqn,1,0.5625,-0.5875,64,2026-05-31T20:47:00
8498,dqn,heuristic,1,1.4875,-0.1250,64,2026-05-31T20:47:03
8499,pool:gen_008,dqn,1,0.4375,-0.7000,64,2026-05-31T20:47:06
8500,dqn,self,2,0.3375,1.5625,64,2026-05-31T20:47:09
8501,self,dqn,2,0.3000,1.7375,64,2026-05-31T21:00:37
8502,dqn,pool:gen_001,1,0.4750,-0.6250,64,2026-05-31T21:00:56
8503,random,dqn,2,0.3125,1.8375,64,2026-05-31T21:01:14
8504,dqn,self,1,0.3625,-0.7625,64,2026-05-31T21:01:32
8505,pool:gen_005,dqn,2,0.3125,1.6250,64,2026-05-31T21:01:57
8506,dqn,self,2,0.1500,1.2500,64,2026-05-31T21:02:20
8507,self,dqn,1,0.3250,-0.7625,64,2026-05-31T21:02:49
8508,dqn,self,1,0.3875,-0.7625,64,2026-05-31T21:03:11
8509,self,dqn,1,0.3375,-0.7875,64,2026-05-31T21:03:30
8510,dqn,pool:gen_004,1,0.5500,-0.8000,64,2026-05-31T21:03:44
8511,self,dqn,1,0.6375,-0.5500,64,2026-05-31T21:04:08
8512,dqn,pool:gen_005,1,0.5750,-0.6000,64,2026-05-31T21:04:32
8513,pool:gen_001,dqn,2,0.3625,1.5625,64,2026-05-31T21:04:51
8514,dqn,random,1,0.9000,-0.5500,64,2026-05-31T21:05:07
8515,pool:gen_007,dqn,1,0.4750,-0.6375,64,2026-05-31T21:05:27
8516,dqn,pool:gen_004,1,0.5250,-0.7500,64,2026-05-31T21:05:47
8517,self,dqn,1,0.6000,-0.4625,64,2026-05-31T21:06:08
8518,dqn,self,1,0.4750,-0.7250,64,2026-05-31T21:06:24
8519,pool:gen_008,dqn,1,0.4000,-0.7000,64,2026-05-31T21:06:36
8520,dqn,self,2,0.3750,1.4000,64,2026-05-31T21:06:50
8521,pool:gen_005,dqn,2,0.4250,1.5500,64,2026-05-31T21:07:08
8522,dqn,self,2,0.4500,1.6125,64,2026-05-31T21:07:24
8523,heuristic,dqn,2,0.8375,2.5500,64,2026-05-31T21:07:42
8524,dqn,self,1,0.7750,-0.5250,64,2026-05-31T21:07:59
8525,random,dqn,2,0.2125,1.8500,64,2026-05-31T21:08:14
8526,dqn,pool:gen_007,1,0.5250,-0.6875,64,2026-05-31T21:08:26
8527,pool:gen_007,dqn,1,0.3500,-0.7375,64,2026-05-31T21:08:41
8528,dqn,pool:gen_004,1,0.5125,-0.6750,64,2026-05-31T21:09:01
8529,self,dqn,1,0.4875,-0.5625,64,2026-05-31T21:09:17
8530,dqn,self,1,0.5375,-0.5500,64,2026-05-31T21:09:34
8531,pool:gen_007,dqn,2,0.2750,1.2750,64,2026-05-31T21:09:52
8532,dqn,self,1,0.5625,-0.5500,64,2026-05-31T21:10:12
8533,pool:gen_007,dqn,2,0.2250,1.3375,64,2026-05-31T21:10:34
8534,dqn,random,1,1.2250,-0.6375,64,2026-05-31T21:10:48
8535,self,dqn,1,0.6750,-0.6750,64,2026-05-31T21:11:06
8536,dqn,heuristic,1,1.2500,-0.3125,64,2026-05-31T21:11:24
8537,self,dqn,1,0.4625,-0.5750,64,2026-05-31T21:11:37
8538,dqn,heuristic,1,1.5250,-0.1125,64,2026-05-31T21:11:50
8539,self,dqn,1,0.6500,-0.5125,64,2026-05-31T21:12:05
8540,dqn,self,2,0.5000,1.5000,64,2026-05-31T21:12:20
8541,self,dqn,2,0.3500,1.4000,64,2026-05-31T21:12:38
8542,dqn,self,2,0.2875,1.3500,64,2026-05-31T21:12:54
8543,pool:gen_004,dqn,2,0.5625,1.8250,64,2026-05-31T21:13:08
8544,dqn,self,1,0.5750,-0.5000,64,2026-05-31T21:13:24
8545,pool:gen_004,dqn,1,0.5750,-0.5000,64,2026-05-31T21:13:36
8546,dqn,self,1,0.4875,-0.5625,64,2026-05-31T21:13:49
8547,pool:gen_007,dqn,2,0.3875,1.4125,64,2026-05-31T21:14:02
8548,dqn,pool:gen_004,2,0.3625,1.4500,64,2026-05-31T21:14:14
8549,self,dqn,2,0.5125,1.5500,64,2026-05-31T21:14:27
8550,dqn,self,2,0.4625,1.6750,64,2026-05-31T21:14:42
8551,self,dqn,2,0.5250,1.5875,64,2026-05-31T21:14:55
8552,dqn,pool:gen_005,1,0.4875,-0.8125,64,2026-05-31T21:15:07
8553,self,dqn,2,0.4875,1.5000,64,2026-05-31T21:15:17
8554,dqn,self,1,0.5000,-0.7125,64,2026-05-31T21:15:31
8555,self,dqn,1,0.6125,-0.5875,64,2026-05-31T21:15:44
8556,dqn,pool:gen_005,1,0.4125,-0.7000,64,2026-05-31T21:15:57
8557,pool:gen_006,dqn,2,0.4125,1.5875,64,2026-05-31T21:16:11
8558,dqn,self,2,0.2250,1.3500,64,2026-05-31T21:16:24
8559,pool:gen_006,dqn,draw,0.4875,0.4625,64,2026-05-31T21:16:36
8560,dqn,self,2,0.4250,1.5625,64,2026-05-31T21:16:56
8561,pool:gen_006,dqn,1,0.6500,-0.4875,64,2026-05-31T21:17:11
8562,dqn,self,2,0.4000,1.5625,64,2026-05-31T21:17:23
8563,self,dqn,1,0.7000,-0.4250,64,2026-05-31T21:17:36
8564,dqn,self,2,0.3750,1.5750,64,2026-05-31T21:17:52
8565,self,dqn,2,0.2750,1.5750,64,2026-05-31T21:18:08
8566,dqn,heuristic,1,0.9500,-0.2750,64,2026-05-31T21:18:20
8567,pool:gen_005,dqn,2,0.4250,1.5000,64,2026-05-31T21:18:34
8568,dqn,self,1,0.4750,-0.6875,64,2026-05-31T21:18:53
8569,self,dqn,2,0.3250,1.5000,64,2026-05-31T21:19:09
8570,dqn,heuristic,1,1.4375,-0.1500,64,2026-05-31T21:19:25
8571,pool:gen_006,dqn,2,0.4375,1.4750,64,2026-05-31T21:19:39
8572,dqn,self,1,0.4500,-0.6500,64,2026-05-31T21:19:54
8573,pool:gen_004,dqn,2,0.3250,1.4875,64,2026-05-31T21:20:12
8574,dqn,pool:gen_006,1,0.6000,-0.5250,64,2026-05-31T21:20:29
8575,self,dqn,2,0.3375,1.3750,64,2026-05-31T21:20:51
8576,dqn,self,1,0.3500,-0.7750,64,2026-05-31T21:21:09
8577,pool:gen_008,dqn,1,0.4500,-0.6750,64,2026-05-31T21:21:21
8578,dqn,self,2,0.6375,1.7625,64,2026-05-31T21:21:38
8579,self,dqn,1,0.3500,-0.7375,64,2026-05-31T21:21:57
8580,dqn,self,1,0.4750,-0.7750,64,2026-05-31T21:22:12
8581,heuristic,dqn,2,0.9000,2.3625,64,2026-05-31T21:22:25
8582,dqn,self,2,0.4000,1.4750,64,2026-05-31T21:22:38
8583,pool:gen_005,dqn,2,0.4375,1.6625,64,2026-05-31T21:22:56
8584,dqn,heuristic,1,1.3250,-0.3250,64,2026-05-31T21:23:17
8585,self,dqn,1,0.4000,-0.6375,64,2026-05-31T21:23:35
8586,dqn,pool:gen_008,1,0.4250,-0.6625,64,2026-05-31T21:23:50
8587,pool:gen_004,dqn,2,0.3000,1.3875,64,2026-05-31T21:24:09
8588,dqn,pool:gen_005,1,0.6125,-0.5375,64,2026-05-31T21:24:25
8589,pool:gen_005,dqn,2,0.5875,1.6125,64,2026-05-31T21:24:43
8590,dqn,pool:gen_004,1,0.6125,-0.6750,64,2026-05-31T21:25:07
8591,random,dqn,2,0.2000,1.8875,64,2026-05-31T21:25:29
8592,dqn,pool:gen_005,1,0.7125,-0.5000,64,2026-05-31T21:25:54
8593,pool:gen_008,dqn,1,0.4500,-0.7375,64,2026-05-31T21:26:14
8594,dqn,pool:gen_002,1,0.4875,-0.7750,64,2026-05-31T21:26:29
8595,pool:gen_001,dqn,2,0.3125,1.5875,64,2026-05-31T21:26:45
8596,dqn,pool:gen_004,1,0.5875,-0.6625,64,2026-05-31T21:27:04
8597,pool:gen_008,dqn,1,0.8375,-0.6750,64,2026-05-31T21:27:17
8598,dqn,self,1,0.5875,-0.6125,64,2026-05-31T21:27:28
8599,self,dqn,1,0.6625,-0.4875,64,2026-05-31T21:27:50
8600,dqn,self,1,0.3750,-0.6375,64,2026-05-31T21:28:05
8601,pool:gen_008,dqn,1,0.6750,-0.5375,64,2026-05-31T21:43:06
8602,dqn,pool:gen_004,1,0.4750,-0.5750,64,2026-05-31T21:43:08
8603,self,dqn,2,0.3500,1.4875,64,2026-05-31T21:43:11
8604,dqn,self,2,0.4500,1.5750,64,2026-05-31T21:43:13
8605,pool:gen_003,dqn,1,0.8875,-0.3625,64,2026-05-31T21:43:15
8606,dqn,self,2,0.4500,1.5250,64,2026-05-31T21:43:17
8607,self,dqn,1,0.3750,-0.6625,64,2026-05-31T21:43:19
8608,dqn,pool:gen_005,1,0.6125,-0.5875,64,2026-05-31T21:43:21
8609,self,dqn,1,0.6500,-0.4500,64,2026-05-31T21:43:23
8610,dqn,self,2,0.3750,1.4750,64,2026-05-31T21:43:24
8611,self,dqn,1,0.7000,-0.7375,64,2026-05-31T21:43:26
8612,dqn,self,2,0.3000,1.4000,64,2026-05-31T21:43:28
8613,heuristic,dqn,2,0.9250,2.2375,64,2026-05-31T21:43:30
8614,dqn,pool:gen_005,1,0.6625,-0.4375,64,2026-05-31T21:43:32
8615,pool:gen_005,dqn,2,0.4875,1.5625,64,2026-05-31T21:43:34
8616,dqn,self,2,0.3000,1.5750,64,2026-05-31T21:43:36
8617,pool:gen_008,dqn,2,0.4500,1.4625,64,2026-05-31T21:43:38
8618,dqn,self,1,0.6500,-0.5375,64,2026-05-31T21:43:40
8619,pool:gen_006,dqn,2,0.6250,1.6125,64,2026-05-31T21:43:42
8620,dqn,self,2,0.3500,1.3500,64,2026-05-31T21:43:44
8621,self,dqn,1,0.6375,-0.6375,64,2026-05-31T21:43:46
8622,dqn,self,2,0.4250,1.4875,64,2026-05-31T21:43:48
8623,self,dqn,1,0.7875,-0.5750,64,2026-05-31T21:43:50
8624,dqn,self,1,0.4500,-0.6750,64,2026-05-31T21:43:52
8625,pool:gen_006,dqn,2,0.4625,1.5875,64,2026-05-31T21:43:54
8626,dqn,self,2,0.3375,1.6375,64,2026-05-31T21:43:56
8627,random,dqn,2,0.3625,2.1625,64,2026-05-31T21:43:58
8628,dqn,pool:gen_002,1,0.5875,-0.5500,64,2026-05-31T21:44:00
8629,pool:gen_008,dqn,1,0.5000,-0.7000,64,2026-05-31T21:44:02
8630,dqn,pool:gen_003,2,0.3250,1.6625,64,2026-05-31T21:44:04
8631,pool:gen_004,dqn,1,0.5000,-0.5750,64,2026-05-31T21:44:06
8632,dqn,pool:gen_007,1,0.6500,-0.6625,64,2026-05-31T21:44:08
8633,self,dqn,1,0.4750,-0.6375,64,2026-05-31T21:44:10
8634,dqn,self,2,0.1125,1.4375,64,2026-05-31T21:44:12
8635,self,dqn,1,0.3125,-0.7250,64,2026-05-31T21:44:13
8636,dqn,self,2,0.2875,1.4750,64,2026-05-31T21:44:15
8637,heuristic,dqn,2,0.6625,1.9250,64,2026-05-31T21:44:17
8638,dqn,heuristic,1,0.9875,-0.5000,64,2026-05-31T21:44:20
8639,pool:gen_007,dqn,2,0.3000,1.5375,64,2026-05-31T21:44:22
8640,dqn,self,2,0.3375,1.3625,64,2026-05-31T21:44:23
8641,pool:gen_002,dqn,2,0.4500,1.5625,64,2026-05-31T21:44:25
8642,dqn,self,2,0.4875,1.4250,64,2026-05-31T21:44:27
8643,self,dqn,1,0.5875,-0.7250,64,2026-05-31T21:44:29
8644,dqn,self,2,0.4250,1.8125,64,2026-05-31T21:44:31
8645,self,dqn,1,0.4250,-0.6375,64,2026-05-31T21:44:33
8646,dqn,pool:gen_002,1,0.6375,-0.4250,64,2026-05-31T21:44:35
8647,self,dqn,1,0.5750,-0.6625,64,2026-05-31T21:44:38
8648,dqn,self,2,0.3875,1.4750,64,2026-05-31T21:44:40
8649,pool:gen_003,dqn,1,0.4500,-0.6500,64,2026-05-31T21:44:41
8650,dqn,pool:gen_003,1,0.3500,-0.7000,64,2026-05-31T21:44:43
8651,self,dqn,2,0.2875,1.3250,64,2026-05-31T21:44:45
8652,dqn,pool:gen_005,1,0.6250,-0.7375,64,2026-05-31T21:44:48
8653,self,dqn,1,0.4625,-0.8000,64,2026-05-31T21:44:49
8654,dqn,heuristic,1,1.6375,-0.3500,64,2026-05-31T21:44:51
8655,self,dqn,1,0.5625,-0.5750,64,2026-05-31T21:44:53
8656,dqn,self,1,0.6125,-0.6625,64,2026-05-31T21:44:55
8657,self,dqn,1,0.5375,-0.4875,64,2026-05-31T21:44:57
8658,dqn,pool:gen_007,2,0.2875,1.3250,64,2026-05-31T21:44:59
8659,self,dqn,2,0.3125,1.4000,64,2026-05-31T21:45:00
8660,dqn,self,2,0.3375,1.3125,64,2026-05-31T21:45:02
8661,pool:gen_005,dqn,2,0.3000,1.5250,64,2026-05-31T21:45:04
8662,dqn,pool:gen_007,2,0.3625,1.3625,64,2026-05-31T21:45:06
8663,pool:gen_005,dqn,2,0.3125,1.4625,64,2026-05-31T21:45:08
8664,dqn,self,2,0.4000,1.6250,64,2026-05-31T21:45:10
8665,self,dqn,2,0.3500,1.5250,64,2026-05-31T21:45:12
8666,dqn,self,1,0.4500,-0.5750,64,2026-05-31T21:45:14
8667,self,dqn,2,0.4500,1.4625,64,2026-05-31T21:45:16
8668,dqn,pool:gen_004,1,0.6500,-0.5125,64,2026-05-31T21:45:17
8669,pool:gen_004,dqn,1,0.4875,-0.5750,64,2026-05-31T21:45:19
8670,dqn,pool:gen_008,2,0.3875,1.3875,64,2026-05-31T21:45:21
8671,pool:gen_008,dqn,2,0.3375,1.4625,64,2026-05-31T21:45:23
8672,dqn,self,1,0.6750,-0.5625,64,2026-05-31T21:45:25
8673,pool:gen_006,dqn,2,0.5625,1.8625,64,2026-05-31T21:45:27
8674,dqn,pool:gen_002,1,0.6625,-0.5625,64,2026-05-31T21:45:29
8675,self,dqn,1,0.5625,-0.6875,64,2026-05-31T21:45:31
8676,dqn,pool:gen_007,2,0.2500,1.4500,64,2026-05-31T21:45:33
8677,self,dqn,1,0.5375,-0.5000,64,2026-05-31T21:45:35
8678,dqn,self,2,0.4625,1.6500,64,2026-05-31T21:45:37
8679,self,dqn,1,0.4750,-0.7375,64,2026-05-31T21:45:39
8680,dqn,self,1,0.4875,-0.5375,64,2026-05-31T21:45:40
8681,pool:gen_003,dqn,2,0.3125,1.3500,64,2026-05-31T21:45:42
8682,dqn,self,2,0.5000,1.5625,64,2026-05-31T21:45:44
8683,self,dqn,1,0.5875,-0.5000,64,2026-05-31T21:45:46
8684,dqn,self,1,0.3500,-0.6750,64,2026-05-31T21:45:47
8685,pool:gen_004,dqn,2,0.3000,1.5500,64,2026-05-31T21:45:49
8686,dqn,self,2,0.4250,1.5875,64,2026-05-31T21:45:51
8687,pool:gen_002,dqn,2,0.3250,1.5500,64,2026-05-31T21:45:54
8688,dqn,self,1,0.3625,-0.7500,64,2026-05-31T21:45:57
8689,heuristic,dqn,2,0.6625,2.3750,64,2026-05-31T21:45:59
8690,dqn,self,1,0.4625,-0.6125,64,2026-05-31T21:46:02
8691,self,dqn,1,0.5000,-0.6000,64,2026-05-31T21:46:05
8692,dqn,pool:gen_006,1,0.9375,-0.6000,64,2026-05-31T21:46:08
8693,self,dqn,1,0.6250,-0.7750,64,2026-05-31T21:46:11
8694,dqn,pool:gen_004,1,0.5125,-0.6750,64,2026-05-31T21:46:13
8695,heuristic,dqn,2,0.8125,2.4625,64,2026-05-31T21:46:16
8696,dqn,pool:gen_007,2,0.3625,1.4125,64,2026-05-31T21:46:19
8697,pool:gen_007,dqn,1,0.4875,-0.5625,64,2026-05-31T21:46:22
8698,dqn,heuristic,1,1.2750,-0.6000,64,2026-05-31T21:46:25
8699,self,dqn,2,0.4875,1.4375,64,2026-05-31T21:46:28
8700,dqn,pool:gen_005,1,0.7750,-0.6125,64,2026-05-31T21:46:30
8701,pool:gen_008,dqn,1,0.3750,-0.7125,64,2026-05-31T21:57:38
8702,dqn,pool:gen_003,1,0.5250,-0.7125,64,2026-05-31T21:57:41
8703,pool:gen_008,dqn,1,0.3375,-0.7125,64,2026-05-31T21:57:44
8704,dqn,self,1,0.5250,-0.6000,64,2026-05-31T21:57:47
8705,self,dqn,1,0.3500,-0.6625,64,2026-05-31T21:57:50
8706,dqn,self,1,0.6125,-0.6500,64,2026-05-31T21:57:54
8707,pool:gen_003,dqn,1,0.4375,-0.7000,64,2026-05-31T21:57:57
8708,dqn,self,1,0.5500,-0.5750,64,2026-05-31T21:58:01
8709,pool:gen_004,dqn,2,0.4875,1.7500,64,2026-05-31T21:58:04
8710,dqn,random,1,0.9625,-0.6375,64,2026-05-31T21:58:06
8711,pool:gen_001,dqn,2,0.2500,1.5750,64,2026-05-31T21:58:09
8712,dqn,pool:gen_006,1,0.7625,-0.5500,64,2026-05-31T21:58:13
8713,self,dqn,2,0.2000,1.6125,64,2026-05-31T21:58:17
8714,dqn,self,1,0.4000,-0.6000,64,2026-05-31T21:58:19
8715,pool:gen_007,dqn,1,0.2375,-0.8625,64,2026-05-31T21:58:22
8716,dqn,self,2,0.4375,1.5000,64,2026-05-31T21:58:25
8717,self,dqn,1,0.4250,-0.6000,64,2026-05-31T21:58:28
8718,dqn,pool:gen_007,1,0.3000,-0.7250,64,2026-05-31T21:58:31
8719,pool:gen_006,dqn,2,0.4125,1.8125,64,2026-05-31T21:58:34
8720,dqn,pool:gen_008,1,0.3625,-0.7875,64,2026-05-31T21:58:36
8721,pool:gen_001,dqn,2,0.3125,1.4875,64,2026-05-31T21:58:39
8722,dqn,random,1,1.6000,-0.4875,64,2026-05-31T21:58:42
8723,self,dqn,1,0.6250,-0.5625,64,2026-05-31T21:58:45
8724,dqn,pool:gen_004,1,0.6250,-0.5375,64,2026-05-31T21:58:48
8725,self,dqn,1,0.8875,-0.4750,64,2026-05-31T21:58:51
8726,dqn,pool:gen_008,1,0.3250,-0.8000,64,2026-05-31T21:58:54
8727,pool:gen_005,dqn,2,0.3625,1.6875,64,2026-05-31T21:58:57
8728,dqn,pool:gen_006,1,0.6625,-0.6750,64,2026-05-31T21:59:00
8729,pool:gen_004,dqn,2,0.4250,1.4500,64,2026-05-31T21:59:04
8730,dqn,self,2,0.4000,1.4750,64,2026-05-31T21:59:06
8731,pool:gen_008,dqn,2,0.3750,1.3375,64,2026-05-31T21:59:09
8732,dqn,pool:gen_007,1,0.5375,-0.6375,64,2026-05-31T21:59:13
8733,pool:gen_007,dqn,2,0.4875,1.5250,64,2026-05-31T21:59:15
8734,dqn,pool:gen_005,1,0.6500,-0.6875,64,2026-05-31T21:59:18
8735,pool:gen_007,dqn,1,0.5875,-0.4125,64,2026-05-31T21:59:22
8736,dqn,pool:gen_004,1,0.6625,-0.5750,64,2026-05-31T21:59:25
8737,self,dqn,2,0.6125,1.6875,64,2026-05-31T21:59:27
8738,dqn,pool:gen_003,2,0.3750,1.5000,64,2026-05-31T21:59:31
8739,self,dqn,1,0.5500,-0.8000,64,2026-05-31T21:59:34
8740,dqn,self,2,0.5500,1.5125,64,2026-05-31T21:59:37
8741,pool:gen_004,dqn,1,0.5125,-0.6000,64,2026-05-31T21:59:40
8742,dqn,random,1,0.6375,-0.7000,64,2026-05-31T21:59:43
8743,self,dqn,1,0.4875,-0.6625,64,2026-05-31T21:59:46
8744,dqn,self,1,0.5500,-0.6250,64,2026-05-31T21:59:49
8745,self,dqn,1,0.4125,-0.6125,64,2026-05-31T21:59:53
8746,dqn,self,2,0.3000,1.6250,64,2026-05-31T21:59:56
8747,random,dqn,2,0.3625,1.7750,64,2026-05-31T21:59:58
8748,dqn,pool:gen_007,2,0.3250,1.4625,64,2026-05-31T22:00:02
8749,heuristic,dqn,2,0.6750,2.1875,64,2026-05-31T22:00:05
8750,dqn,pool:gen_001,1,0.5250,-0.5250,64,2026-05-31T22:00:08
8751,self,dqn,1,0.4125,-0.5875,64,2026-05-31T22:00:11
8752,dqn,self,1,0.5375,-0.7125,64,2026-05-31T22:00:14
8753,self,dqn,1,0.5375,-0.6375,64,2026-05-31T22:00:18
8754,dqn,pool:gen_002,2,0.4250,1.5250,64,2026-05-31T22:00:20
8755,self,dqn,1,0.6500,-0.5875,64,2026-05-31T22:00:24
8756,dqn,pool:gen_005,2,0.3125,1.4250,64,2026-05-31T22:00:27
8757,pool:gen_004,dqn,1,0.4125,-0.6250,64,2026-05-31T22:00:30
8758,dqn,self,2,0.3500,1.4625,64,2026-05-31T22:00:33
8759,self,dqn,2,0.4125,1.4375,64,2026-05-31T22:00:36
8760,dqn,pool:gen_006,2,0.4500,1.4875,64,2026-05-31T22:00:39
8761,pool:gen_006,dqn,1,0.4000,-0.6250,64,2026-05-31T22:00:42
8762,dqn,pool:gen_006,1,0.5500,-0.5125,64,2026-05-31T22:00:46
8763,pool:gen_008,dqn,1,0.5125,-0.6500,64,2026-05-31T22:00:49
8764,dqn,self,1,0.5000,-0.6625,64,2026-05-31T22:00:51
8765,self,dqn,1,0.6625,-0.4625,64,2026-05-31T22:00:54
8766,dqn,self,2,0.5250,1.6875,64,2026-05-31T22:00:58
8767,self,dqn,1,0.4875,-0.5250,64,2026-05-31T22:01:01
8768,dqn,pool:gen_001,1,0.6000,-0.5375,64,2026-05-31T22:01:04
8769,pool:gen_005,dqn,1,0.3375,-0.7000,64,2026-05-31T22:01:07
8770,dqn,pool:gen_005,1,0.3500,-0.7250,64,2026-05-31T22:01:11
8771,self,dqn,1,0.5000,-0.7250,64,2026-05-31T22:01:14
8772,dqn,pool:gen_006,1,0.3750,-0.6375,64,2026-05-31T22:01:17
8773,pool:gen_004,dqn,1,0.6250,-0.7875,64,2026-05-31T22:01:20
8774,dqn,pool:gen_003,2,0.3875,1.7125,64,2026-05-31T22:01:23
8775,pool:gen_006,dqn,2,0.4750,1.5625,64,2026-05-31T22:01:26
8776,dqn,pool:gen_005,1,0.4250,-0.8375,64,2026-05-31T22:01:29
8777,self,dqn,2,0.4375,1.6625,64,2026-05-31T22:01:32
8778,dqn,self,2,0.2625,1.4250,64,2026-05-31T22:01:35
8779,heuristic,dqn,2,0.7500,2.4250,64,2026-05-31T22:01:38
8780,dqn,pool:gen_004,2,0.2625,1.4375,64,2026-05-31T22:01:41
8781,self,dqn,1,0.6500,-0.5125,64,2026-05-31T22:01:44
8782,dqn,pool:gen_007,2,0.2375,1.5125,64,2026-05-31T22:01:47
8783,random,dqn,2,0.3500,1.4875,64,2026-05-31T22:01:50
8784,dqn,pool:gen_006,1,0.6125,-0.4875,64,2026-05-31T22:01:53
8785,pool:gen_004,dqn,1,0.3875,-0.7625,64,2026-05-31T22:01:56
8786,dqn,pool:gen_005,2,0.1750,1.1500,64,2026-05-31T22:01:59
8787,self,dqn,2,0.2375,1.2375,64,2026-05-31T22:02:02
8788,dqn,self,2,0.3875,1.6125,64,2026-05-31T22:02:05
8789,pool:gen_007,dqn,1,0.3625,-0.8000,64,2026-05-31T22:02:09
8790,dqn,self,2,0.4000,1.5875,64,2026-05-31T22:02:11
8791,self,dqn,1,0.5250,-0.5375,64,2026-05-31T22:02:14
8792,dqn,pool:gen_008,2,0.1250,1.6125,64,2026-05-31T22:02:18
8793,heuristic,dqn,2,0.6625,1.8625,64,2026-05-31T22:02:20
8794,dqn,random,1,0.6125,-0.5000,64,2026-05-31T22:02:23
8795,self,dqn,1,0.5375,-0.5625,64,2026-05-31T22:02:26
8796,dqn,pool:gen_005,1,0.3375,-0.7375,64,2026-05-31T22:02:29
8797,self,dqn,2,0.4125,1.6125,64,2026-05-31T22:02:32
8798,dqn,self,2,0.4500,1.4375,64,2026-05-31T22:02:35
8799,self,dqn,2,0.4250,1.5875,64,2026-05-31T22:02:38
8800,dqn,self,2,0.2750,1.5750,64,2026-05-31T22:02:41
8801,pool:gen_007,dqn,1,0.5500,-0.6125,64,2026-05-31T22:12:24
8802,dqn,self,2,0.2750,1.3125,64,2026-05-31T22:12:27
8803,self,dqn,1,0.5125,-0.5625,64,2026-05-31T22:12:30
8804,dqn,self,2,0.3125,1.3125,64,2026-05-31T22:12:33
8805,self,dqn,1,0.5500,-0.6000,64,2026-05-31T22:12:37
8806,dqn,pool:gen_005,1,0.3625,-0.7250,64,2026-05-31T22:12:40
8807,self,dqn,2,0.4000,1.3875,64,2026-05-31T22:12:43
8808,dqn,self,2,0.3000,1.3375,64,2026-05-31T22:12:46
8809,pool:gen_007,dqn,1,0.8250,-0.8375,64,2026-05-31T22:12:49
8810,dqn,pool:gen_002,2,0.2375,1.4250,64,2026-05-31T22:12:52
8811,self,dqn,2,0.5625,1.8875,64,2026-05-31T22:12:55
8812,dqn,pool:gen_004,1,0.5625,-0.4625,64,2026-05-31T22:12:58
8813,self,dqn,1,0.4625,-0.7375,64,2026-05-31T22:13:01
8814,dqn,self,1,0.5625,-0.6750,64,2026-05-31T22:13:04
8815,self,dqn,2,0.3125,1.3500,64,2026-05-31T22:13:07
8816,dqn,pool:gen_006,2,0.3125,1.3375,64,2026-05-31T22:13:10
8817,self,dqn,2,0.2875,1.5875,64,2026-05-31T22:13:13
8818,dqn,pool:gen_002,1,0.3000,-0.7375,64,2026-05-31T22:13:16
8819,self,dqn,1,0.5375,-0.7500,64,2026-05-31T22:13:19
8820,dqn,self,2,0.6750,1.6375,64,2026-05-31T22:13:22
8821,self,dqn,2,0.5000,1.5500,64,2026-05-31T22:13:26
8822,dqn,pool:gen_007,2,0.3125,1.5125,64,2026-05-31T22:13:29
8823,heuristic,dqn,2,0.7000,1.9625,64,2026-05-31T22:13:31
8824,dqn,pool:gen_002,2,0.2250,1.3000,64,2026-05-31T22:13:35
8825,self,dqn,2,0.2500,1.5125,64,2026-05-31T22:13:38
8826,dqn,random,1,0.7750,-0.4250,64,2026-05-31T22:13:41
8827,self,dqn,2,0.2625,1.3375,64,2026-05-31T22:13:44
8828,dqn,self,2,0.2000,1.3875,64,2026-05-31T22:13:47
8829,heuristic,dqn,2,0.6125,2.1750,64,2026-05-31T22:13:50
8830,dqn,pool:gen_001,1,0.5375,-0.6375,64,2026-05-31T22:13:52
8831,self,dqn,1,0.3500,-0.7000,64,2026-05-31T22:13:56
8832,dqn,self,2,0.5500,1.6875,64,2026-05-31T22:13:59
8833,random,dqn,2,0.5250,1.8875,64,2026-05-31T22:14:01
8834,dqn,random,1,0.8000,-0.7375,64,2026-05-31T22:14:04
8835,self,dqn,1,0.2750,-0.7625,64,2026-05-31T22:14:08
8836,dqn,pool:gen_007,2,0.2750,1.4500,64,2026-05-31T22:14:11
8837,self,dqn,1,0.3625,-0.6750,64,2026-05-31T22:14:14
8838,dqn,pool:gen_007,2,0.2250,1.4250,64,2026-05-31T22:14:17
8839,random,dqn,2,0.2750,1.8000,64,2026-05-31T22:14:19
8840,dqn,self,2,0.2875,1.3500,64,2026-05-31T22:14:22
8841,pool:gen_007,dqn,1,0.6250,-0.8125,64,2026-05-31T22:14:26
8842,dqn,self,2,0.5125,1.5875,64,2026-05-31T22:14:29
8843,pool:gen_008,dqn,1,0.4125,-0.6375,64,2026-05-31T22:14:31
8844,dqn,random,1,1.2250,-0.6125,64,2026-05-31T22:14:34
8845,pool:gen_007,dqn,1,0.3625,-0.6750,64,2026-05-31T22:14:37
8846,dqn,pool:gen_007,1,0.2750,-0.7625,64,2026-05-31T22:14:40
8847,self,dqn,2,0.3625,1.4500,64,2026-05-31T22:14:43
8848,dqn,self,1,0.5750,-0.4750,64,2026-05-31T22:14:46
8849,self,dqn,1,0.4000,-0.7125,64,2026-05-31T22:14:50
8850,dqn,random,1,0.5375,-0.6375,64,2026-05-31T22:14:53
8851,self,dqn,2,0.3375,1.3625,64,2026-05-31T22:14:55
8852,dqn,self,2,0.3875,1.4750,64,2026-05-31T22:14:59
8853,self,dqn,2,0.3500,1.3875,64,2026-05-31T22:15:02
8854,dqn,self,2,0.3625,1.3750,64,2026-05-31T22:15:05
8855,self,dqn,1,0.5000,-0.6500,64,2026-05-31T22:15:08
8856,dqn,self,2,0.3875,1.4875,64,2026-05-31T22:15:11
8857,self,dqn,2,0.4000,1.4625,64,2026-05-31T22:15:14
8858,dqn,self,1,0.3250,-0.8500,64,2026-05-31T22:15:17
8859,pool:gen_007,dqn,1,0.7000,-0.5000,64,2026-05-31T22:15:20
8860,dqn,pool:gen_006,1,0.6375,-0.6000,64,2026-05-31T22:15:23
8861,pool:gen_006,dqn,1,0.5375,-0.5750,64,2026-05-31T22:15:26
8862,dqn,self,1,0.3750,-0.7125,64,2026-05-31T22:15:29
8863,pool:gen_004,dqn,1,0.5250,-0.6000,64,2026-05-31T22:15:33
8864,dqn,pool:gen_005,2,0.3625,1.3750,64,2026-05-31T22:15:35
8865,pool:gen_006,dqn,1,0.5250,-0.6125,64,2026-05-31T22:15:39
8866,dqn,self,2,0.4250,1.7750,64,2026-05-31T22:15:42
8867,pool:gen_007,dqn,1,0.6750,-0.5625,64,2026-05-31T22:15:45
8868,dqn,self,1,0.3625,-0.6750,64,2026-05-31T22:15:48
8869,pool:gen_005,dqn,2,0.3375,1.5375,64,2026-05-31T22:15:51
8870,dqn,pool:gen_008,2,0.1875,1.3875,64,2026-05-31T22:15:54
8871,self,dqn,1,0.3875,-0.6875,64,2026-05-31T22:15:57
8872,dqn,self,1,0.5625,-0.5250,64,2026-05-31T22:16:00
8873,pool:gen_006,dqn,1,0.3875,-0.7750,64,2026-05-31T22:16:03
8874,dqn,self,2,0.2375,1.5500,64,2026-05-31T22:16:07
8875,self,dqn,2,0.3625,1.7250,64,2026-05-31T22:16:10
8876,dqn,pool:gen_004,2,0.4125,1.4625,64,2026-05-31T22:16:13
8877,heuristic,dqn,2,0.6250,1.5250,64,2026-05-31T22:16:16
8878,dqn,self,1,0.6375,-0.6250,64,2026-05-31T22:16:19
8879,pool:gen_006,dqn,2,0.3625,1.3875,64,2026-05-31T22:16:22
8880,dqn,self,1,0.3000,-0.7125,64,2026-05-31T22:16:25
8881,pool:gen_008,dqn,1,0.6125,-0.4875,64,2026-05-31T22:16:28
8882,dqn,self,2,0.4500,1.5625,64,2026-05-31T22:16:31
8883,self,dqn,1,0.3500,-0.6750,64,2026-05-31T22:16:34
8884,dqn,pool:gen_008,2,0.2000,1.4000,64,2026-05-31T22:16:37
8885,self,dqn,2,0.4125,1.6375,64,2026-05-31T22:16:40
8886,dqn,self,2,0.3625,1.5500,64,2026-05-31T22:16:43
8887,pool:gen_006,dqn,2,0.2625,1.3125,64,2026-05-31T22:16:46
8888,dqn,self,1,0.4750,-0.6625,64,2026-05-31T22:16:49
8889,pool:gen_006,dqn,2,0.4000,1.3750,64,2026-05-31T22:16:52
8890,dqn,self,2,0.5375,1.7750,64,2026-05-31T22:16:55
8891,self,dqn,2,0.5875,1.6250,64,2026-05-31T22:16:58
8892,dqn,pool:gen_005,1,0.4375,-0.5750,64,2026-05-31T22:17:02
8893,pool:gen_006,dqn,2,0.3875,1.4375,64,2026-05-31T22:17:05
8894,dqn,self,2,0.3250,1.4375,64,2026-05-31T22:17:07
8895,self,dqn,1,0.7250,-0.6750,64,2026-05-31T22:17:11
8896,dqn,pool:gen_005,1,0.6500,-0.6125,64,2026-05-31T22:17:14
8897,self,dqn,1,0.7125,-0.4000,64,2026-05-31T22:17:17
8898,dqn,pool:gen_001,1,0.5750,-0.5625,64,2026-05-31T22:17:20
8899,pool:gen_004,dqn,1,0.6875,-0.7500,64,2026-05-31T22:17:23
8900,dqn,pool:gen_005,1,0.6500,-0.5625,64,2026-05-31T22:17:26
8901,self,dqn,2,0.4000,1.3750,64,2026-06-01T03:28:10
8902,dqn,self,1,0.4750,-0.5500,64,2026-06-01T03:28:12
8903,pool:gen_004,dqn,1,0.5500,-0.8250,64,2026-06-01T03:28:15
8904,dqn,random,1,0.5875,-0.7875,64,2026-06-01T03:28:17
8905,heuristic,dqn,2,0.3625,1.7375,64,2026-06-01T03:28:19
8906,dqn,self,1,0.5250,-0.4750,64,2026-06-01T03:28:22
8907,pool:gen_007,dqn,1,0.7125,-0.7000,64,2026-06-01T03:28:25
8908,dqn,random,1,0.7125,-0.6000,64,2026-06-01T03:28:27
8909,pool:gen_004,dqn,1,0.5250,-0.6750,64,2026-06-01T03:28:29
8910,dqn,self,2,0.2500,1.5375,64,2026-06-01T03:28:31
8911,pool:gen_006,dqn,2,0.2625,1.4375,64,2026-06-01T03:28:33
8912,dqn,self,2,0.4375,1.6375,64,2026-06-01T03:28:35
8913,self,dqn,1,0.6750,-0.6500,64,2026-06-01T03:28:38
8914,dqn,self,2,0.3500,1.4125,64,2026-06-01T03:28:40
8915,pool:gen_007,dqn,1,0.8750,-0.5000,64,2026-06-01T03:28:42
8916,dqn,pool:gen_006,1,0.4500,-0.7625,64,2026-06-01T03:28:45
8917,pool:gen_008,dqn,1,0.7500,-0.6000,64,2026-06-01T03:28:48
8918,dqn,pool:gen_008,2,0.3125,1.6875,64,2026-06-01T03:28:51
8919,self,dqn,1,0.6000,-0.7250,64,2026-06-01T03:28:53
8920,dqn,self,2,0.2875,1.2750,64,2026-06-01T03:28:56
8921,heuristic,dqn,2,0.7000,2.0750,64,2026-06-01T03:28:57
8922,dqn,random,1,1.4250,-0.4750,64,2026-06-01T03:29:00
8923,pool:gen_007,dqn,2,0.5500,1.8875,64,2026-06-01T03:29:02
8924,dqn,self,2,0.4000,1.4500,64,2026-06-01T03:29:04
8925,pool:gen_006,dqn,2,0.4125,1.5875,64,2026-06-01T03:29:06
8926,dqn,pool:gen_004,2,0.3250,1.6625,64,2026-06-01T03:29:08
8927,pool:gen_005,dqn,2,0.4875,1.8750,64,2026-06-01T03:29:11
8928,dqn,pool:gen_007,1,0.7500,-0.3875,64,2026-06-01T03:29:13
8929,self,dqn,1,0.7375,-0.5750,64,2026-06-01T03:29:15
8930,dqn,self,1,0.7375,-0.4625,64,2026-06-01T03:29:17
8931,self,dqn,1,0.7625,-0.5125,64,2026-06-01T03:29:20
8932,dqn,pool:gen_008,1,0.4500,-0.5625,64,2026-06-01T03:29:22
8933,random,dqn,2,0.6875,2.0875,64,2026-06-01T03:29:24
8934,dqn,pool:gen_007,2,0.5000,1.5625,64,2026-06-01T03:29:26
8935,self,dqn,2,0.4875,1.5625,64,2026-06-01T03:29:29
8936,dqn,heuristic,1,0.9625,-0.5250,64,2026-06-01T03:29:31
8937,heuristic,dqn,2,0.6000,1.7250,64,2026-06-01T03:29:33
8938,dqn,self,1,0.5125,-0.8125,64,2026-06-01T03:29:35
8939,pool:gen_004,dqn,1,0.6000,-0.4625,64,2026-06-01T03:29:37
8940,dqn,pool:gen_007,2,0.5750,1.5750,64,2026-06-01T03:29:40
8941,random,dqn,2,0.3000,1.8125,64,2026-06-01T03:29:41
8942,dqn,pool:gen_005,1,0.9500,-0.3250,64,2026-06-01T03:29:44
8943,pool:gen_005,dqn,2,0.6500,1.7250,64,2026-06-01T03:29:46
8944,dqn,self,2,0.3500,1.4625,64,2026-06-01T03:29:48
8945,heuristic,dqn,2,0.5250,2.0000,64,2026-06-01T03:29:50
8946,dqn,pool:gen_008,2,0.4250,1.6000,64,2026-06-01T03:29:52
8947,self,dqn,1,0.5750,-0.5625,64,2026-06-01T03:29:54
8948,dqn,pool:gen_007,2,0.5125,1.8500,64,2026-06-01T03:29:56
8949,self,dqn,1,0.4125,-0.6375,64,2026-06-01T03:29:58
8950,dqn,pool:gen_008,2,0.4875,1.5250,64,2026-06-01T03:30:00
8951,self,dqn,2,0.3875,1.4625,64,2026-06-01T03:30:02
8952,dqn,self,1,0.5250,-0.5500,64,2026-06-01T03:30:04
8953,self,dqn,2,0.3000,1.2750,64,2026-06-01T03:30:07
8954,dqn,self,2,0.3875,1.4750,64,2026-06-01T03:30:10
8955,pool:gen_007,dqn,1,0.7875,-0.4875,64,2026-06-01T03:30:12
8956,dqn,self,1,0.4750,-0.5500,64,2026-06-01T03:30:14
8957,self,dqn,1,0.5625,-0.6000,64,2026-06-01T03:30:17
8958,dqn,pool:gen_008,1,0.4750,-0.7375,64,2026-06-01T03:30:19
8959,self,dqn,1,0.5000,-0.6375,64,2026-06-01T03:30:21
8960,dqn,random,1,0.7625,-0.6625,64,2026-06-01T03:30:23
8961,pool:gen_008,dqn,1,0.5500,-0.6375,64,2026-06-01T03:30:25
8962,dqn,self,1,0.4500,-0.6625,64,2026-06-01T03:30:27
8963,pool:gen_007,dqn,1,0.7375,-0.4625,64,2026-06-01T03:30:30
8964,dqn,random,1,1.0500,-0.6250,64,2026-06-01T03:30:32
8965,pool:gen_006,dqn,2,0.5000,1.7500,64,2026-06-01T03:30:34
8966,dqn,self,2,0.3500,1.4750,64,2026-06-01T03:30:36
8967,random,dqn,2,0.3250,1.8375,64,2026-06-01T03:30:38
8968,dqn,pool:gen_002,1,0.3875,-0.7750,64,2026-06-01T03:30:40
8969,self,dqn,1,0.6625,-0.5750,64,2026-06-01T03:30:43
8970,dqn,pool:gen_006,1,1.0875,-0.5875,64,2026-06-01T03:30:45
8971,self,dqn,2,0.3000,1.4250,64,2026-06-01T03:30:47
8972,dqn,self,2,0.3500,1.6250,64,2026-06-01T03:30:49
8973,self,dqn,1,0.5000,-0.6500,64,2026-06-01T03:30:52
8974,dqn,self,2,0.4625,1.5250,64,2026-06-01T03:30:54
8975,random,dqn,2,0.5625,1.7750,64,2026-06-01T03:30:56
8976,dqn,pool:gen_002,2,0.3375,1.4000,64,2026-06-01T03:30:58
8977,pool:gen_004,dqn,2,0.5125,1.5750,64,2026-06-01T03:31:00
8978,dqn,pool:gen_004,2,0.4250,1.4500,64,2026-06-01T03:31:02
8979,pool:gen_007,dqn,1,0.7000,-0.4625,64,2026-06-01T03:31:05
8980,dqn,self,1,0.5125,-0.6875,64,2026-06-01T03:31:06
8981,self,dqn,2,0.3500,1.4000,64,2026-06-01T03:31:08
8982,dqn,pool:gen_007,2,0.4375,1.5875,64,2026-06-01T03:31:11
8983,pool:gen_006,dqn,2,0.5875,1.9500,64,2026-06-01T03:31:13
8984,dqn,self,2,0.4125,1.5000,64,2026-06-01T03:31:15
8985,self,dqn,2,0.2625,1.3000,64,2026-06-01T03:31:17
8986,dqn,pool:gen_006,1,1.0750,-0.4625,64,2026-06-01T03:31:19
8987,self,dqn,2,0.4125,1.4875,64,2026-06-01T03:31:21
8988,dqn,random,1,1.2250,-0.7625,64,2026-06-01T03:31:24
8989,pool:gen_005,dqn,2,0.3875,1.7625,64,2026-06-01T03:31:26
8990,dqn,pool:gen_007,1,0.5125,-0.5500,64,2026-06-01T03:31:28
8991,self,dqn,2,0.3375,1.3625,64,2026-06-01T03:31:30
8992,dqn,self,2,0.5000,1.8875,64,2026-06-01T03:31:34
8993,self,dqn,1,0.7375,-0.4625,64,2026-06-01T03:31:37
8994,dqn,self,1,0.6250,-0.4750,64,2026-06-01T03:31:39
8995,self,dqn,1,0.5500,-0.6625,64,2026-06-01T03:31:41
8996,dqn,pool:gen_005,1,0.8000,-0.5250,64,2026-06-01T03:31:43
8997,pool:gen_007,dqn,2,0.4375,1.6125,64,2026-06-01T03:31:46
8998,dqn,pool:gen_007,1,0.6000,-0.7000,64,2026-06-01T03:31:49
8999,self,dqn,1,0.6750,-0.7375,64,2026-06-01T03:31:51
9000,dqn,self,1,0.4750,-0.6125,64,2026-06-01T03:31:56
9001,self,dqn,1,0.5125,-0.6250,64,2026-06-01T03:42:31
9002,dqn,pool:gen_009,2,0.3125,1.3500,64,2026-06-01T03:42:34
9003,self,dqn,2,0.2250,1.4375,64,2026-06-01T03:42:37
9004,dqn,self,2,0.4500,1.6125,64,2026-06-01T03:42:40
9005,heuristic,dqn,2,0.2750,1.7000,64,2026-06-01T03:42:43
9006,dqn,random,1,0.8875,-0.7625,64,2026-06-01T03:42:45
9007,pool:gen_002,dqn,2,0.3375,1.4250,64,2026-06-01T03:42:48
9008,dqn,self,1,0.6750,-0.5875,64,2026-06-01T03:42:51
9009,self,dqn,2,0.4500,1.4375,64,2026-06-01T03:42:54
9010,dqn,self,2,0.3250,1.3375,64,2026-06-01T03:42:57
9011,pool:gen_009,dqn,1,0.4750,-0.6250,64,2026-06-01T03:43:00
9012,dqn,pool:gen_008,2,0.4500,1.5750,64,2026-06-01T03:43:02
9013,self,dqn,1,0.3250,-0.7500,64,2026-06-01T03:43:05
9014,dqn,random,1,0.7250,-0.5875,64,2026-06-01T03:43:08
9015,pool:gen_006,dqn,1,0.5250,-0.6500,64,2026-06-01T03:43:11
9016,dqn,self,1,0.4750,-0.6250,64,2026-06-01T03:43:14
9017,heuristic,dqn,2,0.7125,2.0500,64,2026-06-01T03:43:17
9018,dqn,pool:gen_006,2,0.4250,1.6750,64,2026-06-01T03:43:20
9019,self,dqn,2,0.3750,1.4875,64,2026-06-01T03:43:22
9020,dqn,self,1,0.3750,-0.7875,64,2026-06-01T03:43:24
9021,self,dqn,1,0.5125,-0.5250,64,2026-06-01T03:43:27
9022,dqn,pool:gen_008,1,0.4250,-0.6875,64,2026-06-01T03:43:29
9023,heuristic,dqn,2,0.6250,2.2750,64,2026-06-01T03:43:31
9024,dqn,self,2,0.6000,1.6500,64,2026-06-01T03:43:34
9025,heuristic,dqn,2,0.6625,1.9875,64,2026-06-01T03:43:36
9026,dqn,pool:gen_003,1,0.4875,-0.5750,64,2026-06-01T03:43:38
9027,pool:gen_008,dqn,1,0.5000,-0.5375,64,2026-06-01T03:43:41
9028,dqn,self,2,0.3750,1.4125,64,2026-06-01T03:43:43
9029,pool:gen_006,dqn,2,0.6750,1.7250,64,2026-06-01T03:43:46
9030,dqn,self,1,0.4125,-0.8375,64,2026-06-01T03:43:48
9031,heuristic,dqn,2,0.7750,1.8000,64,2026-06-01T03:43:50
9032,dqn,pool:gen_006,1,0.6000,-0.4750,64,2026-06-01T03:43:53
9033,pool:gen_008,dqn,2,0.5250,1.6125,64,2026-06-01T03:43:55
9034,dqn,self,2,0.4875,1.6000,64,2026-06-01T03:43:57
9035,self,dqn,1,0.4000,-0.8000,64,2026-06-01T03:43:59
9036,dqn,pool:gen_007,2,0.6125,1.7125,64,2026-06-01T03:44:02
9037,self,dqn,2,0.3375,1.4875,64,2026-06-01T03:44:04
9038,dqn,pool:gen_006,1,0.6750,-0.5625,64,2026-06-01T03:44:07
9039,pool:gen_001,dqn,2,0.2500,1.5250,64,2026-06-01T03:44:09
9040,dqn,pool:gen_006,1,0.5750,-0.4625,64,2026-06-01T03:44:11
9041,self,dqn,2,0.6125,1.6625,64,2026-06-01T03:44:14
9042,dqn,self,2,0.1875,1.4500,64,2026-06-01T03:44:16
9043,pool:gen_008,dqn,1,0.5375,-0.6875,64,2026-06-01T03:44:18
9044,dqn,self,1,0.4250,-0.7125,64,2026-06-01T03:44:20
9045,pool:gen_008,dqn,1,0.5875,-0.6500,64,2026-06-01T03:44:23
9046,dqn,pool:gen_009,1,0.3875,-0.7250,64,2026-06-01T03:44:25
9047,random,dqn,2,0.2250,1.9750,64,2026-06-01T03:44:27
9048,dqn,pool:gen_007,1,0.4750,-0.5875,64,2026-06-01T03:44:29
9049,self,dqn,1,0.6500,-0.5250,64,2026-06-01T03:44:32
9050,dqn,self,1,0.6500,-0.5250,64,2026-06-01T03:44:34
9051,self,dqn,1,0.3875,-0.6625,64,2026-06-01T03:44:36
9052,dqn,self,1,0.6125,-0.7125,64,2026-06-01T03:44:39
9053,self,dqn,1,0.4875,-0.6750,64,2026-06-01T03:44:41
9054,dqn,pool:gen_008,1,0.3125,-0.7500,64,2026-06-01T03:44:43
9055,random,dqn,2,0.4625,2.1625,64,2026-06-01T03:44:45
9056,dqn,pool:gen_007,2,0.3000,1.5875,64,2026-06-01T03:44:48
9057,self,dqn,2,0.6125,1.6875,64,2026-06-01T03:44:50
9058,dqn,self,2,0.4000,1.5000,64,2026-06-01T03:44:52
9059,pool:gen_004,dqn,2,0.5250,1.6000,64,2026-06-01T03:44:55
9060,dqn,heuristic,1,1.1000,-0.1625,64,2026-06-01T03:44:56
9061,pool:gen_009,dqn,2,0.2750,1.7875,64,2026-06-01T03:44:59
9062,dqn,pool:gen_009,1,0.8625,-0.7250,64,2026-06-01T03:45:01
9063,pool:gen_007,dqn,2,0.4250,1.4375,64,2026-06-01T03:45:03
9064,dqn,self,1,0.7250,-0.5250,64,2026-06-01T03:45:06
9065,self,dqn,2,0.3875,1.5125,64,2026-06-01T03:45:08
9066,dqn,random,1,0.7875,-0.7625,64,2026-06-01T03:45:11
9067,self,dqn,1,0.5000,-0.5000,64,2026-06-01T03:45:13
9068,dqn,pool:gen_009,1,0.6625,-0.6250,64,2026-06-01T03:45:15
9069,pool:gen_008,dqn,1,0.5250,-0.6875,64,2026-06-01T03:45:17
9070,dqn,self,1,0.3750,-0.6750,64,2026-06-01T03:45:20
9071,self,dqn,1,0.5250,-0.6125,64,2026-06-01T03:45:22
9072,dqn,self,1,0.5375,-0.6875,64,2026-06-01T03:45:24
9073,pool:gen_006,dqn,2,0.5125,1.7875,64,2026-06-01T03:45:27
9074,dqn,pool:gen_008,2,0.2750,1.3500,64,2026-06-01T03:45:29
9075,self,dqn,1,0.6875,-0.6375,64,2026-06-01T03:45:31
9076,dqn,pool:gen_006,1,0.9375,-0.4500,64,2026-06-01T03:45:33
9077,pool:gen_007,dqn,1,0.5375,-0.6500,64,2026-06-01T03:45:36
9078,dqn,self,2,0.4375,1.4750,64,2026-06-01T03:45:38
9079,pool:gen_008,dqn,1,0.3750,-0.8125,64,2026-06-01T03:45:40
9080,dqn,self,2,0.4375,1.5250,64,2026-06-01T03:45:42
9081,self,dqn,1,0.7500,-0.4250,64,2026-06-01T03:45:45
9082,dqn,self,2,0.6250,1.7375,64,2026-06-01T03:45:48
9083,self,dqn,1,0.6875,-0.7125,64,2026-06-01T03:45:50
9084,dqn,pool:gen_009,1,0.6125,-0.6875,64,2026-06-01T03:45:53
9085,pool:gen_005,dqn,2,0.3750,1.8000,64,2026-06-01T03:45:55
9086,dqn,self,2,0.2875,1.4375,64,2026-06-01T03:45:57
9087,pool:gen_007,dqn,1,0.4250,-0.7625,64,2026-06-01T03:46:00
9088,dqn,pool:gen_005,1,0.7625,-0.6250,64,2026-06-01T03:46:02
9089,pool:gen_009,dqn,2,0.4625,1.4875,64,2026-06-01T03:46:04
9090,dqn,pool:gen_008,2,0.2250,1.4250,64,2026-06-01T03:46:06
9091,pool:gen_007,dqn,1,0.3875,-0.7375,64,2026-06-01T03:46:09
9092,dqn,self,2,0.5750,1.5625,64,2026-06-01T03:46:11
9093,pool:gen_008,dqn,2,0.3250,1.3500,64,2026-06-01T03:46:13
9094,dqn,pool:gen_006,1,0.7875,-0.3000,64,2026-06-01T03:46:16
9095,self,dqn,1,0.5000,-0.7375,64,2026-06-01T03:46:18
9096,dqn,heuristic,1,1.5750,-0.1375,64,2026-06-01T03:46:20
9097,pool:gen_006,dqn,2,0.7000,1.7000,64,2026-06-01T03:46:22
9098,dqn,pool:gen_006,1,0.8250,-0.2750,64,2026-06-01T03:46:25
9099,heuristic,dqn,2,1.0750,2.9125,64,2026-06-01T03:46:27
9100,dqn,self,2,0.4500,1.4875,64,2026-06-01T03:46:29
9101,self,dqn,1,0.4625,-0.7250,64,2026-06-01T03:57:43
9102,dqn,self,1,0.3500,-0.6750,64,2026-06-01T03:57:48
9103,self,dqn,1,0.6500,-0.5125,64,2026-06-01T03:57:51
9104,dqn,pool:gen_005,1,0.7125,-0.5750,64,2026-06-01T03:57:54
9105,random,dqn,2,0.3000,2.0000,64,2026-06-01T03:57:57
9106,dqn,pool:gen_008,2,0.2625,1.4625,64,2026-06-01T03:57:59
9107,self,dqn,1,0.5000,-0.7125,64,2026-06-01T03:58:02
9108,dqn,self,1,0.3500,-0.7625,64,2026-06-01T03:58:04
9109,random,dqn,2,0.5875,1.9000,64,2026-06-01T03:58:06
9110,dqn,self,2,0.3500,1.4375,64,2026-06-01T03:58:10
9111,random,dqn,2,0.3875,1.9625,64,2026-06-01T03:58:14
9112,dqn,pool:gen_009,1,0.7750,-0.7375,64,2026-06-01T03:58:16
9113,pool:gen_006,dqn,2,0.5750,1.6250,64,2026-06-01T03:58:18
9114,dqn,random,1,1.1375,-0.5250,64,2026-06-01T03:58:20
9115,pool:gen_009,dqn,2,0.3750,1.8000,64,2026-06-01T03:58:22
9116,dqn,pool:gen_006,1,0.6625,-0.6125,64,2026-06-01T03:58:24
9117,pool:gen_005,dqn,2,0.3625,1.8500,64,2026-06-01T03:58:26
9118,dqn,self,1,0.4250,-0.7375,64,2026-06-01T03:58:28
9119,pool:gen_002,dqn,1,0.5125,-0.6375,64,2026-06-01T03:58:30
9120,dqn,pool:gen_007,2,0.3625,1.3750,64,2026-06-01T03:58:32
9121,pool:gen_007,dqn,1,0.3750,-0.7375,64,2026-06-01T03:58:34
9122,dqn,pool:gen_002,1,0.4000,-0.6750,64,2026-06-01T03:58:36
9123,pool:gen_006,dqn,2,0.4875,1.4625,64,2026-06-01T03:58:38
9124,dqn,self,1,0.4750,-0.5625,64,2026-06-01T03:58:39
9125,pool:gen_009,dqn,2,0.3875,1.6750,64,2026-06-01T03:58:42
9126,dqn,pool:gen_006,1,0.6750,-0.5125,64,2026-06-01T03:58:44
9127,pool:gen_008,dqn,1,0.5000,-0.5875,64,2026-06-01T03:58:46
9128,dqn,self,1,0.4750,-0.6625,64,2026-06-01T03:58:48
9129,pool:gen_003,dqn,1,0.5250,-0.8125,64,2026-06-01T03:58:50
9130,dqn,self,1,0.3875,-0.8125,64,2026-06-01T03:58:52
9131,pool:gen_006,dqn,2,0.5250,1.6625,64,2026-06-01T03:58:54
9132,dqn,pool:gen_002,1,0.4500,-0.6375,64,2026-06-01T03:58:57
9133,pool:gen_001,dqn,1,0.3625,-0.6500,64,2026-06-01T03:58:59
9134,dqn,pool:gen_007,2,0.2125,1.5250,64,2026-06-01T03:59:01
9135,self,dqn,2,0.4875,1.5625,64,2026-06-01T03:59:03
9136,dqn,pool:gen_005,1,0.5625,-0.8000,64,2026-06-01T03:59:05
9137,pool:gen_003,dqn,1,0.4125,-0.7250,64,2026-06-01T03:59:07
9138,dqn,self,2,0.3000,1.3875,64,2026-06-01T03:59:10
9139,pool:gen_006,dqn,2,0.5625,1.6000,64,2026-06-01T03:59:12
9140,dqn,pool:gen_008,1,0.5375,-0.5875,64,2026-06-01T03:59:14
9141,pool:gen_008,dqn,2,0.3000,1.4625,64,2026-06-01T03:59:15
9142,dqn,self,1,0.5000,-0.5500,64,2026-06-01T03:59:17
9143,self,dqn,1,0.5000,-0.6875,64,2026-06-01T03:59:20
9144,dqn,self,1,0.2625,-0.7500,64,2026-06-01T03:59:22
9145,self,dqn,1,0.7125,-0.7000,64,2026-06-01T03:59:24
9146,dqn,pool:gen_009,1,0.5500,-0.6500,64,2026-06-01T03:59:26
9147,self,dqn,1,0.6375,-0.6750,64,2026-06-01T03:59:28
9148,dqn,self,1,0.8125,-0.6250,64,2026-06-01T03:59:30
9149,heuristic,dqn,2,0.8750,2.5750,64,2026-06-01T03:59:32
9150,dqn,self,1,0.8500,-0.4875,64,2026-06-01T03:59:34
9151,random,dqn,2,0.4750,1.9625,64,2026-06-01T03:59:36
9152,dqn,self,1,0.4875,-0.5375,64,2026-06-01T03:59:38
9153,self,dqn,1,0.9500,-0.4750,64,2026-06-01T03:59:40
9154,dqn,self,2,0.4125,1.5375,64,2026-06-01T03:59:42
9155,pool:gen_006,dqn,1,0.5500,-0.5750,64,2026-06-01T03:59:44
9156,dqn,pool:gen_009,1,0.4000,-0.7125,64,2026-06-01T03:59:46
9157,pool:gen_006,dqn,1,0.4375,-0.6500,64,2026-06-01T03:59:48
9158,dqn,pool:gen_009,1,0.5625,-0.6500,64,2026-06-01T03:59:50
9159,heuristic,dqn,2,0.8375,2.3500,64,2026-06-01T03:59:52
9160,dqn,random,1,0.8625,-0.8500,64,2026-06-01T03:59:54
9161,pool:gen_008,dqn,1,0.4750,-0.5875,64,2026-06-01T03:59:56
9162,dqn,self,2,0.2875,1.3375,64,2026-06-01T03:59:58
9163,self,dqn,1,0.4750,-0.8000,64,2026-06-01T04:00:00
9164,dqn,random,1,0.8375,-0.4125,64,2026-06-01T04:00:02
9165,heuristic,dqn,2,0.5000,2.2250,64,2026-06-01T04:00:04
9166,dqn,pool:gen_009,1,0.4125,-0.6125,64,2026-06-01T04:00:06
9167,self,dqn,1,0.6125,-0.8125,64,2026-06-01T04:00:08
9168,dqn,self,2,0.2500,1.5750,64,2026-06-01T04:00:10
9169,self,dqn,2,0.3250,1.3875,64,2026-06-01T04:00:13
9170,dqn,self,2,0.2625,1.3500,64,2026-06-01T04:00:15
9171,pool:gen_006,dqn,1,0.4625,-0.6000,64,2026-06-01T04:00:17
9172,dqn,pool:gen_007,2,0.1750,1.5250,64,2026-06-01T04:00:19
9173,pool:gen_002,dqn,1,0.4625,-0.9000,64,2026-06-01T04:00:21
9174,dqn,pool:gen_007,2,0.2500,1.6125,64,2026-06-01T04:00:23
9175,self,dqn,1,0.6750,-0.7625,64,2026-06-01T04:00:25
9176,dqn,pool:gen_005,1,0.5625,-0.6500,64,2026-06-01T04:00:27
9177,self,dqn,1,0.2750,-0.7625,64,2026-06-01T04:00:29
9178,dqn,self,1,0.4375,-0.6500,64,2026-06-01T04:00:31
9179,self,dqn,2,0.3875,1.5500,64,2026-06-01T04:00:33
9180,dqn,self,1,0.5875,-0.5500,64,2026-06-01T04:00:35
9181,self,dqn,1,0.8500,-0.6750,64,2026-06-01T04:00:38
9182,dqn,pool:gen_009,2,0.4875,1.5000,64,2026-06-01T04:00:39
9183,self,dqn,2,0.3750,1.3875,64,2026-06-01T04:00:42
9184,dqn,self,1,0.6000,-0.4750,64,2026-06-01T04:00:43
9185,self,dqn,2,0.3125,1.5375,64,2026-06-01T04:00:46
9186,dqn,pool:gen_007,2,0.3000,1.4500,64,2026-06-01T04:00:48
9187,pool:gen_002,dqn,1,0.4875,-0.8000,64,2026-06-01T04:00:50
9188,dqn,self,1,0.7250,-0.4500,64,2026-06-01T04:00:52
9189,self,dqn,1,0.5875,-0.7500,64,2026-06-01T04:00:55
9190,dqn,pool:gen_006,1,0.3750,-0.7250,64,2026-06-01T04:00:58
9191,random,dqn,2,0.2875,1.6875,64,2026-06-01T04:01:00
9192,dqn,pool:gen_007,2,0.3625,1.6125,64,2026-06-01T04:01:02
9193,random,dqn,2,0.3500,1.8500,64,2026-06-01T04:01:04
9194,dqn,pool:gen_001,2,0.6125,1.6625,64,2026-06-01T04:01:07
9195,pool:gen_005,dqn,2,0.2875,1.7250,64,2026-06-01T04:01:09
9196,dqn,pool:gen_006,1,0.6750,-0.5500,64,2026-06-01T04:01:11
9197,pool:gen_008,dqn,1,0.7125,-0.4625,64,2026-06-01T04:01:13
9198,dqn,self,1,0.4250,-0.5875,64,2026-06-01T04:01:15
9199,pool:gen_007,dqn,1,0.8375,-0.7000,64,2026-06-01T04:01:17
9200,dqn,heuristic,1,1.2875,-0.1875,64,2026-06-01T04:01:19
9201,pool:gen_005,dqn,2,0.3625,1.6375,64,2026-06-01T04:09:38
9202,dqn,self,2,0.3375,1.6250,64,2026-06-01T04:09:41
9203,pool:gen_002,dqn,1,0.6375,-0.7000,64,2026-06-01T04:09:43
9204,dqn,self,2,0.3625,1.3500,64,2026-06-01T04:09:45
9205,pool:gen_008,dqn,1,0.5875,-0.6375,64,2026-06-01T04:09:48
9206,dqn,pool:gen_005,1,0.6250,-0.4875,64,2026-06-01T04:09:50
9207,self,dqn,1,0.4875,-0.6875,64,2026-06-01T04:09:52
9208,dqn,self,2,0.4000,1.4125,64,2026-06-01T04:09:55
9209,self,dqn,1,0.4625,-0.6125,64,2026-06-01T04:09:57
9210,dqn,self,1,0.5625,-0.5250,64,2026-06-01T04:09:59
9211,pool:gen_008,dqn,2,0.3500,1.5375,64,2026-06-01T04:10:01
9212,dqn,random,1,1.1375,-0.7000,64,2026-06-01T04:10:04
9213,self,dqn,1,0.5125,-0.7750,64,2026-06-01T04:10:06
9214,dqn,random,1,0.9750,-0.5625,64,2026-06-01T04:10:08
9215,pool:gen_005,dqn,2,0.3875,1.6000,64,2026-06-01T04:10:11
9216,dqn,random,1,0.6375,-0.7750,64,2026-06-01T04:10:13
9217,self,dqn,2,0.4000,1.4500,64,2026-06-01T04:10:16
9218,dqn,pool:gen_009,1,0.4500,-0.5875,64,2026-06-01T04:10:18
9219,pool:gen_007,dqn,1,0.3250,-0.7125,64,2026-06-01T04:10:21
9220,dqn,self,1,0.3750,-0.7000,64,2026-06-01T04:10:24
9221,self,dqn,1,0.5500,-0.6250,64,2026-06-01T04:10:26
9222,dqn,pool:gen_006,1,0.7875,-0.5125,64,2026-06-01T04:10:29
9223,self,dqn,2,0.4500,1.4250,64,2026-06-01T04:10:32
9224,dqn,pool:gen_008,2,0.4000,1.4750,64,2026-06-01T04:10:34
9225,self,dqn,2,0.4625,1.5125,64,2026-06-01T04:10:36
9226,dqn,pool:gen_009,2,0.2125,1.4500,64,2026-06-01T04:10:39
9227,pool:gen_005,dqn,2,0.3375,1.6000,64,2026-06-01T04:10:42
9228,dqn,pool:gen_001,2,0.3125,1.5125,64,2026-06-01T04:10:44
9229,pool:gen_006,dqn,2,0.4750,1.5375,64,2026-06-01T04:10:47
9230,dqn,pool:gen_005,1,0.6500,-0.6875,64,2026-06-01T04:10:50
9231,self,dqn,2,0.5250,1.5750,64,2026-06-01T04:10:53
9232,dqn,pool:gen_008,1,0.5125,-0.5875,64,2026-06-01T04:10:55
9233,pool:gen_007,dqn,1,0.6875,-0.6875,64,2026-06-01T04:10:58
9234,dqn,self,1,0.4125,-0.8500,64,2026-06-01T04:11:00
9235,pool:gen_008,dqn,1,0.5625,-0.5750,64,2026-06-01T04:11:03
9236,dqn,pool:gen_005,1,0.6625,-0.6375,64,2026-06-01T04:11:05
9237,self,dqn,1,0.3750,-0.6875,64,2026-06-01T04:11:08
9238,dqn,pool:gen_009,2,0.2875,1.4375,64,2026-06-01T04:11:10
9239,self,dqn,2,0.3000,1.2500,64,2026-06-01T04:11:13
9240,dqn,self,1,0.5500,-0.5875,64,2026-06-01T04:11:16
9241,pool:gen_007,dqn,1,0.6250,-0.6750,64,2026-06-01T04:11:18
9242,dqn,pool:gen_005,1,0.6500,-0.5625,64,2026-06-01T04:11:21
9243,random,dqn,2,0.3625,1.4625,64,2026-06-01T04:11:23
9244,dqn,self,1,0.4500,-0.5750,64,2026-06-01T04:11:26
9245,heuristic,dqn,2,0.5375,1.9625,64,2026-06-01T04:11:28
9246,dqn,random,1,0.7500,-0.6250,64,2026-06-01T04:11:30
9247,self,dqn,1,0.7000,-0.5875,64,2026-06-01T04:11:33
9248,dqn,pool:gen_009,2,0.3750,1.5000,64,2026-06-01T04:11:36
9249,self,dqn,1,0.5125,-0.7750,64,2026-06-01T04:11:38
9250,dqn,pool:gen_009,2,0.2750,1.3625,64,2026-06-01T04:11:41
9251,self,dqn,2,0.3500,1.4125,64,2026-06-01T04:11:43
9252,dqn,pool:gen_008,1,0.7000,-0.6625,64,2026-06-01T04:11:46
9253,self,dqn,2,0.2875,1.3625,64,2026-06-01T04:11:48
9254,dqn,self,1,0.5000,-0.7375,64,2026-06-01T04:11:51
9255,pool:gen_007,dqn,1,0.3375,-0.7625,64,2026-06-01T04:11:54
9256,dqn,pool:gen_003,2,0.1750,1.4875,64,2026-06-01T04:11:56
9257,self,dqn,2,0.3125,1.3000,64,2026-06-01T04:11:59
9258,dqn,self,2,0.1750,1.3500,64,2026-06-01T04:12:05
9259,pool:gen_007,dqn,1,0.3750,-0.7250,64,2026-06-01T04:12:08
9260,dqn,self,1,0.5500,-0.6000,64,2026-06-01T04:12:11
9261,pool:gen_006,dqn,draw,0.4375,0.3875,64,2026-06-01T04:12:13
9262,dqn,heuristic,1,1.0375,-0.6125,64,2026-06-01T04:12:15
9263,heuristic,dqn,2,0.6625,2.0875,64,2026-06-01T04:12:18
9264,dqn,self,1,0.7375,-0.8125,64,2026-06-01T04:12:20
9265,random,dqn,2,0.3250,1.6000,64,2026-06-01T04:12:22
9266,dqn,self,1,0.5375,-0.5125,64,2026-06-01T04:12:24
9267,self,dqn,1,0.6625,-0.6750,64,2026-06-01T04:12:26
9268,dqn,self,2,0.5125,1.5625,64,2026-06-01T04:12:29
9269,self,dqn,1,0.7125,-0.5125,64,2026-06-01T04:12:31
9270,dqn,self,2,0.4875,1.4875,64,2026-06-01T04:12:33
9271,pool:gen_007,dqn,1,0.2875,-0.7750,64,2026-06-01T04:12:35
9272,dqn,self,2,0.4375,1.4500,64,2026-06-01T04:12:38
9273,pool:gen_007,dqn,1,0.3750,-0.8000,64,2026-06-01T04:12:40
9274,dqn,pool:gen_006,1,0.5000,-0.6250,64,2026-06-01T04:12:42
9275,pool:gen_005,dqn,2,0.3625,1.9000,64,2026-06-01T04:12:45
9276,dqn,self,2,0.2125,1.3500,64,2026-06-01T04:12:47
9277,self,dqn,2,0.3875,1.3875,64,2026-06-01T04:12:49
9278,dqn,self,1,0.4625,-0.5625,64,2026-06-01T04:12:51
9279,self,dqn,1,0.3875,-0.6875,64,2026-06-01T04:12:54
9280,dqn,self,2,0.4750,1.5250,64,2026-06-01T04:12:56
9281,pool:gen_007,dqn,1,0.2375,-0.8125,64,2026-06-01T04:12:59
9282,dqn,self,2,0.5500,1.6375,64,2026-06-01T04:13:02
9283,pool:gen_007,dqn,2,0.2250,1.2750,64,2026-06-01T04:13:05
9284,dqn,self,2,0.4750,1.7750,64,2026-06-01T04:13:07
9285,self,dqn,1,0.3125,-0.7000,64,2026-06-01T04:13:10
9286,dqn,self,2,0.5500,1.4750,64,2026-06-01T04:13:12
9287,pool:gen_006,dqn,2,0.4375,1.6875,64,2026-06-01T04:13:14
9288,dqn,self,2,0.3500,1.4500,64,2026-06-01T04:13:16
9289,self,dqn,1,0.5125,-0.6500,64,2026-06-01T04:13:19
9290,dqn,pool:gen_009,2,0.2875,1.4000,64,2026-06-01T04:13:21
9291,self,dqn,1,0.5375,-0.5625,64,2026-06-01T04:13:23
9292,dqn,self,1,0.7750,-0.5000,64,2026-06-01T04:13:26
9293,self,dqn,2,0.2250,1.4875,64,2026-06-01T04:13:28
9294,dqn,pool:gen_007,1,0.4250,-0.7500,64,2026-06-01T04:13:31
9295,pool:gen_005,dqn,2,0.5250,1.6000,64,2026-06-01T04:13:33
9296,dqn,pool:gen_005,1,0.7875,-0.6375,64,2026-06-01T04:13:36
9297,pool:gen_008,dqn,2,0.3000,1.3125,64,2026-06-01T04:13:38
9298,dqn,self,1,0.5625,-0.4750,64,2026-06-01T04:13:40
9299,self,dqn,1,0.4625,-0.7125,64,2026-06-01T04:13:43
9300,dqn,pool:gen_005,1,1.1000,-0.5250,64,2026-06-01T04:13:45
9301,self,dqn,1,0.5125,-0.5375,64,2026-06-01T04:21:21
9302,dqn,self,1,0.4875,-0.6375,64,2026-06-01T04:21:24
9303,self,dqn,1,0.5125,-0.5125,64,2026-06-01T04:21:26
9304,dqn,pool:gen_009,2,0.2250,1.4250,64,2026-06-01T04:21:28
9305,pool:gen_009,dqn,1,0.4250,-0.7875,64,2026-06-01T04:21:31
9306,dqn,pool:gen_008,1,0.3125,-0.7500,64,2026-06-01T04:21:33
9307,self,dqn,1,0.8000,-0.5125,64,2026-06-01T04:21:35
9308,dqn,pool:gen_006,1,0.4875,-0.6625,64,2026-06-01T04:21:37
9309,self,dqn,1,0.4500,-0.6125,64,2026-06-01T04:21:39
9310,dqn,pool:gen_009,2,0.2125,1.2375,64,2026-06-01T04:21:42
9311,pool:gen_007,dqn,1,0.2875,-0.8250,64,2026-06-01T04:21:44
9312,dqn,self,1,0.6125,-0.6250,64,2026-06-01T04:21:46
9313,self,dqn,1,0.5250,-0.6750,64,2026-06-01T04:21:49
9314,dqn,pool:gen_008,2,0.4625,1.4250,64,2026-06-01T04:21:51
9315,pool:gen_008,dqn,1,0.6375,-0.5750,64,2026-06-01T04:21:53
9316,dqn,self,1,0.4500,-0.7375,64,2026-06-01T04:21:56
9317,self,dqn,1,0.3500,-0.7750,64,2026-06-01T04:21:58
9318,dqn,pool:gen_008,2,0.3375,1.5750,64,2026-06-01T04:22:00
9319,self,dqn,2,0.2750,1.4750,64,2026-06-01T04:22:03
9320,dqn,pool:gen_003,1,0.3875,-0.7125,64,2026-06-01T04:22:05
9321,heuristic,dqn,2,0.3250,1.4000,64,2026-06-01T04:22:07
9322,dqn,random,1,0.8000,-0.6000,64,2026-06-01T04:22:10
9323,self,dqn,1,0.7125,-0.7500,64,2026-06-01T04:22:12
9324,dqn,pool:gen_001,1,0.8000,-0.5625,64,2026-06-01T04:22:14
9325,self,dqn,2,0.5875,1.6250,64,2026-06-01T04:22:17
9326,dqn,pool:gen_006,2,0.3250,1.4750,64,2026-06-01T04:22:19
9327,self,dqn,1,0.4875,-0.6750,64,2026-06-01T04:22:22
9328,dqn,self,2,0.4750,1.5250,64,2026-06-01T04:22:25
9329,pool:gen_001,dqn,2,0.4750,1.8000,64,2026-06-01T04:22:27
9330,dqn,self,2,0.3000,1.2625,64,2026-06-01T04:22:30
9331,pool:gen_007,dqn,2,0.3500,1.3625,64,2026-06-01T04:22:32
9332,dqn,self,1,0.5625,-0.8375,64,2026-06-01T04:22:34
9333,random,dqn,2,0.6125,1.8375,64,2026-06-01T04:22:36
9334,dqn,pool:gen_006,1,0.6000,-0.5250,64,2026-06-01T04:22:39
9335,pool:gen_009,dqn,1,0.5625,-0.7500,64,2026-06-01T04:22:41
9336,dqn,pool:gen_005,1,0.9000,-0.3750,64,2026-06-01T04:22:44
9337,pool:gen_009,dqn,1,0.5125,-0.5625,64,2026-06-01T04:22:46
9338,dqn,self,2,0.3250,1.7375,64,2026-06-01T04:22:49
9339,pool:gen_007,dqn,2,0.4250,1.4875,64,2026-06-01T04:22:51
9340,dqn,pool:gen_009,2,0.4000,1.4750,64,2026-06-01T04:22:54
9341,pool:gen_006,dqn,1,0.6000,-0.5750,64,2026-06-01T04:22:57
9342,dqn,pool:gen_004,1,0.7125,-0.5750,64,2026-06-01T04:22:59
9343,self,dqn,1,0.4750,-0.7875,64,2026-06-01T04:23:02
9344,dqn,pool:gen_003,1,0.4000,-0.7250,64,2026-06-01T04:23:04
9345,self,dqn,1,0.4875,-0.5500,64,2026-06-01T04:23:07
9346,dqn,self,2,0.3625,1.4500,64,2026-06-01T04:23:10
9347,heuristic,dqn,2,0.6875,2.0250,64,2026-06-01T04:23:12
9348,dqn,self,1,0.4000,-0.7000,64,2026-06-01T04:23:15
9349,self,dqn,1,0.6000,-0.6375,64,2026-06-01T04:23:18
9350,dqn,pool:gen_009,2,0.3375,1.5000,64,2026-06-01T04:23:20
9351,self,dqn,2,0.4250,1.4375,64,2026-06-01T04:23:23
9352,dqn,pool:gen_003,1,0.5000,-0.5625,64,2026-06-01T04:23:25
9353,self,dqn,1,0.5625,-0.5125,64,2026-06-01T04:23:27
9354,dqn,random,1,0.7125,-0.7375,64,2026-06-01T04:23:29
9355,self,dqn,1,0.3750,-0.6625,64,2026-06-01T04:23:32
9356,dqn,pool:gen_002,1,0.5000,-0.7875,64,2026-06-01T04:23:34
9357,self,dqn,1,0.3875,-0.8250,64,2026-06-01T04:23:37
9358,dqn,self,1,0.4875,-0.6875,64,2026-06-01T04:23:39
9359,self,dqn,2,0.4250,1.4500,64,2026-06-01T04:23:41
9360,dqn,random,1,0.6875,-0.7125,64,2026-06-01T04:23:43
9361,pool:gen_005,dqn,2,0.4750,1.8000,64,2026-06-01T04:23:46
9362,dqn,pool:gen_006,1,0.6125,-0.7125,64,2026-06-01T04:23:48
9363,self,dqn,1,0.3000,-0.7375,64,2026-06-01T04:23:51
9364,dqn,self,2,0.3250,1.4500,64,2026-06-01T04:23:53
9365,self,dqn,1,0.3875,-0.6875,64,2026-06-01T04:23:56
9366,dqn,self,1,0.3125,-0.7875,64,2026-06-01T04:23:59
9367,pool:gen_008,dqn,1,0.3750,-0.6875,64,2026-06-01T04:24:02
9368,dqn,self,2,0.3125,1.4750,64,2026-06-01T04:24:04
9369,self,dqn,1,0.5125,-0.6125,64,2026-06-01T04:24:07
9370,dqn,pool:gen_004,1,0.4500,-0.7125,64,2026-06-01T04:24:10
9371,pool:gen_008,dqn,2,0.4500,1.4875,64,2026-06-01T04:24:12
9372,dqn,self,2,0.3125,1.3500,64,2026-06-01T04:24:15
9373,random,dqn,2,0.2125,1.6750,64,2026-06-01T04:24:17
9374,dqn,self,2,0.4125,1.6375,64,2026-06-01T04:24:19
9375,self,dqn,1,0.5500,-0.5500,64,2026-06-01T04:24:22
9376,dqn,heuristic,1,1.0000,-0.4125,64,2026-06-01T04:24:24
9377,heuristic,dqn,2,0.6250,2.3125,64,2026-06-01T04:24:26
9378,dqn,pool:gen_005,1,0.9250,-0.5500,64,2026-06-01T04:24:29
9379,self,dqn,1,0.5500,-0.4625,64,2026-06-01T04:24:31
9380,dqn,self,2,0.3750,1.3625,64,2026-06-01T04:24:34
9381,heuristic,dqn,2,0.7375,2.3750,64,2026-06-01T04:24:36
9382,dqn,self,2,0.4125,1.5250,64,2026-06-01T04:24:39
9383,self,dqn,2,0.5500,1.5250,64,2026-06-01T04:24:42
9384,dqn,self,2,0.3250,1.4375,64,2026-06-01T04:24:44
9385,pool:gen_002,dqn,1,0.5875,-0.4750,64,2026-06-01T04:24:47
9386,dqn,pool:gen_005,1,1.1375,-0.6875,64,2026-06-01T04:24:50
9387,self,dqn,1,0.4250,-0.7375,64,2026-06-01T04:24:52
9388,dqn,random,1,1.2250,-0.6250,64,2026-06-01T04:24:55
9389,self,dqn,2,0.2375,1.4625,64,2026-06-01T04:24:58
9390,dqn,pool:gen_006,1,0.6375,-0.5375,64,2026-06-01T04:25:01
9391,heuristic,dqn,2,0.7250,2.0625,64,2026-06-01T04:25:03
9392,dqn,heuristic,1,1.0000,-0.3375,64,2026-06-01T04:25:06
9393,self,dqn,1,0.6125,-0.4375,64,2026-06-01T04:25:09
9394,dqn,pool:gen_008,1,0.4750,-0.5875,64,2026-06-01T04:25:11
9395,pool:gen_007,dqn,2,0.3625,1.4875,64,2026-06-01T04:25:14
9396,dqn,self,1,0.5125,-0.6125,64,2026-06-01T04:25:17
9397,random,dqn,2,0.4250,1.8250,64,2026-06-01T04:25:19
9398,dqn,self,2,0.3000,1.4875,64,2026-06-01T04:25:22
9399,pool:gen_002,dqn,2,0.4375,1.6625,64,2026-06-01T04:25:25
9400,dqn,self,2,0.4000,1.4875,64,2026-06-01T04:25:27
9401,self,dqn,2,0.4250,1.5750,64,2026-06-01T04:33:13
9402,dqn,heuristic,1,1.1375,-0.3250,64,2026-06-01T04:33:16
9403,pool:gen_007,dqn,1,0.4250,-0.5875,64,2026-06-01T04:33:19
9404,dqn,self,2,0.5250,1.6500,64,2026-06-01T04:33:22
9405,pool:gen_009,dqn,2,0.3250,1.4750,64,2026-06-01T04:33:27
9406,dqn,self,1,0.4000,-0.6375,64,2026-06-01T04:33:32
9407,pool:gen_007,dqn,2,0.3750,1.5750,64,2026-06-01T04:33:38
9408,dqn,pool:gen_008,1,0.4875,-0.6250,64,2026-06-01T04:33:43
9409,self,dqn,1,0.3375,-0.7375,64,2026-06-01T04:33:47
9410,dqn,self,1,0.4250,-0.7750,64,2026-06-01T04:33:53
9411,pool:gen_003,dqn,1,0.4750,-0.6500,64,2026-06-01T04:33:58
9412,dqn,self,2,0.5875,1.6250,64,2026-06-01T04:34:02
9413,pool:gen_008,dqn,2,0.3625,1.4000,64,2026-06-01T04:34:07
9414,dqn,pool:gen_005,1,0.8625,-0.6000,64,2026-06-01T04:34:13
9415,self,dqn,2,0.4000,1.4125,64,2026-06-01T04:34:17
9416,dqn,self,2,0.3750,1.4875,64,2026-06-01T04:34:22
9417,random,dqn,2,0.5000,1.8750,64,2026-06-01T04:34:27
9418,dqn,pool:gen_009,1,0.6375,-0.7375,64,2026-06-01T04:34:31
9419,self,dqn,1,0.8750,-0.7000,64,2026-06-01T04:34:37
9420,dqn,pool:gen_009,1,0.5750,-0.6625,64,2026-06-01T04:34:41
9421,self,dqn,2,0.4375,1.4000,64,2026-06-01T04:34:46
9422,dqn,self,2,0.4125,1.4625,64,2026-06-01T04:34:51
9423,pool:gen_009,dqn,2,0.3250,1.4000,64,2026-06-01T04:34:56
9424,dqn,random,1,1.0125,-0.4250,64,2026-06-01T04:35:00
9425,pool:gen_001,dqn,2,0.5125,1.5500,64,2026-06-01T04:35:05
9426,dqn,self,1,0.4250,-0.7125,64,2026-06-01T04:35:09
9427,pool:gen_004,dqn,2,0.3875,1.5250,64,2026-06-01T04:35:13
9428,dqn,pool:gen_006,1,0.5125,-0.6375,64,2026-06-01T04:35:18
9429,pool:gen_008,dqn,2,0.3625,1.4000,64,2026-06-01T04:35:22
9430,dqn,pool:gen_008,1,0.5000,-0.6375,64,2026-06-01T04:35:25
9431,self,dqn,1,0.6250,-0.6375,64,2026-06-01T04:35:29
9432,dqn,self,1,0.4125,-0.6375,64,2026-06-01T04:35:33
9433,pool:gen_008,dqn,2,0.4000,1.4625,64,2026-06-01T04:35:37
9434,dqn,heuristic,1,1.2000,-0.4875,64,2026-06-01T04:35:39
9435,heuristic,dqn,2,0.9500,2.4375,64,2026-06-01T04:35:42
9436,dqn,self,1,0.5750,-0.4750,64,2026-06-01T04:35:45
9437,pool:gen_006,dqn,1,0.5375,-0.5625,64,2026-06-01T04:35:47
9438,dqn,self,2,0.3125,1.5750,64,2026-06-01T04:35:50
9439,self,dqn,1,0.5500,-0.5625,64,2026-06-01T04:35:53
9440,dqn,pool:gen_006,1,0.4500,-0.7250,64,2026-06-01T04:35:56
9441,self,dqn,2,0.4500,1.4750,64,2026-06-01T04:35:59
9442,dqn,random,1,0.5875,-0.7125,64,2026-06-01T04:36:01
9443,self,dqn,1,0.5250,-0.6250,64,2026-06-01T04:36:04
9444,dqn,pool:gen_009,1,0.3875,-0.6750,64,2026-06-01T04:36:07
9445,self,dqn,1,0.4875,-0.5375,64,2026-06-01T04:36:10
9446,dqn,self,1,0.3875,-0.7375,64,2026-06-01T04:36:15
9447,pool:gen_004,dqn,2,0.4375,1.4875,64,2026-06-01T04:36:17
9448,dqn,self,1,0.6875,-0.6125,64,2026-06-01T04:36:20
9449,self,dqn,1,0.4125,-0.6750,64,2026-06-01T04:36:23
9450,dqn,pool:gen_006,1,0.6000,-0.4375,64,2026-06-01T04:36:26
9451,pool:gen_008,dqn,1,0.5125,-0.5875,64,2026-06-01T04:36:28
9452,dqn,self,1,0.7000,-0.6125,64,2026-06-01T04:36:31
9453,pool:gen_004,dqn,1,0.4250,-0.5875,64,2026-06-01T04:36:34
9454,dqn,self,1,0.4375,-0.7125,64,2026-06-01T04:36:36
9455,pool:gen_009,dqn,2,0.4000,1.4125,64,2026-06-01T04:36:39
9456,dqn,heuristic,1,1.5625,-0.2250,64,2026-06-01T04:36:41
9457,self,dqn,2,0.5375,1.5500,64,2026-06-01T04:36:44
9458,dqn,pool:gen_009,2,0.3125,1.3125,64,2026-06-01T04:36:47
9459,pool:gen_005,dqn,2,0.4750,1.7750,64,2026-06-01T04:36:49
9460,dqn,self,1,0.7500,-0.5875,64,2026-06-01T04:36:52
9461,self,dqn,2,0.3250,1.4125,64,2026-06-01T04:36:55
9462,dqn,pool:gen_006,2,0.4125,1.5125,64,2026-06-01T04:36:57
9463,self,dqn,1,0.7875,-0.6375,64,2026-06-01T04:37:00
9464,dqn,pool:gen_005,1,1.2000,-0.5750,64,2026-06-01T04:37:02
9465,self,dqn,1,0.6500,-0.6875,64,2026-06-01T04:37:05
9466,dqn,self,1,0.4625,-0.6375,64,2026-06-01T04:37:08
9467,self,dqn,2,0.2500,1.4750,64,2026-06-01T04:37:10
9468,dqn,random,1,0.7000,-0.5375,64,2026-06-01T04:37:13
9469,pool:gen_006,dqn,1,0.5875,-0.6375,64,2026-06-01T04:37:15
9470,dqn,pool:gen_005,1,0.8625,-0.5625,64,2026-06-01T04:37:18
9471,self,dqn,1,0.6500,-0.5875,64,2026-06-01T04:37:20
9472,dqn,self,1,0.5250,-0.6500,64,2026-06-01T04:37:23
9473,self,dqn,1,0.6250,-0.5750,64,2026-06-01T04:37:26
9474,dqn,self,2,0.4000,1.5875,64,2026-06-01T04:37:28
9475,pool:gen_006,dqn,1,0.4875,-0.6875,64,2026-06-01T04:37:31
9476,dqn,random,1,1.1500,-0.7875,64,2026-06-01T04:37:33
9477,self,dqn,1,0.7875,-0.4000,64,2026-06-01T04:37:36
9478,dqn,self,1,0.6125,-0.4875,64,2026-06-01T04:37:38
9479,random,dqn,2,0.2500,1.8125,64,2026-06-01T04:37:40
9480,dqn,heuristic,1,1.0250,-0.4500,64,2026-06-01T04:37:43
9481,random,dqn,2,0.3000,1.9250,64,2026-06-01T04:37:45
9482,dqn,pool:gen_005,1,0.7500,-0.6750,64,2026-06-01T04:37:48
9483,pool:gen_005,dqn,2,0.3625,1.7875,64,2026-06-01T04:37:50
9484,dqn,self,1,0.6125,-0.5125,64,2026-06-01T04:37:53
9485,pool:gen_009,dqn,1,0.5000,-0.6625,64,2026-06-01T04:37:55
9486,dqn,pool:gen_006,1,0.5125,-0.5000,64,2026-06-01T04:37:58
9487,self,dqn,2,0.2500,1.2625,64,2026-06-01T04:38:00
9488,dqn,self,2,0.3000,1.4500,64,2026-06-01T04:38:03
9489,self,dqn,1,0.4750,-0.6000,64,2026-06-01T04:38:06
9490,dqn,self,1,0.5375,-0.6625,64,2026-06-01T04:38:08
9491,pool:gen_008,dqn,1,0.3875,-0.6750,64,2026-06-01T04:38:11
9492,dqn,self,2,0.2750,1.4125,64,2026-06-01T04:38:14
9493,self,dqn,2,0.3500,1.6000,64,2026-06-01T04:38:16
9494,dqn,self,1,0.5000,-0.6375,64,2026-06-01T04:38:19
9495,self,dqn,2,0.2625,1.3125,64,2026-06-01T04:38:22
9496,dqn,pool:gen_006,1,0.6125,-0.4750,64,2026-06-01T04:38:24
9497,pool:gen_005,dqn,2,0.6000,1.9500,64,2026-06-01T04:38:27
9498,dqn,pool:gen_004,2,0.4625,1.4750,64,2026-06-01T04:38:29
9499,pool:gen_009,dqn,2,0.5250,1.4500,64,2026-06-01T04:38:32
9500,dqn,pool:gen_005,1,0.8250,-0.2125,64,2026-06-01T04:38:34
9501,self,dqn,1,0.3250,-0.7250,64,2026-06-01T04:46:51
9502,dqn,pool:gen_007,2,0.4750,1.6250,64,2026-06-01T04:46:54
9503,self,dqn,1,0.8125,-0.6125,64,2026-06-01T04:46:57
9504,dqn,self,1,0.4750,-0.7000,64,2026-06-01T04:46:59
9505,self,dqn,1,0.3875,-0.7000,64,2026-06-01T04:47:02
9506,dqn,self,2,0.3625,1.4625,64,2026-06-01T04:47:05
9507,pool:gen_008,dqn,1,0.4125,-0.7000,64,2026-06-01T04:47:08
9508,dqn,self,1,0.5625,-0.6750,64,2026-06-01T04:47:10
9509,self,dqn,2,0.5000,1.5375,64,2026-06-01T04:47:12
9510,dqn,pool:gen_009,1,0.6625,-0.6125,64,2026-06-01T04:47:15
9511,pool:gen_007,dqn,1,0.5875,-0.6500,64,2026-06-01T04:47:18
9512,dqn,self,2,0.6125,1.8250,64,2026-06-01T04:47:20
9513,pool:gen_005,dqn,2,0.8500,1.8500,64,2026-06-01T04:47:22
9514,dqn,random,1,1.4125,-0.7375,64,2026-06-01T04:47:25
9515,self,dqn,2,0.3250,1.4000,64,2026-06-01T04:47:28
9516,dqn,self,1,0.4500,-0.6625,64,2026-06-01T04:47:30
9517,heuristic,dqn,2,0.7375,2.2250,64,2026-06-01T04:47:33
9518,dqn,pool:gen_005,1,0.8875,-0.3375,64,2026-06-01T04:47:35
9519,self,dqn,1,0.5000,-0.5250,64,2026-06-01T04:47:38
9520,dqn,heuristic,1,1.8250,-0.0875,64,2026-06-01T04:47:40
9521,pool:gen_008,dqn,1,0.5625,-0.5625,64,2026-06-01T04:47:43
9522,dqn,self,2,0.3750,1.4625,64,2026-06-01T04:47:46
9523,self,dqn,2,0.3375,1.7125,64,2026-06-01T04:47:48
9524,dqn,pool:gen_008,1,0.4500,-0.6125,64,2026-06-01T04:47:51
9525,pool:gen_006,dqn,2,0.5500,1.6250,64,2026-06-01T04:47:53
9526,dqn,heuristic,1,1.1375,-0.3000,64,2026-06-01T04:47:56
9527,self,dqn,2,0.5500,1.5250,64,2026-06-01T04:47:58
9528,dqn,self,1,0.4625,-0.6250,64,2026-06-01T04:48:01
9529,pool:gen_009,dqn,2,0.4000,1.5750,64,2026-06-01T04:48:04
9530,dqn,pool:gen_002,2,0.2875,1.3375,64,2026-06-01T04:48:06
9531,self,dqn,1,0.5500,-0.8125,64,2026-06-01T04:48:09
9532,dqn,pool:gen_005,1,0.8625,-0.7250,64,2026-06-01T04:48:12
9533,pool:gen_003,dqn,1,0.5250,-0.7250,64,2026-06-01T04:48:14
9534,dqn,self,2,0.4125,1.5125,64,2026-06-01T04:48:16
9535,pool:gen_001,dqn,2,0.5625,1.7125,64,2026-06-01T04:48:19
9536,dqn,heuristic,1,1.1250,-0.2875,64,2026-06-01T04:48:21
9537,self,dqn,1,0.6375,-0.7875,64,2026-06-01T04:48:24
9538,dqn,pool:gen_005,1,0.9750,-0.7625,64,2026-06-01T04:48:26
9539,self,dqn,1,0.7500,-0.3875,64,2026-06-01T04:48:29
9540,dqn,pool:gen_009,1,0.3875,-0.6250,64,2026-06-01T04:48:31
9541,pool:gen_009,dqn,2,0.4375,1.5375,64,2026-06-01T04:48:33
9542,dqn,self,1,0.3750,-0.7750,64,2026-06-01T04:48:36
9543,pool:gen_006,dqn,1,0.4625,-0.6500,64,2026-06-01T04:48:38
9544,dqn,pool:gen_006,1,0.4375,-0.7250,64,2026-06-01T04:48:41
9545,pool:gen_008,dqn,1,0.4875,-0.6875,64,2026-06-01T04:48:44
9546,dqn,self,1,0.5875,-0.5000,64,2026-06-01T04:48:47
9547,pool:gen_007,dqn,1,0.4500,-0.6125,64,2026-06-01T04:48:50
9548,dqn,pool:gen_005,1,0.4875,-0.6625,64,2026-06-01T04:48:53
9549,self,dqn,2,0.2375,1.4875,64,2026-06-01T04:48:55
9550,dqn,self,2,0.4125,1.6250,64,2026-06-01T04:48:58
9551,pool:gen_006,dqn,1,0.3875,-0.6750,64,2026-06-01T04:49:01
9552,dqn,pool:gen_001,1,0.8375,-0.6875,64,2026-06-01T04:49:04
9553,self,dqn,1,0.2625,-0.8000,64,2026-06-01T04:49:07
9554,dqn,pool:gen_004,1,0.6875,-0.6875,64,2026-06-01T04:49:10
9555,pool:gen_009,dqn,1,0.4500,-0.7000,64,2026-06-01T04:49:13
9556,dqn,pool:gen_005,1,0.5250,-0.7500,64,2026-06-01T04:49:16
9557,heuristic,dqn,2,0.6125,2.2750,64,2026-06-01T04:49:19
9558,dqn,self,1,0.4000,-0.6375,64,2026-06-01T04:49:22
9559,self,dqn,2,0.5125,1.5125,64,2026-06-01T04:49:25
9560,dqn,self,1,0.4500,-0.6500,64,2026-06-01T04:49:28
9561,self,dqn,1,0.5750,-0.4500,64,2026-06-01T04:49:31
9562,dqn,pool:gen_006,2,0.3875,1.4000,64,2026-06-01T04:49:34
9563,pool:gen_007,dqn,1,0.4875,-0.7250,64,2026-06-01T04:49:37
9564,dqn,pool:gen_006,2,0.3500,1.4375,64,2026-06-01T04:49:40
9565,self,dqn,2,0.3500,1.3625,64,2026-06-01T04:49:42
9566,dqn,pool:gen_007,2,0.3500,1.4500,64,2026-06-01T04:49:45
9567,self,dqn,1,0.4750,-0.7000,64,2026-06-01T04:49:48
9568,dqn,pool:gen_004,1,0.6250,-0.6875,64,2026-06-01T04:49:51
9569,pool:gen_009,dqn,1,0.6375,-0.4625,64,2026-06-01T04:49:54
9570,dqn,self,2,0.4750,1.4000,64,2026-06-01T04:49:57
9571,self,dqn,1,0.5500,-0.7500,64,2026-06-01T04:50:00
9572,dqn,self,1,0.5250,-0.5500,64,2026-06-01T04:50:03
9573,self,dqn,2,0.4250,1.5625,64,2026-06-01T04:50:06
9574,dqn,pool:gen_003,2,0.4250,1.5875,64,2026-06-01T04:50:09
9575,pool:gen_005,dqn,2,0.3125,1.3375,64,2026-06-01T04:50:12
9576,dqn,pool:gen_008,2,0.3625,1.3500,64,2026-06-01T04:50:16
9577,self,dqn,1,0.5000,-0.7750,64,2026-06-01T04:50:20
9578,dqn,self,1,0.6500,-0.5875,64,2026-06-01T04:50:25
9579,heuristic,dqn,2,0.5750,1.9875,64,2026-06-01T04:50:30
9580,dqn,self,1,0.5000,-0.6500,64,2026-06-01T04:50:34
9581,pool:gen_004,dqn,2,0.3375,1.3000,64,2026-06-01T04:50:39
9582,dqn,pool:gen_009,1,0.6000,-0.5625,64,2026-06-01T04:50:43
9583,pool:gen_008,dqn,1,0.5500,-0.6250,64,2026-06-01T04:50:48
9584,dqn,self,1,0.6500,-0.4875,64,2026-06-01T04:50:52
9585,pool:gen_008,dqn,1,0.6125,-0.7250,64,2026-06-01T04:50:57
9586,dqn,self,2,0.3625,1.5750,64,2026-06-01T04:51:01
9587,self,dqn,1,0.3375,-0.7125,64,2026-06-01T04:51:05
9588,dqn,self,2,0.2875,1.3875,64,2026-06-01T04:51:10
9589,pool:gen_009,dqn,2,0.3750,1.3750,64,2026-06-01T04:51:15
9590,dqn,pool:gen_005,1,0.5375,-0.6125,64,2026-06-01T04:51:20
9591,self,dqn,1,0.4000,-0.6125,64,2026-06-01T04:51:25
9592,dqn,self,1,0.3875,-0.7625,64,2026-06-01T04:51:30
9593,pool:gen_009,dqn,2,0.3125,1.5125,64,2026-06-01T04:51:35
9594,dqn,self,1,0.4625,-0.5750,64,2026-06-01T04:51:40
9595,random,dqn,2,0.5500,2.5500,64,2026-06-01T04:51:45
9596,dqn,pool:gen_007,2,0.2375,1.2750,64,2026-06-01T04:51:49
9597,self,dqn,2,0.4500,1.5000,64,2026-06-01T04:51:54
9598,dqn,random,1,1.0125,-0.6250,64,2026-06-01T04:51:58
9599,random,dqn,2,0.2000,1.7500,64,2026-06-01T04:52:02
9600,dqn,pool:gen_007,1,0.3750,-0.7250,64,2026-06-01T04:52:07
9601,self,dqn,2,0.4375,1.5000,64,2026-06-01T05:08:12
9602,dqn,self,2,0.2250,1.2375,64,2026-06-01T05:08:24
9603,self,dqn,1,0.6125,-0.6250,64,2026-06-01T05:08:36
9604,dqn,self,2,0.2375,1.5250,64,2026-06-01T05:08:49
9605,self,dqn,2,0.5500,1.5875,64,2026-06-01T05:09:00
9606,dqn,pool:gen_008,2,0.2875,1.3625,64,2026-06-01T05:09:12
9607,heuristic,dqn,2,0.7625,2.0250,64,2026-06-01T05:09:27
9608,dqn,pool:gen_008,1,0.3250,-0.6875,64,2026-06-01T05:09:43
9609,heuristic,dqn,2,0.7250,2.2375,64,2026-06-01T05:10:00
9610,dqn,pool:gen_005,1,0.6625,-0.6250,64,2026-06-01T05:10:14
9611,heuristic,dqn,2,0.8625,2.3250,64,2026-06-01T05:10:25
9612,dqn,pool:gen_008,2,0.2750,1.3500,64,2026-06-01T05:10:37
9613,self,dqn,1,0.5250,-0.5625,64,2026-06-01T05:10:50
9614,dqn,self,1,0.4500,-0.7750,64,2026-06-01T05:11:04
9615,self,dqn,1,0.7625,-0.7125,64,2026-06-01T05:11:21
9616,dqn,self,2,0.5125,1.6250,64,2026-06-01T05:11:39
9617,self,dqn,1,0.5125,-0.5125,64,2026-06-01T05:11:58
9618,dqn,pool:gen_007,2,0.3500,1.3875,64,2026-06-01T05:12:20
9619,self,dqn,1,0.6250,-0.6375,64,2026-06-01T05:12:41
9620,dqn,self,1,0.4000,-0.7000,64,2026-06-01T05:13:08
9621,pool:gen_005,dqn,2,0.2875,1.9250,64,2026-06-01T05:13:25
9622,dqn,self,2,0.4625,1.5500,64,2026-06-01T05:13:48
9623,pool:gen_009,dqn,2,0.4500,1.7000,64,2026-06-01T05:14:07
9624,dqn,pool:gen_005,1,1.0875,-0.6250,64,2026-06-01T05:14:24
9625,pool:gen_009,dqn,1,0.6625,-0.4875,64,2026-06-01T05:14:42
9626,dqn,pool:gen_007,1,0.4000,-0.6750,64,2026-06-01T05:15:07
9627,pool:gen_006,dqn,2,0.4500,1.8125,64,2026-06-01T05:15:24
9628,dqn,pool:gen_001,2,0.5250,1.5625,64,2026-06-01T05:15:38
9629,pool:gen_008,dqn,2,0.3000,1.4000,64,2026-06-01T05:15:50
9630,dqn,random,1,0.7750,-0.8000,64,2026-06-01T05:16:01
9631,self,dqn,1,0.5750,-0.5250,64,2026-06-01T05:16:14
9632,dqn,pool:gen_005,1,0.7250,-0.7750,64,2026-06-01T05:16:25
9633,pool:gen_005,dqn,2,0.2375,1.6875,64,2026-06-01T05:16:35
9634,dqn,pool:gen_002,1,0.5875,-0.7375,64,2026-06-01T05:16:47
9635,random,dqn,2,0.5875,1.7875,64,2026-06-01T05:16:58
9636,dqn,self,1,0.6750,-0.6750,64,2026-06-01T05:17:10
9637,pool:gen_007,dqn,2,0.2500,1.5125,64,2026-06-01T05:17:22
9638,dqn,pool:gen_007,1,0.6250,-0.7625,64,2026-06-01T05:17:34
9639,pool:gen_008,dqn,1,0.3625,-0.7000,64,2026-06-01T05:17:45
9640,dqn,pool:gen_009,1,0.6875,-0.5875,64,2026-06-01T05:17:57
9641,self,dqn,1,0.4500,-0.7000,64,2026-06-01T05:18:10
9642,dqn,self,1,0.4750,-0.7250,64,2026-06-01T05:18:22
9643,pool:gen_008,dqn,1,0.4125,-0.7625,64,2026-06-01T05:18:33
9644,dqn,pool:gen_006,1,0.6375,-0.5125,64,2026-06-01T05:18:45
9645,heuristic,dqn,2,0.5750,2.3625,64,2026-06-01T05:18:56
9646,dqn,self,2,0.1625,1.5000,64,2026-06-01T05:19:09
9647,pool:gen_006,dqn,2,0.3375,1.5750,64,2026-06-01T05:19:21
9648,dqn,pool:gen_005,1,0.5625,-0.7375,64,2026-06-01T05:19:33
9649,pool:gen_009,dqn,2,0.3750,1.3875,64,2026-06-01T05:19:44
9650,dqn,pool:gen_006,2,0.5875,1.5375,64,2026-06-01T05:19:55
9651,pool:gen_007,dqn,2,0.3125,1.4000,64,2026-06-01T05:20:07
9652,dqn,self,2,0.3125,1.4625,64,2026-06-01T05:20:25
9653,pool:gen_007,dqn,1,0.4000,-0.6750,64,2026-06-01T05:20:42
9654,dqn,self,2,0.3375,1.5375,64,2026-06-01T05:21:00
9655,self,dqn,1,0.4250,-0.6750,64,2026-06-01T05:21:18
9656,dqn,pool:gen_009,2,0.5250,1.5250,64,2026-06-01T05:21:33
9657,pool:gen_008,dqn,1,0.7375,-0.7875,64,2026-06-01T05:21:49
9658,dqn,self,2,0.3750,1.3875,64,2026-06-01T05:22:09
9659,self,dqn,1,0.4625,-0.6750,64,2026-06-01T05:22:23
9660,dqn,pool:gen_007,2,0.5375,1.6125,64,2026-06-01T05:22:39
9661,pool:gen_002,dqn,2,0.2500,1.2875,64,2026-06-01T05:22:55
9662,dqn,self,1,0.3875,-0.6875,64,2026-06-01T05:23:12
9663,pool:gen_009,dqn,1,0.7500,-0.6000,64,2026-06-01T05:23:27
9664,dqn,self,2,0.4250,1.6750,64,2026-06-01T05:23:42
9665,pool:gen_007,dqn,1,0.6125,-0.8250,64,2026-06-01T05:23:58
9666,dqn,pool:gen_006,1,0.5375,-0.7875,64,2026-06-01T05:24:17
9667,pool:gen_006,dqn,1,0.3750,-0.7375,64,2026-06-01T05:24:36
9668,dqn,pool:gen_009,2,0.4375,1.5500,64,2026-06-01T05:24:47
9669,self,dqn,2,0.4500,1.4375,64,2026-06-01T05:24:57
9670,dqn,pool:gen_005,2,0.3750,1.6250,64,2026-06-01T05:25:08
9671,self,dqn,1,0.4625,-0.6750,64,2026-06-01T05:25:19
9672,dqn,self,2,0.5375,1.5750,64,2026-06-01T05:25:31
9673,pool:gen_009,dqn,1,0.5875,-0.6000,64,2026-06-01T05:25:44
9674,dqn,pool:gen_005,2,0.3875,1.5000,64,2026-06-01T05:25:54
9675,pool:gen_005,dqn,1,0.6625,-0.6375,64,2026-06-01T05:26:08
9676,dqn,self,2,0.3375,1.5750,64,2026-06-01T05:26:20
9677,self,dqn,2,0.4250,1.5125,64,2026-06-01T05:26:32
9678,dqn,pool:gen_008,2,0.5250,1.7375,64,2026-06-01T05:26:43
9679,pool:gen_007,dqn,1,0.6250,-0.7375,64,2026-06-01T05:26:54
9680,dqn,self,1,0.3250,-0.7625,64,2026-06-01T05:27:05
9681,self,dqn,2,0.3250,1.4875,64,2026-06-01T05:27:16
9682,dqn,pool:gen_008,2,0.4625,1.6500,64,2026-06-01T05:27:27
9683,pool:gen_002,dqn,1,0.3625,-0.6750,64,2026-06-01T05:27:37
9684,dqn,self,2,0.4250,1.5875,64,2026-06-01T05:27:49
9685,self,dqn,2,0.4375,1.3875,64,2026-06-01T05:28:00
9686,dqn,pool:gen_009,1,0.5875,-0.5750,64,2026-06-01T05:28:10
9687,pool:gen_006,dqn,1,0.4625,-0.6750,64,2026-06-01T05:28:20
9688,dqn,self,2,0.4250,1.5125,64,2026-06-01T05:28:31
9689,pool:gen_005,dqn,1,0.5625,-0.5250,64,2026-06-01T05:28:43
9690,dqn,self,2,0.3750,1.4250,64,2026-06-01T05:28:59
9691,heuristic,dqn,2,0.5000,1.6625,64,2026-06-01T05:29:14
9692,dqn,pool:gen_008,2,0.3375,1.5000,64,2026-06-01T05:29:28
9693,heuristic,dqn,2,0.3500,1.7250,64,2026-06-01T05:29:42
9694,dqn,self,2,0.6250,1.5750,64,2026-06-01T05:29:57
9695,self,dqn,1,0.6250,-0.4375,64,2026-06-01T05:30:14
9696,dqn,heuristic,1,0.8375,-0.5500,64,2026-06-01T05:30:27
9697,self,dqn,1,0.5750,-0.5250,64,2026-06-01T05:30:42
9698,dqn,heuristic,1,0.7250,-0.6250,64,2026-06-01T05:30:56
9699,heuristic,dqn,2,0.5375,1.6625,64,2026-06-01T05:31:13
9700,dqn,self,1,0.3250,-0.7250,64,2026-06-01T05:31:28
9701,pool:gen_005,dqn,2,0.4625,1.4750,64,2026-06-01T05:48:32
9702,dqn,pool:gen_006,1,0.3875,-0.7000,64,2026-06-01T05:48:44
9703,self,dqn,1,0.5125,-0.6875,64,2026-06-01T05:48:49
9704,dqn,pool:gen_007,2,0.3000,1.4500,64,2026-06-01T05:48:52
9705,self,dqn,2,0.5250,1.6500,64,2026-06-01T05:48:56
9706,dqn,self,1,0.5625,-0.5125,64,2026-06-01T05:48:59
9707,random,dqn,2,0.4125,1.4375,64,2026-06-01T05:49:02
9708,dqn,pool:gen_003,2,0.5125,1.5875,64,2026-06-01T05:49:05
9709,self,dqn,2,0.7500,1.6750,64,2026-06-01T05:49:08
9710,dqn,self,2,0.7750,1.9750,64,2026-06-01T05:49:11
9711,self,dqn,2,0.5625,2.2125,64,2026-06-01T05:49:14
9712,dqn,self,1,0.4625,-0.7500,64,2026-06-01T05:49:16
9713,self,dqn,1,0.5625,-0.5250,64,2026-06-01T05:49:19
9714,dqn,pool:gen_006,2,0.5000,1.5250,64,2026-06-01T05:49:22
9715,self,dqn,2,0.3500,1.5375,64,2026-06-01T05:49:24
9716,dqn,self,1,0.5500,-0.5125,64,2026-06-01T05:49:27
9717,pool:gen_008,dqn,1,0.4500,-0.7875,64,2026-06-01T05:49:30
9718,dqn,self,1,0.7125,-0.5750,64,2026-06-01T05:49:32
9719,pool:gen_009,dqn,2,0.4625,1.6500,64,2026-06-01T05:49:35
9720,dqn,pool:gen_008,2,0.1750,1.4000,64,2026-06-01T05:49:37
9721,pool:gen_009,dqn,2,0.4875,1.7000,64,2026-06-01T05:49:40
9722,dqn,self,2,0.4250,1.4250,64,2026-06-01T05:49:42
9723,self,dqn,2,0.4125,1.6125,64,2026-06-01T05:49:45
9724,dqn,self,2,0.3125,1.4000,64,2026-06-01T05:49:47
9725,self,dqn,2,0.4000,1.5750,64,2026-06-01T05:49:50
9726,dqn,pool:gen_009,1,0.5375,-0.5875,64,2026-06-01T05:49:52
9727,pool:gen_005,dqn,2,0.4375,1.8000,64,2026-06-01T05:49:56
9728,dqn,self,2,0.4750,1.5125,64,2026-06-01T05:49:59
9729,pool:gen_004,dqn,2,0.3125,1.3375,64,2026-06-01T05:50:02
9730,dqn,self,2,0.5250,1.5625,64,2026-06-01T05:50:06
9731,heuristic,dqn,2,1.1125,2.6000,64,2026-06-01T05:50:09
9732,dqn,self,2,0.6375,1.6625,64,2026-06-01T05:50:12
9733,pool:gen_001,dqn,1,0.5500,-0.4625,64,2026-06-01T05:51:17
9734,dqn,self,1,0.6125,-0.5625,64,2026-06-01T05:51:24
9735,pool:gen_008,dqn,2,0.4375,1.5125,64,2026-06-01T05:51:29
9736,dqn,self,1,0.6125,-0.5125,64,2026-06-01T05:51:33
9737,self,dqn,2,0.4000,1.3500,64,2026-06-01T05:51:37
9738,dqn,pool:gen_006,1,0.4625,-0.6125,64,2026-06-01T05:51:40
9739,pool:gen_005,dqn,2,0.2750,1.6625,64,2026-06-01T05:51:43
9740,dqn,self,1,0.5750,-0.4625,64,2026-06-01T05:51:46
9741,pool:gen_008,dqn,1,0.4500,-0.6750,64,2026-06-01T05:51:49
9742,dqn,pool:gen_009,1,0.6750,-0.6000,64,2026-06-01T05:51:52
9743,pool:gen_008,dqn,1,0.3500,-0.6875,64,2026-06-01T05:51:54
9744,dqn,self,2,0.2375,1.6250,64,2026-06-01T05:51:57
9745,pool:gen_007,dqn,1,0.4500,-0.5625,64,2026-06-01T05:52:00
9746,dqn,self,1,0.4750,-0.7375,64,2026-06-01T05:52:03
9747,self,dqn,2,0.2375,1.5125,64,2026-06-01T05:52:05
9748,dqn,self,2,0.4750,1.5375,64,2026-06-01T05:52:08
9749,self,dqn,1,0.6500,-0.6250,64,2026-06-01T05:52:11
9750,dqn,pool:gen_008,2,0.3125,1.5500,64,2026-06-01T05:52:14
9751,heuristic,dqn,2,0.7625,1.9125,64,2026-06-01T05:52:16
9752,dqn,self,1,0.6375,-0.4375,64,2026-06-01T05:52:19
9753,self,dqn,1,0.5000,-0.6000,64,2026-06-01T05:52:22
9754,dqn,self,2,0.2875,1.3750,64,2026-06-01T05:52:25
9755,self,dqn,1,0.5750,-0.4500,64,2026-06-01T05:52:28
9756,dqn,self,1,0.3750,-0.7000,64,2026-06-01T05:52:31
9757,pool:gen_006,dqn,2,0.3250,1.7750,64,2026-06-01T05:52:34
9758,dqn,self,1,0.4750,-0.6125,64,2026-06-01T05:52:37
9759,self,dqn,1,0.3375,-0.6750,64,2026-06-01T05:52:39
9760,dqn,heuristic,1,1.6125,-0.3125,64,2026-06-01T05:52:42
9761,self,dqn,1,0.5250,-0.6375,64,2026-06-01T05:52:45
9762,dqn,self,2,0.4125,1.5125,64,2026-06-01T05:52:48
9763,pool:gen_007,dqn,2,0.2875,1.4750,64,2026-06-01T05:52:51
9764,dqn,heuristic,1,1.7625,-0.3250,64,2026-06-01T05:52:53
9765,pool:gen_008,dqn,1,0.4125,-0.6875,64,2026-06-01T05:52:56
9766,dqn,self,1,0.6500,-0.4375,64,2026-06-01T05:52:59
9767,self,dqn,1,0.4250,-0.6375,64,2026-06-01T05:53:01
9768,dqn,pool:gen_005,1,0.6750,-0.6750,64,2026-06-01T05:53:04
9769,pool:gen_009,dqn,2,0.4000,1.7125,64,2026-06-01T05:53:07
9770,dqn,pool:gen_005,1,0.6375,-0.5375,64,2026-06-01T05:53:10
9771,self,dqn,2,0.3625,1.4750,64,2026-06-01T05:53:13
9772,dqn,self,2,0.3250,1.4625,64,2026-06-01T05:53:15
9773,pool:gen_004,dqn,2,0.4250,1.6000,64,2026-06-01T05:53:18
9774,dqn,pool:gen_006,1,0.8375,-0.5000,64,2026-06-01T05:53:21
9775,heuristic,dqn,2,0.7375,2.5375,64,2026-06-01T05:53:24
9776,dqn,pool:gen_002,2,0.6000,1.8000,64,2026-06-01T05:53:26
9777,pool:gen_009,dqn,2,0.6125,1.6875,64,2026-06-01T05:53:29
9778,dqn,pool:gen_008,1,0.4375,-0.5875,64,2026-06-01T05:53:32
9779,self,dqn,1,0.4250,-0.7000,64,2026-06-01T05:53:35
9780,dqn,self,1,0.6125,-0.5625,64,2026-06-01T05:53:37
9781,self,dqn,2,0.3875,1.5625,64,2026-06-01T05:53:40
9782,dqn,self,2,0.3750,1.3875,64,2026-06-01T05:53:43
9783,heuristic,dqn,2,0.7000,2.4125,64,2026-06-01T05:53:45
9784,dqn,pool:gen_006,1,0.7875,-0.5875,64,2026-06-01T05:53:48
9785,self,dqn,1,0.5375,-0.7250,64,2026-06-01T05:53:50
9786,dqn,self,2,0.3750,1.4750,64,2026-06-01T05:53:53
9787,self,dqn,1,0.5500,-0.5625,64,2026-06-01T05:53:56
9788,dqn,self,2,0.4125,1.4625,64,2026-06-01T05:53:58
9789,pool:gen_004,dqn,2,0.6375,1.6375,64,2026-06-01T05:54:01
9790,dqn,random,1,1.0250,-0.5875,64,2026-06-01T05:54:04
9791,pool:gen_009,dqn,1,0.7000,-0.4750,64,2026-06-01T05:54:07
9792,dqn,self,2,0.3750,1.6375,64,2026-06-01T05:54:10
9793,pool:gen_008,dqn,2,0.4250,1.4750,64,2026-06-01T05:54:14
9794,dqn,pool:gen_008,1,0.6125,-0.4500,64,2026-06-01T05:54:17
9795,pool:gen_009,dqn,1,0.6250,-0.4375,64,2026-06-01T05:54:21
9796,dqn,self,2,0.3250,1.8375,64,2026-06-01T05:54:24
9797,self,dqn,2,0.3500,1.3875,64,2026-06-01T05:54:28
9798,dqn,pool:gen_005,1,0.8750,-0.7000,64,2026-06-01T05:54:31
9799,pool:gen_005,dqn,2,0.4250,1.8000,64,2026-06-01T05:54:34
9800,dqn,self,1,0.3750,-0.7375,64,2026-06-01T05:54:38
9801,self,dqn,1,0.7375,-0.8250,64,2026-06-01T06:03:02
9802,dqn,random,1,0.9000,-0.6000,64,2026-06-01T06:03:05
9803,pool:gen_008,dqn,1,0.6375,-0.5750,64,2026-06-01T06:03:08
9804,dqn,pool:gen_001,1,0.6125,-0.6625,64,2026-06-01T06:03:10
9805,self,dqn,1,0.5250,-0.5750,64,2026-06-01T06:03:13
9806,dqn,pool:gen_008,2,0.5250,1.5500,64,2026-06-01T06:03:16
9807,pool:gen_008,dqn,1,0.5500,-0.6125,64,2026-06-01T06:03:19
9808,dqn,pool:gen_005,1,0.8000,-0.6750,64,2026-06-01T06:03:22
9809,pool:gen_008,dqn,2,0.5125,1.5375,64,2026-06-01T06:03:25
9810,dqn,self,2,0.2750,1.5625,64,2026-06-01T06:03:29
9811,pool:gen_009,dqn,2,0.4750,1.6000,64,2026-06-01T06:03:32
9812,dqn,self,2,0.3875,1.4375,64,2026-06-01T06:03:35
9813,self,dqn,2,0.3500,1.4250,64,2026-06-01T06:03:39
9814,dqn,self,2,0.3000,1.4000,64,2026-06-01T06:03:42
9815,pool:gen_009,dqn,2,0.4625,1.6250,64,2026-06-01T06:03:46
9816,dqn,self,2,0.2875,1.4375,64,2026-06-01T06:03:50
9817,pool:gen_008,dqn,1,0.3500,-0.7000,64,2026-06-01T06:03:53
9818,dqn,pool:gen_007,1,0.7875,-0.5375,64,2026-06-01T06:03:57
9819,self,dqn,2,0.3875,1.5250,64,2026-06-01T06:04:01
9820,dqn,pool:gen_005,1,0.8375,-0.7875,64,2026-06-01T06:04:05
9821,self,dqn,1,0.3375,-0.8125,64,2026-06-01T06:04:08
9822,dqn,self,2,0.1750,1.5750,64,2026-06-01T06:04:11
9823,self,dqn,1,0.3875,-0.6250,64,2026-06-01T06:04:16
9824,dqn,pool:gen_009,1,0.7500,-0.6000,64,2026-06-01T06:04:20
9825,self,dqn,1,0.7000,-0.6375,64,2026-06-01T06:04:23
9826,dqn,self,1,0.4375,-0.6625,64,2026-06-01T06:04:26
9827,self,dqn,2,0.3625,1.4875,64,2026-06-01T06:04:30
9828,dqn,pool:gen_006,1,0.6250,-0.7750,64,2026-06-01T06:04:33
9829,self,dqn,2,0.4500,1.4375,64,2026-06-01T06:04:37
9830,dqn,pool:gen_008,1,0.6250,-0.6250,64,2026-06-01T06:04:40
9831,pool:gen_007,dqn,1,0.5375,-0.6000,64,2026-06-01T06:04:44
9832,dqn,pool:gen_006,1,0.4375,-0.6875,64,2026-06-01T06:04:48
9833,pool:gen_008,dqn,2,0.4125,1.4250,64,2026-06-01T06:04:51
9834,dqn,pool:gen_006,1,0.4250,-0.6625,64,2026-06-01T06:04:55
9835,self,dqn,2,0.2125,1.3250,64,2026-06-01T06:04:59
9836,dqn,pool:gen_008,2,0.3250,1.3250,64,2026-06-01T06:05:03
9837,random,dqn,2,0.2000,1.8000,64,2026-06-01T06:05:06
9838,dqn,self,1,0.5125,-0.5500,64,2026-06-01T06:05:10
9839,self,dqn,1,0.7125,-0.5000,64,2026-06-01T06:05:13
9840,dqn,self,1,0.4000,-0.7500,64,2026-06-01T06:05:16
9841,pool:gen_008,dqn,2,0.2750,1.4125,64,2026-06-01T06:05:20
9842,dqn,pool:gen_005,1,0.4125,-0.7250,64,2026-06-01T06:05:25
9843,pool:gen_004,dqn,2,0.5875,1.8625,64,2026-06-01T06:05:29
9844,dqn,self,1,0.4750,-0.5875,64,2026-06-01T06:05:33
9845,pool:gen_008,dqn,2,0.1875,1.3750,64,2026-06-01T06:05:38
9846,dqn,pool:gen_009,1,0.6500,-0.6500,64,2026-06-01T06:05:43
9847,random,dqn,2,0.3750,2.2875,64,2026-06-01T06:05:48
9848,dqn,pool:gen_006,1,0.4750,-0.7125,64,2026-06-01T06:05:53
9849,heuristic,dqn,2,0.7375,1.9625,64,2026-06-01T06:05:58
9850,dqn,pool:gen_005,1,0.4500,-0.8625,64,2026-06-01T06:06:04
9851,self,dqn,1,0.5625,-0.6500,64,2026-06-01T06:06:09
9852,dqn,self,1,0.6125,-0.6375,64,2026-06-01T06:06:14
9853,pool:gen_008,dqn,1,0.5250,-0.7500,64,2026-06-01T06:06:19
9854,dqn,self,2,0.7250,1.6625,64,2026-06-01T06:06:24
9855,self,dqn,2,0.4875,1.5375,64,2026-06-01T06:06:28
9856,dqn,pool:gen_009,1,0.5000,-0.6750,64,2026-06-01T06:06:33
9857,self,dqn,2,0.3750,1.6125,64,2026-06-01T06:06:40
9858,dqn,self,1,0.5875,-0.6375,64,2026-06-01T06:06:46
9859,pool:gen_008,dqn,1,0.3875,-0.6250,64,2026-06-01T06:06:53
9860,dqn,pool:gen_008,1,0.4250,-0.7250,64,2026-06-01T06:06:58
9861,self,dqn,1,0.5000,-0.5500,64,2026-06-01T06:07:04
9862,dqn,pool:gen_008,1,0.3625,-0.7250,64,2026-06-01T06:07:10
9863,pool:gen_006,dqn,2,0.4000,1.5125,64,2026-06-01T06:07:17
9864,dqn,pool:gen_007,2,0.3625,1.5125,64,2026-06-01T06:07:23
9865,pool:gen_009,dqn,2,0.4875,1.5000,64,2026-06-01T06:07:31
9866,dqn,pool:gen_007,2,0.3250,1.5000,64,2026-06-01T06:07:36
9867,self,dqn,1,0.8375,-0.2750,64,2026-06-01T06:07:42
9868,dqn,pool:gen_002,2,0.3750,1.4000,64,2026-06-01T06:07:47
9869,pool:gen_004,dqn,1,0.6250,-0.5750,64,2026-06-01T06:07:53
9870,dqn,pool:gen_007,2,0.3625,1.4625,64,2026-06-01T06:07:58
9871,self,dqn,2,0.5000,1.6500,64,2026-06-01T06:08:03
9872,dqn,random,1,0.6125,-0.7875,64,2026-06-01T06:08:08
9873,self,dqn,1,0.5250,-0.7125,64,2026-06-01T06:08:14
9874,dqn,self,1,0.8875,-0.2750,64,2026-06-01T06:08:19
9875,pool:gen_001,dqn,2,0.3375,1.5125,64,2026-06-01T06:08:24
9876,dqn,self,1,0.3750,-0.6875,64,2026-06-01T06:08:33
9877,self,dqn,1,0.7875,-0.6500,64,2026-06-01T06:08:38
9878,dqn,pool:gen_007,2,0.4125,1.4250,64,2026-06-01T06:08:43
9879,pool:gen_005,dqn,2,0.4000,1.5125,64,2026-06-01T06:08:50
9880,dqn,pool:gen_004,1,0.4250,-0.7750,64,2026-06-01T06:08:56
9881,self,dqn,2,0.2750,1.5000,64,2026-06-01T06:09:01
9882,dqn,self,1,0.6750,-0.6000,64,2026-06-01T06:09:07
9883,pool:gen_009,dqn,2,0.3000,1.5625,64,2026-06-01T06:09:12
9884,dqn,heuristic,1,1.5000,-0.2250,64,2026-06-01T06:09:17
9885,self,dqn,1,0.5250,-0.5000,64,2026-06-01T06:09:22
9886,dqn,pool:gen_005,1,0.6375,-0.6500,64,2026-06-01T06:09:28
9887,self,dqn,1,0.4375,-0.8125,64,2026-06-01T06:09:34
9888,dqn,self,2,0.4750,1.5125,64,2026-06-01T06:09:38
9889,self,dqn,1,0.7625,-0.6250,64,2026-06-01T06:09:44
9890,dqn,pool:gen_007,2,0.3750,1.5250,64,2026-06-01T06:09:49
9891,self,dqn,1,0.8875,-0.5250,64,2026-06-01T06:09:54
9892,dqn,pool:gen_007,1,0.5625,-0.5750,64,2026-06-01T06:10:00
9893,pool:gen_005,dqn,2,0.3000,1.5000,64,2026-06-01T06:10:05
9894,dqn,pool:gen_005,1,0.5000,-0.6875,64,2026-06-01T06:10:13
9895,heuristic,dqn,2,0.5250,1.7125,64,2026-06-01T06:10:19
9896,dqn,self,1,0.6375,-0.8125,64,2026-06-01T06:10:26
9897,random,dqn,2,0.5125,1.9125,64,2026-06-01T06:10:31
9898,dqn,self,1,0.4875,-0.5250,64,2026-06-01T06:10:37
9899,self,dqn,1,0.4875,-0.5500,64,2026-06-01T06:10:44
9900,dqn,pool:gen_007,2,0.3500,1.6000,64,2026-06-01T06:10:51
9901,pool:gen_007,dqn,1,0.6000,-0.7125,64,2026-06-01T06:21:41
9902,dqn,self,1,0.5750,-0.6125,64,2026-06-01T06:21:47
9903,pool:gen_008,dqn,1,0.5250,-0.6250,64,2026-06-01T06:21:54
9904,dqn,self,1,0.3000,-0.7375,64,2026-06-01T06:22:00
9905,self,dqn,1,0.8875,-0.6000,64,2026-06-01T06:22:05
9906,dqn,self,2,0.5250,1.5000,64,2026-06-01T06:22:12
9907,self,dqn,2,0.4375,1.4375,64,2026-06-01T06:22:33
9908,dqn,self,1,0.4000,-0.7125,64,2026-06-01T06:22:48
9909,pool:gen_009,dqn,1,0.5125,-0.7000,64,2026-06-01T06:23:02
9910,dqn,pool:gen_008,2,0.6250,1.6750,64,2026-06-01T06:23:26
9911,pool:gen_005,dqn,2,0.4375,1.8250,64,2026-06-01T06:23:29
9912,dqn,pool:gen_006,1,0.8750,-0.7000,64,2026-06-01T06:23:32
9913,self,dqn,2,0.3250,1.5375,64,2026-06-01T06:23:35
9914,dqn,self,2,0.4625,1.7125,64,2026-06-01T06:23:38
9915,self,dqn,1,0.5750,-0.6250,64,2026-06-01T06:23:41
9916,dqn,pool:gen_008,2,0.3000,1.4875,64,2026-06-01T06:23:44
9917,self,dqn,2,0.2750,1.5125,64,2026-06-01T06:23:47
9918,dqn,self,2,0.4000,1.5625,64,2026-06-01T06:23:50
9919,pool:gen_004,dqn,2,0.4750,1.7375,64,2026-06-01T06:23:53
9920,dqn,pool:gen_006,1,0.6125,-0.7500,64,2026-06-01T06:23:56
9921,self,dqn,2,0.3125,1.5250,64,2026-06-01T06:23:59
9922,dqn,self,2,0.3375,1.5000,64,2026-06-01T06:24:02
9923,pool:gen_006,dqn,2,0.4000,1.4750,64,2026-06-01T06:24:06
9924,dqn,pool:gen_008,2,0.3750,1.5750,64,2026-06-01T06:24:11
9925,self,dqn,2,0.3875,1.4125,64,2026-06-01T06:24:13
9926,dqn,self,2,0.5000,1.6875,64,2026-06-01T06:24:16
9927,self,dqn,1,0.8875,-0.7125,64,2026-06-01T06:24:19
9928,dqn,pool:gen_004,1,0.5125,-0.5250,64,2026-06-01T06:25:07
9929,random,dqn,2,0.2375,1.7875,64,2026-06-01T06:25:53
9930,dqn,pool:gen_005,1,0.6625,-0.7875,64,2026-06-01T06:26:32
9931,pool:gen_009,dqn,1,0.6750,-0.5000,64,2026-06-01T06:26:42
9932,dqn,pool:gen_009,2,0.5625,1.6625,64,2026-06-01T06:26:46
9933,random,dqn,2,0.3375,1.6250,64,2026-06-01T06:26:49
9934,dqn,self,1,0.4875,-0.7375,64,2026-06-01T06:26:52
9935,pool:gen_003,dqn,1,0.8250,-0.6750,64,2026-06-01T06:26:56
9936,dqn,self,2,0.6875,1.6750,64,2026-06-01T06:27:00
9937,self,dqn,2,0.3000,1.4750,64,2026-06-01T06:27:03
9938,dqn,self,1,0.5250,-0.6250,64,2026-06-01T06:27:09
9939,self,dqn,1,0.7250,-0.6625,64,2026-06-01T06:27:16
9940,dqn,heuristic,1,1.2125,-0.4375,64,2026-06-01T06:27:20
9941,pool:gen_007,dqn,1,0.6250,-0.7875,64,2026-06-01T06:27:24
9942,dqn,self,2,0.4750,1.5375,64,2026-06-01T06:27:29
9943,pool:gen_005,dqn,2,0.3500,1.4750,64,2026-06-01T06:27:36
9944,dqn,self,1,0.5500,-0.5625,64,2026-06-01T06:27:40
9945,self,dqn,1,0.3750,-0.7750,64,2026-06-01T06:27:47
9946,dqn,pool:gen_005,1,0.6250,-0.7875,64,2026-06-01T06:27:52
9947,pool:gen_006,dqn,2,0.4625,1.4500,64,2026-06-01T06:27:58
9948,dqn,heuristic,1,1.3750,-0.2875,64,2026-06-01T06:28:03
9949,pool:gen_007,dqn,1,0.5625,-0.7125,64,2026-06-01T06:28:07
9950,dqn,self,2,0.5000,1.6875,64,2026-06-01T06:28:13
9951,pool:gen_006,dqn,1,0.4875,-0.6625,64,2026-06-01T06:28:18
9952,dqn,pool:gen_006,1,0.5250,-0.5250,64,2026-06-01T06:28:23
9953,self,dqn,1,0.3875,-0.7000,64,2026-06-01T06:28:27
9954,dqn,pool:gen_008,2,0.4750,1.6250,64,2026-06-01T06:28:31
9955,pool:gen_005,dqn,2,0.3250,1.6000,64,2026-06-01T06:28:34
9956,dqn,self,1,0.2625,-0.8125,64,2026-06-01T06:28:38
9957,pool:gen_005,dqn,2,0.3875,1.6250,64,2026-06-01T06:28:42
9958,dqn,pool:gen_004,2,0.4625,1.4750,64,2026-06-01T06:28:46
9959,self,dqn,1,0.5750,-0.6500,64,2026-06-01T06:28:50
9960,dqn,pool:gen_003,2,0.3375,1.6000,64,2026-06-01T06:28:53
9961,pool:gen_005,dqn,2,0.4125,1.5875,64,2026-06-01T06:28:56
9962,dqn,random,1,0.9250,-0.6375,64,2026-06-01T06:29:00
9963,self,dqn,1,0.4750,-0.6000,64,2026-06-01T06:29:03
9964,dqn,heuristic,1,1.0500,-0.3375,64,2026-06-01T06:29:06
9965,pool:gen_008,dqn,1,0.8625,-0.6375,64,2026-06-01T06:29:09
9966,dqn,pool:gen_006,2,0.4750,1.5125,64,2026-06-01T06:29:13
9967,self,dqn,1,0.5750,-0.4875,64,2026-06-01T06:29:16
9968,dqn,self,2,0.5500,1.7375,64,2026-06-01T06:29:19
9969,self,dqn,2,0.4250,1.6125,64,2026-06-01T06:29:23
9970,dqn,pool:gen_003,2,0.3625,1.4000,64,2026-06-01T06:29:27
9971,pool:gen_001,dqn,1,0.7250,-0.6000,64,2026-06-01T06:29:31
9972,dqn,self,1,0.3625,-0.6875,64,2026-06-01T06:29:34
9973,self,dqn,1,0.4875,-0.7250,64,2026-06-01T06:29:40
9974,dqn,heuristic,1,1.1250,-0.4375,64,2026-06-01T06:29:44
9975,self,dqn,2,0.2250,1.4000,64,2026-06-01T06:29:50
9976,dqn,random,1,0.7750,-0.6500,64,2026-06-01T06:29:54
9977,pool:gen_008,dqn,1,0.5625,-0.7125,64,2026-06-01T06:29:59
9978,dqn,self,2,0.3625,1.3875,64,2026-06-01T06:30:05
9979,self,dqn,1,0.4625,-0.6250,64,2026-06-01T06:30:10
9980,dqn,pool:gen_006,1,0.5375,-0.4750,64,2026-06-01T06:30:16
9981,self,dqn,2,0.5500,1.6250,64,2026-06-01T06:30:21
9982,dqn,pool:gen_006,1,0.5250,-0.5000,64,2026-06-01T06:30:26
9983,pool:gen_004,dqn,2,0.3250,1.4750,64,2026-06-01T06:30:31
9984,dqn,pool:gen_006,1,0.5375,-0.5250,64,2026-06-01T06:30:36
9985,pool:gen_007,dqn,1,0.3500,-0.8500,64,2026-06-01T06:30:42
9986,dqn,self,2,0.4000,1.5625,64,2026-06-01T06:30:47
9987,pool:gen_005,dqn,1,0.6000,-0.4000,64,2026-06-01T06:30:52
9988,dqn,self,2,0.3500,1.4250,64,2026-06-01T06:30:56
9989,pool:gen_003,dqn,1,0.6375,-0.3875,64,2026-06-01T06:31:01
9990,dqn,self,1,0.4375,-0.7250,64,2026-06-01T06:31:07
9991,self,dqn,2,0.3125,1.3875,64,2026-06-01T06:31:11
9992,dqn,random,1,0.9375,-0.7500,64,2026-06-01T06:31:16
9993,self,dqn,2,0.5500,1.5500,64,2026-06-01T06:31:22
9994,dqn,self,2,0.5750,1.6250,64,2026-06-01T06:31:27
9995,pool:gen_007,dqn,1,0.6000,-0.7125,64,2026-06-01T06:31:33
9996,dqn,pool:gen_009,2,0.3000,1.5000,64,2026-06-01T06:31:39
9997,pool:gen_009,dqn,1,0.4625,-0.6625,64,2026-06-01T06:31:45
9998,dqn,heuristic,1,1.6125,-0.2375,64,2026-06-01T06:31:50
9999,pool:gen_008,dqn,1,0.7375,-0.5250,64,2026-06-01T06:31:55
