game_idx,p1_label,p2_label,winner,p1_reward_sum,p2_reward_sum,episode_length,timestamp
14000,dqn,random,1,2.2523,-2.0172,64,2026-06-06T21:28:54
14001,self,dqn,2,-0.7920,2.3266,64,2026-06-06T21:39:20
14002,dqn,self,2,-1.2251,3.1187,64,2026-06-06T21:39:20
14003,pool:gen_001,dqn,2,-0.8910,2.4133,64,2026-06-06T21:39:20
14004,dqn,random,1,1.7202,-1.6583,64,2026-06-06T21:39:22
14005,pool:gen_001,dqn,2,-0.6682,2.8588,64,2026-06-06T21:39:23
14006,dqn,pool:gen_001,2,-0.4207,2.5865,64,2026-06-06T21:39:25
14007,pool:gen_001,dqn,1,1.5717,-1.8811,64,2026-06-06T21:39:26
14008,dqn,self,1,1.7449,-1.7449,64,2026-06-06T21:39:28
14009,self,dqn,1,1.4727,-1.7573,64,2026-06-06T21:39:29
14010,dqn,pool:gen_001,2,-0.7920,2.5865,64,2026-06-06T21:39:31
14011,heuristic,dqn,2,-0.3464,2.9949,64,2026-06-06T21:39:32
14012,dqn,self,1,1.5469,-1.6831,64,2026-06-06T21:39:34
14013,pool:gen_001,dqn,1,2.0419,-1.9677,64,2026-06-06T21:39:35
14014,dqn,self,1,1.5840,-1.7202,64,2026-06-06T21:39:37
14015,self,dqn,1,1.7449,-1.5964,64,2026-06-06T21:39:38
14016,dqn,heuristic,1,2.4875,-1.4479,64,2026-06-06T21:39:39
14017,heuristic,dqn,2,-0.5073,3.2053,64,2026-06-06T21:39:41
14018,dqn,self,1,1.3860,-1.6954,64,2026-06-06T21:39:42
14019,self,dqn,2,-0.9033,2.7722,64,2026-06-06T21:39:44
14020,dqn,self,2,-0.5321,2.5123,64,2026-06-06T21:39:45
14021,self,dqn,2,-0.6558,2.3514,64,2026-06-06T21:39:47
14022,dqn,self,1,1.6336,-1.6336,64,2026-06-06T21:39:48
14023,pool:gen_001,dqn,1,2.2152,-2.0914,64,2026-06-06T21:39:50
14024,dqn,pool:gen_001,2,-1.0147,3.5147,64,2026-06-06T21:39:51
14025,self,dqn,1,1.6707,-2.0048,64,2026-06-06T21:39:53
14026,dqn,pool:gen_001,2,-1.0147,3.5518,64,2026-06-06T21:39:54
14027,self,dqn,2,-0.7796,2.8217,64,2026-06-06T21:39:56
14028,dqn,pool:gen_001,2,-1.2375,3.7746,64,2026-06-06T21:39:57
14029,self,dqn,2,-0.7301,2.7227,64,2026-06-06T21:39:59
14030,dqn,pool:gen_001,2,-1.6582,4.7646,64,2026-06-06T21:40:01
14031,self,dqn,2,-0.6187,2.4256,64,2026-06-06T21:40:02
14032,dqn,pool:gen_001,2,-1.2993,4.1211,64,2026-06-06T21:40:04
14033,self,dqn,2,-0.6558,2.6855,64,2026-06-06T21:40:06
14034,dqn,pool:gen_001,2,-1.2993,4.1211,64,2026-06-06T21:40:07
14035,heuristic,dqn,1,1.7573,-1.9553,64,2026-06-06T21:40:08
14036,dqn,pool:gen_001,2,-1.0518,3.5518,64,2026-06-06T21:40:10
14037,self,dqn,2,-0.5816,2.4628,64,2026-06-06T21:40:11
14038,dqn,pool:gen_001,2,-1.1632,3.8860,64,2026-06-06T21:40:13
14039,heuristic,dqn,2,-0.4331,2.6484,64,2026-06-06T21:40:14
14040,dqn,self,1,1.4603,-1.5469,64,2026-06-06T21:40:16
14041,self,dqn,2,-0.4454,2.4875,64,2026-06-06T21:40:17
14042,dqn,self,2,-1.0519,2.4751,64,2026-06-06T21:40:19
14043,pool:gen_001,dqn,1,2.6855,-2.1038,64,2026-06-06T21:40:20
14044,dqn,self,1,1.7078,-1.8563,64,2026-06-06T21:40:22
14045,pool:gen_001,dqn,1,3.2300,-2.3389,64,2026-06-06T21:40:23
14046,dqn,heuristic,2,-0.6434,3.4033,64,2026-06-06T21:40:25
14047,pool:gen_001,dqn,1,3.0196,-2.2152,64,2026-06-06T21:40:26
14048,dqn,pool:gen_001,2,-1.0889,4.2944,64,2026-06-06T21:40:28
14049,self,dqn,2,-0.2598,2.3019,64,2026-06-06T21:40:29
14050,dqn,self,2,-1.3736,4.1211,64,2026-06-06T21:40:31
14051,self,dqn,2,-0.8415,2.4628,64,2026-06-06T21:40:32
14052,dqn,self,1,2.9825,-2.4751,64,2026-06-06T21:40:34
14053,self,dqn,1,1.7326,-1.7944,64,2026-06-06T21:40:35
14054,dqn,self,1,1.7202,-1.5840,64,2026-06-06T21:40:37
14055,self,dqn,2,-0.5816,2.3885,64,2026-06-06T21:40:38
14056,dqn,heuristic,2,-0.3093,2.8464,64,2026-06-06T21:40:40
14057,pool:gen_001,dqn,1,2.6731,-1.9305,64,2026-06-06T21:40:41
14058,dqn,pool:gen_001,2,-0.9033,3.7003,64,2026-06-06T21:40:43
14059,random,dqn,2,-0.7301,2.7969,64,2026-06-06T21:40:44
14060,dqn,self,1,1.5717,-1.9182,64,2026-06-06T21:40:46
14061,random,dqn,2,-0.5816,2.3885,64,2026-06-06T21:40:47
14062,dqn,heuristic,1,2.0791,-1.2251,64,2026-06-06T21:40:48
14063,pool:gen_001,dqn,1,2.6484,-2.0295,64,2026-06-06T21:40:50
14064,dqn,pool:gen_001,2,-0.5568,3.5271,64,2026-06-06T21:40:51
14065,pool:gen_001,dqn,1,2.7969,-2.1038,64,2026-06-06T21:40:53
14066,dqn,random,1,2.2028,-2.2895,64,2026-06-06T21:40:54
14067,pool:gen_001,dqn,1,2.7350,-2.3142,64,2026-06-06T21:40:56
14068,dqn,pool:gen_001,2,-0.7424,3.2672,64,2026-06-06T21:40:57
14069,pool:gen_001,dqn,1,2.5122,-1.9429,64,2026-06-06T21:40:59
14070,dqn,self,1,1.6707,-1.8563,64,2026-06-06T21:41:00
14071,pool:gen_001,dqn,1,2.1905,-1.4850,64,2026-06-06T21:41:02
14072,dqn,pool:gen_001,2,-0.9776,3.3291,64,2026-06-06T21:41:03
14073,self,dqn,2,-0.5197,2.5247,64,2026-06-06T21:41:05
14074,dqn,pool:gen_001,2,-1.1508,3.5642,64,2026-06-06T21:41:06
14075,self,dqn,1,1.7944,-1.9924,64,2026-06-06T21:41:08
14076,dqn,pool:gen_001,2,-1.1508,3.5271,64,2026-06-06T21:41:09
14077,pool:gen_001,dqn,1,2.3637,-1.9801,64,2026-06-06T21:41:11
14078,dqn,pool:gen_001,2,-1.1385,3.3909,64,2026-06-06T21:41:12
14079,self,dqn,2,-0.6930,2.5370,64,2026-06-06T21:41:14
14080,dqn,pool:gen_001,2,-0.9528,3.1682,64,2026-06-06T21:41:15
14081,pool:gen_001,dqn,1,2.0667,-1.8687,64,2026-06-06T21:41:17
14082,dqn,self,1,2.0791,-2.1905,64,2026-06-06T21:41:18
14083,pool:gen_001,dqn,1,1.9924,-1.9429,64,2026-06-06T21:41:20
14084,dqn,pool:gen_001,2,-0.9033,3.1063,64,2026-06-06T21:41:21
14085,self,dqn,2,-0.3093,2.3266,64,2026-06-06T21:41:23
14086,dqn,pool:gen_001,2,-1.1013,3.2053,64,2026-06-06T21:41:24
14087,pool:gen_001,dqn,1,2.2647,-2.1162,64,2026-06-06T21:41:26
14088,dqn,pool:gen_001,2,-1.1137,3.2301,64,2026-06-06T21:41:27
14089,pool:gen_001,dqn,1,2.2895,-2.1286,64,2026-06-06T21:41:29
14090,dqn,self,1,2.1533,-2.0048,64,2026-06-06T21:41:30
14091,pool:gen_001,dqn,1,2.3761,-2.1904,64,2026-06-06T21:41:32
14092,dqn,self,2,-0.6187,2.3885,64,2026-06-06T21:41:33
14093,self,dqn,2,-0.6806,2.5123,64,2026-06-06T21:41:35
14094,dqn,pool:gen_001,2,-0.9652,3.0073,64,2026-06-06T21:41:37
14095,pool:gen_001,dqn,1,2.0419,-1.9306,64,2026-06-06T21:41:38
14096,dqn,random,1,1.4727,-1.6459,64,2026-06-06T21:41:40
14097,self,dqn,1,2.0543,-2.1038,64,2026-06-06T21:41:41
14098,dqn,self,1,1.4850,-1.7449,64,2026-06-06T21:41:43
14099,pool:gen_001,dqn,1,2.2771,-2.1781,64,2026-06-06T21:41:44
14100,dqn,self,1,1.3737,-1.7449,64,2026-06-06T21:41:46
14101,pool:gen_001,dqn,1,2.5493,-2.3885,64,2026-06-06T21:52:10
14102,dqn,self,2,-0.5568,2.3761,64,2026-06-06T21:52:12
14103,pool:gen_001,dqn,1,1.7697,-1.8316,64,2026-06-06T21:52:14
14104,dqn,self,1,1.9182,-2.0172,64,2026-06-06T21:52:16
14105,random,dqn,2,-0.6558,2.7227,64,2026-06-06T21:52:18
14106,dqn,pool:gen_001,1,1.7078,-1.5222,64,2026-06-06T21:52:20
14107,pool:gen_001,dqn,1,1.8068,-1.7202,64,2026-06-06T21:52:22
14108,dqn,self,2,-0.5692,2.3638,64,2026-06-06T21:52:24
14109,pool:gen_001,dqn,1,1.8439,-1.9801,64,2026-06-06T21:52:26
14110,dqn,pool:gen_001,1,1.4727,-1.6088,64,2026-06-06T21:52:28
14111,heuristic,dqn,2,-0.0247,2.7598,64,2026-06-06T21:52:29
14112,dqn,pool:gen_001,2,-0.7053,2.7845,64,2026-06-06T21:52:31
14113,self,dqn,1,1.8563,-1.7821,64,2026-06-06T21:52:33
14114,dqn,self,2,-0.8167,2.6732,64,2026-06-06T21:52:35
14115,self,dqn,2,-0.6930,2.3514,64,2026-06-06T21:52:37
14116,dqn,self,1,2.2523,-1.8687,64,2026-06-06T21:52:39
14117,pool:gen_001,dqn,2,-0.6806,2.5494,64,2026-06-06T21:52:41
14118,dqn,pool:gen_001,1,1.6459,-1.6954,64,2026-06-06T21:52:43
14119,pool:gen_001,dqn,2,-0.6929,2.8712,64,2026-06-06T21:52:45
14120,dqn,pool:gen_001,2,-0.6806,2.9949,64,2026-06-06T21:52:47
14121,self,dqn,1,1.9677,-1.7821,64,2026-06-06T21:52:49
14122,dqn,pool:gen_001,2,-0.6434,2.9578,64,2026-06-06T21:52:51
14123,random,dqn,2,-0.8415,2.8340,64,2026-06-06T21:52:53
14124,dqn,self,1,1.7573,-1.9553,64,2026-06-06T21:52:54
14125,pool:gen_001,dqn,1,1.4108,-1.5964,64,2026-06-06T21:52:56
14126,dqn,pool:gen_001,1,1.7944,-1.8811,64,2026-06-06T21:52:58
14127,self,dqn,2,-0.6806,2.6608,64,2026-06-06T21:53:00
14128,dqn,self,2,-0.6682,2.3019,64,2026-06-06T21:53:02
14129,self,dqn,2,-0.6682,2.5989,64,2026-06-06T21:53:04
14130,dqn,pool:gen_001,1,1.4603,-1.7697,64,2026-06-06T21:53:06
14131,self,dqn,1,1.9306,-1.9677,64,2026-06-06T21:53:08
14132,dqn,random,1,3.0073,-2.2647,64,2026-06-06T21:53:10
14133,pool:gen_001,dqn,2,-0.4702,2.4999,64,2026-06-06T21:53:11
14134,dqn,random,1,3.0691,-2.5369,64,2026-06-06T21:53:13
14135,self,dqn,1,1.9429,-1.8811,64,2026-06-06T21:53:15
14136,dqn,self,1,1.5964,-1.4479,64,2026-06-06T21:53:17
14137,self,dqn,1,1.7449,-1.8563,64,2026-06-06T21:53:19
14138,dqn,pool:gen_001,1,2.1162,-2.0048,64,2026-06-06T21:53:21
14139,pool:gen_001,dqn,2,-0.8538,3.0444,64,2026-06-06T21:53:23
14140,dqn,self,2,-0.7548,2.4751,64,2026-06-06T21:53:25
14141,self,dqn,1,1.9553,-1.8687,64,2026-06-06T21:53:26
14142,dqn,self,1,2.2152,-1.9429,64,2026-06-06T21:53:28
14143,self,dqn,2,-0.6806,2.5865,64,2026-06-06T21:53:30
14144,dqn,random,1,2.7845,-2.3018,64,2026-06-06T21:53:32
14145,pool:gen_001,dqn,2,-0.9281,3.2301,64,2026-06-06T21:53:34
14146,dqn,pool:gen_001,1,2.3266,-2.0543,64,2026-06-06T21:53:36
14147,pool:gen_001,dqn,2,-0.9033,3.1063,64,2026-06-06T21:53:38
14148,dqn,pool:gen_001,1,2.2400,-1.9924,64,2026-06-06T21:53:39
14149,pool:gen_001,dqn,2,-0.8662,2.9207,64,2026-06-06T21:53:41
14150,dqn,self,1,1.7449,-1.5964,64,2026-06-06T21:53:43
14151,self,dqn,1,2.2399,-2.3637,64,2026-06-06T21:53:45
14152,dqn,self,2,-0.8167,2.8588,64,2026-06-06T21:53:47
14153,pool:gen_001,dqn,2,-0.9528,3.1311,64,2026-06-06T21:53:49
14154,dqn,heuristic,1,3.2919,-1.9429,64,2026-06-06T21:53:51
14155,self,dqn,2,-0.5940,2.5989,64,2026-06-06T21:53:53
14156,dqn,pool:gen_001,1,2.2028,-1.9553,64,2026-06-06T21:53:55
14157,random,dqn,2,-1.1632,3.3291,64,2026-06-06T21:53:56
14158,dqn,pool:gen_001,1,2.1162,-2.0048,64,2026-06-06T21:53:58
14159,pool:gen_001,dqn,2,-0.9281,3.0816,64,2026-06-06T21:54:00
14160,dqn,pool:gen_001,1,2.3018,-2.0419,64,2026-06-06T21:54:02
14161,random,dqn,2,-0.7053,3.0073,64,2026-06-06T21:54:04
14162,dqn,heuristic,1,3.7746,-2.0171,64,2026-06-06T21:54:06
14163,heuristic,dqn,2,-0.6063,3.2548,64,2026-06-06T21:54:08
14164,dqn,pool:gen_001,1,2.2152,-1.9801,64,2026-06-06T21:54:10
14165,pool:gen_001,dqn,2,-1.0890,3.4404,64,2026-06-06T21:54:12
14166,dqn,self,2,-0.7425,2.5989,64,2026-06-06T21:54:14
14167,self,dqn,2,-0.5321,2.4751,64,2026-06-06T21:54:16
14168,dqn,pool:gen_001,1,2.0543,-1.9924,64,2026-06-06T21:54:18
14169,pool:gen_001,dqn,2,-0.6311,2.7103,64,2026-06-06T21:54:20
14170,dqn,pool:gen_001,1,1.6336,-1.5964,64,2026-06-06T21:54:22
14171,pool:gen_001,dqn,2,-0.8167,2.7103,64,2026-06-06T21:54:24
14172,dqn,pool:gen_001,1,1.9429,-1.7697,64,2026-06-06T21:54:26
14173,self,dqn,2,-1.0518,2.9949,64,2026-06-06T21:54:28
14174,dqn,pool:gen_001,1,2.1657,-2.1038,64,2026-06-06T21:54:30
14175,self,dqn,1,1.8811,-1.3489,64,2026-06-06T21:54:32
14176,dqn,self,1,1.9924,-1.9429,64,2026-06-06T21:54:34
14177,pool:gen_001,dqn,2,-0.8662,2.6979,64,2026-06-06T21:54:36
14178,dqn,pool:gen_001,1,1.8563,-1.8934,64,2026-06-06T21:54:38
14179,pool:gen_001,dqn,2,-0.8415,2.7969,64,2026-06-06T21:54:40
14180,dqn,self,2,-0.3464,2.4009,64,2026-06-06T21:54:42
14181,self,dqn,1,1.7325,-2.0915,64,2026-06-06T21:54:44
14182,dqn,self,1,1.5964,-1.4108,64,2026-06-06T21:54:45
14183,heuristic,dqn,2,-0.6682,3.8241,64,2026-06-06T21:54:47
14184,dqn,pool:gen_001,1,1.9429,-1.8439,64,2026-06-06T21:54:49
14185,self,dqn,1,1.5964,-1.5593,64,2026-06-06T21:54:51
14186,dqn,random,1,3.4899,-2.6359,64,2026-06-06T21:54:53
14187,self,dqn,2,-0.5073,2.3143,64,2026-06-06T21:54:55
14188,dqn,self,2,-0.6063,2.5123,64,2026-06-06T21:54:56
14189,pool:gen_001,dqn,2,-0.9281,2.8588,64,2026-06-06T21:54:58
14190,dqn,self,1,1.5964,-1.9306,64,2026-06-06T21:55:00
14191,self,dqn,1,1.6459,-1.7326,64,2026-06-06T21:55:02
14192,dqn,random,1,3.1557,-2.7102,64,2026-06-06T21:55:04
14193,pool:gen_001,dqn,2,-1.0024,2.7474,64,2026-06-06T21:55:06
14194,dqn,pool:gen_001,1,1.9801,-2.0667,64,2026-06-06T21:55:08
14195,self,dqn,2,-0.4949,2.7722,64,2026-06-06T21:55:09
14196,dqn,heuristic,1,3.0320,-2.2028,64,2026-06-06T21:55:11
14197,pool:gen_001,dqn,2,-0.9405,2.6608,64,2026-06-06T21:55:13
14198,dqn,self,2,-0.4826,2.2276,64,2026-06-06T21:55:15
14199,pool:gen_001,dqn,2,-0.6930,2.4999,64,2026-06-06T21:55:17
14200,dqn,self,2,-0.5073,2.4256,64,2026-06-06T21:55:19
14201,pool:gen_001,dqn,2,-0.7301,2.5370,64,2026-06-06T22:06:34
14202,dqn,self,1,1.8687,-1.7697,64,2026-06-06T22:06:35
14203,heuristic,dqn,2,-0.5939,3.8241,64,2026-06-06T22:06:37
14204,dqn,self,1,1.7325,-2.0543,64,2026-06-06T22:06:39
14205,self,dqn,1,1.7202,-1.7697,64,2026-06-06T22:06:41
14206,dqn,pool:gen_001,1,1.5717,-1.7697,64,2026-06-06T22:06:43
14207,pool:gen_001,dqn,2,-0.9776,2.6979,64,2026-06-06T22:06:45
14208,dqn,self,2,-0.8910,2.5618,64,2026-06-06T22:06:46
14209,self,dqn,1,1.4850,-1.7449,64,2026-06-06T22:06:48
14210,dqn,self,2,-0.8910,2.5989,64,2026-06-06T22:06:50
14211,pool:gen_001,dqn,2,-1.0023,2.7845,64,2026-06-06T22:06:52
14212,dqn,self,1,1.4850,-1.7449,64,2026-06-06T22:06:54
14213,pool:gen_001,dqn,2,-0.9281,2.7474,64,2026-06-06T22:06:56
14214,dqn,pool:gen_001,1,2.0296,-2.2028,64,2026-06-06T22:06:58
14215,self,dqn,1,1.3242,-1.6831,64,2026-06-06T22:06:59
14216,dqn,self,2,-0.6806,2.7722,64,2026-06-06T22:07:01
14217,pool:gen_001,dqn,2,-1.0766,2.9702,64,2026-06-06T22:07:03
14218,dqn,heuristic,1,3.2424,-2.0667,64,2026-06-06T22:07:05
14219,self,dqn,1,1.8192,-1.4479,64,2026-06-06T22:07:07
14220,dqn,pool:gen_001,1,2.0791,-2.1905,64,2026-06-06T22:07:09
14221,random,dqn,2,-1.1508,3.3043,64,2026-06-06T22:07:10
14222,dqn,self,1,1.8192,-1.8192,64,2026-06-06T22:07:12
14223,pool:gen_001,dqn,2,-0.8291,2.6608,64,2026-06-06T22:07:14
14224,dqn,self,2,-0.6063,2.4751,64,2026-06-06T22:07:16
14225,self,dqn,1,1.8192,-1.8192,64,2026-06-06T22:07:18
14226,dqn,self,1,1.8192,-1.5964,64,2026-06-06T22:07:20
14227,pool:gen_001,dqn,2,-0.7920,2.6237,64,2026-06-06T22:07:22
14228,dqn,self,1,1.4850,-1.7078,64,2026-06-06T22:07:23
14229,self,dqn,2,-0.5321,2.4751,64,2026-06-06T22:07:25
14230,dqn,pool:gen_001,1,2.0914,-2.1781,64,2026-06-06T22:07:27
14231,random,dqn,2,-1.2127,3.9479,64,2026-06-06T22:07:29
14232,dqn,pool:gen_001,1,2.0048,-2.0791,64,2026-06-06T22:07:31
14233,self,dqn,1,1.4974,-1.8811,64,2026-06-06T22:07:33
14234,dqn,self,2,-0.4826,2.5247,64,2026-06-06T22:07:34
14235,self,dqn,1,1.8316,-1.9924,64,2026-06-06T22:07:36
14236,dqn,pool:gen_001,1,1.7326,-1.9429,64,2026-06-06T22:07:38
14237,pool:gen_001,dqn,2,-0.8415,2.5370,64,2026-06-06T22:07:40
14238,dqn,self,2,-0.6558,2.2771,64,2026-06-06T22:07:42
14239,pool:gen_001,dqn,2,-0.6435,2.5865,64,2026-06-06T22:07:44
14240,dqn,pool:gen_001,1,2.0296,-1.9801,64,2026-06-06T22:07:46
14241,pool:gen_001,dqn,1,1.4974,-1.5098,64,2026-06-06T22:07:48
14242,dqn,self,2,-0.8786,2.4256,64,2026-06-06T22:07:50
14243,self,dqn,1,1.6212,-1.6459,64,2026-06-06T22:07:52
14244,dqn,self,2,-0.7548,2.8464,64,2026-06-06T22:07:53
14245,self,dqn,1,1.4603,-1.6954,64,2026-06-06T22:07:55
14246,dqn,self,2,-0.3836,2.6608,64,2026-06-06T22:07:57
14247,pool:gen_001,dqn,2,-0.7301,2.5741,64,2026-06-06T22:07:59
14248,dqn,pool:gen_001,1,1.6954,-1.8316,64,2026-06-06T22:08:01
14249,pool:gen_001,dqn,2,-0.7301,2.5741,64,2026-06-06T22:08:03
14250,dqn,pool:gen_001,1,1.6707,-1.8563,64,2026-06-06T22:08:05
14251,self,dqn,1,1.7449,-1.3365,64,2026-06-06T22:08:07
14252,dqn,heuristic,1,2.0667,-1.1261,64,2026-06-06T22:08:08
14253,self,dqn,2,-0.5816,2.2771,64,2026-06-06T22:08:10
14254,dqn,heuristic,1,2.4627,-1.4355,64,2026-06-06T22:08:12
14255,pool:gen_001,dqn,1,1.4603,-1.5098,64,2026-06-06T22:08:14
14256,dqn,pool:gen_001,1,1.8934,-1.9306,64,2026-06-06T22:08:16
14257,self,dqn,1,1.6212,-1.8687,64,2026-06-06T22:08:18
14258,dqn,pool:gen_001,1,1.5841,-1.6088,64,2026-06-06T22:08:20
14259,self,dqn,2,-0.5816,2.6855,64,2026-06-06T22:08:22
14260,dqn,pool:gen_001,1,1.5469,-1.6459,64,2026-06-06T22:08:24
14261,pool:gen_001,dqn,1,1.6335,-1.7821,64,2026-06-06T22:08:26
14262,dqn,self,1,1.7449,-1.8934,64,2026-06-06T22:08:27
14263,self,dqn,2,-0.6558,2.7598,64,2026-06-06T22:08:29
14264,dqn,self,2,-0.7796,2.5989,64,2026-06-06T22:08:31
14265,pool:gen_001,dqn,2,-0.4702,2.6484,64,2026-06-06T22:08:33
14266,dqn,pool:gen_001,1,1.8811,-1.7573,64,2026-06-06T22:08:35
14267,self,dqn,1,1.6088,-1.6954,64,2026-06-06T22:08:37
14268,dqn,pool:gen_001,1,1.6954,-1.6831,64,2026-06-06T22:08:39
14269,pool:gen_001,dqn,2,-0.6063,2.5865,64,2026-06-06T22:08:41
14270,dqn,pool:gen_001,1,1.6336,-1.6336,64,2026-06-06T22:08:42
14271,random,dqn,2,-0.9900,2.7969,64,2026-06-06T22:08:44
14272,dqn,self,1,1.6088,-1.5098,64,2026-06-06T22:08:46
14273,self,dqn,2,-0.9281,2.5989,64,2026-06-06T22:08:48
14274,dqn,pool:gen_001,1,1.4355,-1.6459,64,2026-06-06T22:08:50
14275,self,dqn,1,1.6954,-2.1286,64,2026-06-06T22:08:52
14276,dqn,self,1,1.8439,-1.8687,64,2026-06-06T22:08:54
14277,self,dqn,2,-0.6930,2.6484,64,2026-06-06T22:08:57
14278,dqn,self,1,1.8439,-2.0915,64,2026-06-06T22:08:59
14279,self,dqn,2,-0.6558,3.1682,64,2026-06-06T22:09:01
14280,dqn,self,2,-1.1880,3.2301,64,2026-06-06T22:09:04
14281,pool:gen_001,dqn,2,-0.3959,2.4628,64,2026-06-06T22:09:06
14282,dqn,pool:gen_001,1,1.7697,-1.7573,64,2026-06-06T22:09:08
14283,self,dqn,2,-0.5073,2.3514,64,2026-06-06T22:09:10
14284,dqn,pool:gen_001,1,1.9182,-1.7944,64,2026-06-06T22:09:13
14285,self,dqn,1,1.5964,-1.7449,64,2026-06-06T22:09:15
14286,dqn,self,2,-0.9281,2.5989,64,2026-06-06T22:09:17
14287,self,dqn,2,-0.8662,2.3638,64,2026-06-06T22:09:20
14288,dqn,pool:gen_001,1,1.6707,-1.6336,64,2026-06-06T22:09:22
14289,pool:gen_001,dqn,2,-0.6063,2.6237,64,2026-06-06T22:09:24
14290,dqn,pool:gen_001,1,1.9306,-1.6707,64,2026-06-06T22:09:27
14291,self,dqn,2,-0.6806,2.5865,64,2026-06-06T22:09:29
14292,dqn,self,2,-0.5568,2.4875,64,2026-06-06T22:09:31
14293,self,dqn,1,1.7078,-1.7078,64,2026-06-06T22:09:34
14294,dqn,pool:gen_001,1,1.9306,-1.6707,64,2026-06-06T22:09:36
14295,self,dqn,2,-0.9281,2.7474,64,2026-06-06T22:09:38
14296,dqn,pool:gen_001,2,-0.8167,2.9702,64,2026-06-06T22:09:41
14297,self,dqn,1,1.6583,-1.7202,64,2026-06-06T22:09:43
14298,dqn,pool:gen_001,2,-0.4949,2.6979,64,2026-06-06T22:09:45
14299,self,dqn,1,1.7820,-2.0791,64,2026-06-06T22:09:48
14300,dqn,self,2,-0.7053,2.6360,64,2026-06-06T22:09:50
14301,self,dqn,1,1.6707,-1.8192,64,2026-06-06T22:20:15
14302,dqn,pool:gen_001,2,-0.5940,2.6360,64,2026-06-06T22:20:17
14303,pool:gen_001,dqn,1,1.6583,-1.5717,64,2026-06-06T22:20:19
14304,dqn,random,1,3.1186,-2.6359,64,2026-06-06T22:20:21
14305,self,dqn,1,1.6088,-1.7326,64,2026-06-06T22:20:23
14306,dqn,heuristic,1,2.3142,-1.9182,64,2026-06-06T22:20:24
14307,self,dqn,1,1.8563,-2.2276,64,2026-06-06T22:20:26
14308,dqn,self,1,1.3737,-1.6707,64,2026-06-06T22:20:28
14309,pool:gen_001,dqn,2,-0.4949,2.5865,64,2026-06-06T22:20:30
14310,dqn,self,1,1.6954,-1.6831,64,2026-06-06T22:20:32
14311,pool:gen_001,dqn,2,-0.3959,2.6113,64,2026-06-06T22:20:34
14312,dqn,self,1,1.6954,-1.9429,64,2026-06-06T22:20:36
14313,pool:gen_001,dqn,1,1.8068,-1.8316,64,2026-06-06T22:20:38
14314,dqn,self,1,1.4355,-1.6088,64,2026-06-06T22:20:40
14315,self,dqn,1,1.5469,-1.7573,64,2026-06-06T22:20:41
14316,dqn,self,1,1.7078,-1.9306,64,2026-06-06T22:20:43
14317,self,dqn,1,1.4850,-2.0048,64,2026-06-06T22:20:45
14318,dqn,pool:gen_001,1,1.5964,-1.4850,64,2026-06-06T22:20:47
14319,pool:gen_001,dqn,1,1.5717,-1.3984,64,2026-06-06T22:20:49
14320,dqn,self,2,-0.5940,2.3761,64,2026-06-06T22:20:51
14321,pool:gen_001,dqn,1,1.5717,-1.4727,64,2026-06-06T22:20:53
14322,dqn,self,1,2.2028,-1.9924,64,2026-06-06T22:20:55
14323,self,dqn,1,1.8563,-2.0048,64,2026-06-06T22:20:57
14324,dqn,heuristic,1,1.6707,-1.4850,64,2026-06-06T22:20:58
14325,self,dqn,1,1.8192,-1.9306,64,2026-06-06T22:21:00
14326,dqn,pool:gen_001,2,-0.4454,2.4875,64,2026-06-06T22:21:03
14327,self,dqn,1,1.7078,-2.0791,64,2026-06-06T22:21:04
14328,dqn,pool:gen_001,1,1.5593,-1.5964,64,2026-06-06T22:21:06
14329,self,dqn,1,1.9182,-1.9058,64,2026-06-06T22:21:08
14330,dqn,self,1,1.7573,-1.8439,64,2026-06-06T22:21:10
14331,self,dqn,1,1.7821,-1.8563,64,2026-06-06T22:21:12
14332,dqn,self,1,1.8068,-2.0915,64,2026-06-06T22:21:14
14333,pool:gen_001,dqn,1,2.3761,-1.8192,64,2026-06-06T22:21:16
14334,dqn,pool:gen_001,2,-0.6435,2.6608,64,2026-06-06T22:21:18
14335,pool:gen_001,dqn,1,2.0172,-1.7325,64,2026-06-06T22:21:20
14336,dqn,self,2,-0.5816,2.3885,64,2026-06-06T22:21:22
14337,self,dqn,2,-1.1632,2.8093,64,2026-06-06T22:21:24
14338,dqn,self,2,-0.6311,2.4504,64,2026-06-06T22:21:26
14339,self,dqn,2,-0.7301,2.6855,64,2026-06-06T22:21:28
14340,dqn,self,1,1.6831,-1.8811,64,2026-06-06T22:21:30
14341,self,dqn,1,1.8192,-1.8934,64,2026-06-06T22:21:32
14342,dqn,self,2,-0.5444,2.6113,64,2026-06-06T22:21:33
14343,pool:gen_001,dqn,1,1.9924,-1.9429,64,2026-06-06T22:21:35
14344,dqn,pool:gen_001,2,-0.5568,2.5989,64,2026-06-06T22:21:37
14345,pool:gen_001,dqn,1,1.8934,-1.7449,64,2026-06-06T22:21:39
14346,dqn,self,2,-0.6558,2.5370,64,2026-06-06T22:21:41
14347,random,dqn,2,-1.0890,2.9578,64,2026-06-06T22:21:43
14348,dqn,pool:gen_001,2,-0.9033,3.5147,64,2026-06-06T22:21:45
14349,pool:gen_001,dqn,1,1.8439,-1.5345,64,2026-06-06T22:21:47
14350,dqn,self,1,2.0419,-2.1162,64,2026-06-06T22:21:49
14351,self,dqn,2,-0.4950,2.4752,64,2026-06-06T22:21:51
14352,dqn,random,1,1.8192,-2.0048,64,2026-06-06T22:21:53
14353,random,dqn,2,-1.0518,3.3291,64,2026-06-06T22:21:54
14354,dqn,self,1,1.8192,-2.0048,64,2026-06-06T22:21:56
14355,pool:gen_001,dqn,1,2.0667,-1.8687,64,2026-06-06T22:21:58
14356,dqn,pool:gen_001,1,1.6707,-1.5222,64,2026-06-06T22:22:00
14357,pool:gen_001,dqn,1,2.0048,-1.8192,64,2026-06-06T22:22:02
14358,dqn,pool:gen_001,1,1.8934,-1.7449,64,2026-06-06T22:22:04
14359,random,dqn,2,-1.1137,3.2672,64,2026-06-06T22:22:06
14360,dqn,self,1,1.7078,-1.8192,64,2026-06-06T22:22:08
14361,pool:gen_001,dqn,2,-0.7425,2.7474,64,2026-06-06T22:22:10
14362,dqn,pool:gen_001,2,-0.8043,2.8340,64,2026-06-06T22:22:12
14363,self,dqn,2,-1.0518,2.9207,64,2026-06-06T22:22:14
14364,dqn,pool:gen_001,1,1.6954,-1.7202,64,2026-06-06T22:22:16
14365,pool:gen_001,dqn,2,-0.7425,2.7474,64,2026-06-06T22:22:18
14366,dqn,self,1,1.9306,-1.4479,64,2026-06-06T22:22:20
14367,pool:gen_001,dqn,2,-0.4331,2.5742,64,2026-06-06T22:22:22
14368,dqn,pool:gen_001,1,1.8192,-1.7449,64,2026-06-06T22:22:24
14369,pool:gen_001,dqn,2,-0.6063,2.6237,64,2026-06-06T22:22:25
14370,dqn,self,1,1.5222,-1.7821,64,2026-06-06T22:22:27
14371,pool:gen_001,dqn,2,-0.5197,2.5618,64,2026-06-06T22:22:29
14372,dqn,self,2,-1.3489,3.2548,64,2026-06-06T22:22:31
14373,pool:gen_001,dqn,1,1.8316,-1.6212,64,2026-06-06T22:22:33
14374,dqn,self,2,-0.5940,2.3761,64,2026-06-06T22:22:35
14375,pool:gen_001,dqn,1,1.8811,-1.7202,64,2026-06-06T22:22:37
14376,dqn,pool:gen_001,2,-0.5197,2.8217,64,2026-06-06T22:22:39
14377,pool:gen_001,dqn,1,1.7944,-1.5840,64,2026-06-06T22:22:41
14378,dqn,self,1,2.2276,-1.7820,64,2026-06-06T22:22:43
14379,self,dqn,2,-0.6311,2.4875,64,2026-06-06T22:22:45
14380,dqn,pool:gen_001,2,-0.6311,2.8217,64,2026-06-06T22:22:47
14381,heuristic,dqn,2,-0.7053,3.2672,64,2026-06-06T22:22:48
14382,dqn,pool:gen_001,2,-0.5568,2.8217,64,2026-06-06T22:22:50
14383,self,dqn,2,-0.8910,2.3019,64,2026-06-06T22:22:52
14384,dqn,self,1,1.8316,-1.9182,64,2026-06-06T22:22:54
14385,pool:gen_001,dqn,1,2.1286,-1.7697,64,2026-06-06T22:22:56
14386,dqn,self,1,1.6336,-1.5964,64,2026-06-06T22:22:58
14387,self,dqn,2,-0.7053,2.7474,64,2026-06-06T22:23:00
14388,dqn,pool:gen_001,2,-0.5816,3.0197,64,2026-06-06T22:23:01
14389,self,dqn,1,1.4850,-1.8192,64,2026-06-06T22:23:03
14390,dqn,self,1,1.4974,-1.6954,64,2026-06-06T22:23:05
14391,pool:gen_001,dqn,1,2.5370,-1.9182,64,2026-06-06T22:23:07
14392,dqn,pool:gen_001,2,-0.9405,2.9949,64,2026-06-06T22:23:09
14393,self,dqn,2,-0.5816,2.3885,64,2026-06-06T22:23:11
14394,dqn,pool:gen_001,2,-0.7548,3.0321,64,2026-06-06T22:23:13
14395,pool:gen_001,dqn,1,2.2771,-1.8810,64,2026-06-06T22:23:15
14396,dqn,self,2,-0.5940,2.4133,64,2026-06-06T22:23:17
14397,pool:gen_001,dqn,1,1.9429,-1.6583,64,2026-06-06T22:23:19
14398,dqn,pool:gen_001,2,-0.6682,2.8588,64,2026-06-06T22:23:21
14399,self,dqn,2,-0.7053,2.5246,64,2026-06-06T22:23:23
14400,dqn,pool:gen_001,2,-0.7177,2.9949,64,2026-06-06T22:23:24
14401,self,dqn,1,1.6954,-1.9429,64,2026-06-06T22:34:59
14402,dqn,random,1,1.6831,-1.7697,64,2026-06-06T22:35:00
14403,self,dqn,1,1.5469,-1.9058,64,2026-06-06T22:35:02
14404,dqn,self,1,1.5717,-1.8811,64,2026-06-06T22:35:04
14405,pool:gen_001,dqn,1,2.0915,-1.6954,64,2026-06-06T22:35:06
14406,dqn,pool:gen_001,2,-0.6558,3.0197,64,2026-06-06T22:35:08
14407,pool:gen_001,dqn,1,2.0048,-1.6707,64,2026-06-06T22:35:10
14408,dqn,pool:gen_001,2,-0.7177,2.9578,64,2026-06-06T22:35:12
14409,self,dqn,1,1.4479,-1.6707,64,2026-06-06T22:35:13
14410,dqn,pool:gen_001,2,-0.6558,2.9454,64,2026-06-06T22:35:15
14411,pool:gen_001,dqn,1,1.8068,-1.6459,64,2026-06-06T22:35:17
14412,dqn,self,2,-0.4207,2.4380,64,2026-06-06T22:35:19
14413,pool:gen_001,dqn,1,2.3637,-1.8687,64,2026-06-06T22:35:21
14414,dqn,pool:gen_001,2,-0.7796,3.1929,64,2026-06-06T22:35:23
14415,random,dqn,1,1.7573,-1.9182,64,2026-06-06T22:35:25
14416,dqn,pool:gen_001,2,-0.6806,3.1434,64,2026-06-06T22:35:27
14417,random,dqn,2,-0.5692,2.6237,64,2026-06-06T22:35:28
14418,dqn,pool:gen_001,2,-0.6187,3.0568,64,2026-06-06T22:35:30
14419,pool:gen_001,dqn,1,2.0420,-1.6707,64,2026-06-06T22:35:32
14420,dqn,heuristic,1,1.5222,-1.4479,64,2026-06-06T22:35:34
14421,self,dqn,1,1.3489,-1.7326,64,2026-06-06T22:35:36
14422,dqn,self,2,-0.8786,2.7969,64,2026-06-06T22:35:38
14423,self,dqn,2,-0.8167,2.7103,64,2026-06-06T22:35:40
14424,dqn,self,1,1.7202,-1.7326,64,2026-06-06T22:35:42
14425,pool:gen_001,dqn,1,2.3142,-1.7697,64,2026-06-06T22:35:43
14426,dqn,heuristic,1,2.1533,-1.4850,64,2026-06-06T22:35:45
14427,pool:gen_001,dqn,1,1.8439,-1.4974,64,2026-06-06T22:35:47
14428,dqn,pool:gen_001,2,-0.5444,2.7969,64,2026-06-06T22:35:49
14429,pool:gen_001,dqn,1,2.3637,-2.0914,64,2026-06-06T22:35:51
14430,dqn,self,2,-0.8167,2.6732,64,2026-06-06T22:35:53
14431,pool:gen_001,dqn,1,2.0667,-1.6830,64,2026-06-06T22:35:55
14432,dqn,self,2,-0.6187,2.3143,64,2026-06-06T22:35:57
14433,self,dqn,2,-0.7425,2.4875,64,2026-06-06T22:35:59
14434,dqn,self,1,1.6459,-1.6954,64,2026-06-06T22:36:01
14435,self,dqn,2,-0.6435,2.4380,64,2026-06-06T22:36:03
14436,dqn,self,2,-0.8167,2.5618,64,2026-06-06T22:36:05
14437,pool:gen_001,dqn,1,2.2771,-2.0667,64,2026-06-06T22:36:07
14438,dqn,pool:gen_001,2,-0.6187,2.7969,64,2026-06-06T22:36:09
14439,self,dqn,2,-1.1261,2.6979,64,2026-06-06T22:36:11
14440,dqn,pool:gen_001,2,-0.9652,3.1558,64,2026-06-06T22:36:13
14441,pool:gen_001,dqn,1,2.3513,-1.9924,64,2026-06-06T22:36:15
14442,dqn,pool:gen_001,2,-0.7920,2.8093,64,2026-06-06T22:36:16
14443,self,dqn,2,-1.1014,2.9454,64,2026-06-06T22:36:18
14444,dqn,self,2,-0.7672,2.5370,64,2026-06-06T22:36:20
14445,pool:gen_001,dqn,1,1.7202,-1.6583,64,2026-06-06T22:36:22
14446,dqn,heuristic,1,1.7326,-1.4232,64,2026-06-06T22:36:24
14447,heuristic,dqn,2,-0.0989,3.0197,64,2026-06-06T22:36:26
14448,dqn,pool:gen_001,2,-0.4950,2.4380,64,2026-06-06T22:36:28
14449,heuristic,dqn,2,-0.2722,2.4009,64,2026-06-06T22:36:30
14450,dqn,pool:gen_001,2,-0.4454,2.4504,64,2026-06-06T22:36:32
14451,pool:gen_001,dqn,1,1.5964,-1.5222,64,2026-06-06T22:36:34
14452,dqn,pool:gen_001,2,-0.7053,2.5618,64,2026-06-06T22:36:36
14453,self,dqn,1,1.9677,-2.1162,64,2026-06-06T22:36:38
14454,dqn,self,1,1.5964,-1.7449,64,2026-06-06T22:36:40
14455,self,dqn,2,-0.7177,2.4009,64,2026-06-06T22:36:42
14456,dqn,pool:gen_001,2,-1.0395,2.9330,64,2026-06-06T22:36:44
14457,pool:gen_001,dqn,1,1.6459,-1.8439,64,2026-06-06T22:36:45
14458,dqn,pool:gen_001,2,-0.5692,2.4380,64,2026-06-06T22:36:47
14459,pool:gen_001,dqn,1,1.5345,-1.6212,64,2026-06-06T22:36:49
14460,dqn,random,1,1.6212,-1.6459,64,2026-06-06T22:36:51
14461,self,dqn,2,-0.7672,2.5741,64,2026-06-06T22:36:53
14462,dqn,self,2,-0.6558,2.3514,64,2026-06-06T22:36:55
14463,self,dqn,2,-0.5940,2.4875,64,2026-06-06T22:36:57
14464,dqn,self,2,-0.5445,2.3514,64,2026-06-06T22:36:59
14465,pool:gen_001,dqn,1,1.8563,-1.9306,64,2026-06-06T22:37:01
14466,dqn,self,2,-1.1756,2.9825,64,2026-06-06T22:37:03
14467,pool:gen_001,dqn,1,1.7078,-1.7078,64,2026-06-06T22:37:05
14468,dqn,pool:gen_001,2,-0.4950,2.4380,64,2026-06-06T22:37:07
14469,self,dqn,2,-0.9776,2.5865,64,2026-06-06T22:37:09
14470,dqn,pool:gen_001,2,-0.4826,2.7103,64,2026-06-06T22:37:11
14471,pool:gen_001,dqn,2,-0.5816,2.4628,64,2026-06-06T22:37:13
14472,dqn,self,2,-0.8167,2.3761,64,2026-06-06T22:37:15
14473,self,dqn,1,1.9429,-2.0667,64,2026-06-06T22:37:16
14474,dqn,self,1,1.9677,-2.0419,64,2026-06-06T22:37:18
14475,pool:gen_001,dqn,1,1.5717,-1.5469,64,2026-06-06T22:37:20
14476,dqn,self,1,2.1657,-2.0296,64,2026-06-06T22:37:22
14477,pool:gen_001,dqn,1,1.8192,-1.6707,64,2026-06-06T22:37:24
14478,dqn,pool:gen_001,1,1.6831,-1.6212,64,2026-06-06T22:37:26
14479,pool:gen_001,dqn,2,-0.4702,2.6484,64,2026-06-06T22:37:28
14480,dqn,self,1,1.7697,-1.7944,64,2026-06-06T22:37:30
14481,pool:gen_001,dqn,1,1.7821,-1.8563,64,2026-06-06T22:37:32
14482,dqn,random,1,1.4479,-1.7449,64,2026-06-06T22:37:33
14483,heuristic,dqn,2,-0.3836,2.6608,64,2026-06-06T22:37:35
14484,dqn,self,2,-0.6187,2.4256,64,2026-06-06T22:37:37
14485,pool:gen_001,dqn,1,1.6459,-1.7326,64,2026-06-06T22:37:39
14486,dqn,heuristic,1,1.6954,-1.7573,64,2026-06-06T22:37:41
14487,pool:gen_001,dqn,1,1.5964,-1.7078,64,2026-06-06T22:37:43
14488,dqn,self,2,-0.4826,2.3761,64,2026-06-06T22:37:44
14489,self,dqn,1,1.9924,-2.3513,64,2026-06-06T22:37:46
14490,dqn,pool:gen_001,1,1.5098,-1.5717,64,2026-06-06T22:37:48
14491,pool:gen_001,dqn,1,1.7202,-1.5840,64,2026-06-06T22:37:50
14492,dqn,self,1,1.6707,-1.5593,64,2026-06-06T22:37:52
14493,heuristic,dqn,2,-0.3712,2.3390,64,2026-06-06T22:37:54
14494,dqn,self,2,-0.7425,2.6732,64,2026-06-06T22:37:56
14495,random,dqn,2,-0.4702,2.6484,64,2026-06-06T22:37:58
14496,dqn,pool:gen_001,2,-0.5568,2.4133,64,2026-06-06T22:38:00
14497,pool:gen_001,dqn,1,1.5222,-1.5222,64,2026-06-06T22:38:02
14498,dqn,pool:gen_001,1,1.4603,-1.6212,64,2026-06-06T22:38:04
14499,self,dqn,2,-0.5692,2.6608,64,2026-06-06T22:38:06
14500,dqn,pool:gen_001,2,-0.5321,2.5865,64,2026-06-06T22:38:07
14501,self,dqn,2,-0.9528,2.7227,64,2026-06-06T22:49:21
14502,dqn,self,2,-0.9034,2.4009,64,2026-06-06T22:49:23
14503,self,dqn,1,2.1410,-2.0543,64,2026-06-06T22:49:25
14504,dqn,pool:gen_001,2,-0.3588,2.4257,64,2026-06-06T22:49:27
14505,pool:gen_001,dqn,1,1.5346,-1.5098,64,2026-06-06T22:49:29
14506,dqn,pool:gen_001,2,-0.4826,2.3761,64,2026-06-06T22:49:31
14507,self,dqn,2,-0.7796,2.8217,64,2026-06-06T22:49:33
14508,dqn,self,2,-0.7177,2.5494,64,2026-06-06T22:49:35
14509,pool:gen_001,dqn,1,1.5469,-1.6088,64,2026-06-06T22:49:37
14510,dqn,self,2,-0.8786,2.7969,64,2026-06-06T22:49:38
14511,self,dqn,1,1.8316,-1.9553,64,2026-06-06T22:49:40
14512,dqn,pool:gen_001,2,-0.6806,2.8464,64,2026-06-06T22:49:42
14513,pool:gen_001,dqn,1,1.7078,-1.5964,64,2026-06-06T22:49:44
14514,dqn,self,1,1.9058,-1.9924,64,2026-06-06T22:49:46
14515,pool:gen_001,dqn,1,2.0296,-1.5717,64,2026-06-06T22:49:48
14516,dqn,random,1,2.2399,-2.2523,64,2026-06-06T22:49:50
14517,self,dqn,1,1.9677,-2.0419,64,2026-06-06T22:49:52
14518,dqn,pool:gen_001,2,-0.5197,3.0444,64,2026-06-06T22:49:54
14519,pool:gen_001,dqn,1,2.1038,-1.6830,64,2026-06-06T22:49:56
14520,dqn,random,1,2.1162,-1.7078,64,2026-06-06T22:49:57
14521,self,dqn,2,-1.1756,3.3167,64,2026-06-06T22:49:59
14522,dqn,self,1,1.2747,-1.7326,64,2026-06-06T22:50:02
14523,self,dqn,1,1.7697,-2.0172,64,2026-06-06T22:50:03
14524,dqn,self,2,-1.1385,2.9825,64,2026-06-06T22:50:05
14525,pool:gen_001,dqn,2,-0.5568,2.4875,64,2026-06-06T22:50:07
14526,dqn,self,1,1.4479,-1.7449,64,2026-06-06T22:50:09
14527,self,dqn,1,1.7202,-1.8811,64,2026-06-06T22:50:11
14528,dqn,self,1,1.8563,-2.0791,64,2026-06-06T22:50:13
14529,heuristic,dqn,2,-0.2103,2.4999,64,2026-06-06T22:50:15
14530,dqn,self,1,2.1286,-1.5840,64,2026-06-06T22:50:17
14531,pool:gen_001,dqn,1,1.6707,-1.5964,64,2026-06-06T22:50:19
14532,dqn,pool:gen_001,1,1.6583,-1.6831,64,2026-06-06T22:50:21
14533,pool:gen_001,dqn,1,1.5593,-1.5222,64,2026-06-06T22:50:23
14534,dqn,pool:gen_001,1,1.7326,-1.6459,64,2026-06-06T22:50:25
14535,self,dqn,1,1.5717,-2.0296,64,2026-06-06T22:50:27
14536,dqn,pool:gen_001,1,1.6583,-1.6459,64,2026-06-06T22:50:29
14537,heuristic,dqn,2,-0.3093,2.9207,64,2026-06-06T22:50:30
14538,dqn,pool:gen_001,2,-0.5692,2.6608,64,2026-06-06T22:50:32
14539,pool:gen_001,dqn,1,1.8068,-1.6088,64,2026-06-06T22:50:34
14540,dqn,self,2,-0.7425,2.4875,64,2026-06-06T22:50:36
14541,pool:gen_001,dqn,1,2.2276,-1.8934,64,2026-06-06T22:50:38
14542,dqn,self,1,1.5469,-1.7944,64,2026-06-06T22:50:39
14543,self,dqn,2,-0.7301,2.6855,64,2026-06-06T22:50:41
14544,dqn,self,1,1.9058,-2.0667,64,2026-06-06T22:50:43
14545,pool:gen_001,dqn,1,1.7821,-1.5222,64,2026-06-06T22:50:45
14546,dqn,pool:gen_001,2,-0.4702,2.6484,64,2026-06-06T22:50:47
14547,self,dqn,1,2.0419,-2.0791,64,2026-06-06T22:50:49
14548,dqn,pool:gen_001,2,-0.4826,2.5618,64,2026-06-06T22:50:51
14549,self,dqn,1,1.9058,-1.8811,64,2026-06-06T22:50:53
14550,dqn,self,1,1.5222,-1.8563,64,2026-06-06T22:50:55
14551,pool:gen_001,dqn,1,1.5717,-1.6212,64,2026-06-06T22:50:57
14552,dqn,self,2,-0.6063,2.4380,64,2026-06-06T22:50:58
14553,self,dqn,1,1.6212,-1.7202,64,2026-06-06T22:51:00
14554,dqn,pool:gen_001,2,-0.5692,2.5865,64,2026-06-06T22:51:02
14555,pool:gen_001,dqn,2,-0.5568,2.5247,64,2026-06-06T22:51:04
14556,dqn,pool:gen_001,2,-0.3836,2.3266,64,2026-06-06T22:51:06
14557,pool:gen_001,dqn,1,1.9429,-1.8811,64,2026-06-06T22:51:08
14558,dqn,self,2,-0.8662,2.5865,64,2026-06-06T22:51:09
14559,self,dqn,2,-0.7672,2.5370,64,2026-06-06T22:51:11
14560,dqn,self,1,1.8439,-1.7573,64,2026-06-06T22:51:13
14561,pool:gen_001,dqn,1,1.7449,-1.5964,64,2026-06-06T22:51:15
14562,dqn,random,1,1.5717,-1.7697,64,2026-06-06T22:51:17
14563,self,dqn,1,2.3266,-1.9058,64,2026-06-06T22:51:19
14564,dqn,self,1,1.8811,-1.7202,64,2026-06-06T22:51:21
14565,self,dqn,2,-0.6558,2.4628,64,2026-06-06T22:51:22
14566,dqn,self,1,1.4850,-1.7449,64,2026-06-06T22:51:24
14567,pool:gen_001,dqn,1,1.8687,-1.7697,64,2026-06-06T22:51:26
14568,dqn,pool:gen_001,2,-0.5816,2.4256,64,2026-06-06T22:51:28
14569,self,dqn,2,-0.8538,2.8959,64,2026-06-06T22:51:30
14570,dqn,self,1,1.9058,-1.9182,64,2026-06-06T22:51:32
14571,self,dqn,2,-0.9157,2.8712,64,2026-06-06T22:51:34
14572,dqn,self,2,-0.5692,2.6979,64,2026-06-06T22:51:36
14573,pool:gen_001,dqn,1,2.1162,-2.0791,64,2026-06-06T22:51:38
14574,dqn,pool:gen_001,2,-1.0395,3.0444,64,2026-06-06T22:51:39
14575,pool:gen_001,dqn,1,1.9801,-2.1038,64,2026-06-06T22:51:41
14576,dqn,random,1,1.6707,-1.7449,64,2026-06-06T22:51:43
14577,self,dqn,2,-0.8786,2.7227,64,2026-06-06T22:51:45
14578,dqn,self,2,-0.6063,2.3266,64,2026-06-06T22:51:47
14579,random,dqn,2,-0.7796,2.5989,64,2026-06-06T22:51:48
14580,dqn,pool:gen_001,2,-0.8662,2.7722,64,2026-06-06T22:51:50
14581,pool:gen_001,dqn,1,2.0419,-2.0419,64,2026-06-06T22:51:52
14582,dqn,self,2,-0.7548,2.6237,64,2026-06-06T22:51:54
14583,pool:gen_001,dqn,1,1.8563,-1.9306,64,2026-06-06T22:51:56
14584,dqn,pool:gen_001,2,-0.8538,2.7474,64,2026-06-06T22:51:58
14585,pool:gen_001,dqn,1,1.9429,-1.9924,64,2026-06-06T22:52:00
14586,dqn,self,2,-0.9033,2.6236,64,2026-06-06T22:52:02
14587,self,dqn,2,-0.4826,2.4875,64,2026-06-06T22:52:03
14588,dqn,pool:gen_001,2,-0.7425,2.5618,64,2026-06-06T22:52:05
14589,self,dqn,2,-0.7920,3.0692,64,2026-06-06T22:52:07
14590,dqn,pool:gen_001,2,-0.9405,2.8835,64,2026-06-06T22:52:09
14591,self,dqn,1,1.5222,-1.5964,64,2026-06-06T22:52:11
14592,dqn,pool:gen_001,2,-0.8910,2.7845,64,2026-06-06T22:52:13
14593,self,dqn,1,2.5122,-2.0543,64,2026-06-06T22:52:15
14594,dqn,pool:gen_001,2,-0.9405,2.8835,64,2026-06-06T22:52:17
14595,pool:gen_001,dqn,1,1.7697,-1.9058,64,2026-06-06T22:52:19
14596,dqn,self,1,1.8563,-1.8563,64,2026-06-06T22:52:21
14597,self,dqn,1,1.7449,-2.0420,64,2026-06-06T22:52:23
14598,dqn,random,1,1.8811,-1.7573,64,2026-06-06T22:52:25
14599,random,dqn,1,1.5717,-1.5098,64,2026-06-06T22:52:26
14600,dqn,pool:gen_001,2,-0.8415,2.7598,64,2026-06-06T22:52:28
14601,self,dqn,1,1.6459,-1.6954,64,2026-06-06T23:03:39
14602,dqn,self,1,1.7944,-1.9924,64,2026-06-06T23:03:41
14603,pool:gen_001,dqn,1,2.0048,-2.0791,64,2026-06-06T23:03:43
14604,dqn,self,1,1.3242,-1.7573,64,2026-06-06T23:03:45
14605,self,dqn,2,-0.7177,2.3638,64,2026-06-06T23:03:47
14606,dqn,pool:gen_001,2,-1.1508,3.3786,64,2026-06-06T23:03:49
14607,pool:gen_001,dqn,1,1.9306,-1.9677,64,2026-06-06T23:03:51
14608,dqn,pool:gen_001,2,-0.9776,3.0320,64,2026-06-06T23:03:53
14609,self,dqn,1,1.8316,-1.9182,64,2026-06-06T23:03:55
14610,dqn,pool:gen_001,2,-0.7053,2.7845,64,2026-06-06T23:03:57
14611,pool:gen_001,dqn,1,1.8316,-1.8439,64,2026-06-06T23:03:59
14612,dqn,pool:gen_001,2,-0.9281,2.8217,64,2026-06-06T23:04:01
14613,pool:gen_001,dqn,1,1.8687,-1.8811,64,2026-06-06T23:04:03
14614,dqn,pool:gen_001,2,-0.8538,3.0816,64,2026-06-06T23:04:04
14615,heuristic,dqn,1,2.0667,-1.6830,64,2026-06-06T23:04:06
14616,dqn,self,1,1.3984,-1.7944,64,2026-06-06T23:04:08
14617,pool:gen_001,dqn,1,2.0296,-2.0914,64,2026-06-06T23:04:10
14618,dqn,self,1,1.8316,-1.9553,64,2026-06-06T23:04:12
14619,pool:gen_001,dqn,1,1.9429,-1.9182,64,2026-06-06T23:04:14
14620,dqn,self,1,1.5222,-1.7449,64,2026-06-06T23:04:16
14621,heuristic,dqn,2,-0.1856,2.5618,64,2026-06-06T23:04:18
14622,dqn,pool:gen_001,2,-0.8291,2.8093,64,2026-06-06T23:04:20
14623,pool:gen_001,dqn,1,1.6707,-1.8192,64,2026-06-06T23:04:22
14624,dqn,pool:gen_001,2,-0.8415,2.7969,64,2026-06-06T23:04:24
14625,self,dqn,2,-0.3464,2.5865,64,2026-06-06T23:04:25
14626,dqn,heuristic,1,2.2152,-1.6088,64,2026-06-06T23:04:27
14627,self,dqn,2,-1.1509,3.0073,64,2026-06-06T23:04:29
14628,dqn,pool:gen_001,2,-0.8538,2.8588,64,2026-06-06T23:04:31
14629,pool:gen_001,dqn,1,2.0048,-1.9306,64,2026-06-06T23:04:33
14630,dqn,pool:gen_001,2,-0.8291,2.8835,64,2026-06-06T23:04:35
14631,heuristic,dqn,1,2.3266,-2.0543,64,2026-06-06T23:04:37
14632,dqn,pool:gen_001,2,-0.8538,2.8588,64,2026-06-06T23:04:39
14633,pool:gen_001,dqn,1,1.5469,-1.4974,64,2026-06-06T23:04:41
14634,dqn,pool:gen_001,2,-0.8538,2.8588,64,2026-06-06T23:04:43
14635,self,dqn,2,-0.8786,2.8712,64,2026-06-06T23:04:45
14636,dqn,pool:gen_001,2,-0.8538,2.8959,64,2026-06-06T23:04:47
14637,self,dqn,2,-0.8786,2.9454,64,2026-06-06T23:04:49
14638,dqn,pool:gen_001,2,-0.8415,2.9083,64,2026-06-06T23:04:51
14639,random,dqn,2,-1.0271,2.9454,64,2026-06-06T23:04:53
14640,dqn,self,2,-1.0766,2.7845,64,2026-06-06T23:04:55
14641,self,dqn,2,-0.8167,2.3019,64,2026-06-06T23:04:57
14642,dqn,pool:gen_001,2,-0.9157,2.9083,64,2026-06-06T23:04:59
14643,pool:gen_001,dqn,1,2.0296,-2.0172,64,2026-06-06T23:05:01
14644,dqn,self,1,2.0296,-1.9429,64,2026-06-06T23:05:03
14645,self,dqn,2,-0.8291,2.4380,64,2026-06-06T23:05:05
14646,dqn,pool:gen_001,2,-0.9157,2.9454,64,2026-06-06T23:05:07
14647,self,dqn,2,-1.1261,2.6236,64,2026-06-06T23:05:09
14648,dqn,pool:gen_001,2,-0.8662,2.8835,64,2026-06-06T23:05:11
14649,pool:gen_001,dqn,1,1.9924,-2.0543,64,2026-06-06T23:05:13
14650,dqn,self,2,-0.6806,2.4380,64,2026-06-06T23:05:15
14651,pool:gen_001,dqn,1,1.9182,-2.0172,64,2026-06-06T23:05:17
14652,dqn,pool:gen_001,2,-0.8167,2.7474,64,2026-06-06T23:05:19
14653,pool:gen_001,dqn,1,1.9058,-1.9924,64,2026-06-06T23:05:21
14654,dqn,pool:gen_001,2,-0.7053,2.5618,64,2026-06-06T23:05:23
14655,self,dqn,2,-0.4826,2.4875,64,2026-06-06T23:05:25
14656,dqn,pool:gen_001,2,-0.7425,2.6360,64,2026-06-06T23:05:27
14657,pool:gen_001,dqn,1,1.5964,-1.6707,64,2026-06-06T23:05:29
14658,dqn,self,2,-0.4702,2.6113,64,2026-06-06T23:05:31
14659,pool:gen_001,dqn,1,1.6954,-1.8316,64,2026-06-06T23:05:33
14660,dqn,pool:gen_001,2,-0.5692,2.5494,64,2026-06-06T23:05:34
14661,self,dqn,2,-0.3588,2.2771,64,2026-06-06T23:05:37
14662,dqn,pool:gen_001,2,-0.6311,2.5246,64,2026-06-06T23:05:39
14663,random,dqn,2,-1.0023,3.2672,64,2026-06-06T23:05:40
14664,dqn,self,2,-0.6558,2.4999,64,2026-06-06T23:05:42
14665,self,dqn,1,2.0791,-1.8934,64,2026-06-06T23:05:44
14666,dqn,pool:gen_001,2,-0.6930,2.5741,64,2026-06-06T23:05:46
14667,self,dqn,1,1.5717,-1.4727,64,2026-06-06T23:05:48
14668,dqn,self,1,1.7202,-1.9925,64,2026-06-06T23:05:50
14669,self,dqn,1,1.9801,-2.0296,64,2026-06-06T23:05:52
14670,dqn,pool:gen_001,2,-0.7548,2.4751,64,2026-06-06T23:05:54
14671,pool:gen_001,dqn,1,1.5345,-1.7697,64,2026-06-06T23:05:56
14672,dqn,self,1,1.6336,-1.7821,64,2026-06-06T23:05:58
14673,pool:gen_001,dqn,1,1.8811,-2.0915,64,2026-06-06T23:06:00
14674,dqn,pool:gen_001,2,-0.7301,2.4999,64,2026-06-06T23:06:02
14675,self,dqn,1,1.4974,-1.8439,64,2026-06-06T23:06:04
14676,dqn,self,2,-0.5940,2.3390,64,2026-06-06T23:06:06
14677,pool:gen_001,dqn,1,2.0791,-2.1905,64,2026-06-06T23:06:08
14678,dqn,self,1,1.4108,-1.5964,64,2026-06-06T23:06:10
14679,self,dqn,1,1.7944,-1.9553,64,2026-06-06T23:06:12
14680,dqn,pool:gen_001,2,-0.5692,2.6237,64,2026-06-06T23:06:14
14681,heuristic,dqn,2,-0.3340,3.2301,64,2026-06-06T23:06:16
14682,dqn,self,2,-0.4454,2.4875,64,2026-06-06T23:06:18
14683,pool:gen_001,dqn,1,1.8687,-1.9182,64,2026-06-06T23:06:20
14684,dqn,self,1,1.4974,-1.7326,64,2026-06-06T23:06:22
14685,self,dqn,2,-0.7796,2.4133,64,2026-06-06T23:06:24
14686,dqn,self,1,1.5345,-1.8811,64,2026-06-06T23:06:26
14687,self,dqn,1,1.7202,-1.9182,64,2026-06-06T23:06:28
14688,dqn,pool:gen_001,2,-0.7177,2.6237,64,2026-06-06T23:06:30
14689,self,dqn,2,-0.7672,2.8340,64,2026-06-06T23:06:32
14690,dqn,self,2,-0.8662,2.6236,64,2026-06-06T23:06:33
14691,self,dqn,2,-0.6682,2.7103,64,2026-06-06T23:06:36
14692,dqn,self,1,2.1409,-2.1286,64,2026-06-06T23:06:38
14693,pool:gen_001,dqn,2,-0.5073,2.5370,64,2026-06-06T23:06:40
14694,dqn,pool:gen_001,2,-0.7301,2.5741,64,2026-06-06T23:06:42
14695,pool:gen_001,dqn,1,2.0296,-1.9429,64,2026-06-06T23:06:44
14696,dqn,self,1,1.6707,-1.7078,64,2026-06-06T23:06:46
14697,self,dqn,1,2.5865,-2.0914,64,2026-06-06T23:06:48
14698,dqn,self,2,-0.7053,2.5246,64,2026-06-06T23:06:50
14699,pool:gen_001,dqn,1,1.9924,-2.0914,64,2026-06-06T23:06:52
14700,dqn,self,1,1.4355,-1.8316,64,2026-06-06T23:06:54
14701,heuristic,dqn,2,-0.3341,2.5989,64,2026-06-06T23:21:52
14702,dqn,random,1,2.3142,-2.2152,64,2026-06-06T23:21:55
14703,heuristic,dqn,1,1.9430,-1.5098,64,2026-06-06T23:21:57
14704,dqn,pool:gen_001,2,-0.9405,2.9949,64,2026-06-06T23:22:00
14705,self,dqn,1,1.7697,-1.9801,64,2026-06-06T23:22:03
14706,dqn,self,1,1.5098,-1.7202,64,2026-06-06T23:22:06
14707,random,dqn,2,-0.9652,3.2672,64,2026-06-06T23:22:09
14708,dqn,pool:gen_001,2,-0.9776,2.6979,64,2026-06-06T23:22:11
14709,pool:gen_001,dqn,1,1.8439,-1.8687,64,2026-06-06T23:22:14
14710,dqn,self,2,-0.6187,2.6113,64,2026-06-06T23:22:17
14711,self,dqn,1,1.5345,-1.6583,64,2026-06-06T23:22:20
14712,dqn,pool:gen_001,1,1.4727,-1.7202,64,2026-06-06T23:22:23
14713,self,dqn,1,1.5345,-1.8811,64,2026-06-06T23:22:26
14714,dqn,self,2,-0.7425,2.4504,64,2026-06-06T23:22:29
14715,pool:gen_001,dqn,2,-0.8167,2.4875,64,2026-06-06T23:22:31
14716,dqn,self,1,1.4355,-1.6088,64,2026-06-06T23:22:35
14717,self,dqn,1,2.0791,-1.9677,64,2026-06-06T23:22:37
14718,dqn,pool:gen_001,2,-0.5568,2.4133,64,2026-06-06T23:22:40
14719,self,dqn,2,-0.4826,2.7103,64,2026-06-06T23:22:43
14720,dqn,self,2,-0.6806,2.4380,64,2026-06-06T23:22:46
14721,self,dqn,1,1.5717,-1.8068,64,2026-06-06T23:22:49
14722,dqn,pool:gen_001,2,-0.7672,2.5741,64,2026-06-06T23:22:51
14723,pool:gen_001,dqn,1,1.5222,-1.6336,64,2026-06-06T23:22:54
14724,dqn,pool:gen_001,2,-0.6930,2.4628,64,2026-06-06T23:22:57
14725,heuristic,dqn,2,-0.2845,3.4281,64,2026-06-06T23:23:00
14726,dqn,heuristic,1,2.4009,-1.2746,64,2026-06-06T23:23:02
14727,pool:gen_001,dqn,2,-0.6806,2.4009,64,2026-06-06T23:23:05
14728,dqn,self,1,1.5717,-1.4355,64,2026-06-06T23:23:07
14729,random,dqn,2,-1.1261,2.9949,64,2026-06-06T23:23:10
14730,dqn,pool:gen_001,2,-0.4702,2.4628,64,2026-06-06T23:23:13
14731,pool:gen_001,dqn,1,1.5098,-1.5717,64,2026-06-06T23:23:16
14732,dqn,self,2,-0.7425,2.4133,64,2026-06-06T23:23:19
14733,pool:gen_001,dqn,1,1.5346,-1.5469,64,2026-06-06T23:23:22
14734,dqn,self,1,1.9058,-1.9553,64,2026-06-06T23:23:24
14735,self,dqn,1,2.3018,-2.3761,64,2026-06-06T23:23:27
14736,dqn,pool:gen_001,1,1.5717,-1.7326,64,2026-06-06T23:23:30
14737,pool:gen_001,dqn,2,-0.6311,2.4504,64,2026-06-06T23:23:33
14738,dqn,pool:gen_001,2,-0.5197,2.3019,64,2026-06-06T23:23:36
14739,self,dqn,2,-0.8662,2.6979,64,2026-06-06T23:23:39
14740,dqn,self,2,-0.6682,2.3019,64,2026-06-06T23:23:42
14741,pool:gen_001,dqn,2,-0.5940,2.4133,64,2026-06-06T23:23:45
14742,dqn,pool:gen_001,1,1.5841,-1.6459,64,2026-06-06T23:23:48
14743,self,dqn,2,-0.8786,2.7227,64,2026-06-06T23:23:51
14744,dqn,self,1,1.6459,-1.9182,64,2026-06-06T23:23:53
14745,random,dqn,2,-0.6558,2.3885,64,2026-06-06T23:23:56
14746,dqn,self,1,1.8811,-2.1286,64,2026-06-06T23:23:59
14747,pool:gen_001,dqn,1,1.4603,-1.5469,64,2026-06-06T23:24:02
14748,dqn,pool:gen_001,1,1.8316,-2.0296,64,2026-06-06T23:24:04
14749,pool:gen_001,dqn,1,1.4974,-1.6212,64,2026-06-06T23:24:07
14750,dqn,self,1,1.7821,-1.7449,64,2026-06-06T23:24:10
14751,self,dqn,1,1.7573,-2.0296,64,2026-06-06T23:24:13
14752,dqn,pool:gen_001,2,-0.4331,2.3514,64,2026-06-06T23:24:16
14753,pool:gen_001,dqn,2,-0.6187,2.5370,64,2026-06-06T23:24:19
14754,dqn,self,1,1.9182,-1.9058,64,2026-06-06T23:24:22
14755,self,dqn,1,1.4850,-1.5593,64,2026-06-06T23:24:24
14756,dqn,self,1,1.6459,-1.6954,64,2026-06-06T23:24:28
14757,pool:gen_001,dqn,2,-0.7672,2.4628,64,2026-06-06T23:24:30
14758,dqn,self,2,-0.8043,2.6855,64,2026-06-06T23:24:33
14759,pool:gen_001,dqn,2,-0.8662,2.4751,64,2026-06-06T23:24:35
14760,dqn,pool:gen_001,1,1.7449,-1.7821,64,2026-06-06T23:24:38
14761,self,dqn,2,-1.0271,2.5741,64,2026-06-06T23:24:41
14762,dqn,self,2,-1.2251,3.1558,64,2026-06-06T23:24:44
14763,self,dqn,1,1.9677,-1.7821,64,2026-06-06T23:24:47
14764,dqn,self,2,-0.9033,2.6236,64,2026-06-06T23:24:50
14765,pool:gen_001,dqn,2,-0.5197,2.4875,64,2026-06-06T23:24:52
14766,dqn,pool:gen_001,1,1.7326,-1.8316,64,2026-06-06T23:24:55
14767,self,dqn,2,-0.4578,2.2895,64,2026-06-06T23:24:58
14768,dqn,self,1,1.7821,-1.7449,64,2026-06-06T23:25:01
14769,pool:gen_001,dqn,1,1.4974,-1.6212,64,2026-06-06T23:25:04
14770,dqn,pool:gen_001,1,2.0667,-2.2028,64,2026-06-06T23:25:06
14771,pool:gen_001,dqn,2,-0.7177,2.5865,64,2026-06-06T23:25:09
14772,dqn,self,1,1.5964,-1.7449,64,2026-06-06T23:25:12
14773,self,dqn,1,1.4108,-1.8935,64,2026-06-06T23:25:15
14774,dqn,pool:gen_001,1,1.4850,-1.5964,64,2026-06-06T23:25:18
14775,pool:gen_001,dqn,2,-0.6063,2.7350,64,2026-06-06T23:25:21
14776,dqn,pool:gen_001,1,1.9801,-2.0296,64,2026-06-06T23:25:23
14777,random,dqn,2,-0.9033,2.8093,64,2026-06-06T23:25:26
14778,dqn,pool:gen_001,1,1.9801,-2.0296,64,2026-06-06T23:25:28
14779,self,dqn,1,1.6212,-1.6831,64,2026-06-06T23:25:31
14780,dqn,pool:gen_001,1,1.6088,-1.6212,64,2026-06-06T23:25:34
14781,pool:gen_001,dqn,2,-0.7796,2.6732,64,2026-06-06T23:25:37
14782,dqn,pool:gen_001,1,1.7573,-1.8439,64,2026-06-06T23:25:40
14783,pool:gen_001,dqn,2,-0.8291,2.6979,64,2026-06-06T23:25:42
14784,dqn,self,2,-0.6682,2.3390,64,2026-06-06T23:25:45
14785,self,dqn,1,1.9553,-1.8687,64,2026-06-06T23:25:48
14786,dqn,self,1,1.6459,-1.8811,64,2026-06-06T23:25:52
14787,pool:gen_001,dqn,2,-0.5940,2.5246,64,2026-06-06T23:25:54
14788,dqn,self,1,1.4850,-1.7078,64,2026-06-06T23:25:57
14789,pool:gen_001,dqn,2,-0.5940,2.5247,64,2026-06-06T23:26:00
14790,dqn,self,1,1.8316,-1.8068,64,2026-06-06T23:26:03
14791,pool:gen_001,dqn,2,-0.5816,2.6113,64,2026-06-06T23:26:05
14792,dqn,pool:gen_001,2,-0.3959,2.3514,64,2026-06-06T23:26:08
14793,pool:gen_001,dqn,2,-0.7053,2.6360,64,2026-06-06T23:26:11
14794,dqn,self,2,-0.4826,2.5618,64,2026-06-06T23:26:13
14795,pool:gen_001,dqn,2,-0.5816,2.6113,64,2026-06-06T23:26:16
14796,dqn,self,1,1.6088,-1.6583,64,2026-06-06T23:26:19
14797,pool:gen_001,dqn,2,-0.6435,2.6237,64,2026-06-06T23:26:22
14798,dqn,heuristic,1,2.7598,-1.5840,64,2026-06-06T23:26:24
14799,pool:gen_001,dqn,2,-0.6311,2.5618,64,2026-06-06T23:26:27
14800,dqn,pool:gen_001,1,1.8439,-1.6831,64,2026-06-06T23:26:30
14801,heuristic,dqn,2,-0.3464,3.5147,64,2026-06-06T23:41:18
14802,dqn,self,2,-0.5445,2.2400,64,2026-06-06T23:41:21
14803,heuristic,dqn,2,-0.3588,3.7251,64,2026-06-06T23:41:23
14804,dqn,pool:gen_001,2,-0.6311,2.6732,64,2026-06-06T23:41:25
14805,self,dqn,1,1.5098,-1.6459,64,2026-06-06T23:41:28
14806,dqn,self,2,-0.9652,2.5618,64,2026-06-06T23:41:31
14807,pool:gen_001,dqn,2,-0.4826,2.4875,64,2026-06-06T23:41:34
14808,dqn,self,1,2.1781,-1.9801,64,2026-06-06T23:41:37
14809,self,dqn,2,-0.6311,2.5989,64,2026-06-06T23:41:40
14810,dqn,pool:gen_001,1,1.5222,-1.4850,64,2026-06-06T23:41:43
14811,pool:gen_001,dqn,2,-0.4578,2.5123,64,2026-06-06T23:41:45
14812,dqn,pool:gen_001,2,-0.4578,2.4752,64,2026-06-06T23:41:48
14813,self,dqn,2,-0.8043,2.6484,64,2026-06-06T23:41:51
14814,dqn,pool:gen_001,2,-0.5692,2.5494,64,2026-06-06T23:41:54
14815,pool:gen_001,dqn,1,1.5964,-1.5222,64,2026-06-06T23:41:56
14816,dqn,pool:gen_001,2,-0.5692,2.5494,64,2026-06-06T23:41:59
14817,self,dqn,2,-0.4455,2.3019,64,2026-06-06T23:42:02
14818,dqn,self,2,-0.7548,2.4009,64,2026-06-06T23:42:05
14819,pool:gen_001,dqn,1,1.6212,-1.6459,64,2026-06-06T23:42:08
14820,dqn,self,1,1.3737,-1.7449,64,2026-06-06T23:42:11
14821,self,dqn,1,1.7573,-2.1038,64,2026-06-06T23:42:13
14822,dqn,self,2,-0.6187,2.4999,64,2026-06-06T23:42:16
14823,pool:gen_001,dqn,1,1.6336,-1.6707,64,2026-06-06T23:42:19
14824,dqn,self,1,1.4974,-1.5841,64,2026-06-06T23:42:22
14825,pool:gen_001,dqn,1,1.6212,-1.6831,64,2026-06-06T23:42:25
14826,dqn,pool:gen_001,2,-0.5197,2.4875,64,2026-06-06T23:42:27
14827,self,dqn,1,2.2771,-1.9924,64,2026-06-06T23:42:30
14828,dqn,self,1,1.5593,-1.5593,64,2026-06-06T23:42:33
14829,pool:gen_001,dqn,1,1.5345,-1.6583,64,2026-06-06T23:42:35
14830,dqn,pool:gen_001,2,-0.6435,2.6608,64,2026-06-06T23:42:38
14831,random,dqn,2,-1.0766,3.3043,64,2026-06-06T23:42:41
14832,dqn,pool:gen_001,2,-0.6435,2.6608,64,2026-06-06T23:42:43
14833,random,dqn,2,-1.2622,3.6385,64,2026-06-06T23:42:46
14834,dqn,pool:gen_001,1,1.4603,-1.5841,64,2026-06-06T23:42:48
14835,self,dqn,1,2.3513,-2.1781,64,2026-06-06T23:42:51
14836,dqn,random,1,2.6360,-2.2276,64,2026-06-06T23:42:54
14837,pool:gen_001,dqn,1,1.4974,-1.5098,64,2026-06-06T23:42:57
14838,dqn,self,1,1.3613,-1.7573,64,2026-06-06T23:43:00
14839,random,dqn,2,-0.7177,3.1806,64,2026-06-06T23:43:02
14840,dqn,pool:gen_001,1,1.5717,-1.8068,64,2026-06-06T23:43:05
14841,self,dqn,1,2.0543,-2.1038,64,2026-06-06T23:43:08
14842,dqn,pool:gen_001,1,1.5717,-1.8068,64,2026-06-06T23:43:11
14843,pool:gen_001,dqn,1,1.3860,-1.7326,64,2026-06-06T23:43:14
14844,dqn,pool:gen_001,2,-0.7177,2.4009,64,2026-06-06T23:43:16
14845,pool:gen_001,dqn,2,-0.7301,2.3885,64,2026-06-06T23:43:19
14846,dqn,pool:gen_001,2,-0.6558,2.2771,64,2026-06-06T23:43:21
14847,self,dqn,1,2.0543,-2.1038,64,2026-06-06T23:43:24
14848,dqn,pool:gen_001,2,-0.8662,2.3266,64,2026-06-06T23:43:27
14849,self,dqn,2,-0.7920,2.4751,64,2026-06-06T23:43:30
14850,dqn,self,2,-0.4702,2.6113,64,2026-06-06T23:43:33
14851,self,dqn,2,-0.5940,2.3390,64,2026-06-06T23:43:36
14852,dqn,self,2,-0.9033,2.6608,64,2026-06-06T23:43:39
14853,heuristic,dqn,2,-0.6929,3.7251,64,2026-06-06T23:43:41
14854,dqn,pool:gen_001,1,1.5098,-1.8316,64,2026-06-06T23:43:44
14855,pool:gen_001,dqn,2,-0.7425,2.3019,64,2026-06-06T23:43:47
14856,dqn,self,2,-0.5321,2.6979,64,2026-06-06T23:43:50
14857,pool:gen_001,dqn,2,-0.7425,2.3019,64,2026-06-06T23:43:53
14858,dqn,self,1,1.5469,-1.7202,64,2026-06-06T23:43:55
14859,random,dqn,2,-0.6682,3.1929,64,2026-06-06T23:43:58
14860,dqn,pool:gen_001,1,1.7325,-2.0543,64,2026-06-06T23:44:01
14861,self,dqn,2,-0.4826,2.1163,64,2026-06-06T23:44:04
14862,dqn,random,1,2.9577,-2.2771,64,2026-06-06T23:44:06
14863,self,dqn,2,-0.6187,2.6484,64,2026-06-06T23:44:09
14864,dqn,self,1,1.4479,-1.6336,64,2026-06-06T23:44:12
14865,pool:gen_001,dqn,2,-0.9033,2.9949,64,2026-06-06T23:44:14
14866,dqn,pool:gen_001,1,1.9677,-1.9306,64,2026-06-06T23:44:17
14867,pool:gen_001,dqn,2,-1.1880,3.0815,64,2026-06-06T23:44:20
14868,dqn,self,1,1.9058,-2.1410,64,2026-06-06T23:44:23
14869,heuristic,dqn,2,-0.8909,3.9726,64,2026-06-06T23:44:26
14870,dqn,pool:gen_001,1,2.3390,-2.3018,64,2026-06-06T23:44:28
14871,pool:gen_001,dqn,2,-1.0023,2.8217,64,2026-06-06T23:44:31
14872,dqn,self,1,1.2994,-1.7449,64,2026-06-06T23:44:34
14873,self,dqn,1,1.7697,-2.0172,64,2026-06-06T23:44:37
14874,dqn,pool:gen_001,1,1.5717,-1.8439,64,2026-06-06T23:44:39
14875,self,dqn,1,1.5593,-1.4108,64,2026-06-06T23:44:42
14876,dqn,self,1,1.9306,-2.2647,64,2026-06-06T23:44:45
14877,self,dqn,2,-0.4826,2.3390,64,2026-06-06T23:44:48
14878,dqn,pool:gen_001,1,1.6088,-1.8068,64,2026-06-06T23:44:51
14879,self,dqn,2,-0.9281,2.8217,64,2026-06-06T23:44:53
14880,dqn,random,1,2.8216,-2.4503,64,2026-06-06T23:44:56
14881,pool:gen_001,dqn,2,-0.8538,2.7845,64,2026-06-06T23:44:59
14882,dqn,pool:gen_001,1,1.7697,-1.8687,64,2026-06-06T23:45:01
14883,self,dqn,2,-0.6187,2.6113,64,2026-06-06T23:45:04
14884,dqn,self,2,-0.6806,2.4009,64,2026-06-06T23:45:07
14885,self,dqn,2,-0.7301,2.7227,64,2026-06-06T23:45:10
14886,dqn,pool:gen_001,1,1.4232,-1.9182,64,2026-06-06T23:45:13
14887,self,dqn,2,-0.7796,2.3761,64,2026-06-06T23:45:16
14888,dqn,pool:gen_001,1,1.9553,-2.0915,64,2026-06-06T23:45:19
14889,pool:gen_001,dqn,2,-0.6806,2.5865,64,2026-06-06T23:45:22
14890,dqn,pool:gen_001,1,1.4232,-1.6583,64,2026-06-06T23:45:25
14891,pool:gen_001,dqn,1,1.6583,-1.9058,64,2026-06-06T23:45:28
14892,dqn,self,1,1.3737,-1.7821,64,2026-06-06T23:45:31
14893,heuristic,dqn,2,-0.3959,3.0568,64,2026-06-06T23:45:33
14894,dqn,self,1,1.5964,-1.9306,64,2026-06-06T23:45:37
14895,pool:gen_001,dqn,1,1.6459,-1.8811,64,2026-06-06T23:45:40
14896,dqn,self,2,-0.5940,2.3390,64,2026-06-06T23:45:43
14897,pool:gen_001,dqn,1,1.5840,-1.8687,64,2026-06-06T23:45:45
14898,dqn,pool:gen_001,2,-0.6063,2.2895,64,2026-06-06T23:45:48
14899,pool:gen_001,dqn,1,1.5717,-1.8439,64,2026-06-06T23:45:51
14900,dqn,self,1,1.3984,-1.6831,64,2026-06-06T23:45:54
14901,self,dqn,1,1.8192,-1.9306,64,2026-06-07T00:00:18
14902,dqn,random,1,2.4999,-1.9924,64,2026-06-07T00:00:20
14903,pool:gen_001,dqn,2,-1.0518,2.9207,64,2026-06-07T00:00:23
14904,dqn,heuristic,1,2.4627,-1.9924,64,2026-06-07T00:00:25
14905,self,dqn,1,1.7944,-1.9553,64,2026-06-07T00:00:28
14906,dqn,heuristic,1,2.4009,-1.7573,64,2026-06-07T00:00:31
14907,pool:gen_001,dqn,2,-0.7920,2.6237,64,2026-06-07T00:00:33
14908,dqn,heuristic,1,2.2400,-1.8068,64,2026-06-07T00:00:36
14909,self,dqn,1,1.8068,-1.8316,64,2026-06-07T00:00:39
14910,dqn,random,1,2.7721,-2.4627,64,2026-06-07T00:00:41
14911,pool:gen_001,dqn,2,-1.0147,2.9578,64,2026-06-07T00:00:44
14912,dqn,self,1,1.4479,-1.7078,64,2026-06-07T00:00:47
14913,self,dqn,1,1.5222,-1.5964,64,2026-06-07T00:00:49
14914,dqn,pool:gen_001,1,1.5717,-1.6954,64,2026-06-07T00:00:52
14915,self,dqn,2,-0.6806,2.6237,64,2026-06-07T00:00:55
14916,dqn,self,2,-1.0766,2.8217,64,2026-06-07T00:00:58
14917,pool:gen_001,dqn,1,1.7202,-1.8439,64,2026-06-07T00:01:01
14918,dqn,pool:gen_001,2,-0.7920,2.5494,64,2026-06-07T00:01:04
14919,pool:gen_001,dqn,2,-0.7920,2.7722,64,2026-06-07T00:01:06
14920,dqn,self,2,-0.7672,2.3514,64,2026-06-07T00:01:09
14921,self,dqn,2,-0.5692,2.2524,64,2026-06-07T00:01:12
14922,dqn,pool:gen_001,2,-0.7053,2.5246,64,2026-06-07T00:01:15
14923,self,dqn,1,1.4974,-1.8439,64,2026-06-07T00:01:18
14924,dqn,self,1,1.7821,-1.8934,64,2026-06-07T00:01:21
14925,pool:gen_001,dqn,1,1.4355,-1.6831,64,2026-06-07T00:01:23
14926,dqn,pool:gen_001,2,-0.7548,2.4009,64,2026-06-07T00:01:26
14927,self,dqn,1,1.6954,-1.7944,64,2026-06-07T00:01:29
14928,dqn,self,2,-0.5692,2.6237,64,2026-06-07T00:01:32
14929,self,dqn,1,2.4875,-2.1904,64,2026-06-07T00:01:35
14930,dqn,self,1,1.8934,-1.9677,64,2026-06-07T00:01:38
14931,pool:gen_001,dqn,2,-0.6063,2.5123,64,2026-06-07T00:01:40
14932,dqn,random,1,2.4875,-2.0048,64,2026-06-07T00:01:43
14933,self,dqn,1,1.7573,-1.9553,64,2026-06-07T00:01:46
14934,dqn,self,1,1.5098,-1.7573,64,2026-06-07T00:01:49
14935,pool:gen_001,dqn,2,-0.9528,2.9454,64,2026-06-07T00:01:52
14936,dqn,self,1,1.6831,-1.7326,64,2026-06-07T00:01:55
14937,pool:gen_001,dqn,1,1.6954,-1.8687,64,2026-06-07T00:01:58
14938,dqn,random,1,2.0791,-2.1162,64,2026-06-07T00:02:01
14939,self,dqn,2,-0.6682,2.3761,64,2026-06-07T00:02:04
14940,dqn,self,1,1.4479,-1.7821,64,2026-06-07T00:02:07
14941,pool:gen_001,dqn,2,-0.7301,2.7598,64,2026-06-07T00:02:10
14942,dqn,pool:gen_001,1,2.2276,-2.3018,64,2026-06-07T00:02:13
14943,pool:gen_001,dqn,2,-0.9157,2.6484,64,2026-06-07T00:02:15
14944,dqn,pool:gen_001,1,1.5964,-1.8192,64,2026-06-07T00:02:18
14945,pool:gen_001,dqn,2,-0.6311,2.4504,64,2026-06-07T00:02:21
14946,dqn,self,2,-0.7177,2.2895,64,2026-06-07T00:02:24
14947,pool:gen_001,dqn,1,1.5593,-1.7449,64,2026-06-07T00:02:27
14948,dqn,pool:gen_001,2,-0.5568,2.3761,64,2026-06-07T00:02:30
14949,pool:gen_001,dqn,1,1.3613,-1.6459,64,2026-06-07T00:02:32
14950,dqn,self,1,1.5717,-2.0296,64,2026-06-07T00:02:35
14951,self,dqn,1,1.4603,-1.7326,64,2026-06-07T00:02:38
14952,dqn,self,1,1.6459,-2.0296,64,2026-06-07T00:02:41
14953,pool:gen_001,dqn,1,1.5222,-1.8192,64,2026-06-07T00:02:44
14954,dqn,self,2,-0.6187,2.6484,64,2026-06-07T00:02:47
14955,pool:gen_001,dqn,2,-0.6435,2.5494,64,2026-06-07T00:02:49
14956,dqn,self,2,-0.5940,2.5618,64,2026-06-07T00:02:52
14957,pool:gen_001,dqn,1,1.5222,-1.7821,64,2026-06-07T00:02:55
14958,dqn,random,1,2.0048,-2.0048,64,2026-06-07T00:02:58
14959,pool:gen_001,dqn,1,1.5345,-1.9182,64,2026-06-07T00:03:00
14960,dqn,pool:gen_001,2,-0.8786,2.4999,64,2026-06-07T00:03:03
14961,self,dqn,1,1.9306,-1.8563,64,2026-06-07T00:03:06
14962,dqn,self,1,2.0667,-1.9801,64,2026-06-07T00:03:09
14963,pool:gen_001,dqn,1,1.4479,-1.5593,64,2026-06-07T00:03:12
14964,dqn,self,2,-0.5816,2.3885,64,2026-06-07T00:03:15
14965,self,dqn,1,1.6336,-1.6707,64,2026-06-07T00:03:17
14966,dqn,self,2,-0.7672,2.6855,64,2026-06-07T00:03:20
14967,pool:gen_001,dqn,1,1.4850,-1.5222,64,2026-06-07T00:03:23
14968,dqn,heuristic,1,2.6607,-1.9429,64,2026-06-07T00:03:25
14969,self,dqn,1,1.6336,-1.3737,64,2026-06-07T00:03:28
14970,dqn,pool:gen_001,1,1.6583,-1.9429,64,2026-06-07T00:03:31
14971,pool:gen_001,dqn,1,1.4850,-1.5593,64,2026-06-07T00:03:34
14972,dqn,pool:gen_001,1,1.5469,-1.9058,64,2026-06-07T00:03:36
14973,self,dqn,2,-0.8786,2.5741,64,2026-06-07T00:03:39
14974,dqn,self,2,-0.7053,2.4133,64,2026-06-07T00:03:42
14975,random,dqn,2,-0.8415,2.6484,64,2026-06-07T00:03:45
14976,dqn,pool:gen_001,1,1.5469,-1.7202,64,2026-06-07T00:03:48
14977,self,dqn,2,-0.5445,2.3514,64,2026-06-07T00:03:50
14978,dqn,pool:gen_001,2,-0.7301,2.5370,64,2026-06-07T00:03:53
14979,pool:gen_001,dqn,1,1.4232,-1.6954,64,2026-06-07T00:03:56
14980,dqn,pool:gen_001,2,-0.7920,2.5494,64,2026-06-07T00:03:59
14981,pool:gen_001,dqn,2,-0.6435,2.5865,64,2026-06-07T00:04:02
14982,dqn,pool:gen_001,1,1.7573,-1.8811,64,2026-06-07T00:04:05
14983,self,dqn,1,1.5964,-1.8563,64,2026-06-07T00:04:07
14984,dqn,pool:gen_001,1,1.6707,-1.7078,64,2026-06-07T00:04:10
14985,self,dqn,2,-0.6063,2.2153,64,2026-06-07T00:04:13
14986,dqn,pool:gen_001,2,-0.3464,2.3638,64,2026-06-07T00:04:16
14987,self,dqn,1,1.5593,-1.7078,64,2026-06-07T00:04:18
14988,dqn,pool:gen_001,2,-0.6311,2.3761,64,2026-06-07T00:04:21
14989,pool:gen_001,dqn,1,1.4974,-1.7697,64,2026-06-07T00:04:24
14990,dqn,self,2,-0.7548,2.5123,64,2026-06-07T00:04:27
14991,pool:gen_001,dqn,1,1.4727,-1.7573,64,2026-06-07T00:04:29
14992,dqn,pool:gen_001,1,1.4108,-1.6707,64,2026-06-07T00:04:32
14993,self,dqn,2,-0.8043,2.7598,64,2026-06-07T00:04:35
14994,dqn,heuristic,1,3.4033,-2.2028,64,2026-06-07T00:04:38
14995,pool:gen_001,dqn,1,1.4850,-1.7449,64,2026-06-07T00:04:41
14996,dqn,pool:gen_001,1,1.4850,-1.8192,64,2026-06-07T00:04:43
14997,pool:gen_001,dqn,2,-0.7672,2.6855,64,2026-06-07T00:04:46
14998,dqn,pool:gen_001,1,1.8439,-1.9058,64,2026-06-07T00:04:49
14999,self,dqn,1,1.5964,-1.8192,64,2026-06-07T00:04:52
15000,dqn,self,2,-0.5816,2.4256,64,2026-06-07T00:04:54
15001,self,dqn,1,1.9801,-1.7325,64,2026-06-07T00:18:34
15002,dqn,pool:gen_002,1,1.3860,-1.8440,64,2026-06-07T00:18:36
15003,pool:gen_002,dqn,2,-0.7177,2.2524,64,2026-06-07T00:18:39
15004,dqn,pool:gen_002,1,1.5346,-1.5841,64,2026-06-07T00:18:42
15005,pool:gen_002,dqn,1,2.0172,-1.9553,64,2026-06-07T00:18:45
15006,dqn,self,1,1.5964,-1.7449,64,2026-06-07T00:18:48
15007,self,dqn,1,1.7944,-1.6583,64,2026-06-07T00:18:51
15008,dqn,self,2,-0.8043,2.6484,64,2026-06-07T00:18:53
15009,self,dqn,2,-0.7425,2.4875,64,2026-06-07T00:18:56
15010,dqn,self,1,1.9801,-1.9553,64,2026-06-07T00:18:59
15011,pool:gen_002,dqn,1,1.6830,-1.8811,64,2026-06-07T00:19:02
15012,dqn,heuristic,1,2.3142,-1.8810,64,2026-06-07T00:19:04
15013,self,dqn,1,2.4256,-2.4380,64,2026-06-07T00:19:07
15014,dqn,pool:gen_002,2,-0.5692,2.6979,64,2026-06-07T00:19:10
15015,pool:gen_002,dqn,1,2.0296,-1.8687,64,2026-06-07T00:19:13
15016,dqn,random,1,2.3513,-2.2523,64,2026-06-07T00:19:16
15017,self,dqn,1,1.8192,-1.7078,64,2026-06-07T00:19:19
15018,dqn,pool:gen_001,1,1.6212,-1.9430,64,2026-06-07T00:19:22
15019,self,dqn,2,-0.5940,2.2276,64,2026-06-07T00:19:24
15020,dqn,pool:gen_001,1,1.6707,-2.0791,64,2026-06-07T00:19:28
15021,pool:gen_002,dqn,1,1.8811,-2.0543,64,2026-06-07T00:19:31
15022,dqn,self,1,1.9429,-1.6954,64,2026-06-07T00:19:34
15023,pool:gen_001,dqn,1,1.5098,-1.8316,64,2026-06-07T00:19:37
15024,dqn,pool:gen_002,2,-0.6435,2.6237,64,2026-06-07T00:19:39
15025,self,dqn,1,1.4479,-1.5593,64,2026-06-07T00:19:42
15026,dqn,self,1,1.5345,-1.7326,64,2026-06-07T00:19:45
15027,pool:gen_001,dqn,2,-0.7920,2.4380,64,2026-06-07T00:19:48
15028,dqn,self,2,-0.7425,2.4133,64,2026-06-07T00:19:51
15029,pool:gen_001,dqn,2,-0.8662,2.5494,64,2026-06-07T00:19:54
15030,dqn,self,2,-0.4207,2.4380,64,2026-06-07T00:19:56
15031,self,dqn,1,1.6088,-1.9553,64,2026-06-07T00:19:59
15032,dqn,self,2,-0.9033,2.8835,64,2026-06-07T00:20:02
15033,pool:gen_001,dqn,1,1.4108,-1.7449,64,2026-06-07T00:20:05
15034,dqn,pool:gen_001,1,1.4479,-1.8192,64,2026-06-07T00:20:07
15035,self,dqn,1,2.2400,-2.2523,64,2026-06-07T00:20:10
15036,dqn,self,1,1.8934,-1.8192,64,2026-06-07T00:20:12
15037,self,dqn,2,-0.5940,2.3019,64,2026-06-07T00:20:15
15038,dqn,pool:gen_002,2,-0.4578,2.6979,64,2026-06-07T00:20:18
15039,self,dqn,2,-0.6930,2.2400,64,2026-06-07T00:20:21
15040,dqn,pool:gen_001,1,1.3489,-1.6212,64,2026-06-07T00:20:24
15041,self,dqn,1,1.5345,-1.8068,64,2026-06-07T00:20:26
15042,dqn,pool:gen_002,2,-0.7301,2.5741,64,2026-06-07T00:20:29
15043,self,dqn,1,1.8192,-2.1162,64,2026-06-07T00:20:32
15044,dqn,random,1,3.1063,-2.4627,64,2026-06-07T00:20:35
15045,pool:gen_001,dqn,1,1.5345,-1.9182,64,2026-06-07T00:20:38
15046,dqn,pool:gen_002,2,-0.8291,2.5865,64,2026-06-07T00:20:41
15047,self,dqn,1,1.7573,-1.9182,64,2026-06-07T00:20:43
15048,dqn,pool:gen_002,2,-0.4578,2.5865,64,2026-06-07T00:20:46
15049,pool:gen_002,dqn,1,1.7202,-1.7697,64,2026-06-07T00:20:49
15050,dqn,self,1,1.4108,-1.7449,64,2026-06-07T00:20:52
15051,pool:gen_002,dqn,1,1.7573,-1.6583,64,2026-06-07T00:20:55
15052,dqn,self,1,1.7202,-1.8439,64,2026-06-07T00:20:58
15053,pool:gen_002,dqn,1,1.8687,-1.7697,64,2026-06-07T00:21:00
15054,dqn,pool:gen_002,2,-0.7053,2.8217,64,2026-06-07T00:21:03
15055,self,dqn,2,-0.6311,2.4133,64,2026-06-07T00:21:06
15056,dqn,self,1,1.8068,-1.8316,64,2026-06-07T00:21:09
15057,pool:gen_001,dqn,2,-0.7796,2.4504,64,2026-06-07T00:21:12
15058,dqn,self,1,1.5964,-1.7449,64,2026-06-07T00:21:15
15059,self,dqn,2,-0.6187,2.2400,64,2026-06-07T00:21:18
15060,dqn,self,1,1.9553,-1.9801,64,2026-06-07T00:21:20
15061,self,dqn,1,1.7326,-1.9429,64,2026-06-07T00:21:23
15062,dqn,self,1,1.9058,-2.0296,64,2026-06-07T00:21:26
15063,pool:gen_002,dqn,1,2.0172,-1.7697,64,2026-06-07T00:21:29
15064,dqn,pool:gen_002,2,-0.4949,2.5494,64,2026-06-07T00:21:32
15065,self,dqn,1,1.7325,-2.0543,64,2026-06-07T00:21:35
15066,dqn,self,2,-0.5940,2.5246,64,2026-06-07T00:21:38
15067,pool:gen_002,dqn,1,1.8934,-1.7449,64,2026-06-07T00:21:41
15068,dqn,self,1,1.8811,-1.8316,64,2026-06-07T00:21:44
15069,pool:gen_001,dqn,1,1.5222,-1.6336,64,2026-06-07T00:21:47
15070,dqn,self,2,-0.6558,2.4999,64,2026-06-07T00:21:50
15071,self,dqn,2,-0.6806,2.2895,64,2026-06-07T00:21:53
15072,dqn,self,2,-0.9900,2.6484,64,2026-06-07T00:21:56
15073,heuristic,dqn,2,-0.3340,2.9331,64,2026-06-07T00:21:59
15074,dqn,self,2,-0.7796,2.5618,64,2026-06-07T00:22:02
15075,heuristic,dqn,2,-0.6063,3.4405,64,2026-06-07T00:22:05
15076,dqn,random,2,-0.7053,2.2276,64,2026-06-07T00:22:07
15077,self,dqn,2,-0.7920,2.6608,64,2026-06-07T00:22:10
15078,dqn,self,1,1.4850,-1.8192,64,2026-06-07T00:22:13
15079,pool:gen_002,dqn,1,1.5841,-1.6088,64,2026-06-07T00:22:16
15080,dqn,pool:gen_001,1,1.7449,-1.9306,64,2026-06-07T00:22:19
15081,pool:gen_002,dqn,1,1.8811,-1.7573,64,2026-06-07T00:22:21
15082,dqn,self,1,2.0048,-1.7821,64,2026-06-07T00:22:24
15083,pool:gen_002,dqn,2,-0.3464,2.3266,64,2026-06-07T00:22:27
15084,dqn,self,2,-0.9405,2.8835,64,2026-06-07T00:22:30
15085,self,dqn,1,1.6831,-1.8439,64,2026-06-07T00:22:33
15086,dqn,pool:gen_001,1,1.5840,-1.8687,64,2026-06-07T00:22:36
15087,self,dqn,1,1.5469,-1.8687,64,2026-06-07T00:22:39
15088,dqn,self,2,-0.7796,2.5618,64,2026-06-07T00:22:42
15089,self,dqn,1,1.4108,-1.7078,64,2026-06-07T00:22:45
15090,dqn,pool:gen_002,1,2.1162,-2.0791,64,2026-06-07T00:22:48
15091,pool:gen_001,dqn,2,-0.8415,2.4628,64,2026-06-07T00:22:51
15092,dqn,random,1,2.7845,-2.4503,64,2026-06-07T00:22:54
15093,self,dqn,2,-0.6435,2.5494,64,2026-06-07T00:22:57
15094,dqn,random,1,2.5617,-2.3761,64,2026-06-07T00:22:59
15095,pool:gen_001,dqn,2,-0.7796,2.6360,64,2026-06-07T00:23:02
15096,dqn,pool:gen_002,2,-0.3712,2.7845,64,2026-06-07T00:23:05
15097,self,dqn,2,-0.7301,2.9454,64,2026-06-07T00:23:08
15098,dqn,heuristic,1,3.2053,-1.6954,64,2026-06-07T00:23:10
15099,self,dqn,1,1.7697,-1.6459,64,2026-06-07T00:23:13
15100,dqn,pool:gen_002,1,1.7449,-1.8192,64,2026-06-07T00:23:16
15101,self,dqn,2,-0.4455,2.2648,64,2026-06-07T00:37:03
15102,dqn,pool:gen_002,1,1.5964,-1.5593,64,2026-06-07T00:37:04
15103,pool:gen_002,dqn,2,-0.3712,2.3390,64,2026-06-07T00:37:06
15104,dqn,self,2,-0.4578,2.9578,64,2026-06-07T00:37:07
15105,self,dqn,1,1.4974,-1.7326,64,2026-06-07T00:37:09
15106,dqn,pool:gen_002,2,-0.3588,2.4628,64,2026-06-07T00:37:10
15107,pool:gen_002,dqn,2,-0.3712,2.4504,64,2026-06-07T00:37:12
15108,dqn,self,2,-0.8538,2.6732,64,2026-06-07T00:37:13
15109,random,dqn,2,-1.2993,3.6756,64,2026-06-07T00:37:14
15110,dqn,pool:gen_002,1,1.6954,-1.9429,64,2026-06-07T00:37:16
15111,pool:gen_001,dqn,1,1.5345,-1.6954,64,2026-06-07T00:37:17
15112,dqn,pool:gen_001,2,-0.6682,2.5246,64,2026-06-07T00:37:19
15113,self,dqn,1,1.4355,-1.7573,64,2026-06-07T00:37:20
15114,dqn,self,1,1.9058,-2.0667,64,2026-06-07T00:37:22
15115,pool:gen_002,dqn,2,-1.2499,2.9454,64,2026-06-07T00:37:23
15116,dqn,pool:gen_001,1,1.8934,-1.7078,64,2026-06-07T00:37:25
15117,self,dqn,2,-0.8910,2.4504,64,2026-06-07T00:37:26
15118,dqn,pool:gen_002,1,1.8687,-2.1410,64,2026-06-07T00:37:28
15119,self,dqn,2,-0.5816,2.3885,64,2026-06-07T00:37:29
15120,dqn,heuristic,1,2.6236,-2.0543,64,2026-06-07T00:37:31
15121,pool:gen_001,dqn,1,1.6831,-1.8439,64,2026-06-07T00:37:32
15122,dqn,pool:gen_001,1,1.3984,-1.6459,64,2026-06-07T00:37:34
15123,pool:gen_001,dqn,1,1.3984,-1.6459,64,2026-06-07T00:37:35
15124,dqn,pool:gen_002,1,1.7078,-1.9677,64,2026-06-07T00:37:37
15125,pool:gen_001,dqn,2,-0.6187,2.4256,64,2026-06-07T00:37:38
15126,dqn,self,2,-0.7301,2.3885,64,2026-06-07T00:37:40
15127,random,dqn,2,-1.4231,3.5518,64,2026-06-07T00:37:41
15128,dqn,self,1,1.5469,-1.5717,64,2026-06-07T00:37:43
15129,pool:gen_001,dqn,1,1.5345,-1.7326,64,2026-06-07T00:37:44
15130,dqn,random,1,1.8687,-1.7697,64,2026-06-07T00:37:46
15131,pool:gen_002,dqn,2,-0.6806,2.4009,64,2026-06-07T00:37:47
15132,dqn,pool:gen_001,2,-0.7177,2.4751,64,2026-06-07T00:37:49
15133,pool:gen_001,dqn,1,1.6088,-1.8439,64,2026-06-07T00:37:50
15134,dqn,self,1,1.9677,-2.0419,64,2026-06-07T00:37:52
15135,self,dqn,1,1.4850,-1.7078,64,2026-06-07T00:37:53
15136,dqn,pool:gen_002,1,1.7326,-1.9801,64,2026-06-07T00:37:55
15137,pool:gen_001,dqn,1,1.6707,-1.8563,64,2026-06-07T00:37:56
15138,dqn,pool:gen_001,2,-0.8910,2.6731,64,2026-06-07T00:37:58
15139,pool:gen_001,dqn,1,1.7078,-1.8563,64,2026-06-07T00:37:59
15140,dqn,self,1,1.5469,-1.7573,64,2026-06-07T00:38:01
15141,pool:gen_002,dqn,2,-0.7425,2.4133,64,2026-06-07T00:38:02
15142,dqn,self,2,-0.5692,2.4751,64,2026-06-07T00:38:04
15143,heuristic,dqn,2,-0.8167,3.4900,64,2026-06-07T00:38:05
15144,dqn,pool:gen_002,1,1.6212,-1.8687,64,2026-06-07T00:38:07
15145,self,dqn,2,-0.6187,2.3885,64,2026-06-07T00:38:08
15146,dqn,heuristic,1,2.1533,-1.5593,64,2026-06-07T00:38:10
15147,pool:gen_001,dqn,1,1.6212,-1.9058,64,2026-06-07T00:38:11
15148,dqn,pool:gen_001,2,-0.7672,2.4256,64,2026-06-07T00:38:13
15149,pool:gen_001,dqn,2,-0.6063,2.6237,64,2026-06-07T00:38:14
15150,dqn,self,1,1.3860,-1.6954,64,2026-06-07T00:38:16
15151,pool:gen_002,dqn,2,-0.7301,2.4256,64,2026-06-07T00:38:17
15152,dqn,pool:gen_002,1,2.0048,-2.1905,64,2026-06-07T00:38:19
15153,self,dqn,1,1.5840,-1.7573,64,2026-06-07T00:38:20
15154,dqn,pool:gen_002,1,1.6212,-1.9430,64,2026-06-07T00:38:22
15155,pool:gen_001,dqn,2,-0.7053,2.4133,64,2026-06-07T00:38:23
15156,dqn,self,2,-0.7053,2.4875,64,2026-06-07T00:38:25
15157,pool:gen_002,dqn,1,1.6088,-1.6583,64,2026-06-07T00:38:26
15158,dqn,self,2,-0.7796,2.3390,64,2026-06-07T00:38:28
15159,self,dqn,2,-0.4578,2.2524,64,2026-06-07T00:38:29
15160,dqn,pool:gen_002,2,-0.5940,2.3761,64,2026-06-07T00:38:31
15161,random,dqn,2,-1.0271,3.4281,64,2026-06-07T00:38:32
15162,dqn,pool:gen_001,2,-0.7053,2.4133,64,2026-06-07T00:38:34
15163,self,dqn,1,2.1410,-2.0172,64,2026-06-07T00:38:35
15164,dqn,pool:gen_002,1,1.5222,-1.7821,64,2026-06-07T00:38:37
15165,self,dqn,2,-0.8786,2.6484,64,2026-06-07T00:38:38
15166,dqn,random,1,2.4503,-2.2647,64,2026-06-07T00:38:40
15167,pool:gen_002,dqn,2,-0.4083,2.5989,64,2026-06-07T00:38:41
15168,dqn,pool:gen_001,1,1.3860,-1.6954,64,2026-06-07T00:38:43
15169,pool:gen_001,dqn,2,-0.7425,2.5246,64,2026-06-07T00:38:44
15170,dqn,self,1,1.8316,-2.0667,64,2026-06-07T00:38:46
15171,pool:gen_002,dqn,2,-0.3093,2.2524,64,2026-06-07T00:38:47
15172,dqn,pool:gen_002,2,-0.3341,2.4504,64,2026-06-07T00:38:49
15173,pool:gen_001,dqn,1,1.6088,-1.8068,64,2026-06-07T00:38:50
15174,dqn,pool:gen_001,2,-0.9529,2.4999,64,2026-06-07T00:38:52
15175,self,dqn,2,-0.8538,2.5246,64,2026-06-07T00:38:53
15176,dqn,pool:gen_001,2,-1.0024,2.6731,64,2026-06-07T00:38:55
15177,self,dqn,1,1.3737,-1.7449,64,2026-06-07T00:38:56
15178,dqn,pool:gen_002,2,-0.6187,2.6484,64,2026-06-07T00:38:58
15179,pool:gen_002,dqn,1,2.4256,-2.2152,64,2026-06-07T00:38:59
15180,dqn,pool:gen_001,2,-0.6806,2.5123,64,2026-06-07T00:39:01
15181,pool:gen_001,dqn,1,1.6335,-2.0420,64,2026-06-07T00:39:02
15182,dqn,self,1,1.5717,-1.8068,64,2026-06-07T00:39:04
15183,self,dqn,1,1.7202,-1.6583,64,2026-06-07T00:39:05
15184,dqn,pool:gen_001,2,-0.6930,2.4256,64,2026-06-07T00:39:07
15185,self,dqn,2,-0.5940,2.5247,64,2026-06-07T00:39:08
15186,dqn,heuristic,1,2.7969,-1.6583,64,2026-06-07T00:39:10
15187,pool:gen_001,dqn,2,-0.5321,2.4380,64,2026-06-07T00:39:11
15188,dqn,pool:gen_002,2,-0.7796,2.6360,64,2026-06-07T00:39:13
15189,pool:gen_002,dqn,1,2.2523,-2.1286,64,2026-06-07T00:39:14
15190,dqn,self,2,-0.3217,2.3885,64,2026-06-07T00:39:16
15191,self,dqn,1,2.0419,-2.0791,64,2026-06-07T00:39:17
15192,dqn,pool:gen_002,2,-0.4826,2.2648,64,2026-06-07T00:39:19
15193,self,dqn,1,1.6707,-1.5593,64,2026-06-07T00:39:20
15194,dqn,self,2,-0.4949,2.5123,64,2026-06-07T00:39:22
15195,self,dqn,2,-0.8538,2.4875,64,2026-06-07T00:39:24
15196,dqn,pool:gen_001,2,-0.8786,2.4628,64,2026-06-07T00:39:25
15197,pool:gen_002,dqn,1,1.6583,-1.9058,64,2026-06-07T00:39:27
15198,dqn,pool:gen_001,2,-0.7425,2.4504,64,2026-06-07T00:39:28
15199,self,dqn,2,-0.8538,2.5246,64,2026-06-07T00:39:30
15200,dqn,random,1,1.5717,-1.8811,64,2026-06-07T00:39:31
15201,self,dqn,2,-0.6311,2.6360,64,2026-06-07T00:54:18
15202,dqn,self,1,1.3365,-1.8192,64,2026-06-07T00:54:20
15203,self,dqn,1,2.3018,-2.3390,64,2026-06-07T00:54:22
15204,dqn,pool:gen_002,2,-0.9652,3.0073,64,2026-06-07T00:54:24
15205,self,dqn,1,1.8934,-1.9677,64,2026-06-07T00:54:25
15206,dqn,pool:gen_002,2,-0.9652,2.9330,64,2026-06-07T00:54:27
15207,pool:gen_001,dqn,1,1.7573,-2.0667,64,2026-06-07T00:54:29
15208,dqn,self,2,-0.8786,2.6484,64,2026-06-07T00:54:31
15209,self,dqn,2,-0.4826,2.1534,64,2026-06-07T00:54:33
15210,dqn,self,1,2.0419,-2.1533,64,2026-06-07T00:54:35
15211,self,dqn,1,1.9182,-1.9801,64,2026-06-07T00:54:38
15212,dqn,pool:gen_001,2,-0.8538,2.6360,64,2026-06-07T00:54:40
15213,self,dqn,1,1.5222,-1.7449,64,2026-06-07T00:54:42
15214,dqn,self,2,-0.9900,2.6855,64,2026-06-07T00:54:44
15215,self,dqn,1,1.5964,-2.0420,64,2026-06-07T00:54:46
15216,dqn,pool:gen_002,2,-0.7920,2.8093,64,2026-06-07T00:54:48
15217,pool:gen_001,dqn,1,1.5098,-1.6831,64,2026-06-07T00:54:50
15218,dqn,pool:gen_002,2,-0.8662,2.8464,64,2026-06-07T00:54:52
15219,pool:gen_002,dqn,1,1.9677,-1.8934,64,2026-06-07T00:54:54
15220,dqn,self,2,-0.8786,2.9083,64,2026-06-07T00:54:56
15221,heuristic,dqn,2,-0.7177,3.7746,64,2026-06-07T00:54:58
15222,dqn,pool:gen_002,2,-0.7672,2.7598,64,2026-06-07T00:55:00
15223,self,dqn,2,-0.4207,2.1781,64,2026-06-07T00:55:02
15224,dqn,pool:gen_001,2,-0.6806,2.3638,64,2026-06-07T00:55:04
15225,heuristic,dqn,2,-0.2722,2.8836,64,2026-06-07T00:55:06
15226,dqn,heuristic,1,3.6384,-2.3389,64,2026-06-07T00:55:08
15227,self,dqn,1,1.6830,-1.9925,64,2026-06-07T00:55:10
15228,dqn,pool:gen_002,1,1.5469,-1.7202,64,2026-06-07T00:55:12
15229,pool:gen_002,dqn,1,1.8687,-1.8811,64,2026-06-07T00:55:13
15230,dqn,random,1,2.4132,-1.9677,64,2026-06-07T00:55:15
15231,pool:gen_001,dqn,2,-0.7053,2.3761,64,2026-06-07T00:55:17
15232,dqn,pool:gen_001,1,1.5345,-1.7326,64,2026-06-07T00:55:19
15233,self,dqn,1,1.9306,-1.6335,64,2026-06-07T00:55:21
15234,dqn,heuristic,1,2.8092,-1.9058,64,2026-06-07T00:55:22
15235,random,dqn,2,-1.2251,3.0444,64,2026-06-07T00:55:24
15236,dqn,self,1,1.5593,-1.7449,64,2026-06-07T00:55:26
15237,pool:gen_002,dqn,1,1.7697,-1.8316,64,2026-06-07T00:55:28
15238,dqn,pool:gen_002,1,1.6583,-1.9058,64,2026-06-07T00:55:30
15239,random,dqn,2,-1.2127,3.6508,64,2026-06-07T00:55:32
15240,dqn,self,1,2.0048,-2.1162,64,2026-06-07T00:55:34
15241,pool:gen_002,dqn,1,1.8192,-1.7449,64,2026-06-07T00:55:35
15242,dqn,self,1,1.8563,-2.0419,64,2026-06-07T00:55:37
15243,self,dqn,1,1.8563,-1.7821,64,2026-06-07T00:55:39
15244,dqn,pool:gen_002,1,1.7944,-1.8439,64,2026-06-07T00:55:41
15245,self,dqn,1,1.8192,-1.7078,64,2026-06-07T00:55:43
15246,dqn,pool:gen_001,2,-0.6311,2.3761,64,2026-06-07T00:55:45
15247,pool:gen_001,dqn,1,1.4603,-1.8811,64,2026-06-07T00:55:47
15248,dqn,pool:gen_002,1,1.7944,-1.7326,64,2026-06-07T00:55:49
15249,self,dqn,1,1.9801,-1.9553,64,2026-06-07T00:55:52
15250,dqn,heuristic,1,2.8711,-1.9182,64,2026-06-07T00:55:54
15251,self,dqn,1,2.1657,-2.2523,64,2026-06-07T00:55:56
15252,dqn,self,1,1.8192,-2.0791,64,2026-06-07T00:55:58
15253,self,dqn,1,1.7573,-1.7326,64,2026-06-07T00:56:00
15254,dqn,pool:gen_002,1,1.9058,-2.1038,64,2026-06-07T00:56:01
15255,self,dqn,1,1.8811,-1.9429,64,2026-06-07T00:56:03
15256,dqn,self,2,-0.8167,2.4504,64,2026-06-07T00:56:05
15257,pool:gen_001,dqn,2,-0.7672,2.2771,64,2026-06-07T00:56:07
15258,dqn,self,2,-0.7053,2.4133,64,2026-06-07T00:56:10
15259,pool:gen_002,dqn,2,-0.5940,2.5246,64,2026-06-07T00:56:11
15260,dqn,random,1,3.0691,-2.4998,64,2026-06-07T00:56:13
15261,self,dqn,1,2.1781,-2.1286,64,2026-06-07T00:56:15
15262,dqn,self,1,2.3637,-2.0172,64,2026-06-07T00:56:17
15263,self,dqn,1,1.5098,-1.7202,64,2026-06-07T00:56:19
15264,dqn,self,2,-0.7796,2.9330,64,2026-06-07T00:56:21
15265,pool:gen_001,dqn,2,-0.6682,2.1905,64,2026-06-07T00:56:23
15266,dqn,self,1,1.7944,-1.8068,64,2026-06-07T00:56:24
15267,heuristic,dqn,2,-0.2598,3.3043,64,2026-06-07T00:56:26
15268,dqn,pool:gen_001,1,1.3984,-1.8316,64,2026-06-07T00:56:28
15269,self,dqn,1,2.2771,-2.1038,64,2026-06-07T00:56:30
15270,dqn,pool:gen_002,1,1.7078,-1.9306,64,2026-06-07T00:56:31
15271,self,dqn,2,-0.8291,2.9949,64,2026-06-07T00:56:33
15272,dqn,self,1,2.0048,-1.6335,64,2026-06-07T00:56:35
15273,pool:gen_001,dqn,1,1.3365,-1.7449,64,2026-06-07T00:56:38
15274,dqn,self,1,1.9182,-1.6459,64,2026-06-07T00:56:39
15275,pool:gen_001,dqn,2,-0.6435,2.3266,64,2026-06-07T00:56:41
15276,dqn,random,1,1.7944,-1.8439,64,2026-06-07T00:56:43
15277,pool:gen_002,dqn,2,-0.8291,2.6608,64,2026-06-07T00:56:45
15278,dqn,self,1,1.5717,-1.8439,64,2026-06-07T00:56:47
15279,self,dqn,1,1.3118,-1.8068,64,2026-06-07T00:56:49
15280,dqn,self,2,-1.0642,2.8712,64,2026-06-07T00:56:51
15281,self,dqn,2,-0.8538,3.0073,64,2026-06-07T00:56:53
15282,dqn,pool:gen_001,1,1.7944,-2.0296,64,2026-06-07T00:56:54
15283,heuristic,dqn,2,-0.6310,3.6756,64,2026-06-07T00:56:56
15284,dqn,self,1,1.5841,-1.6088,64,2026-06-07T00:56:58
15285,self,dqn,1,1.8316,-1.7326,64,2026-06-07T00:57:00
15286,dqn,pool:gen_001,1,1.8934,-2.0791,64,2026-06-07T00:57:02
15287,pool:gen_001,dqn,1,1.4974,-1.8811,64,2026-06-07T00:57:04
15288,dqn,pool:gen_002,2,-0.5444,2.6113,64,2026-06-07T00:57:06
15289,pool:gen_002,dqn,1,1.5717,-1.6583,64,2026-06-07T00:57:08
15290,dqn,pool:gen_002,2,-0.4455,2.1905,64,2026-06-07T00:57:10
15291,self,dqn,2,-0.8167,2.3390,64,2026-06-07T00:57:12
15292,dqn,pool:gen_001,2,-0.7425,2.2276,64,2026-06-07T00:57:14
15293,pool:gen_002,dqn,2,-0.4826,2.3019,64,2026-06-07T00:57:16
15294,dqn,pool:gen_001,1,1.4974,-1.9553,64,2026-06-07T00:57:18
15295,pool:gen_001,dqn,2,-0.7548,2.4380,64,2026-06-07T00:57:20
15296,dqn,pool:gen_002,1,1.4850,-1.4850,64,2026-06-07T00:57:22
15297,pool:gen_001,dqn,2,-0.9652,2.5246,64,2026-06-07T00:57:24
15298,dqn,pool:gen_001,1,1.5593,-1.8935,64,2026-06-07T00:57:26
15299,pool:gen_002,dqn,1,1.7078,-1.8563,64,2026-06-07T00:57:27
15300,dqn,self,2,-0.4083,2.4504,64,2026-06-07T00:57:29
15301,pool:gen_001,dqn,2,-0.7425,2.3390,64,2026-06-07T01:09:06
15302,dqn,self,1,1.3737,-1.9306,64,2026-06-07T01:09:09
15303,self,dqn,2,-0.8291,2.3638,64,2026-06-07T01:09:10
15304,dqn,pool:gen_001,1,1.4974,-1.7697,64,2026-06-07T01:09:12
15305,self,dqn,1,1.6954,-1.8316,64,2026-06-07T01:09:14
15306,dqn,pool:gen_001,1,1.4479,-1.7078,64,2026-06-07T01:09:16
15307,self,dqn,2,-0.9528,2.9083,64,2026-06-07T01:09:18
15308,dqn,self,2,-0.5445,2.3514,64,2026-06-07T01:09:20
15309,self,dqn,2,-1.0518,2.8464,64,2026-06-07T01:09:22
15310,dqn,pool:gen_001,2,-0.6682,2.2648,64,2026-06-07T01:09:24
15311,heuristic,dqn,2,-0.4207,2.7722,64,2026-06-07T01:09:25
15312,dqn,pool:gen_001,1,1.5098,-1.8316,64,2026-06-07T01:09:27
15313,random,dqn,2,-0.9776,3.1434,64,2026-06-07T01:09:29
15314,dqn,pool:gen_001,1,1.2994,-1.8192,64,2026-06-07T01:09:31
15315,pool:gen_001,dqn,1,1.2870,-1.7573,64,2026-06-07T01:09:33
15316,dqn,self,2,-1.0766,2.7845,64,2026-06-07T01:09:34
15317,self,dqn,2,-0.9776,2.7350,64,2026-06-07T01:09:36
15318,dqn,self,1,1.5593,-1.8935,64,2026-06-07T01:09:38
15319,pool:gen_001,dqn,1,1.5222,-1.8935,64,2026-06-07T01:09:40
15320,dqn,self,2,-1.0024,2.4875,64,2026-06-07T01:09:42
15321,self,dqn,2,-0.7672,2.3514,64,2026-06-07T01:09:44
15322,dqn,self,2,-0.8786,2.4256,64,2026-06-07T01:09:46
15323,self,dqn,2,-0.5568,2.3019,64,2026-06-07T01:09:48
15324,dqn,pool:gen_001,1,1.4727,-1.9058,64,2026-06-07T01:09:50
15325,pool:gen_001,dqn,1,1.4232,-1.8068,64,2026-06-07T01:09:52
15326,dqn,pool:gen_002,1,1.5098,-1.6831,64,2026-06-07T01:09:54
15327,pool:gen_001,dqn,2,-0.8291,2.3266,64,2026-06-07T01:09:56
15328,dqn,self,1,1.4232,-1.6212,64,2026-06-07T01:09:58
15329,pool:gen_002,dqn,2,-0.6187,2.2400,64,2026-06-07T01:10:00
15330,dqn,heuristic,1,2.0915,-1.6212,64,2026-06-07T01:10:01
15331,self,dqn,1,1.6335,-1.8934,64,2026-06-07T01:10:03
15332,dqn,pool:gen_002,1,1.7573,-1.8811,64,2026-06-07T01:10:05
15333,pool:gen_002,dqn,2,-0.6682,2.3761,64,2026-06-07T01:10:07
15334,dqn,self,2,-0.8415,2.7598,64,2026-06-07T01:10:09
15335,pool:gen_001,dqn,2,-0.5940,2.5246,64,2026-06-07T01:10:11
15336,dqn,self,2,-1.0766,3.0815,64,2026-06-07T01:10:12
15337,self,dqn,2,-0.7177,2.4380,64,2026-06-07T01:10:15
15338,dqn,pool:gen_001,1,1.8687,-1.8811,64,2026-06-07T01:10:16
15339,self,dqn,1,1.4355,-1.7573,64,2026-06-07T01:10:18
15340,dqn,pool:gen_001,1,1.8439,-1.8316,64,2026-06-07T01:10:20
15341,pool:gen_001,dqn,2,-0.4702,2.4999,64,2026-06-07T01:10:23
15342,dqn,self,2,-0.7920,2.7722,64,2026-06-07T01:10:25
15343,pool:gen_001,dqn,2,-0.5692,2.6237,64,2026-06-07T01:10:27
15344,dqn,random,1,1.9924,-2.2028,64,2026-06-07T01:10:29
15345,self,dqn,2,-1.2127,3.2796,64,2026-06-07T01:10:31
15346,dqn,self,2,-0.8291,2.5494,64,2026-06-07T01:10:33
15347,pool:gen_002,dqn,2,-0.6311,2.5989,64,2026-06-07T01:10:36
15348,dqn,heuristic,1,3.0815,-2.1162,64,2026-06-07T01:10:38
15349,heuristic,dqn,2,-0.6558,3.7994,64,2026-06-07T01:10:39
15350,dqn,pool:gen_002,1,2.0419,-2.1905,64,2026-06-07T01:10:42
15351,pool:gen_001,dqn,2,-0.7920,2.4380,64,2026-06-07T01:10:43
15352,dqn,self,2,-0.4949,2.5865,64,2026-06-07T01:10:45
15353,self,dqn,2,-0.5197,2.3390,64,2026-06-07T01:10:47
15354,dqn,random,1,2.3266,-1.8315,64,2026-06-07T01:10:49
15355,self,dqn,2,-0.9281,2.8588,64,2026-06-07T01:10:51
15356,dqn,pool:gen_001,1,1.6583,-1.9058,64,2026-06-07T01:10:53
15357,pool:gen_001,dqn,1,1.6088,-1.8439,64,2026-06-07T01:10:55
15358,dqn,self,1,1.5345,-1.9553,64,2026-06-07T01:10:57
15359,pool:gen_001,dqn,1,1.5964,-1.9306,64,2026-06-07T01:10:59
15360,dqn,pool:gen_002,1,1.5964,-1.7449,64,2026-06-07T01:11:01
15361,self,dqn,2,-0.6806,2.6979,64,2026-06-07T01:11:03
15362,dqn,pool:gen_002,1,1.5222,-1.8563,64,2026-06-07T01:11:05
15363,pool:gen_002,dqn,1,1.5345,-1.8068,64,2026-06-07T01:11:07
15364,dqn,self,1,1.7326,-1.6831,64,2026-06-07T01:11:09
15365,pool:gen_001,dqn,2,-0.7672,2.3514,64,2026-06-07T01:11:11
15366,dqn,self,2,-0.4455,2.3390,64,2026-06-07T01:11:12
15367,self,dqn,1,1.6088,-1.8068,64,2026-06-07T01:11:15
15368,dqn,self,2,-0.7053,2.4875,64,2026-06-07T01:11:17
15369,pool:gen_002,dqn,2,-0.9405,2.8464,64,2026-06-07T01:11:19
15370,dqn,self,1,2.0791,-2.0419,64,2026-06-07T01:11:21
15371,pool:gen_001,dqn,1,1.6954,-2.0172,64,2026-06-07T01:11:22
15372,dqn,pool:gen_001,1,1.5345,-1.9182,64,2026-06-07T01:11:24
15373,self,dqn,2,-0.7177,2.4380,64,2026-06-07T01:11:27
15374,dqn,random,1,2.3761,-2.1904,64,2026-06-07T01:11:29
15375,pool:gen_001,dqn,1,1.3613,-1.7944,64,2026-06-07T01:11:31
15376,dqn,self,2,-0.6806,2.6237,64,2026-06-07T01:11:33
15377,pool:gen_001,dqn,1,1.3118,-1.8068,64,2026-06-07T01:11:34
15378,dqn,self,1,1.8811,-1.9429,64,2026-06-07T01:11:36
15379,pool:gen_002,dqn,2,-0.7672,2.6113,64,2026-06-07T01:11:38
15380,dqn,self,1,1.6707,-1.7821,64,2026-06-07T01:11:40
15381,pool:gen_001,dqn,2,-0.7425,2.2276,64,2026-06-07T01:11:42
15382,dqn,self,2,-0.7548,2.4751,64,2026-06-07T01:11:44
15383,pool:gen_002,dqn,2,-0.6063,2.5494,64,2026-06-07T01:11:46
15384,dqn,pool:gen_001,2,-0.7301,2.2400,64,2026-06-07T01:11:48
15385,self,dqn,2,-0.8167,2.8217,64,2026-06-07T01:11:50
15386,dqn,pool:gen_002,1,1.7078,-1.8192,64,2026-06-07T01:11:52
15387,self,dqn,1,1.8439,-1.8316,64,2026-06-07T01:11:54
15388,dqn,heuristic,1,2.0172,-1.5840,64,2026-06-07T01:11:57
15389,self,dqn,1,1.8439,-1.9429,64,2026-06-07T01:11:58
15390,dqn,self,1,1.9306,-2.0419,64,2026-06-07T01:12:00
15391,pool:gen_001,dqn,2,-0.8291,2.5865,64,2026-06-07T01:12:03
15392,dqn,self,2,-0.8910,2.5989,64,2026-06-07T01:12:05
15393,pool:gen_001,dqn,2,-0.8291,2.4380,64,2026-06-07T01:12:07
15394,dqn,self,2,-0.7920,2.6237,64,2026-06-07T01:12:09
15395,self,dqn,2,-0.6187,2.4628,64,2026-06-07T01:12:11
15396,dqn,pool:gen_001,1,1.7449,-1.9677,64,2026-06-07T01:12:12
15397,pool:gen_002,dqn,2,-0.7053,2.4133,64,2026-06-07T01:12:15
15398,dqn,self,2,-0.7177,2.5865,64,2026-06-07T01:12:17
15399,self,dqn,1,2.4008,-1.9801,64,2026-06-07T01:12:18
15400,dqn,self,1,1.6336,-1.7821,64,2026-06-07T01:12:20
15401,self,dqn,1,1.6831,-1.8439,64,2026-06-07T01:23:01
15402,dqn,self,2,-0.4207,2.4380,64,2026-06-07T01:23:03
15403,pool:gen_001,dqn,2,-0.6558,2.4628,64,2026-06-07T01:23:05
15404,dqn,pool:gen_001,1,1.8934,-1.7821,64,2026-06-07T01:23:07
15405,self,dqn,2,-0.9776,2.8835,64,2026-06-07T01:23:09
15406,dqn,pool:gen_002,1,1.6336,-1.7449,64,2026-06-07T01:23:12
15407,pool:gen_002,dqn,1,1.5098,-1.5717,64,2026-06-07T01:23:14
15408,dqn,self,2,-0.5321,2.4751,64,2026-06-07T01:23:16
15409,pool:gen_001,dqn,2,-0.6435,2.6237,64,2026-06-07T01:23:18
15410,dqn,self,1,1.7449,-1.8563,64,2026-06-07T01:23:20
15411,pool:gen_001,dqn,2,-0.6311,2.6732,64,2026-06-07T01:23:22
15412,dqn,pool:gen_002,1,1.8563,-2.1162,64,2026-06-07T01:23:24
15413,self,dqn,2,-0.9405,2.6608,64,2026-06-07T01:23:26
15414,dqn,pool:gen_002,1,1.8439,-2.0915,64,2026-06-07T01:23:28
15415,self,dqn,2,-1.1261,2.9207,64,2026-06-07T01:23:30
15416,dqn,self,2,-0.7301,2.3143,64,2026-06-07T01:23:32
15417,pool:gen_001,dqn,2,-0.5445,2.4256,64,2026-06-07T01:23:34
15418,dqn,self,1,2.0914,-2.1781,64,2026-06-07T01:23:36
15419,heuristic,dqn,2,-0.6063,4.0345,64,2026-06-07T01:23:37
15420,dqn,self,2,-0.5073,2.4256,64,2026-06-07T01:23:39
15421,self,dqn,1,1.4850,-1.7078,64,2026-06-07T01:23:41
15422,dqn,self,2,-0.4578,2.2524,64,2026-06-07T01:23:43
15423,pool:gen_002,dqn,1,1.6583,-1.7202,64,2026-06-07T01:23:45
15424,dqn,self,1,1.9058,-1.9182,64,2026-06-07T01:23:47
15425,self,dqn,2,-0.9281,2.8588,64,2026-06-07T01:23:49
15426,dqn,pool:gen_002,2,-0.5445,2.3143,64,2026-06-07T01:23:51
15427,self,dqn,2,-0.7548,2.5123,64,2026-06-07T01:23:54
15428,dqn,self,2,-0.6930,2.6855,64,2026-06-07T01:23:55
15429,pool:gen_002,dqn,1,1.7944,-1.8068,64,2026-06-07T01:23:57
15430,dqn,self,2,-0.7425,2.5618,64,2026-06-07T01:23:59
15431,self,dqn,2,-0.7548,2.4380,64,2026-06-07T01:24:01
15432,dqn,pool:gen_001,2,-0.6063,2.2524,64,2026-06-07T01:24:03
15433,self,dqn,2,-0.7548,2.6237,64,2026-06-07T01:24:05
15434,dqn,pool:gen_002,2,-0.5568,2.3761,64,2026-06-07T01:24:07
15435,self,dqn,2,-1.1013,3.2053,64,2026-06-07T01:24:09
15436,dqn,self,2,-0.5321,2.1781,64,2026-06-07T01:24:11
15437,pool:gen_002,dqn,1,1.7202,-1.7697,64,2026-06-07T01:24:13
15438,dqn,self,2,-0.8415,2.4628,64,2026-06-07T01:24:15
15439,self,dqn,1,1.7326,-1.7573,64,2026-06-07T01:24:17
15440,dqn,self,1,1.5964,-1.7821,64,2026-06-07T01:24:19
15441,pool:gen_002,dqn,1,1.7573,-1.8811,64,2026-06-07T01:24:21
15442,dqn,self,2,-0.8415,2.2029,64,2026-06-07T01:24:23
15443,heuristic,dqn,2,-0.1360,3.6509,64,2026-06-07T01:24:24
15444,dqn,self,2,-0.6806,2.2895,64,2026-06-07T01:24:26
15445,pool:gen_002,dqn,1,1.7697,-1.8687,64,2026-06-07T01:24:28
15446,dqn,random,1,2.7721,-2.0914,64,2026-06-07T01:24:30
15447,heuristic,dqn,2,-0.6310,3.9726,64,2026-06-07T01:24:32
15448,dqn,pool:gen_001,1,1.5593,-1.7449,64,2026-06-07T01:24:34
15449,pool:gen_002,dqn,1,1.5222,-1.7078,64,2026-06-07T01:24:36
15450,dqn,pool:gen_001,1,1.8687,-2.0667,64,2026-06-07T01:24:38
15451,self,dqn,2,-0.5568,2.3390,64,2026-06-07T01:24:40
15452,dqn,self,1,1.4108,-1.6336,64,2026-06-07T01:24:42
15453,pool:gen_001,dqn,1,1.4232,-1.6954,64,2026-06-07T01:24:44
15454,dqn,pool:gen_001,2,-0.6187,2.3885,64,2026-06-07T01:24:46
15455,pool:gen_001,dqn,2,-0.5692,2.3638,64,2026-06-07T01:24:47
15456,dqn,pool:gen_001,2,-0.6187,2.3885,64,2026-06-07T01:24:49
15457,heuristic,dqn,2,-0.0741,3.2672,64,2026-06-07T01:24:51
15458,dqn,pool:gen_002,2,-0.7425,2.5246,64,2026-06-07T01:24:53
15459,pool:gen_002,dqn,1,1.6088,-1.8068,64,2026-06-07T01:24:55
15460,dqn,pool:gen_002,1,1.4727,-1.6088,64,2026-06-07T01:24:56
15461,self,dqn,2,-0.9652,2.8588,64,2026-06-07T01:24:58
15462,dqn,self,2,-1.2375,2.9207,64,2026-06-07T01:25:00
15463,random,dqn,2,-0.8167,2.9330,64,2026-06-07T01:25:02
15464,dqn,self,draw,0.4950,0.3094,64,2026-06-07T01:25:04
15465,self,dqn,2,-1.1137,2.8217,64,2026-06-07T01:25:06
15466,dqn,pool:gen_002,2,-0.6682,2.4504,64,2026-06-07T01:25:08
15467,self,dqn,2,-1.1632,3.0320,64,2026-06-07T01:25:10
15468,dqn,self,2,-1.1137,2.6731,64,2026-06-07T01:25:12
15469,pool:gen_002,dqn,1,1.4850,-1.6707,64,2026-06-07T01:25:14
15470,dqn,pool:gen_002,2,-0.7053,2.5246,64,2026-06-07T01:25:16
15471,pool:gen_002,dqn,2,-0.7548,2.3638,64,2026-06-07T01:25:17
15472,dqn,pool:gen_002,2,-0.7548,2.3638,64,2026-06-07T01:25:19
15473,pool:gen_002,dqn,1,1.4850,-1.6707,64,2026-06-07T01:25:21
15474,dqn,random,1,2.2399,-2.3266,64,2026-06-07T01:25:23
15475,pool:gen_001,dqn,2,-0.7425,2.4133,64,2026-06-07T01:25:25
15476,dqn,self,1,1.8316,-1.9182,64,2026-06-07T01:25:27
15477,pool:gen_001,dqn,2,-0.7920,2.5865,64,2026-06-07T01:25:29
15478,dqn,heuristic,1,2.0296,-1.1261,64,2026-06-07T01:25:31
15479,heuristic,dqn,2,-0.2845,3.2796,64,2026-06-07T01:25:33
15480,dqn,pool:gen_002,2,-0.5568,2.1905,64,2026-06-07T01:25:34
15481,self,dqn,2,-0.8538,2.6732,64,2026-06-07T01:25:36
15482,dqn,self,1,2.1286,-2.1409,64,2026-06-07T01:25:38
15483,pool:gen_002,dqn,2,-0.5073,2.3885,64,2026-06-07T01:25:40
15484,dqn,self,1,1.8316,-1.7326,64,2026-06-07T01:25:42
15485,pool:gen_001,dqn,2,-0.8910,2.7103,64,2026-06-07T01:25:44
15486,dqn,pool:gen_002,2,-0.7425,2.4133,64,2026-06-07T01:25:46
15487,self,dqn,2,-0.8415,3.0197,64,2026-06-07T01:25:47
15488,dqn,heuristic,1,1.8192,-1.2623,64,2026-06-07T01:25:49
15489,self,dqn,1,1.6831,-1.6954,64,2026-06-07T01:25:51
15490,dqn,self,2,-0.7053,2.3390,64,2026-06-07T01:25:53
15491,pool:gen_001,dqn,1,1.3984,-1.6831,64,2026-06-07T01:25:55
15492,dqn,self,1,1.6954,-1.7202,64,2026-06-07T01:25:56
15493,self,dqn,1,1.4974,-1.7697,64,2026-06-07T01:25:59
15494,dqn,pool:gen_001,1,1.6212,-1.8316,64,2026-06-07T01:26:01
15495,self,dqn,1,1.4232,-1.6954,64,2026-06-07T01:26:03
15496,dqn,self,1,1.4603,-1.7697,64,2026-06-07T01:26:05
15497,self,dqn,1,1.4603,-1.7326,64,2026-06-07T01:26:07
15498,dqn,pool:gen_002,2,-0.8415,2.4628,64,2026-06-07T01:26:09
15499,self,dqn,2,-0.6435,2.4009,64,2026-06-07T01:26:11
15500,dqn,pool:gen_002,2,-0.8167,2.4504,64,2026-06-07T01:26:13
15501,heuristic,dqn,2,-0.1113,3.1187,64,2026-06-07T01:37:56
15502,dqn,pool:gen_002,2,-0.4826,2.1163,64,2026-06-07T01:37:57
15503,pool:gen_001,dqn,1,1.3489,-1.6954,64,2026-06-07T01:37:59
15504,dqn,self,2,-0.7177,2.5494,64,2026-06-07T01:38:01
15505,pool:gen_001,dqn,1,1.4355,-1.7202,64,2026-06-07T01:38:03
15506,dqn,pool:gen_001,2,-0.6806,2.4009,64,2026-06-07T01:38:05
15507,pool:gen_001,dqn,1,1.7821,-1.9677,64,2026-06-07T01:38:06
15508,dqn,pool:gen_002,2,-0.5568,2.5618,64,2026-06-07T01:38:08
15509,pool:gen_001,dqn,1,1.4108,-1.7821,64,2026-06-07T01:38:10
15510,dqn,self,2,-0.7301,2.3885,64,2026-06-07T01:38:12
15511,self,dqn,2,-0.8662,2.6236,64,2026-06-07T01:38:14
15512,dqn,pool:gen_002,1,1.6212,-1.9058,64,2026-06-07T01:38:16
15513,pool:gen_002,dqn,2,-0.7796,2.4133,64,2026-06-07T01:38:18
15514,dqn,self,2,-0.5073,2.4628,64,2026-06-07T01:38:20
15515,self,dqn,1,1.5098,-1.9801,64,2026-06-07T01:38:21
15516,dqn,heuristic,1,2.5246,-1.8563,64,2026-06-07T01:38:23
15517,self,dqn,2,-1.0642,3.2053,64,2026-06-07T01:38:25
15518,dqn,self,2,-0.9157,3.0197,64,2026-06-07T01:38:27
15519,pool:gen_001,dqn,2,-0.7301,2.4256,64,2026-06-07T01:38:28
15520,dqn,random,1,2.3637,-2.0914,64,2026-06-07T01:38:30
15521,pool:gen_002,dqn,1,1.4727,-1.6831,64,2026-06-07T01:38:32
15522,dqn,pool:gen_002,2,-0.5073,2.1286,64,2026-06-07T01:38:34
15523,self,dqn,2,-1.0766,2.9702,64,2026-06-07T01:38:35
15524,dqn,self,1,1.4850,-1.6707,64,2026-06-07T01:38:38
15525,self,dqn,1,1.8192,-1.8934,64,2026-06-07T01:38:40
15526,dqn,pool:gen_001,1,1.7573,-1.9553,64,2026-06-07T01:38:42
15527,pool:gen_002,dqn,2,-0.6930,2.3514,64,2026-06-07T01:38:44
15528,dqn,pool:gen_001,1,1.7078,-1.9306,64,2026-06-07T01:38:46
15529,self,dqn,1,1.6336,-1.7078,64,2026-06-07T01:38:48
15530,dqn,pool:gen_001,2,-0.6063,2.3638,64,2026-06-07T01:38:50
15531,self,dqn,1,1.6088,-1.9553,64,2026-06-07T01:38:52
15532,dqn,pool:gen_002,2,-0.4826,2.2648,64,2026-06-07T01:38:54
15533,pool:gen_002,dqn,2,-0.6435,2.3266,64,2026-06-07T01:38:56
15534,dqn,pool:gen_001,2,-0.4950,2.2153,64,2026-06-07T01:38:58
15535,pool:gen_002,dqn,1,1.5717,-1.6583,64,2026-06-07T01:38:59
15536,dqn,self,1,1.7078,-1.8563,64,2026-06-07T01:39:02
15537,pool:gen_001,dqn,2,-0.5940,2.3761,64,2026-06-07T01:39:04
15538,dqn,self,2,-0.6311,2.3019,64,2026-06-07T01:39:06
15539,pool:gen_002,dqn,2,-0.7425,2.4133,64,2026-06-07T01:39:08
15540,dqn,heuristic,1,3.0073,-1.7078,64,2026-06-07T01:39:09
15541,self,dqn,1,1.6583,-1.7944,64,2026-06-07T01:39:11
15542,dqn,pool:gen_001,1,1.7449,-1.9306,64,2026-06-07T01:39:13
15543,self,dqn,2,-0.8538,2.5618,64,2026-06-07T01:39:15
15544,dqn,pool:gen_002,1,1.4479,-1.5964,64,2026-06-07T01:39:17
15545,random,dqn,2,-0.9776,3.1063,64,2026-06-07T01:39:18
15546,dqn,pool:gen_002,1,1.4974,-1.7326,64,2026-06-07T01:39:20
15547,pool:gen_002,dqn,2,-0.8167,2.3761,64,2026-06-07T01:39:22
15548,dqn,pool:gen_002,1,1.7449,-2.0048,64,2026-06-07T01:39:24
15549,self,dqn,2,-0.8539,2.4133,64,2026-06-07T01:39:26
15550,dqn,pool:gen_002,1,1.7326,-1.9429,64,2026-06-07T01:39:28
15551,pool:gen_001,dqn,2,-0.7301,2.5741,64,2026-06-07T01:39:31
15552,dqn,self,2,-0.9157,2.7227,64,2026-06-07T01:39:32
15553,heuristic,dqn,2,-0.7053,3.3415,64,2026-06-07T01:39:34
15554,dqn,self,2,-0.8662,2.6608,64,2026-06-07T01:39:36
15555,pool:gen_001,dqn,2,-0.8291,2.6979,64,2026-06-07T01:39:38
15556,dqn,pool:gen_002,2,-0.5321,2.8464,64,2026-06-07T01:39:40
15557,self,dqn,2,-1.0890,2.9578,64,2026-06-07T01:39:42
15558,dqn,pool:gen_001,1,1.5469,-1.7944,64,2026-06-07T01:39:44
15559,self,dqn,2,-0.8662,2.6608,64,2026-06-07T01:39:46
15560,dqn,self,2,-0.9776,2.9207,64,2026-06-07T01:39:47
15561,heuristic,dqn,2,-0.4454,3.6756,64,2026-06-07T01:39:49
15562,dqn,pool:gen_001,1,1.8563,-2.0419,64,2026-06-07T01:39:51
15563,pool:gen_002,dqn,1,1.6707,-1.5593,64,2026-06-07T01:39:53
15564,dqn,random,1,1.6459,-1.6583,64,2026-06-07T01:39:55
15565,self,dqn,1,1.7449,-1.7821,64,2026-06-07T01:39:57
15566,dqn,heuristic,1,3.4033,-1.9800,64,2026-06-07T01:39:59
15567,pool:gen_002,dqn,1,1.7078,-1.6707,64,2026-06-07T01:40:01
15568,dqn,self,1,1.4850,-1.8563,64,2026-06-07T01:40:03
15569,heuristic,dqn,2,-0.9899,3.6508,64,2026-06-07T01:40:06
15570,dqn,heuristic,1,2.5989,-1.9305,64,2026-06-07T01:40:08
15571,pool:gen_001,dqn,1,1.4108,-1.5964,64,2026-06-07T01:40:10
15572,dqn,pool:gen_002,1,1.6088,-1.8068,64,2026-06-07T01:40:12
15573,pool:gen_002,dqn,2,-0.7920,2.4751,64,2026-06-07T01:40:14
15574,dqn,self,1,1.4603,-1.6212,64,2026-06-07T01:40:16
15575,self,dqn,1,1.7449,-1.8192,64,2026-06-07T01:40:18
15576,dqn,pool:gen_001,1,1.5469,-1.7573,64,2026-06-07T01:40:20
15577,self,dqn,2,-0.8043,2.6484,64,2026-06-07T01:40:22
15578,dqn,pool:gen_001,1,1.5469,-1.8316,64,2026-06-07T01:40:24
15579,pool:gen_001,dqn,2,-0.6558,2.5370,64,2026-06-07T01:40:25
15580,dqn,self,1,1.4727,-1.7573,64,2026-06-07T01:40:28
15581,pool:gen_001,dqn,2,-0.9034,2.5123,64,2026-06-07T01:40:29
15582,dqn,pool:gen_001,2,-0.6682,2.1534,64,2026-06-07T01:40:31
15583,pool:gen_002,dqn,1,1.6954,-1.7944,64,2026-06-07T01:40:33
15584,dqn,self,1,1.6336,-1.5964,64,2026-06-07T01:40:35
15585,pool:gen_001,dqn,2,-0.7920,2.4380,64,2026-06-07T01:40:37
15586,dqn,pool:gen_001,1,1.5593,-1.7821,64,2026-06-07T01:40:39
15587,self,dqn,1,1.6212,-1.7573,64,2026-06-07T01:40:41
15588,dqn,pool:gen_002,2,-0.9281,2.5989,64,2026-06-07T01:40:43
15589,pool:gen_002,dqn,1,1.6459,-1.9925,64,2026-06-07T01:40:45
15590,dqn,self,1,1.6459,-1.5841,64,2026-06-07T01:40:46
15591,self,dqn,2,-0.3959,2.6855,64,2026-06-07T01:40:48
15592,dqn,heuristic,1,2.8093,-1.6830,64,2026-06-07T01:40:50
15593,pool:gen_002,dqn,1,1.6212,-1.9058,64,2026-06-07T01:40:53
15594,dqn,pool:gen_002,2,-0.6558,2.2771,64,2026-06-07T01:40:55
15595,pool:gen_002,dqn,2,-0.6558,2.3514,64,2026-06-07T01:40:57
15596,dqn,self,1,1.7821,-1.7821,64,2026-06-07T01:40:58
15597,random,dqn,2,-0.8786,3.1311,64,2026-06-07T01:41:00
15598,dqn,self,2,-0.8291,2.2152,64,2026-06-07T01:41:02
15599,pool:gen_001,dqn,2,-0.9528,2.6855,64,2026-06-07T01:41:05
15600,dqn,random,1,2.9082,-2.4379,64,2026-06-07T01:41:06
15601,pool:gen_002,dqn,1,1.3489,-1.6583,64,2026-06-07T01:52:45
15602,dqn,pool:gen_002,2,-0.6930,2.3143,64,2026-06-07T01:52:47
15603,pool:gen_001,dqn,2,-0.7425,2.3019,64,2026-06-07T01:52:49
15604,dqn,pool:gen_001,1,1.5345,-1.9182,64,2026-06-07T01:52:51
15605,pool:gen_002,dqn,1,1.7078,-1.7078,64,2026-06-07T01:52:53
15606,dqn,pool:gen_002,2,-0.7301,2.3514,64,2026-06-07T01:52:55
15607,pool:gen_001,dqn,2,-0.6806,2.4380,64,2026-06-07T01:52:57
15608,dqn,pool:gen_001,1,1.4727,-1.8687,64,2026-06-07T01:52:59
15609,self,dqn,2,-0.8415,2.4999,64,2026-06-07T01:53:01
15610,dqn,self,2,-0.4331,2.5742,64,2026-06-07T01:53:03
15611,pool:gen_001,dqn,2,-0.9900,2.5741,64,2026-06-07T01:53:05
15612,dqn,self,1,1.6459,-1.9925,64,2026-06-07T01:53:07
15613,pool:gen_001,dqn,1,1.4355,-1.6088,64,2026-06-07T01:53:09
15614,dqn,pool:gen_002,2,-0.7301,2.5370,64,2026-06-07T01:53:11
15615,self,dqn,1,2.1905,-2.1162,64,2026-06-07T01:53:13
15616,dqn,heuristic,1,2.3637,-1.1632,64,2026-06-07T01:53:14
15617,pool:gen_001,dqn,1,1.5717,-1.7326,64,2026-06-07T01:53:16
15618,dqn,pool:gen_002,2,-0.7548,2.5123,64,2026-06-07T01:53:18
15619,pool:gen_001,dqn,2,-0.6311,2.4133,64,2026-06-07T01:53:20
15620,dqn,self,2,-1.1261,3.0320,64,2026-06-07T01:53:23
15621,self,dqn,1,1.9058,-1.9553,64,2026-06-07T01:53:25
15622,dqn,pool:gen_001,2,-0.5568,2.3761,64,2026-06-07T01:53:26
15623,self,dqn,2,-0.7672,2.5741,64,2026-06-07T01:53:28
15624,dqn,pool:gen_001,1,1.4974,-1.6583,64,2026-06-07T01:53:30
15625,self,dqn,1,1.7944,-1.9182,64,2026-06-07T01:53:31
15626,dqn,heuristic,1,2.6855,-1.6954,64,2026-06-07T01:53:34
15627,heuristic,dqn,2,-0.2722,3.1435,64,2026-06-07T01:53:35
15628,dqn,pool:gen_001,1,1.4479,-1.7078,64,2026-06-07T01:53:37
15629,pool:gen_001,dqn,2,-0.6311,2.5246,64,2026-06-07T01:53:39
15630,dqn,pool:gen_001,1,1.6459,-1.6212,64,2026-06-07T01:53:41
15631,self,dqn,1,1.9058,-2.1038,64,2026-06-07T01:53:43
15632,dqn,pool:gen_001,1,1.6583,-1.9801,64,2026-06-07T01:53:45
15633,pool:gen_002,dqn,1,1.4479,-1.7449,64,2026-06-07T01:53:47
15634,dqn,pool:gen_001,1,1.4974,-1.5469,64,2026-06-07T01:53:49
15635,heuristic,dqn,2,-0.5815,3.4652,64,2026-06-07T01:53:51
15636,dqn,self,2,-0.6682,2.4875,64,2026-06-07T01:53:53
15637,self,dqn,2,-0.7548,2.5123,64,2026-06-07T01:53:55
15638,dqn,pool:gen_002,2,-0.3712,2.3019,64,2026-06-07T01:53:57
15639,pool:gen_001,dqn,1,1.6459,-1.8439,64,2026-06-07T01:53:59
15640,dqn,pool:gen_001,2,-0.5197,2.2648,64,2026-06-07T01:54:01
15641,pool:gen_001,dqn,1,1.6459,-1.8439,64,2026-06-07T01:54:03
15642,dqn,pool:gen_001,2,-0.4702,2.3514,64,2026-06-07T01:54:05
15643,pool:gen_002,dqn,2,-0.2598,2.2276,64,2026-06-07T01:54:06
15644,dqn,heuristic,1,2.6236,-1.7944,64,2026-06-07T01:54:08
15645,self,dqn,1,2.4627,-2.1409,64,2026-06-07T01:54:10
15646,dqn,self,1,1.5469,-1.9430,64,2026-06-07T01:54:13
15647,self,dqn,2,-0.6558,2.4256,64,2026-06-07T01:54:15
15648,dqn,pool:gen_002,2,-0.6063,2.3266,64,2026-06-07T01:54:17
15649,pool:gen_001,dqn,1,1.6088,-1.7697,64,2026-06-07T01:54:19
15650,dqn,self,1,1.5593,-1.9306,64,2026-06-07T01:54:21
15651,self,dqn,2,-0.5568,2.3019,64,2026-06-07T01:54:23
15652,dqn,self,1,1.8068,-1.7944,64,2026-06-07T01:54:25
15653,self,dqn,2,-0.4331,2.4999,64,2026-06-07T01:54:27
15654,dqn,self,2,-0.8167,2.6732,64,2026-06-07T01:54:29
15655,pool:gen_001,dqn,1,1.4727,-1.9058,64,2026-06-07T01:54:31
15656,dqn,self,1,1.8563,-2.0419,64,2026-06-07T01:54:33
15657,pool:gen_002,dqn,1,2.0667,-2.3513,64,2026-06-07T01:54:35
15658,dqn,pool:gen_002,2,-1.0766,2.8217,64,2026-06-07T01:54:37
15659,self,dqn,2,-0.6187,2.3885,64,2026-06-07T01:54:39
15660,dqn,self,1,1.9924,-1.9801,64,2026-06-07T01:54:41
15661,self,dqn,2,-0.6311,2.3761,64,2026-06-07T01:54:43
15662,dqn,random,1,2.0419,-1.9306,64,2026-06-07T01:54:45
15663,pool:gen_002,dqn,1,2.2152,-2.2400,64,2026-06-07T01:54:48
15664,dqn,pool:gen_002,2,-1.1509,2.9330,64,2026-06-07T01:54:50
15665,pool:gen_002,dqn,1,2.0791,-2.3761,64,2026-06-07T01:54:52
15666,dqn,self,2,-0.7301,2.6113,64,2026-06-07T01:54:53
15667,random,dqn,2,-0.8538,2.8959,64,2026-06-07T01:54:55
15668,dqn,pool:gen_001,1,1.4850,-1.8192,64,2026-06-07T01:54:57
15669,self,dqn,1,1.5593,-1.8192,64,2026-06-07T01:54:59
15670,dqn,self,1,1.6583,-1.7202,64,2026-06-07T01:55:01
15671,pool:gen_002,dqn,1,2.3390,-2.4132,64,2026-06-07T01:55:03
15672,dqn,pool:gen_001,1,1.4355,-1.7944,64,2026-06-07T01:55:05
15673,pool:gen_002,dqn,1,2.1781,-2.3885,64,2026-06-07T01:55:07
15674,dqn,pool:gen_001,2,-0.9033,2.6236,64,2026-06-07T01:55:09
15675,self,dqn,1,2.0914,-1.9924,64,2026-06-07T01:55:11
15676,dqn,pool:gen_001,1,1.4727,-1.6831,64,2026-06-07T01:55:13
15677,pool:gen_001,dqn,1,1.6335,-1.8934,64,2026-06-07T01:55:15
15678,dqn,self,2,-1.0395,2.6360,64,2026-06-07T01:55:17
15679,self,dqn,1,2.3513,-2.1409,64,2026-06-07T01:55:19
15680,dqn,pool:gen_002,2,-1.0642,2.7969,64,2026-06-07T01:55:21
15681,pool:gen_002,dqn,1,2.1286,-2.0667,64,2026-06-07T01:55:22
15682,dqn,pool:gen_001,2,-0.7796,2.5246,64,2026-06-07T01:55:24
15683,self,dqn,1,1.7821,-1.6707,64,2026-06-07T01:55:26
15684,dqn,pool:gen_002,2,-0.8167,2.7845,64,2026-06-07T01:55:28
15685,self,dqn,2,-0.5940,2.6360,64,2026-06-07T01:55:30
15686,dqn,self,1,1.6336,-1.5222,64,2026-06-07T01:55:32
15687,pool:gen_001,dqn,1,1.6459,-1.9925,64,2026-06-07T01:55:33
15688,dqn,self,1,1.7326,-1.7202,64,2026-06-07T01:55:35
15689,pool:gen_001,dqn,1,1.4974,-1.8811,64,2026-06-07T01:55:37
15690,dqn,pool:gen_002,2,-0.7548,2.7722,64,2026-06-07T01:55:40
15691,pool:gen_001,dqn,1,1.5098,-1.5717,64,2026-06-07T01:55:42
15692,dqn,pool:gen_002,2,-0.9033,2.8093,64,2026-06-07T01:55:43
15693,self,dqn,1,1.3737,-1.7821,64,2026-06-07T01:55:45
15694,dqn,self,1,1.6088,-1.6954,64,2026-06-07T01:55:47
15695,self,dqn,2,-0.5197,2.7103,64,2026-06-07T01:55:49
15696,dqn,pool:gen_001,1,1.4850,-1.7449,64,2026-06-07T01:55:51
15697,pool:gen_001,dqn,1,1.7202,-1.9553,64,2026-06-07T01:55:52
15698,dqn,self,2,-0.6558,2.8340,64,2026-06-07T01:55:54
15699,pool:gen_001,dqn,1,1.5222,-1.7078,64,2026-06-07T01:55:56
15700,dqn,pool:gen_002,2,-0.7177,2.8835,64,2026-06-07T01:55:58
15701,self,dqn,2,-0.5692,2.4009,64,2026-06-07T02:07:47
15702,dqn,heuristic,1,1.4603,-1.5098,64,2026-06-07T02:07:49
15703,pool:gen_001,dqn,1,1.5222,-1.8192,64,2026-06-07T02:07:51
15704,dqn,pool:gen_001,2,-0.7053,2.3390,64,2026-06-07T02:07:53
15705,pool:gen_002,dqn,1,1.9924,-1.9801,64,2026-06-07T02:07:55
15706,dqn,pool:gen_001,2,-0.7548,2.3638,64,2026-06-07T02:07:56
15707,self,dqn,2,-0.8043,2.6855,64,2026-06-07T02:07:58
15708,dqn,self,2,-0.7301,2.2029,64,2026-06-07T02:08:00
15709,self,dqn,1,1.7697,-1.7944,64,2026-06-07T02:08:02
15710,dqn,pool:gen_001,2,-0.7425,2.4504,64,2026-06-07T02:08:04
15711,pool:gen_002,dqn,1,1.9677,-1.8563,64,2026-06-07T02:08:06
15712,dqn,self,1,2.2152,-2.0914,64,2026-06-07T02:08:08
15713,self,dqn,2,-0.7177,2.2524,64,2026-06-07T02:08:11
15714,dqn,self,2,-0.8291,2.5865,64,2026-06-07T02:08:13
15715,pool:gen_002,dqn,1,1.7697,-1.9801,64,2026-06-07T02:08:15
15716,dqn,pool:gen_001,2,-0.8662,2.3638,64,2026-06-07T02:08:16
15717,pool:gen_001,dqn,1,1.7202,-2.0667,64,2026-06-07T02:08:18
15718,dqn,pool:gen_002,2,-0.8167,2.8588,64,2026-06-07T02:08:20
15719,self,dqn,1,2.0791,-2.1533,64,2026-06-07T02:08:22
15720,dqn,pool:gen_002,2,-0.8043,2.7227,64,2026-06-07T02:08:24
15721,heuristic,dqn,1,2.2400,-1.2499,64,2026-06-07T02:08:25
15722,dqn,pool:gen_002,2,-1.0642,2.9825,64,2026-06-07T02:08:28
15723,pool:gen_001,dqn,1,1.4850,-1.8935,64,2026-06-07T02:08:29
15724,dqn,pool:gen_001,2,-0.7548,2.4009,64,2026-06-07T02:08:31
15725,pool:gen_002,dqn,1,2.1038,-2.0543,64,2026-06-07T02:08:34
15726,dqn,pool:gen_002,2,-0.9900,2.7969,64,2026-06-07T02:08:36
15727,pool:gen_001,dqn,1,1.4974,-1.6583,64,2026-06-07T02:08:38
15728,dqn,self,2,-1.1385,3.0197,64,2026-06-07T02:08:39
15729,pool:gen_002,dqn,1,2.1286,-1.9924,64,2026-06-07T02:08:41
15730,dqn,pool:gen_001,2,-0.9776,2.5123,64,2026-06-07T02:08:43
15731,self,dqn,1,1.6954,-2.0172,64,2026-06-07T02:08:45
15732,dqn,pool:gen_001,2,-0.7301,2.3143,64,2026-06-07T02:08:47
15733,pool:gen_002,dqn,1,2.3390,-2.1162,64,2026-06-07T02:08:49
15734,dqn,random,1,1.7697,-2.0172,64,2026-06-07T02:08:51
15735,heuristic,dqn,2,-0.4454,3.1187,64,2026-06-07T02:08:53
15736,dqn,self,2,-1.2251,3.2672,64,2026-06-07T02:08:55
15737,self,dqn,1,2.1162,-2.0791,64,2026-06-07T02:08:57
15738,dqn,pool:gen_001,2,-0.7920,2.4751,64,2026-06-07T02:08:59
15739,self,dqn,1,1.8068,-1.9801,64,2026-06-07T02:09:01
15740,dqn,random,2,-0.5568,2.1905,64,2026-06-07T02:09:03
15741,self,dqn,1,1.4232,-1.7697,64,2026-06-07T02:09:05
15742,dqn,self,2,-1.1014,2.8712,64,2026-06-07T02:09:07
15743,self,dqn,1,2.1533,-2.2647,64,2026-06-07T02:09:08
15744,dqn,self,1,1.6583,-2.1286,64,2026-06-07T02:09:10
15745,self,dqn,1,1.5593,-1.6336,64,2026-06-07T02:09:12
15746,dqn,self,2,-0.6930,2.4256,64,2026-06-07T02:09:13
15747,self,dqn,2,-0.4949,2.5123,64,2026-06-07T02:09:15
15748,dqn,pool:gen_001,2,-0.8786,2.5741,64,2026-06-07T02:09:17
15749,pool:gen_001,dqn,1,1.3737,-1.6707,64,2026-06-07T02:09:19
15750,dqn,self,1,1.9553,-2.1657,64,2026-06-07T02:09:21
15751,self,dqn,1,1.7697,-1.8316,64,2026-06-07T02:09:23
15752,dqn,random,1,1.7202,-2.1038,64,2026-06-07T02:09:25
15753,self,dqn,2,-0.6311,2.4133,64,2026-06-07T02:09:27
15754,dqn,pool:gen_002,2,-0.8910,2.5618,64,2026-06-07T02:09:29
15755,random,dqn,2,-0.6063,2.6237,64,2026-06-07T02:09:31
15756,dqn,self,2,-0.7672,2.5370,64,2026-06-07T02:09:33
15757,pool:gen_001,dqn,1,1.4479,-1.6336,64,2026-06-07T02:09:35
15758,dqn,self,2,-0.9776,2.7350,64,2026-06-07T02:09:37
15759,self,dqn,1,2.1904,-2.3390,64,2026-06-07T02:09:38
15760,dqn,heuristic,1,2.1038,-1.8687,64,2026-06-07T02:09:40
15761,pool:gen_001,dqn,1,1.4603,-1.6954,64,2026-06-07T02:09:42
15762,dqn,pool:gen_001,1,1.5098,-1.7944,64,2026-06-07T02:09:44
15763,self,dqn,1,1.5964,-1.5593,64,2026-06-07T02:09:46
15764,dqn,self,2,-0.8291,2.8093,64,2026-06-07T02:09:48
15765,pool:gen_001,dqn,1,1.3860,-1.7326,64,2026-06-07T02:09:50
15766,dqn,self,1,2.1533,-2.1533,64,2026-06-07T02:09:52
15767,pool:gen_001,dqn,1,1.4232,-1.6954,64,2026-06-07T02:09:54
15768,dqn,self,2,-0.9776,2.6979,64,2026-06-07T02:09:56
15769,self,dqn,1,1.5469,-1.6831,64,2026-06-07T02:09:58
15770,dqn,pool:gen_002,2,-1.0518,3.0692,64,2026-06-07T02:10:01
15771,pool:gen_001,dqn,1,1.3860,-1.7697,64,2026-06-07T02:10:02
15772,dqn,pool:gen_002,2,-0.7672,2.7227,64,2026-06-07T02:10:04
15773,self,dqn,2,-0.7920,2.5865,64,2026-06-07T02:10:07
15774,dqn,pool:gen_002,2,-0.7920,2.7722,64,2026-06-07T02:10:08
15775,pool:gen_001,dqn,1,1.6088,-1.8811,64,2026-06-07T02:10:10
15776,dqn,pool:gen_001,2,-0.7672,2.3885,64,2026-06-07T02:10:12
15777,pool:gen_002,dqn,1,1.8811,-1.9058,64,2026-06-07T02:10:14
15778,dqn,self,2,-0.6682,2.3390,64,2026-06-07T02:10:16
15779,pool:gen_002,dqn,1,1.8811,-1.9058,64,2026-06-07T02:10:18
15780,dqn,pool:gen_001,2,-0.7796,2.4133,64,2026-06-07T02:10:20
15781,pool:gen_001,dqn,1,1.4232,-1.6954,64,2026-06-07T02:10:21
15782,dqn,pool:gen_002,2,-0.7672,2.6855,64,2026-06-07T02:10:23
15783,pool:gen_002,dqn,1,1.8811,-1.9058,64,2026-06-07T02:10:25
15784,dqn,heuristic,1,2.1410,-1.7573,64,2026-06-07T02:10:27
15785,self,dqn,2,-0.7425,2.4875,64,2026-06-07T02:10:29
15786,dqn,pool:gen_002,2,-0.7425,2.6732,64,2026-06-07T02:10:31
15787,pool:gen_001,dqn,1,1.5345,-1.6212,64,2026-06-07T02:10:33
15788,dqn,pool:gen_002,2,-1.0271,3.0197,64,2026-06-07T02:10:34
15789,self,dqn,1,1.7078,-1.9306,64,2026-06-07T02:10:36
15790,dqn,pool:gen_001,2,-0.6187,2.5370,64,2026-06-07T02:10:38
15791,self,dqn,1,2.0667,-2.2028,64,2026-06-07T02:10:40
15792,dqn,random,2,-0.7548,2.7722,64,2026-06-07T02:10:42
15793,pool:gen_002,dqn,1,2.4008,-2.3513,64,2026-06-07T02:10:43
15794,dqn,pool:gen_002,2,-1.0023,2.9702,64,2026-06-07T02:10:45
15795,self,dqn,2,-0.7548,2.8093,64,2026-06-07T02:10:47
15796,dqn,pool:gen_002,2,-1.2870,3.2796,64,2026-06-07T02:10:49
15797,pool:gen_002,dqn,1,2.3018,-2.4132,64,2026-06-07T02:10:51
15798,dqn,self,1,1.7573,-1.9925,64,2026-06-07T02:10:53
15799,self,dqn,1,1.6707,-1.7821,64,2026-06-07T02:10:55
15800,dqn,self,2,-0.6930,2.4256,64,2026-06-07T02:10:57
15801,self,dqn,2,-0.9157,2.7969,64,2026-06-07T02:22:47
15802,dqn,self,1,1.6088,-1.5469,64,2026-06-07T02:22:48
15803,self,dqn,2,-0.6682,2.4875,64,2026-06-07T02:22:50
15804,dqn,self,2,-0.9034,2.5494,64,2026-06-07T02:22:53
15805,pool:gen_001,dqn,1,1.6830,-1.9553,64,2026-06-07T02:22:55
15806,dqn,pool:gen_001,2,-0.8043,2.5741,64,2026-06-07T02:22:57
15807,pool:gen_002,dqn,1,3.3290,-2.8711,64,2026-06-07T02:22:58
15808,dqn,pool:gen_001,2,-0.8415,2.6855,64,2026-06-07T02:23:00
15809,pool:gen_001,dqn,1,1.9801,-1.9924,64,2026-06-07T02:23:02
15810,dqn,self,1,1.7944,-1.9553,64,2026-06-07T02:23:04
15811,self,dqn,2,-0.6063,2.6979,64,2026-06-07T02:23:06
15812,dqn,self,2,-0.7672,2.6855,64,2026-06-07T02:23:09
15813,pool:gen_001,dqn,1,1.7944,-1.9553,64,2026-06-07T02:23:10
15814,dqn,self,2,-0.8786,2.5370,64,2026-06-07T02:23:12
15815,self,dqn,1,1.7573,-1.9924,64,2026-06-07T02:23:14
15816,dqn,self,1,1.4479,-1.6707,64,2026-06-07T02:23:16
15817,self,dqn,1,1.5346,-1.5841,64,2026-06-07T02:23:18
15818,dqn,self,1,1.5222,-1.7449,64,2026-06-07T02:23:20
15819,pool:gen_002,dqn,1,3.2300,-2.8216,64,2026-06-07T02:23:22
15820,dqn,self,2,-0.5692,2.4009,64,2026-06-07T02:23:23
15821,self,dqn,2,-0.5940,2.3390,64,2026-06-07T02:23:25
15822,dqn,self,1,1.7078,-1.8192,64,2026-06-07T02:23:27
15823,pool:gen_001,dqn,1,1.7078,-1.8934,64,2026-06-07T02:23:29
15824,dqn,self,2,-0.8291,2.6608,64,2026-06-07T02:23:31
15825,self,dqn,1,2.2028,-2.2523,64,2026-06-07T02:23:33
15826,dqn,self,2,-0.6187,2.2771,64,2026-06-07T02:23:34
15827,self,dqn,2,-0.8538,2.7474,64,2026-06-07T02:23:36
15828,dqn,self,2,-1.1880,3.0073,64,2026-06-07T02:23:38
15829,self,dqn,1,1.3737,-1.6707,64,2026-06-07T02:23:40
15830,dqn,self,2,-0.9528,2.6484,64,2026-06-07T02:23:42
15831,pool:gen_002,dqn,1,2.8959,-2.5988,64,2026-06-07T02:23:44
15832,dqn,self,2,-0.6187,2.4628,64,2026-06-07T02:23:46
15833,self,dqn,1,2.0419,-1.8934,64,2026-06-07T02:23:48
15834,dqn,pool:gen_002,2,-1.4107,3.6013,64,2026-06-07T02:23:50
15835,pool:gen_002,dqn,1,3.3166,-2.9206,64,2026-06-07T02:23:52
15836,dqn,pool:gen_002,2,-1.5469,3.7993,64,2026-06-07T02:23:54
15837,pool:gen_002,dqn,1,3.1805,-2.7226,64,2026-06-07T02:23:56
15838,dqn,pool:gen_001,2,-0.5816,2.3514,64,2026-06-07T02:23:58
15839,pool:gen_001,dqn,1,1.5222,-1.7449,64,2026-06-07T02:24:00
15840,dqn,pool:gen_001,2,-0.6806,2.4009,64,2026-06-07T02:24:02
15841,self,dqn,2,-0.6806,2.4009,64,2026-06-07T02:24:04
15842,dqn,pool:gen_002,2,-1.4231,3.7003,64,2026-06-07T02:24:06
15843,pool:gen_002,dqn,1,3.2176,-2.7968,64,2026-06-07T02:24:08
15844,dqn,self,1,1.7449,-1.8934,64,2026-06-07T02:24:10
15845,pool:gen_001,dqn,1,1.5469,-1.7573,64,2026-06-07T02:24:11
15846,dqn,pool:gen_001,2,-0.8291,2.6236,64,2026-06-07T02:24:13
15847,self,dqn,1,1.7944,-1.9924,64,2026-06-07T02:24:16
15848,dqn,pool:gen_001,2,-0.7672,2.6113,64,2026-06-07T02:24:17
15849,pool:gen_001,dqn,1,1.4603,-1.7326,64,2026-06-07T02:24:19
15850,dqn,self,1,2.0172,-1.8811,64,2026-06-07T02:24:21
15851,self,dqn,2,-0.7425,2.6360,64,2026-06-07T02:24:23
15852,dqn,pool:gen_002,2,-1.4479,3.4157,64,2026-06-07T02:24:25
15853,self,dqn,1,2.0172,-1.9553,64,2026-06-07T02:24:27
15854,dqn,pool:gen_001,2,-0.7177,2.4751,64,2026-06-07T02:24:29
15855,pool:gen_002,dqn,1,2.6855,-2.5493,64,2026-06-07T02:24:31
15856,dqn,heuristic,1,2.0667,-1.2746,64,2026-06-07T02:24:33
15857,self,dqn,2,-0.8167,2.7103,64,2026-06-07T02:24:35
15858,dqn,self,1,2.4503,-2.3761,64,2026-06-07T02:24:37
15859,pool:gen_002,dqn,1,2.7102,-2.5988,64,2026-06-07T02:24:39
15860,dqn,pool:gen_002,2,-1.4355,3.5394,64,2026-06-07T02:24:41
15861,pool:gen_001,dqn,1,1.7944,-1.9182,64,2026-06-07T02:24:43
15862,dqn,pool:gen_002,2,-1.3612,3.4652,64,2026-06-07T02:24:45
15863,pool:gen_002,dqn,1,2.8092,-2.6112,64,2026-06-07T02:24:47
15864,dqn,random,1,1.9058,-1.9924,64,2026-06-07T02:24:48
15865,pool:gen_002,dqn,1,2.8092,-2.6112,64,2026-06-07T02:24:51
15866,dqn,self,2,-0.6929,2.9083,64,2026-06-07T02:24:53
15867,pool:gen_002,dqn,1,2.8092,-2.6112,64,2026-06-07T02:24:54
15868,dqn,pool:gen_002,2,-1.1756,3.0939,64,2026-06-07T02:24:56
15869,self,dqn,2,-0.6311,2.4504,64,2026-06-07T02:24:58
15870,dqn,self,2,-0.9652,2.5618,64,2026-06-07T02:25:01
15871,self,dqn,1,1.4974,-1.6583,64,2026-06-07T02:25:03
15872,dqn,self,1,1.3365,-1.7078,64,2026-06-07T02:25:05
15873,pool:gen_002,dqn,1,2.2276,-2.2276,64,2026-06-07T02:25:07
15874,dqn,self,2,-0.7920,2.4380,64,2026-06-07T02:25:09
15875,self,dqn,2,-0.5568,2.5989,64,2026-06-07T02:25:11
15876,dqn,random,1,1.5717,-1.6212,64,2026-06-07T02:25:12
15877,pool:gen_002,dqn,1,1.8687,-1.9924,64,2026-06-07T02:25:14
15878,dqn,pool:gen_001,2,-1.0395,2.7845,64,2026-06-07T02:25:16
15879,self,dqn,2,-0.5568,2.4133,64,2026-06-07T02:25:18
15880,dqn,self,2,-0.2598,2.4504,64,2026-06-07T02:25:20
15881,pool:gen_002,dqn,1,2.1904,-2.2276,64,2026-06-07T02:25:22
15882,dqn,self,1,1.4850,-1.7821,64,2026-06-07T02:25:23
15883,heuristic,dqn,2,-0.2722,2.7722,64,2026-06-07T02:25:25
15884,dqn,self,2,-0.8415,2.4256,64,2026-06-07T02:25:27
15885,self,dqn,2,-0.7301,2.4999,64,2026-06-07T02:25:29
15886,dqn,pool:gen_001,1,1.6707,-1.7078,64,2026-06-07T02:25:31
15887,self,dqn,1,1.6212,-1.7202,64,2026-06-07T02:25:32
15888,dqn,self,1,1.5345,-1.9925,64,2026-06-07T02:25:35
15889,self,dqn,2,-0.5939,2.7845,64,2026-06-07T02:25:37
15890,dqn,self,1,1.6088,-1.6212,64,2026-06-07T02:25:38
15891,self,dqn,1,1.7821,-1.9306,64,2026-06-07T02:25:40
15892,dqn,self,1,1.6459,-1.6954,64,2026-06-07T02:25:42
15893,pool:gen_002,dqn,1,2.4751,-2.3885,64,2026-06-07T02:25:44
15894,dqn,self,1,2.1162,-2.1533,64,2026-06-07T02:25:46
15895,self,dqn,1,2.2276,-2.0791,64,2026-06-07T02:25:48
15896,dqn,pool:gen_001,2,-0.7053,2.4504,64,2026-06-07T02:25:50
15897,self,dqn,2,-0.6682,2.4504,64,2026-06-07T02:25:52
15898,dqn,self,1,1.4479,-1.7449,64,2026-06-07T02:25:55
15899,pool:gen_002,dqn,1,2.3142,-2.1781,64,2026-06-07T02:25:57
15900,dqn,self,2,-0.4083,2.5247,64,2026-06-07T02:25:59
15901,heuristic,dqn,1,2.2276,-1.4479,64,2026-06-07T02:37:47
15902,dqn,pool:gen_001,2,-0.7920,2.6237,64,2026-06-07T02:37:49
15903,pool:gen_002,dqn,1,2.5988,-2.4875,64,2026-06-07T02:37:51
15904,dqn,self,1,1.8687,-1.6212,64,2026-06-07T02:37:53
15905,pool:gen_001,dqn,1,1.5964,-1.9306,64,2026-06-07T02:37:56
15906,dqn,self,2,-0.6435,2.4380,64,2026-06-07T02:37:57
15907,self,dqn,2,-0.8910,2.7474,64,2026-06-07T02:38:00
15908,dqn,self,2,-0.7301,2.7598,64,2026-06-07T02:38:02
15909,pool:gen_002,dqn,1,2.3637,-2.4256,64,2026-06-07T02:38:04
15910,dqn,pool:gen_001,2,-0.6435,2.2524,64,2026-06-07T02:38:06
15911,pool:gen_002,dqn,1,2.6978,-2.5370,64,2026-06-07T02:38:08
15912,dqn,self,1,1.4232,-1.6583,64,2026-06-07T02:38:10
15913,pool:gen_002,dqn,1,2.3761,-2.4132,64,2026-06-07T02:38:12
15914,dqn,self,2,-0.4083,2.5618,64,2026-06-07T02:38:14
15915,self,dqn,1,1.9182,-1.7573,64,2026-06-07T02:38:16
15916,dqn,pool:gen_002,2,-1.3488,3.4776,64,2026-06-07T02:38:18
15917,self,dqn,2,-0.8291,2.4380,64,2026-06-07T02:38:20
15918,dqn,self,1,1.4108,-1.6707,64,2026-06-07T02:38:22
15919,pool:gen_001,dqn,1,2.4256,-2.5122,64,2026-06-07T02:38:24
15920,dqn,pool:gen_002,2,-1.3117,3.4776,64,2026-06-07T02:38:26
15921,self,dqn,2,-0.7425,2.5989,64,2026-06-07T02:38:27
15922,dqn,pool:gen_002,2,-1.3736,3.3414,64,2026-06-07T02:38:29
15923,self,dqn,1,1.4974,-1.9182,64,2026-06-07T02:38:31
15924,dqn,self,2,-0.5816,2.8712,64,2026-06-07T02:38:34
15925,heuristic,dqn,2,-0.0246,3.0197,64,2026-06-07T02:38:35
15926,dqn,self,2,-0.4949,2.8464,64,2026-06-07T02:38:37
15927,pool:gen_001,dqn,1,2.2028,-2.2152,64,2026-06-07T02:38:39
15928,dqn,random,1,1.4974,-1.5841,64,2026-06-07T02:38:41
15929,self,dqn,2,-0.5816,2.4628,64,2026-06-07T02:38:43
15930,dqn,self,1,2.3885,-2.0667,64,2026-06-07T02:38:45
15931,self,dqn,2,-0.9281,2.7845,64,2026-06-07T02:38:47
15932,dqn,self,1,1.7449,-1.8192,64,2026-06-07T02:38:49
15933,self,dqn,2,-0.4578,2.0667,64,2026-06-07T02:38:51
15934,dqn,pool:gen_002,2,-0.9900,2.9083,64,2026-06-07T02:38:54
15935,pool:gen_002,dqn,1,2.9701,-2.7102,64,2026-06-07T02:38:56
15936,dqn,pool:gen_001,2,-1.3489,3.1063,64,2026-06-07T02:38:57
15937,self,dqn,2,-0.5940,2.5618,64,2026-06-07T02:38:59
15938,dqn,pool:gen_002,2,-1.5345,3.7003,64,2026-06-07T02:39:01
15939,self,dqn,1,1.4232,-1.6212,64,2026-06-07T02:39:03
15940,dqn,pool:gen_001,2,-1.2127,2.8712,64,2026-06-07T02:39:05
15941,self,dqn,2,-0.8415,2.7969,64,2026-06-07T02:39:07
15942,dqn,pool:gen_002,2,-1.4107,3.6384,64,2026-06-07T02:39:09
15943,pool:gen_002,dqn,1,2.8464,-2.6483,64,2026-06-07T02:39:11
15944,dqn,pool:gen_002,2,-1.4107,3.6384,64,2026-06-07T02:39:13
15945,heuristic,dqn,1,2.2400,-1.8068,64,2026-06-07T02:39:15
15946,dqn,pool:gen_002,2,-1.6087,3.9602,64,2026-06-07T02:39:17
15947,self,dqn,2,-0.7796,2.8217,64,2026-06-07T02:39:19
15948,dqn,heuristic,1,1.9801,-1.1014,64,2026-06-07T02:39:21
15949,pool:gen_002,dqn,1,2.7350,-2.5370,64,2026-06-07T02:39:23
15950,dqn,self,2,-0.7920,2.5865,64,2026-06-07T02:39:25
15951,pool:gen_001,dqn,1,1.8439,-2.2028,64,2026-06-07T02:39:27
15952,dqn,pool:gen_002,2,-1.7201,4.1458,64,2026-06-07T02:39:29
15953,heuristic,dqn,1,1.6212,-1.8316,64,2026-06-07T02:39:31
15954,dqn,heuristic,1,2.3885,-1.3241,64,2026-06-07T02:39:33
15955,pool:gen_001,dqn,1,1.7078,-2.1162,64,2026-06-07T02:39:34
15956,dqn,pool:gen_001,2,-0.9776,2.4751,64,2026-06-07T02:39:36
15957,pool:gen_001,dqn,1,1.5222,-1.9677,64,2026-06-07T02:39:38
15958,dqn,pool:gen_001,2,-1.1261,2.8464,64,2026-06-07T02:39:40
15959,self,dqn,2,-0.5321,2.8464,64,2026-06-07T02:39:42
15960,dqn,self,2,-0.9157,2.7969,64,2026-06-07T02:39:45
15961,random,dqn,2,-0.7177,2.4751,64,2026-06-07T02:39:47
15962,dqn,self,2,-0.4826,2.7103,64,2026-06-07T02:39:49
15963,self,dqn,2,-0.7301,2.4999,64,2026-06-07T02:39:51
15964,dqn,pool:gen_001,2,-1.2870,3.0197,64,2026-06-07T02:39:53
15965,pool:gen_001,dqn,1,2.2028,-2.2523,64,2026-06-07T02:39:55
15966,dqn,pool:gen_001,2,-1.1880,2.8959,64,2026-06-07T02:39:57
15967,pool:gen_002,dqn,1,2.9082,-2.6236,64,2026-06-07T02:39:59
15968,dqn,self,2,-0.5568,2.3019,64,2026-06-07T02:40:00
15969,pool:gen_002,dqn,1,3.1805,-2.7597,64,2026-06-07T02:40:02
15970,dqn,pool:gen_002,2,-1.3117,3.4033,64,2026-06-07T02:40:04
15971,self,dqn,1,1.8811,-2.1657,64,2026-06-07T02:40:05
15972,dqn,pool:gen_001,2,-1.2622,2.9330,64,2026-06-07T02:40:07
15973,pool:gen_002,dqn,1,3.2176,-2.7226,64,2026-06-07T02:40:10
15974,dqn,self,2,-0.5445,2.2771,64,2026-06-07T02:40:12
15975,self,dqn,1,1.5964,-1.8563,64,2026-06-07T02:40:14
15976,dqn,pool:gen_001,2,-1.3736,3.1187,64,2026-06-07T02:40:16
15977,random,dqn,1,1.7449,-1.9677,64,2026-06-07T02:40:18
15978,dqn,pool:gen_001,2,-1.1756,2.9083,64,2026-06-07T02:40:20
15979,pool:gen_002,dqn,1,3.6755,-2.9701,64,2026-06-07T02:40:22
15980,dqn,pool:gen_002,2,-1.4850,3.9726,64,2026-06-07T02:40:24
15981,self,dqn,1,1.8316,-2.0667,64,2026-06-07T02:40:26
15982,dqn,self,1,1.8934,-1.7449,64,2026-06-07T02:40:28
15983,pool:gen_001,dqn,1,1.9553,-2.2771,64,2026-06-07T02:40:30
15984,dqn,pool:gen_002,2,-1.4602,4.0716,64,2026-06-07T02:40:32
15985,pool:gen_002,dqn,1,3.0320,-2.6112,64,2026-06-07T02:40:34
15986,dqn,pool:gen_002,2,-1.2375,3.9602,64,2026-06-07T02:40:36
15987,pool:gen_001,dqn,1,1.5964,-2.0420,64,2026-06-07T02:40:39
15988,dqn,pool:gen_001,2,-1.0519,2.5865,64,2026-06-07T02:40:41
15989,self,dqn,2,-1.2251,3.0073,64,2026-06-07T02:40:42
15990,dqn,self,2,-0.5940,2.2648,64,2026-06-07T02:40:44
15991,heuristic,dqn,2,-0.1484,2.7474,64,2026-06-07T02:40:46
15992,dqn,self,1,1.9058,-1.8068,64,2026-06-07T02:40:48
15993,pool:gen_001,dqn,1,1.8439,-2.2028,64,2026-06-07T02:40:50
15994,dqn,self,2,-0.6558,2.7227,64,2026-06-07T02:40:52
15995,self,dqn,2,-0.7548,2.7722,64,2026-06-07T02:40:54
15996,dqn,self,1,1.5717,-1.9553,64,2026-06-07T02:40:56
15997,self,dqn,1,1.7944,-1.9924,64,2026-06-07T02:40:58
15998,dqn,self,2,-0.8662,2.7350,64,2026-06-07T02:41:00
15999,self,dqn,2,-0.4578,2.3638,64,2026-06-07T02:41:02
16000,dqn,pool:gen_002,2,-1.4231,4.1087,64,2026-06-07T02:41:04
16001,pool:gen_002,dqn,1,3.0567,-2.6236,64,2026-06-07T02:53:00
16002,dqn,pool:gen_001,2,-1.1632,2.8464,64,2026-06-07T02:53:02
16003,pool:gen_002,dqn,1,3.1310,-2.7350,64,2026-06-07T02:53:04
16004,dqn,self,2,-0.7177,2.2895,64,2026-06-07T02:53:06
16005,pool:gen_002,dqn,1,2.9082,-2.5493,64,2026-06-07T02:53:08
16006,dqn,pool:gen_002,2,-1.4726,3.6879,64,2026-06-07T02:53:10
16007,pool:gen_001,dqn,1,1.8068,-2.0915,64,2026-06-07T02:53:11
16008,dqn,self,2,-0.7672,2.4256,64,2026-06-07T02:53:13
16009,pool:gen_002,dqn,1,3.0444,-2.7102,64,2026-06-07T02:53:15
16010,dqn,self,1,1.9306,-2.1162,64,2026-06-07T02:53:17
16011,pool:gen_001,dqn,1,1.9058,-2.0667,64,2026-06-07T02:53:19
16012,dqn,pool:gen_002,2,-1.3984,3.5394,64,2026-06-07T02:53:21
16013,self,dqn,1,2.3761,-2.4503,64,2026-06-07T02:53:23
16014,dqn,self,2,-0.9776,2.6979,64,2026-06-07T02:53:25
16015,self,dqn,2,-1.0024,2.6360,64,2026-06-07T02:53:27
16016,dqn,pool:gen_001,2,-0.9900,2.6113,64,2026-06-07T02:53:29
16017,pool:gen_001,dqn,1,1.6212,-2.0172,64,2026-06-07T02:53:30
16018,dqn,pool:gen_002,2,-1.1632,3.6261,64,2026-06-07T02:53:32
16019,self,dqn,2,-0.7548,2.3266,64,2026-06-07T02:53:35
16020,dqn,pool:gen_001,2,-0.9529,2.5741,64,2026-06-07T02:53:37
16021,self,dqn,2,-1.0395,2.7474,64,2026-06-07T02:53:39
16022,dqn,self,2,-0.5940,2.4504,64,2026-06-07T02:53:41
16023,self,dqn,1,2.0172,-2.0296,64,2026-06-07T02:53:42
16024,dqn,pool:gen_001,2,-0.9405,2.5123,64,2026-06-07T02:53:44
16025,pool:gen_001,dqn,1,1.9924,-2.2400,64,2026-06-07T02:53:46
16026,dqn,self,1,1.5345,-1.8068,64,2026-06-07T02:53:48
16027,self,dqn,1,1.7697,-2.0172,64,2026-06-07T02:53:50
16028,dqn,pool:gen_002,2,-1.0271,3.0197,64,2026-06-07T02:53:52
16029,pool:gen_001,dqn,1,1.8687,-2.1781,64,2026-06-07T02:53:54
16030,dqn,pool:gen_002,2,-1.2746,3.6632,64,2026-06-07T02:53:56
16031,pool:gen_002,dqn,1,2.8711,-2.5122,64,2026-06-07T02:53:58
16032,dqn,pool:gen_002,2,-1.2746,3.6632,64,2026-06-07T02:54:00
16033,pool:gen_002,dqn,1,2.8216,-2.4132,64,2026-06-07T02:54:02
16034,dqn,self,1,1.3365,-1.6707,64,2026-06-07T02:54:04
16035,self,dqn,2,-0.9528,2.6855,64,2026-06-07T02:54:07
16036,dqn,self,1,1.6336,-1.7821,64,2026-06-07T02:54:09
16037,self,dqn,1,1.6831,-1.8068,64,2026-06-07T02:54:11
16038,dqn,self,1,1.6212,-1.6831,64,2026-06-07T02:54:12
16039,self,dqn,1,1.9429,-2.2523,64,2026-06-07T02:54:14
16040,dqn,pool:gen_001,2,-1.0519,2.6979,64,2026-06-07T02:54:16
16041,self,dqn,2,-0.6930,2.3514,64,2026-06-07T02:54:18
16042,dqn,self,1,1.4232,-1.7697,64,2026-06-07T02:54:19
16043,self,dqn,2,-1.0642,3.0197,64,2026-06-07T02:54:21
16044,dqn,pool:gen_002,2,-1.0147,3.1806,64,2026-06-07T02:54:23
16045,pool:gen_002,dqn,1,2.8464,-2.4627,64,2026-06-07T02:54:25
16046,dqn,self,2,-0.4950,2.3638,64,2026-06-07T02:54:26
16047,pool:gen_002,dqn,1,2.4503,-2.2647,64,2026-06-07T02:54:28
16048,dqn,self,2,-0.7301,2.6855,64,2026-06-07T02:54:30
16049,self,dqn,2,-0.8043,3.0939,64,2026-06-07T02:54:32
16050,dqn,self,1,1.3984,-1.6088,64,2026-06-07T02:54:34
16051,random,dqn,1,1.8687,-1.9924,64,2026-06-07T02:54:36
16052,dqn,pool:gen_001,2,-0.7548,2.5123,64,2026-06-07T02:54:38
16053,self,dqn,2,-0.7053,2.7474,64,2026-06-07T02:54:40
16054,dqn,self,2,-0.6806,2.2153,64,2026-06-07T02:54:41
16055,pool:gen_002,dqn,1,1.8068,-1.9801,64,2026-06-07T02:54:43
16056,dqn,self,2,-0.4949,2.5865,64,2026-06-07T02:54:45
16057,pool:gen_002,dqn,1,1.9429,-2.0667,64,2026-06-07T02:54:47
16058,dqn,self,2,-0.5816,2.3514,64,2026-06-07T02:54:49
16059,self,dqn,2,-0.7053,2.6732,64,2026-06-07T02:54:51
16060,dqn,heuristic,1,1.7821,-1.1880,64,2026-06-07T02:54:52
16061,self,dqn,1,1.4974,-1.6954,64,2026-06-07T02:54:55
16062,dqn,self,1,2.0419,-2.1533,64,2026-06-07T02:54:57
16063,random,dqn,2,-1.0271,2.8712,64,2026-06-07T02:54:59
16064,dqn,heuristic,2,-0.2845,2.9454,64,2026-06-07T02:55:01
16065,pool:gen_001,dqn,1,1.8563,-2.1905,64,2026-06-07T02:55:03
16066,dqn,self,1,1.6088,-1.5841,64,2026-06-07T02:55:05
16067,self,dqn,1,1.8192,-1.8563,64,2026-06-07T02:55:07
16068,dqn,pool:gen_001,2,-1.0890,2.8464,64,2026-06-07T02:55:08
16069,self,dqn,2,-0.9776,2.6608,64,2026-06-07T02:55:11
16070,dqn,pool:gen_002,2,-0.8662,2.6608,64,2026-06-07T02:55:13
16071,random,dqn,2,-0.6930,2.3514,64,2026-06-07T02:55:14
16072,dqn,self,2,-0.6682,2.5246,64,2026-06-07T02:55:16
16073,pool:gen_001,dqn,1,1.8192,-2.1162,64,2026-06-07T02:55:18
16074,dqn,pool:gen_001,2,-1.0519,2.6608,64,2026-06-07T02:55:21
16075,self,dqn,2,-0.5073,2.2029,64,2026-06-07T02:55:23
16076,dqn,self,2,-0.7177,2.3638,64,2026-06-07T02:55:24
16077,pool:gen_002,dqn,1,1.7944,-1.9553,64,2026-06-07T02:55:26
16078,dqn,self,2,-0.5321,2.2153,64,2026-06-07T02:55:29
16079,self,dqn,1,2.0296,-2.0914,64,2026-06-07T02:55:30
16080,dqn,pool:gen_002,2,-0.9033,2.6979,64,2026-06-07T02:55:32
16081,random,dqn,2,-1.1509,2.9330,64,2026-06-07T02:55:34
16082,dqn,self,2,-0.7796,2.7103,64,2026-06-07T02:55:36
16083,pool:gen_001,dqn,1,2.1286,-2.3637,64,2026-06-07T02:55:38
16084,dqn,pool:gen_002,2,-0.6558,2.5742,64,2026-06-07T02:55:40
16085,self,dqn,2,-0.5692,2.2524,64,2026-06-07T02:55:42
16086,dqn,self,2,-0.6558,2.5370,64,2026-06-07T02:55:44
16087,pool:gen_002,dqn,1,2.0419,-1.9306,64,2026-06-07T02:55:46
16088,dqn,pool:gen_001,2,-0.9776,2.6608,64,2026-06-07T02:55:49
16089,self,dqn,1,1.9553,-2.0915,64,2026-06-07T02:55:51
16090,dqn,pool:gen_001,2,-1.0395,2.7845,64,2026-06-07T02:55:53
16091,heuristic,dqn,2,-0.5939,2.9331,64,2026-06-07T02:55:55
16092,dqn,self,2,-0.5197,2.5247,64,2026-06-07T02:55:57
16093,pool:gen_001,dqn,1,1.9182,-2.1657,64,2026-06-07T02:55:59
16094,dqn,pool:gen_001,2,-1.0395,2.7845,64,2026-06-07T02:56:01
16095,self,dqn,1,1.8068,-1.9429,64,2026-06-07T02:56:03
16096,dqn,pool:gen_001,2,-1.0271,2.7226,64,2026-06-07T02:56:05
16097,pool:gen_002,dqn,1,1.8068,-1.9058,64,2026-06-07T02:56:07
16098,dqn,heuristic,1,1.9306,-1.2994,64,2026-06-07T02:56:08
16099,pool:gen_002,dqn,1,1.7202,-1.9182,64,2026-06-07T02:56:10
16100,dqn,self,1,1.6088,-2.0667,64,2026-06-07T02:56:12
16101,pool:gen_001,dqn,1,1.7202,-2.0296,64,2026-06-07T03:08:02
16102,dqn,self,1,2.1781,-2.1657,64,2026-06-07T03:08:04
16103,heuristic,dqn,1,1.7573,-1.5469,64,2026-06-07T03:08:06
16104,dqn,self,1,1.6459,-1.6954,64,2026-06-07T03:08:08
16105,heuristic,dqn,1,1.9677,-1.5964,64,2026-06-07T03:08:10
16106,dqn,self,2,-0.7548,2.4380,64,2026-06-07T03:08:11
16107,self,dqn,2,-0.8167,2.4875,64,2026-06-07T03:08:13
16108,dqn,pool:gen_001,2,-0.6558,2.5742,64,2026-06-07T03:08:16
16109,pool:gen_001,dqn,1,2.0048,-2.1533,64,2026-06-07T03:08:17
16110,dqn,pool:gen_002,2,-0.8538,3.1929,64,2026-06-07T03:08:19
16111,self,dqn,2,-0.9652,3.1187,64,2026-06-07T03:08:21
16112,dqn,pool:gen_002,2,-1.1632,3.4033,64,2026-06-07T03:08:23
16113,self,dqn,2,-0.7177,2.8835,64,2026-06-07T03:08:25
16114,dqn,pool:gen_002,2,-0.9900,3.0568,64,2026-06-07T03:08:26
16115,self,dqn,2,-0.9033,2.9207,64,2026-06-07T03:08:28
16116,dqn,heuristic,1,1.7449,-1.5222,64,2026-06-07T03:08:30
16117,self,dqn,2,-0.7672,2.6484,64,2026-06-07T03:08:32
16118,dqn,pool:gen_002,2,-0.7177,2.6237,64,2026-06-07T03:08:34
16119,pool:gen_001,dqn,1,1.8563,-2.0419,64,2026-06-07T03:08:36
16120,dqn,pool:gen_002,2,-1.1632,3.4033,64,2026-06-07T03:08:38
16121,self,dqn,2,-0.6930,2.6855,64,2026-06-07T03:08:40
16122,dqn,self,1,1.6212,-1.9058,64,2026-06-07T03:08:42
16123,pool:gen_002,dqn,1,2.1533,-1.8563,64,2026-06-07T03:08:44
16124,dqn,pool:gen_002,2,-0.9033,3.1806,64,2026-06-07T03:08:46
16125,self,dqn,1,1.4108,-1.8192,64,2026-06-07T03:08:48
16126,dqn,pool:gen_002,2,-0.7301,2.9454,64,2026-06-07T03:08:50
16127,random,dqn,2,-0.5073,2.5370,64,2026-06-07T03:08:52
16128,dqn,pool:gen_002,2,-0.4826,2.9331,64,2026-06-07T03:08:53
16129,random,dqn,1,2.1905,-2.0419,64,2026-06-07T03:08:55
16130,dqn,pool:gen_001,1,1.4727,-1.6459,64,2026-06-07T03:08:58
16131,self,dqn,2,-0.6435,2.2524,64,2026-06-07T03:08:59
16132,dqn,self,2,-0.3464,2.5123,64,2026-06-07T03:09:01
16133,pool:gen_002,dqn,1,1.9677,-1.7449,64,2026-06-07T03:09:03
16134,dqn,self,1,1.5717,-1.8439,64,2026-06-07T03:09:05
16135,pool:gen_001,dqn,1,1.7697,-1.8687,64,2026-06-07T03:09:07
16136,dqn,self,1,1.7449,-1.8934,64,2026-06-07T03:09:09
16137,pool:gen_001,dqn,2,-0.6558,2.3514,64,2026-06-07T03:09:11
16138,dqn,self,2,-0.9528,2.6855,64,2026-06-07T03:09:13
16139,pool:gen_002,dqn,1,1.9924,-1.9058,64,2026-06-07T03:09:16
16140,dqn,pool:gen_002,2,-0.6930,2.4256,64,2026-06-07T03:09:17
16141,self,dqn,1,1.8068,-1.7202,64,2026-06-07T03:09:19
16142,dqn,pool:gen_002,2,-0.6311,2.5618,64,2026-06-07T03:09:21
16143,heuristic,dqn,2,-0.5568,3.1187,64,2026-06-07T03:09:23
16144,dqn,self,1,1.4974,-1.7697,64,2026-06-07T03:09:25
16145,self,dqn,2,-0.6558,2.3885,64,2026-06-07T03:09:26
16146,dqn,pool:gen_002,2,-0.7425,2.6360,64,2026-06-07T03:09:29
16147,pool:gen_002,dqn,1,1.7449,-1.7821,64,2026-06-07T03:09:30
16148,dqn,pool:gen_001,1,1.7078,-1.9677,64,2026-06-07T03:09:32
16149,self,dqn,2,0.0248,2.6979,64,2026-06-07T03:09:34
16150,dqn,pool:gen_002,2,-0.8910,2.6732,64,2026-06-07T03:09:36
16151,pool:gen_001,dqn,1,1.5593,-1.7821,64,2026-06-07T03:09:38
16152,dqn,self,1,1.8934,-1.7821,64,2026-06-07T03:09:40
16153,pool:gen_001,dqn,2,-0.8291,2.4380,64,2026-06-07T03:09:42
16154,dqn,self,1,1.9924,-1.9058,64,2026-06-07T03:09:44
16155,self,dqn,2,-0.7301,2.4256,64,2026-06-07T03:09:46
16156,dqn,pool:gen_002,2,-0.4578,2.3266,64,2026-06-07T03:09:47
16157,heuristic,dqn,2,-0.3093,2.6979,64,2026-06-07T03:09:49
16158,dqn,self,2,-0.8043,2.5370,64,2026-06-07T03:09:51
16159,heuristic,dqn,2,-0.4331,2.8712,64,2026-06-07T03:09:53
16160,dqn,pool:gen_001,2,-0.5321,2.4009,64,2026-06-07T03:09:54
16161,self,dqn,1,1.6335,-1.9677,64,2026-06-07T03:09:57
16162,dqn,pool:gen_002,2,-0.8167,2.5989,64,2026-06-07T03:09:59
16163,pool:gen_001,dqn,2,-0.6435,2.4380,64,2026-06-07T03:10:01
16164,dqn,self,2,-0.5445,2.3885,64,2026-06-07T03:10:02
16165,self,dqn,2,-0.5940,2.6360,64,2026-06-07T03:10:04
16166,dqn,self,1,1.7697,-1.9801,64,2026-06-07T03:10:06
16167,self,dqn,2,-0.7548,2.6979,64,2026-06-07T03:10:08
16168,dqn,self,1,2.0420,-1.8192,64,2026-06-07T03:10:10
16169,random,dqn,2,-0.7672,2.8340,64,2026-06-07T03:10:12
16170,dqn,pool:gen_001,1,1.5345,-1.7697,64,2026-06-07T03:10:14
16171,pool:gen_001,dqn,1,1.3737,-1.7449,64,2026-06-07T03:10:16
16172,dqn,random,1,1.6707,-1.7449,64,2026-06-07T03:10:18
16173,self,dqn,2,-0.9157,3.0568,64,2026-06-07T03:10:20
16174,dqn,pool:gen_001,1,1.4974,-1.7697,64,2026-06-07T03:10:22
16175,pool:gen_001,dqn,2,-0.6930,2.3143,64,2026-06-07T03:10:25
16176,dqn,pool:gen_002,2,-0.8910,2.5618,64,2026-06-07T03:10:26
16177,pool:gen_001,dqn,1,1.4603,-1.8439,64,2026-06-07T03:10:28
16178,dqn,self,1,2.0791,-2.1905,64,2026-06-07T03:10:30
16179,self,dqn,2,-0.8786,2.7969,64,2026-06-07T03:10:32
16180,dqn,pool:gen_002,2,-0.8415,2.6855,64,2026-06-07T03:10:34
16181,pool:gen_002,dqn,1,1.5593,-1.8563,64,2026-06-07T03:10:36
16182,dqn,pool:gen_002,2,-0.8291,2.7722,64,2026-06-07T03:10:38
16183,pool:gen_001,dqn,1,1.3613,-1.7945,64,2026-06-07T03:10:40
16184,dqn,pool:gen_002,2,-0.8910,2.5989,64,2026-06-07T03:10:42
16185,self,dqn,2,-0.8910,2.5989,64,2026-06-07T03:10:44
16186,dqn,heuristic,1,2.0915,-1.3241,64,2026-06-07T03:10:45
16187,pool:gen_001,dqn,1,1.5840,-1.8687,64,2026-06-07T03:10:48
16188,dqn,self,1,1.7697,-1.8316,64,2026-06-07T03:10:49
16189,self,dqn,2,-0.8786,2.7227,64,2026-06-07T03:10:51
16190,dqn,self,1,2.1162,-1.4108,64,2026-06-07T03:10:53
16191,random,dqn,2,-0.7177,2.4751,64,2026-06-07T03:10:55
16192,dqn,self,2,-0.4950,2.3266,64,2026-06-07T03:10:57
16193,self,dqn,1,1.4603,-1.7326,64,2026-06-07T03:10:59
16194,dqn,pool:gen_002,2,-0.9900,2.6855,64,2026-06-07T03:11:01
16195,pool:gen_001,dqn,1,1.6088,-1.9925,64,2026-06-07T03:11:03
16196,dqn,self,2,-0.7672,2.3514,64,2026-06-07T03:11:05
16197,self,dqn,2,-0.9652,2.7103,64,2026-06-07T03:11:07
16198,dqn,self,1,1.8192,-2.2276,64,2026-06-07T03:11:09
16199,self,dqn,1,1.7697,-1.9429,64,2026-06-07T03:11:11
16200,dqn,self,2,-0.6558,2.2771,64,2026-06-07T03:11:12
16201,self,dqn,2,-0.7920,2.4009,64,2026-06-07T03:23:04
16202,dqn,self,1,1.5222,-1.7821,64,2026-06-07T03:23:06
16203,self,dqn,2,-0.9157,2.7598,64,2026-06-07T03:23:09
16204,dqn,self,1,1.8811,-1.8687,64,2026-06-07T03:23:11
16205,pool:gen_001,dqn,1,1.3984,-1.8316,64,2026-06-07T03:23:12
16206,dqn,self,1,1.9677,-1.8563,64,2026-06-07T03:23:14
16207,pool:gen_002,dqn,1,1.8687,-1.8811,64,2026-06-07T03:23:17
16208,dqn,self,2,-0.4950,2.4380,64,2026-06-07T03:23:19
16209,pool:gen_002,dqn,1,2.0296,-2.0172,64,2026-06-07T03:23:20
16210,dqn,self,2,-0.7425,2.4133,64,2026-06-07T03:23:22
16211,pool:gen_001,dqn,1,1.4974,-1.9182,64,2026-06-07T03:23:24
16212,dqn,pool:gen_001,2,-0.9034,2.5123,64,2026-06-07T03:23:26
16213,self,dqn,2,-0.6187,2.1286,64,2026-06-07T03:23:28
16214,dqn,random,1,2.2647,-2.0791,64,2026-06-07T03:23:30
16215,self,dqn,1,1.6954,-1.8687,64,2026-06-07T03:23:32
16216,dqn,self,1,1.6212,-2.0172,64,2026-06-07T03:23:34
16217,pool:gen_002,dqn,1,2.1533,-2.0419,64,2026-06-07T03:23:36
16218,dqn,heuristic,1,2.1905,-1.3365,64,2026-06-07T03:23:37
16219,self,dqn,1,1.8934,-1.7821,64,2026-06-07T03:23:39
16220,dqn,pool:gen_001,2,-0.9033,2.5865,64,2026-06-07T03:23:41
16221,pool:gen_002,dqn,1,1.8068,-2.0543,64,2026-06-07T03:23:43
16222,dqn,pool:gen_001,2,-0.9033,2.6236,64,2026-06-07T03:23:45
16223,pool:gen_002,dqn,1,1.7449,-1.8934,64,2026-06-07T03:23:47
16224,dqn,random,1,2.1781,-2.2028,64,2026-06-07T03:23:49
16225,pool:gen_002,dqn,1,1.7449,-1.8934,64,2026-06-07T03:23:50
16226,dqn,self,2,-0.6311,2.7103,64,2026-06-07T03:23:52
16227,heuristic,dqn,2,-0.5321,2.8464,64,2026-06-07T03:23:54
16228,dqn,pool:gen_002,2,-0.7425,2.6360,64,2026-06-07T03:23:56
16229,pool:gen_002,dqn,1,2.0172,-2.1410,64,2026-06-07T03:23:58
16230,dqn,self,1,1.7821,-1.5964,64,2026-06-07T03:24:00
16231,self,dqn,1,1.4974,-1.7326,64,2026-06-07T03:24:02
16232,dqn,pool:gen_001,2,-1.0395,2.6731,64,2026-06-07T03:24:03
16233,pool:gen_002,dqn,1,1.6335,-1.8192,64,2026-06-07T03:24:05
16234,dqn,pool:gen_001,2,-0.9405,2.4380,64,2026-06-07T03:24:07
16235,pool:gen_002,dqn,1,2.0172,-2.1410,64,2026-06-07T03:24:09
16236,dqn,self,2,-0.7301,2.7227,64,2026-06-07T03:24:11
16237,pool:gen_001,dqn,1,1.8192,-2.2276,64,2026-06-07T03:24:14
16238,dqn,self,1,2.0667,-2.2028,64,2026-06-07T03:24:16
16239,heuristic,dqn,1,1.8440,-1.4232,64,2026-06-07T03:24:18
16240,dqn,random,1,2.0296,-1.9429,64,2026-06-07T03:24:20
16241,self,dqn,1,1.8811,-1.9801,64,2026-06-07T03:24:22
16242,dqn,self,1,1.6459,-1.7326,64,2026-06-07T03:24:23
16243,pool:gen_002,dqn,1,2.0296,-2.0914,64,2026-06-07T03:24:26
16244,dqn,pool:gen_001,2,-1.2004,2.7721,64,2026-06-07T03:24:27
16245,pool:gen_001,dqn,1,1.8192,-2.2276,64,2026-06-07T03:24:29
16246,dqn,self,1,1.7078,-1.8192,64,2026-06-07T03:24:31
16247,self,dqn,2,-0.7548,2.3638,64,2026-06-07T03:24:33
16248,dqn,self,2,-0.3093,2.4752,64,2026-06-07T03:24:35
16249,self,dqn,1,1.7326,-1.8687,64,2026-06-07T03:24:37
16250,dqn,self,1,1.4850,-1.7078,64,2026-06-07T03:24:39
16251,random,dqn,1,1.6335,-1.9677,64,2026-06-07T03:24:41
16252,dqn,pool:gen_001,2,-0.8910,2.3019,64,2026-06-07T03:24:43
16253,self,dqn,1,1.6583,-1.6459,64,2026-06-07T03:24:45
16254,dqn,pool:gen_001,2,-1.1385,2.6484,64,2026-06-07T03:24:47
16255,self,dqn,1,2.3018,-2.0791,64,2026-06-07T03:24:50
16256,dqn,pool:gen_001,2,-1.1632,2.6979,64,2026-06-07T03:24:52
16257,self,dqn,2,-0.8662,3.1063,64,2026-06-07T03:24:54
16258,dqn,self,1,1.5345,-1.7326,64,2026-06-07T03:24:56
16259,self,dqn,2,-0.7672,2.9083,64,2026-06-07T03:24:58
16260,dqn,pool:gen_001,2,-0.8910,2.5246,64,2026-06-07T03:25:00
16261,self,dqn,2,-0.7301,2.4628,64,2026-06-07T03:25:02
16262,dqn,pool:gen_002,2,-0.8662,2.6608,64,2026-06-07T03:25:03
16263,heuristic,dqn,1,1.8439,-1.5717,64,2026-06-07T03:25:05
16264,dqn,pool:gen_002,2,-1.0023,2.8588,64,2026-06-07T03:25:07
16265,self,dqn,1,2.0419,-1.8563,64,2026-06-07T03:25:09
16266,dqn,self,1,1.4479,-1.7078,64,2026-06-07T03:25:10
16267,pool:gen_001,dqn,2,-0.6558,2.2400,64,2026-06-07T03:25:12
16268,dqn,pool:gen_001,2,-1.1632,2.6979,64,2026-06-07T03:25:14
16269,self,dqn,2,-0.4578,2.4380,64,2026-06-07T03:25:16
16270,dqn,self,1,1.5222,-1.6336,64,2026-06-07T03:25:19
16271,self,dqn,1,1.5098,-1.8316,64,2026-06-07T03:25:21
16272,dqn,pool:gen_002,2,-0.9776,2.7722,64,2026-06-07T03:25:23
16273,self,dqn,1,1.8687,-2.0296,64,2026-06-07T03:25:25
16274,dqn,self,1,1.5717,-1.6954,64,2026-06-07T03:25:27
16275,pool:gen_002,dqn,1,1.8192,-2.0420,64,2026-06-07T03:25:29
16276,dqn,self,2,-0.8538,2.4875,64,2026-06-07T03:25:31
16277,self,dqn,1,1.8439,-1.7944,64,2026-06-07T03:25:33
16278,dqn,random,1,1.9924,-1.8316,64,2026-06-07T03:25:35
16279,heuristic,dqn,2,-0.5815,3.5023,64,2026-06-07T03:25:37
16280,dqn,self,1,1.4727,-1.8316,64,2026-06-07T03:25:39
16281,pool:gen_002,dqn,1,1.7449,-1.9306,64,2026-06-07T03:25:40
16282,dqn,self,2,-0.7796,2.4504,64,2026-06-07T03:25:43
16283,self,dqn,1,1.7944,-1.8811,64,2026-06-07T03:25:45
16284,dqn,pool:gen_002,2,-0.8538,2.6732,64,2026-06-07T03:25:47
16285,self,dqn,2,-0.9157,2.4628,64,2026-06-07T03:25:49
16286,dqn,self,2,-0.8662,2.4751,64,2026-06-07T03:25:50
16287,pool:gen_001,dqn,1,1.8192,-2.2276,64,2026-06-07T03:25:52
16288,dqn,pool:gen_001,2,-1.0519,2.5123,64,2026-06-07T03:25:54
16289,self,dqn,1,2.0172,-1.9924,64,2026-06-07T03:25:56
16290,dqn,random,2,-0.5445,2.3143,64,2026-06-07T03:25:58
16291,pool:gen_001,dqn,1,1.5593,-2.0791,64,2026-06-07T03:25:59
16292,dqn,self,1,1.4850,-1.6707,64,2026-06-07T03:26:01
16293,random,dqn,2,-0.8910,3.0073,64,2026-06-07T03:26:03
16294,dqn,pool:gen_002,2,-0.9281,2.7845,64,2026-06-07T03:26:06
16295,pool:gen_002,dqn,1,1.9058,-1.9924,64,2026-06-07T03:26:07
16296,dqn,pool:gen_002,2,-0.5692,2.4380,64,2026-06-07T03:26:09
16297,self,dqn,2,-0.5197,2.3019,64,2026-06-07T03:26:11
16298,dqn,pool:gen_001,2,-1.0395,2.4133,64,2026-06-07T03:26:13
16299,heuristic,dqn,2,-0.2227,3.0444,64,2026-06-07T03:26:15
16300,dqn,self,2,-0.5940,2.4133,64,2026-06-07T03:26:16
16301,pool:gen_002,dqn,1,2.0048,-1.9306,64,2026-06-07T03:38:02
16302,dqn,self,1,1.6954,-1.9801,64,2026-06-07T03:38:04
16303,self,dqn,1,2.1162,-1.9306,64,2026-06-07T03:38:06
16304,dqn,pool:gen_002,2,-0.4950,2.3266,64,2026-06-07T03:38:08
16305,pool:gen_002,dqn,1,1.8563,-1.9306,64,2026-06-07T03:38:10
16306,dqn,pool:gen_002,2,-0.9528,2.7969,64,2026-06-07T03:38:12
16307,self,dqn,2,-0.5197,2.3761,64,2026-06-07T03:38:14
16308,dqn,pool:gen_002,1,1.5345,-1.7326,64,2026-06-07T03:38:16
16309,pool:gen_002,dqn,1,1.5345,-1.6954,64,2026-06-07T03:38:18
16310,dqn,self,2,-0.4702,2.7598,64,2026-06-07T03:38:19
16311,random,dqn,2,-0.9776,3.1806,64,2026-06-07T03:38:21
16312,dqn,pool:gen_001,2,-0.9157,2.4256,64,2026-06-07T03:38:23
16313,heuristic,dqn,2,-0.2722,3.1806,64,2026-06-07T03:38:24
16314,dqn,pool:gen_001,2,-1.0766,2.5618,64,2026-06-07T03:38:26
16315,self,dqn,2,-0.7177,2.9207,64,2026-06-07T03:38:28
16316,dqn,pool:gen_001,2,-1.0766,2.5246,64,2026-06-07T03:38:30
16317,self,dqn,1,1.7449,-2.0791,64,2026-06-07T03:38:32
16318,dqn,heuristic,1,2.9082,-2.1780,64,2026-06-07T03:38:34
16319,self,dqn,2,-1.0890,3.2919,64,2026-06-07T03:38:36
16320,dqn,self,2,-0.9776,2.7722,64,2026-06-07T03:38:38
16321,pool:gen_002,dqn,1,1.5964,-1.9306,64,2026-06-07T03:38:40
16322,dqn,pool:gen_002,2,-0.8415,2.5741,64,2026-06-07T03:38:42
16323,self,dqn,2,-0.6311,2.5618,64,2026-06-07T03:38:43
16324,dqn,pool:gen_002,2,-0.6682,2.4133,64,2026-06-07T03:38:46
16325,self,dqn,2,-0.6063,2.6979,64,2026-06-07T03:38:47
16326,dqn,random,1,2.0172,-1.9553,64,2026-06-07T03:38:49
16327,pool:gen_002,dqn,1,2.0667,-2.1657,64,2026-06-07T03:38:51
16328,dqn,self,1,1.7697,-1.6459,64,2026-06-07T03:38:53
16329,self,dqn,1,2.0543,-1.9924,64,2026-06-07T03:38:55
16330,dqn,self,1,1.6088,-1.9925,64,2026-06-07T03:38:57
16331,pool:gen_001,dqn,1,1.5964,-2.0420,64,2026-06-07T03:38:59
16332,dqn,pool:gen_001,2,-1.0890,2.6236,64,2026-06-07T03:39:01
16333,self,dqn,1,1.6954,-1.6459,64,2026-06-07T03:39:03
16334,dqn,random,1,2.4009,-1.7944,64,2026-06-07T03:39:05
16335,pool:gen_001,dqn,1,1.5964,-2.0420,64,2026-06-07T03:39:07
16336,dqn,pool:gen_001,2,-1.1756,2.7969,64,2026-06-07T03:39:09
16337,self,dqn,2,-0.6558,2.5370,64,2026-06-07T03:39:11
16338,dqn,pool:gen_001,2,-1.0890,2.6236,64,2026-06-07T03:39:13
16339,self,dqn,2,-0.8662,2.3638,64,2026-06-07T03:39:15
16340,dqn,self,2,-0.9900,2.8712,64,2026-06-07T03:39:17
16341,pool:gen_002,dqn,1,2.0296,-2.0914,64,2026-06-07T03:39:19
16342,dqn,heuristic,2,-0.4083,2.6732,64,2026-06-07T03:39:21
16343,self,dqn,1,1.4108,-1.7821,64,2026-06-07T03:39:22
16344,dqn,pool:gen_001,2,-1.1261,2.6608,64,2026-06-07T03:39:24
16345,random,dqn,2,-1.3488,3.8117,64,2026-06-07T03:39:26
16346,dqn,self,1,1.7573,-1.5840,64,2026-06-07T03:39:28
16347,pool:gen_002,dqn,1,1.8068,-1.7944,64,2026-06-07T03:39:30
16348,dqn,pool:gen_001,2,-1.1261,2.6608,64,2026-06-07T03:39:32
16349,pool:gen_001,dqn,1,1.8068,-2.2028,64,2026-06-07T03:39:34
16350,dqn,self,2,-0.9776,2.8835,64,2026-06-07T03:39:36
16351,self,dqn,2,-0.4207,2.3266,64,2026-06-07T03:39:38
16352,dqn,pool:gen_002,2,-0.5445,2.4256,64,2026-06-07T03:39:40
16353,pool:gen_001,dqn,1,1.8068,-2.2028,64,2026-06-07T03:39:42
16354,dqn,pool:gen_001,2,-0.9034,2.4380,64,2026-06-07T03:39:43
16355,self,dqn,1,1.5222,-1.7449,64,2026-06-07T03:39:46
16356,dqn,self,2,-0.9157,2.7969,64,2026-06-07T03:39:47
16357,random,dqn,2,-0.8786,3.0568,64,2026-06-07T03:39:49
16358,dqn,self,2,-0.7301,2.3514,64,2026-06-07T03:39:51
16359,pool:gen_001,dqn,1,1.5469,-1.9430,64,2026-06-07T03:39:54
16360,dqn,pool:gen_001,2,-0.7920,2.4009,64,2026-06-07T03:39:56
16361,pool:gen_002,dqn,1,1.6954,-1.6459,64,2026-06-07T03:39:57
16362,dqn,pool:gen_002,2,-0.4826,2.5989,64,2026-06-07T03:39:59
16363,self,dqn,2,-0.4083,2.3390,64,2026-06-07T03:40:01
16364,dqn,pool:gen_002,2,-0.5321,2.4751,64,2026-06-07T03:40:03
16365,pool:gen_001,dqn,1,1.5964,-2.0420,64,2026-06-07T03:40:05
16366,dqn,pool:gen_001,2,-0.9529,2.5370,64,2026-06-07T03:40:06
16367,pool:gen_001,dqn,1,1.6212,-2.0915,64,2026-06-07T03:40:08
16368,dqn,pool:gen_001,2,-0.9900,2.5370,64,2026-06-07T03:40:10
16369,self,dqn,1,1.7944,-1.8811,64,2026-06-07T03:40:12
16370,dqn,self,2,-0.6063,2.4009,64,2026-06-07T03:40:14
16371,self,dqn,1,1.3241,-1.9058,64,2026-06-07T03:40:16
16372,dqn,pool:gen_001,2,-0.9281,2.4875,64,2026-06-07T03:40:18
16373,pool:gen_001,dqn,1,1.6212,-2.0543,64,2026-06-07T03:40:20
16374,dqn,pool:gen_002,2,-0.6435,2.4751,64,2026-06-07T03:40:22
16375,pool:gen_002,dqn,1,1.7202,-1.7697,64,2026-06-07T03:40:24
16376,dqn,pool:gen_001,1,1.5345,-1.9182,64,2026-06-07T03:40:25
16377,self,dqn,2,-0.8291,2.6608,64,2026-06-07T03:40:27
16378,dqn,pool:gen_001,1,1.5469,-1.9801,64,2026-06-07T03:40:29
16379,self,dqn,2,-0.8415,2.6113,64,2026-06-07T03:40:31
16380,dqn,self,2,-0.9281,3.0073,64,2026-06-07T03:40:33
16381,pool:gen_002,dqn,1,2.2771,-2.1781,64,2026-06-07T03:40:35
16382,dqn,heuristic,1,3.6879,-1.8067,64,2026-06-07T03:40:37
16383,pool:gen_002,dqn,1,2.1533,-2.1162,64,2026-06-07T03:40:39
16384,dqn,self,1,1.3860,-1.8068,64,2026-06-07T03:40:41
16385,pool:gen_002,dqn,1,2.3885,-2.2894,64,2026-06-07T03:40:43
16386,dqn,self,1,1.6707,-1.7821,64,2026-06-07T03:40:45
16387,pool:gen_002,dqn,1,2.2647,-2.1904,64,2026-06-07T03:40:47
16388,dqn,pool:gen_002,2,-1.1385,3.1310,64,2026-06-07T03:40:49
16389,random,dqn,2,-0.9900,3.3538,64,2026-06-07T03:40:51
16390,dqn,self,2,-0.8167,2.6732,64,2026-06-07T03:40:53
16391,pool:gen_001,dqn,1,1.6459,-1.9925,64,2026-06-07T03:40:55
16392,dqn,pool:gen_001,2,-0.9405,2.5865,64,2026-06-07T03:40:57
16393,heuristic,dqn,2,-0.5320,3.6632,64,2026-06-07T03:40:58
16394,dqn,self,2,-0.9033,2.9578,64,2026-06-07T03:41:00
16395,self,dqn,2,-1.1137,3.0815,64,2026-06-07T03:41:02
16396,dqn,self,2,-0.7548,2.6608,64,2026-06-07T03:41:04
16397,pool:gen_002,dqn,1,2.3513,-2.2523,64,2026-06-07T03:41:06
16398,dqn,pool:gen_002,2,-1.1508,3.2301,64,2026-06-07T03:41:08
16399,self,dqn,2,-0.4950,2.3266,64,2026-06-07T03:41:10
16400,dqn,self,1,1.4850,-1.6336,64,2026-06-07T03:41:12
16401,self,dqn,1,1.7078,-1.9677,64,2026-06-07T03:52:54
16402,dqn,self,2,-0.6682,2.3019,64,2026-06-07T03:52:56
16403,self,dqn,1,1.7944,-1.8439,64,2026-06-07T03:52:58
16404,dqn,heuristic,1,2.9825,-1.6211,64,2026-06-07T03:53:00
16405,self,dqn,2,-0.5321,2.7350,64,2026-06-07T03:53:02
16406,dqn,pool:gen_001,2,-0.7053,2.3761,64,2026-06-07T03:53:04
16407,heuristic,dqn,2,-0.6558,3.3167,64,2026-06-07T03:53:06
16408,dqn,pool:gen_002,2,-0.9776,2.9207,64,2026-06-07T03:53:08
16409,self,dqn,2,-0.4950,2.4380,64,2026-06-07T03:53:10
16410,dqn,self,2,-0.7920,2.6979,64,2026-06-07T03:53:12
16411,self,dqn,2,-0.6187,2.4256,64,2026-06-07T03:53:14
16412,dqn,self,2,-0.8167,2.5246,64,2026-06-07T03:53:16
16413,random,dqn,2,-1.0518,3.4404,64,2026-06-07T03:53:18
16414,dqn,self,1,1.8068,-2.0543,64,2026-06-07T03:53:20
16415,random,dqn,2,-0.6187,2.5742,64,2026-06-07T03:53:22
16416,dqn,pool:gen_002,2,-1.0642,2.9454,64,2026-06-07T03:53:24
16417,self,dqn,1,1.3860,-1.6583,64,2026-06-07T03:53:25
16418,dqn,pool:gen_002,2,-1.0890,3.1806,64,2026-06-07T03:53:27
16419,self,dqn,1,1.4108,-1.8192,64,2026-06-07T03:53:29
16420,dqn,self,1,1.5717,-1.8811,64,2026-06-07T03:53:31
16421,self,dqn,2,-0.4455,2.3019,64,2026-06-07T03:53:33
16422,dqn,self,2,-0.6558,2.3885,64,2026-06-07T03:53:35
16423,pool:gen_002,dqn,1,2.3390,-2.1904,64,2026-06-07T03:53:37
16424,dqn,self,1,1.6088,-1.5469,64,2026-06-07T03:53:40
16425,pool:gen_002,dqn,1,1.9429,-1.9924,64,2026-06-07T03:53:42
16426,dqn,self,2,-0.8291,2.6608,64,2026-06-07T03:53:43
16427,pool:gen_001,dqn,1,1.7697,-2.0915,64,2026-06-07T03:53:45
16428,dqn,pool:gen_001,2,-0.6930,2.2400,64,2026-06-07T03:53:47
16429,self,dqn,1,1.7697,-1.8316,64,2026-06-07T03:53:49
16430,dqn,pool:gen_001,2,-0.6558,2.2771,64,2026-06-07T03:53:51
16431,pool:gen_001,dqn,2,-0.7177,2.4009,64,2026-06-07T03:53:53
16432,dqn,pool:gen_002,2,-0.7425,2.6360,64,2026-06-07T03:53:54
16433,self,dqn,2,-0.5940,2.3761,64,2026-06-07T03:53:56
16434,dqn,pool:gen_001,1,1.7202,-1.9553,64,2026-06-07T03:53:58
16435,pool:gen_002,dqn,1,1.9553,-2.0172,64,2026-06-07T03:54:00
16436,dqn,pool:gen_001,1,1.6583,-1.9429,64,2026-06-07T03:54:02
16437,self,dqn,2,-0.5692,2.5865,64,2026-06-07T03:54:04
16438,dqn,self,2,-0.6435,2.6608,64,2026-06-07T03:54:06
16439,pool:gen_001,dqn,2,-0.8538,2.6360,64,2026-06-07T03:54:08
16440,dqn,pool:gen_002,2,-0.8291,2.7350,64,2026-06-07T03:54:10
16441,pool:gen_001,dqn,2,-0.7920,2.5865,64,2026-06-07T03:54:12
16442,dqn,self,2,-0.5321,2.3266,64,2026-06-07T03:54:14
16443,self,dqn,1,1.9553,-2.1286,64,2026-06-07T03:54:16
16444,dqn,self,1,1.5593,-1.7821,64,2026-06-07T03:54:18
16445,self,dqn,1,1.7449,-1.8563,64,2026-06-07T03:54:20
16446,dqn,self,1,2.0667,-2.0172,64,2026-06-07T03:54:23
16447,pool:gen_002,dqn,1,1.6336,-1.6336,64,2026-06-07T03:54:25
16448,dqn,self,1,1.6831,-1.8068,64,2026-06-07T03:54:27
16449,self,dqn,2,-0.6311,2.4504,64,2026-06-07T03:54:29
16450,dqn,pool:gen_001,1,1.5345,-1.7326,64,2026-06-07T03:54:31
16451,self,dqn,1,1.5593,-1.9306,64,2026-06-07T03:54:33
16452,dqn,self,1,1.8316,-1.9182,64,2026-06-07T03:54:35
16453,self,dqn,1,1.5098,-1.9430,64,2026-06-07T03:54:37
16454,dqn,pool:gen_002,2,-0.5197,2.3019,64,2026-06-07T03:54:39
16455,self,dqn,1,1.4974,-1.9553,64,2026-06-07T03:54:41
16456,dqn,self,1,1.5222,-1.5222,64,2026-06-07T03:54:43
16457,self,dqn,1,1.9058,-2.1410,64,2026-06-07T03:54:45
16458,dqn,self,1,1.9801,-2.0667,64,2026-06-07T03:54:47
16459,pool:gen_001,dqn,2,-0.6558,2.3885,64,2026-06-07T03:54:49
16460,dqn,self,1,1.8316,-2.1410,64,2026-06-07T03:54:51
16461,pool:gen_001,dqn,1,1.3984,-1.7573,64,2026-06-07T03:54:53
16462,dqn,pool:gen_002,2,-0.5568,2.3390,64,2026-06-07T03:54:55
16463,self,dqn,1,1.6459,-2.0296,64,2026-06-07T03:54:57
16464,dqn,pool:gen_001,1,1.5345,-1.8439,64,2026-06-07T03:54:59
16465,self,dqn,1,1.9058,-1.9182,64,2026-06-07T03:55:01
16466,dqn,self,2,-0.5321,2.2153,64,2026-06-07T03:55:03
16467,pool:gen_002,dqn,1,1.8192,-1.7078,64,2026-06-07T03:55:05
16468,dqn,pool:gen_001,1,1.5469,-1.9058,64,2026-06-07T03:55:06
16469,heuristic,dqn,2,-0.5939,3.4157,64,2026-06-07T03:55:08
16470,dqn,self,2,-1.2994,3.1187,64,2026-06-07T03:55:10
16471,self,dqn,2,-0.8662,2.9578,64,2026-06-07T03:55:12
16472,dqn,pool:gen_001,1,1.7821,-2.0048,64,2026-06-07T03:55:14
16473,pool:gen_002,dqn,1,1.7449,-1.6336,64,2026-06-07T03:55:16
16474,dqn,self,2,-0.7796,2.7474,64,2026-06-07T03:55:18
16475,self,dqn,2,-1.0518,3.0320,64,2026-06-07T03:55:20
16476,dqn,self,2,-0.6558,2.3514,64,2026-06-07T03:55:22
16477,pool:gen_001,dqn,2,-0.8910,2.5618,64,2026-06-07T03:55:23
16478,dqn,self,2,-0.6558,2.5370,64,2026-06-07T03:55:25
16479,self,dqn,1,1.5841,-1.6088,64,2026-06-07T03:55:27
16480,dqn,pool:gen_001,2,-0.9528,2.6484,64,2026-06-07T03:55:29
16481,self,dqn,1,1.7821,-1.7078,64,2026-06-07T03:55:31
16482,dqn,self,2,-0.9652,2.9330,64,2026-06-07T03:55:33
16483,random,dqn,2,-0.6558,2.8712,64,2026-06-07T03:55:35
16484,dqn,pool:gen_001,1,1.4479,-1.8192,64,2026-06-07T03:55:37
16485,pool:gen_001,dqn,2,-0.7672,2.4256,64,2026-06-07T03:55:39
16486,dqn,heuristic,1,2.8340,-1.5840,64,2026-06-07T03:55:41
16487,pool:gen_001,dqn,2,-0.5816,2.3885,64,2026-06-07T03:55:43
16488,dqn,self,1,1.7944,-1.9182,64,2026-06-07T03:55:45
16489,self,dqn,2,-0.6311,2.4875,64,2026-06-07T03:55:47
16490,dqn,self,1,1.3984,-1.9058,64,2026-06-07T03:55:49
16491,self,dqn,1,1.3489,-1.8440,64,2026-06-07T03:55:51
16492,dqn,self,2,-0.7301,2.3885,64,2026-06-07T03:55:53
16493,pool:gen_002,dqn,1,1.9306,-1.8192,64,2026-06-07T03:55:55
16494,dqn,pool:gen_001,1,1.5593,-1.7449,64,2026-06-07T03:55:57
16495,self,dqn,1,1.7202,-1.8811,64,2026-06-07T03:55:59
16496,dqn,pool:gen_002,2,-0.7053,2.6732,64,2026-06-07T03:56:00
16497,self,dqn,2,-0.8415,2.6113,64,2026-06-07T03:56:02
16498,dqn,pool:gen_002,2,-0.9900,2.9454,64,2026-06-07T03:56:04
16499,self,dqn,1,1.8563,-1.9306,64,2026-06-07T03:56:06
16500,dqn,random,1,2.6855,-2.0295,64,2026-06-07T03:56:08
16501,self,dqn,2,-1.0642,3.3538,64,2026-06-07T04:07:24
16502,dqn,pool:gen_001,1,1.7078,-1.8934,64,2026-06-07T04:07:26
16503,pool:gen_002,dqn,1,1.8563,-1.7078,64,2026-06-07T04:07:28
16504,dqn,pool:gen_001,1,1.7202,-1.8811,64,2026-06-07T04:07:30
16505,random,dqn,2,-0.9652,3.0816,64,2026-06-07T04:07:32
16506,dqn,self,1,2.0791,-1.6707,64,2026-06-07T04:07:34
16507,pool:gen_002,dqn,1,2.0296,-1.8316,64,2026-06-07T04:07:36
16508,dqn,pool:gen_002,2,-0.5692,2.5494,64,2026-06-07T04:07:38
16509,self,dqn,2,-0.5445,2.5370,64,2026-06-07T04:07:40
16510,dqn,random,1,2.5370,-2.2894,64,2026-06-07T04:07:42
16511,random,dqn,2,-0.9405,3.3662,64,2026-06-07T04:07:43
16512,dqn,random,1,2.0543,-1.7697,64,2026-06-07T04:07:45
16513,self,dqn,1,1.4355,-1.7573,64,2026-06-07T04:07:47
16514,dqn,pool:gen_001,1,2.0296,-2.1657,64,2026-06-07T04:07:49
16515,self,dqn,2,-1.1880,2.9330,64,2026-06-07T04:07:51
16516,dqn,self,1,1.6954,-1.9058,64,2026-06-07T04:07:53
16517,pool:gen_001,dqn,2,-0.7053,2.4875,64,2026-06-07T04:07:55
16518,dqn,pool:gen_001,1,1.6459,-1.8439,64,2026-06-07T04:07:57
16519,pool:gen_001,dqn,2,-0.7301,2.4999,64,2026-06-07T04:07:59
16520,dqn,self,2,-0.9157,2.7598,64,2026-06-07T04:08:01
16521,pool:gen_002,dqn,1,1.7326,-1.7573,64,2026-06-07T04:08:03
16522,dqn,pool:gen_001,1,1.6212,-1.8316,64,2026-06-07T04:08:06
16523,pool:gen_001,dqn,2,-0.7301,2.4999,64,2026-06-07T04:08:08
16524,dqn,random,1,1.7078,-1.9677,64,2026-06-07T04:08:10
16525,pool:gen_001,dqn,2,-0.8415,2.4256,64,2026-06-07T04:08:12
16526,dqn,self,2,-0.4950,2.2895,64,2026-06-07T04:08:14
16527,self,dqn,2,-0.2846,2.2400,64,2026-06-07T04:08:16
16528,dqn,self,1,1.6830,-1.8811,64,2026-06-07T04:08:18
16529,pool:gen_001,dqn,2,-0.7177,2.5123,64,2026-06-07T04:08:20
16530,dqn,pool:gen_001,1,1.8192,-1.8192,64,2026-06-07T04:08:22
16531,self,dqn,1,1.6831,-1.7697,64,2026-06-07T04:08:24
16532,dqn,self,2,-1.2251,3.0073,64,2026-06-07T04:08:26
16533,self,dqn,1,1.4479,-1.6707,64,2026-06-07T04:08:28
16534,dqn,self,2,-0.9652,2.5618,64,2026-06-07T04:08:30
16535,pool:gen_001,dqn,1,1.3984,-1.7573,64,2026-06-07T04:08:32
16536,dqn,self,2,-0.7548,2.2895,64,2026-06-07T04:08:34
16537,self,dqn,1,1.6831,-1.8068,64,2026-06-07T04:08:36
16538,dqn,self,2,-0.5692,2.4009,64,2026-06-07T04:08:38
16539,self,dqn,2,-0.6806,2.1410,64,2026-06-07T04:08:40
16540,dqn,pool:gen_002,2,-0.7177,2.6979,64,2026-06-07T04:08:41
16541,pool:gen_001,dqn,2,-0.7053,2.4875,64,2026-06-07T04:08:43
16542,dqn,self,1,1.5222,-1.6707,64,2026-06-07T04:08:45
16543,pool:gen_002,dqn,1,1.8811,-2.0915,64,2026-06-07T04:08:47
16544,dqn,heuristic,1,3.4404,-2.2028,64,2026-06-07T04:08:49
16545,pool:gen_002,dqn,1,1.6831,-1.7326,64,2026-06-07T04:08:51
16546,dqn,pool:gen_002,2,-0.8167,2.4875,64,2026-06-07T04:08:53
16547,self,dqn,2,-0.8786,2.7598,64,2026-06-07T04:08:55
16548,dqn,self,1,1.9677,-2.1533,64,2026-06-07T04:08:57
16549,self,dqn,1,2.0296,-2.0543,64,2026-06-07T04:08:59
16550,dqn,self,2,-0.5073,2.1286,64,2026-06-07T04:09:01
16551,pool:gen_001,dqn,2,-0.9281,2.7474,64,2026-06-07T04:09:03
16552,dqn,pool:gen_002,2,-0.7920,2.6608,64,2026-06-07T04:09:05
16553,self,dqn,2,-0.6806,2.4009,64,2026-06-07T04:09:07
16554,dqn,pool:gen_001,1,1.9801,-2.1781,64,2026-06-07T04:09:09
16555,pool:gen_001,dqn,2,-0.7548,2.5494,64,2026-06-07T04:09:11
16556,dqn,pool:gen_002,2,-0.8786,2.6113,64,2026-06-07T04:09:13
16557,self,dqn,2,-0.8167,2.3390,64,2026-06-07T04:09:15
16558,dqn,self,2,-0.4454,2.3761,64,2026-06-07T04:09:17
16559,pool:gen_002,dqn,1,1.5840,-1.9430,64,2026-06-07T04:09:19
16560,dqn,pool:gen_002,2,-0.8291,2.5865,64,2026-06-07T04:09:21
16561,pool:gen_002,dqn,1,1.8687,-2.1410,64,2026-06-07T04:09:23
16562,dqn,self,1,1.6459,-1.8811,64,2026-06-07T04:09:25
16563,pool:gen_002,dqn,1,1.8068,-1.8687,64,2026-06-07T04:09:27
16564,dqn,self,2,-0.9281,2.5989,64,2026-06-07T04:09:29
16565,pool:gen_001,dqn,2,-0.7425,2.5618,64,2026-06-07T04:09:31
16566,dqn,self,1,1.5717,-1.5841,64,2026-06-07T04:09:33
16567,pool:gen_002,dqn,1,1.6088,-1.7326,64,2026-06-07T04:09:35
16568,dqn,self,2,-0.7920,2.4751,64,2026-06-07T04:09:37
16569,pool:gen_002,dqn,2,-0.5816,2.5370,64,2026-06-07T04:09:39
16570,dqn,self,2,-0.6435,2.6608,64,2026-06-07T04:09:40
16571,pool:gen_002,dqn,2,-0.5197,2.4133,64,2026-06-07T04:09:42
16572,dqn,self,1,1.6583,-1.9429,64,2026-06-07T04:09:44
16573,pool:gen_001,dqn,2,-0.6311,2.3390,64,2026-06-07T04:09:46
16574,dqn,self,1,1.7326,-1.6459,64,2026-06-07T04:09:48
16575,self,dqn,2,-1.0271,2.4628,64,2026-06-07T04:09:50
16576,dqn,self,1,1.7944,-2.0296,64,2026-06-07T04:09:52
16577,self,dqn,1,1.6335,-1.8563,64,2026-06-07T04:09:54
16578,dqn,self,2,-0.9157,2.8340,64,2026-06-07T04:09:56
16579,heuristic,dqn,2,-0.4578,3.4776,64,2026-06-07T04:09:58
16580,dqn,self,1,1.3984,-1.6088,64,2026-06-07T04:10:00
16581,self,dqn,2,-0.5445,2.4999,64,2026-06-07T04:10:02
16582,dqn,pool:gen_002,1,1.4727,-1.6088,64,2026-06-07T04:10:04
16583,self,dqn,2,-0.5940,2.3761,64,2026-06-07T04:10:07
16584,dqn,self,2,-0.9900,3.0197,64,2026-06-07T04:10:09
16585,self,dqn,1,1.5717,-1.8068,64,2026-06-07T04:10:11
16586,dqn,self,2,-0.7920,2.6608,64,2026-06-07T04:10:13
16587,self,dqn,1,1.8563,-1.6335,64,2026-06-07T04:10:15
16588,dqn,pool:gen_002,1,1.5593,-1.7078,64,2026-06-07T04:10:17
16589,pool:gen_001,dqn,2,-0.6806,2.3266,64,2026-06-07T04:10:19
16590,dqn,self,2,-0.4950,2.2524,64,2026-06-07T04:10:21
16591,self,dqn,2,-0.7301,2.3885,64,2026-06-07T04:10:23
16592,dqn,self,2,-0.6930,2.4628,64,2026-06-07T04:10:25
16593,pool:gen_001,dqn,2,-0.7053,2.3390,64,2026-06-07T04:10:27
16594,dqn,self,2,-0.6682,2.4875,64,2026-06-07T04:10:29
16595,pool:gen_001,dqn,2,-0.6806,2.3266,64,2026-06-07T04:10:31
16596,dqn,pool:gen_002,1,1.4974,-1.5469,64,2026-06-07T04:10:33
16597,self,dqn,2,-0.6311,2.4504,64,2026-06-07T04:10:35
16598,dqn,pool:gen_002,1,1.4603,-1.5469,64,2026-06-07T04:10:37
16599,self,dqn,2,-0.6187,2.4628,64,2026-06-07T04:10:39
16600,dqn,pool:gen_001,2,-0.6311,2.2648,64,2026-06-07T04:10:40
16601,self,dqn,1,1.5964,-1.7821,64,2026-06-07T04:22:52
16602,dqn,heuristic,1,2.8216,-1.7820,64,2026-06-07T04:22:54
16603,self,dqn,1,1.4603,-2.0296,64,2026-06-07T04:22:56
16604,dqn,self,1,1.8068,-1.8687,64,2026-06-07T04:22:58
16605,self,dqn,1,1.4232,-1.8440,64,2026-06-07T04:23:00
16606,dqn,self,1,1.9306,-1.5964,64,2026-06-07T04:23:02
16607,self,dqn,2,-0.8786,3.1311,64,2026-06-07T04:23:04
16608,dqn,pool:gen_001,2,-0.6311,2.2648,64,2026-06-07T04:23:06
16609,pool:gen_001,dqn,1,1.5222,-1.7078,64,2026-06-07T04:23:08
16610,dqn,heuristic,1,2.9083,-1.4726,64,2026-06-07T04:23:09
16611,pool:gen_001,dqn,1,1.4727,-1.7202,64,2026-06-07T04:23:11
16612,dqn,self,1,1.4850,-1.5964,64,2026-06-07T04:23:13
16613,pool:gen_001,dqn,1,1.4355,-1.7573,64,2026-06-07T04:23:16
16614,dqn,self,2,-0.5445,2.2771,64,2026-06-07T04:23:17
16615,self,dqn,1,1.8687,-1.9182,64,2026-06-07T04:23:19
16616,dqn,pool:gen_002,1,1.9058,-1.9924,64,2026-06-07T04:23:21
16617,self,dqn,2,-0.7920,2.6608,64,2026-06-07T04:23:23
16618,dqn,self,2,-0.5568,2.4133,64,2026-06-07T04:23:25
16619,pool:gen_001,dqn,1,1.5964,-1.7821,64,2026-06-07T04:23:27
16620,dqn,self,1,1.7202,-1.6583,64,2026-06-07T04:23:29
16621,pool:gen_001,dqn,1,1.5098,-1.7573,64,2026-06-07T04:23:31
16622,dqn,self,2,-0.5321,2.5865,64,2026-06-07T04:23:33
16623,pool:gen_002,dqn,1,1.6088,-1.6954,64,2026-06-07T04:23:35
16624,dqn,pool:gen_001,2,-0.8662,2.5123,64,2026-06-07T04:23:37
16625,self,dqn,2,-0.6806,2.8835,64,2026-06-07T04:23:39
16626,dqn,heuristic,1,3.1063,-1.5716,64,2026-06-07T04:23:41
16627,self,dqn,2,-0.9281,2.7103,64,2026-06-07T04:23:43
16628,dqn,pool:gen_002,2,-0.6682,2.4504,64,2026-06-07T04:23:45
16629,pool:gen_002,dqn,1,1.6335,-1.8192,64,2026-06-07T04:23:46
16630,dqn,self,2,-0.9900,2.7227,64,2026-06-07T04:23:49
16631,self,dqn,1,1.6831,-1.7697,64,2026-06-07T04:23:51
16632,dqn,random,1,2.0914,-2.1781,64,2026-06-07T04:23:52
16633,pool:gen_002,dqn,1,1.6335,-1.8192,64,2026-06-07T04:23:54
16634,dqn,self,1,1.4603,-1.7326,64,2026-06-07T04:23:57
16635,pool:gen_002,dqn,1,1.5345,-1.8068,64,2026-06-07T04:23:59
16636,dqn,self,2,-0.7425,2.8959,64,2026-06-07T04:24:01
16637,random,dqn,2,-0.9405,2.9949,64,2026-06-07T04:24:03
16638,dqn,heuristic,1,3.4899,-2.2647,64,2026-06-07T04:24:04
16639,self,dqn,1,1.8192,-1.9677,64,2026-06-07T04:24:06
16640,dqn,self,1,1.5840,-1.6831,64,2026-06-07T04:24:09
16641,pool:gen_001,dqn,2,-0.7672,2.5370,64,2026-06-07T04:24:10
16642,dqn,pool:gen_001,1,1.6954,-1.9429,64,2026-06-07T04:24:12
16643,self,dqn,2,-0.8043,2.3885,64,2026-06-07T04:24:15
16644,dqn,self,1,1.5222,-1.8192,64,2026-06-07T04:24:17
16645,self,dqn,2,-0.8291,2.7722,64,2026-06-07T04:24:19
16646,dqn,pool:gen_001,1,1.5345,-1.8811,64,2026-06-07T04:24:21
16647,self,dqn,1,1.5098,-1.8687,64,2026-06-07T04:24:23
16648,dqn,self,2,-0.7425,2.3390,64,2026-06-07T04:24:25
16649,pool:gen_002,dqn,1,1.7697,-1.7944,64,2026-06-07T04:24:27
16650,dqn,pool:gen_002,2,-0.6806,2.5494,64,2026-06-07T04:24:28
16651,self,dqn,2,-0.9776,2.8093,64,2026-06-07T04:24:30
16652,dqn,pool:gen_001,1,1.8068,-2.1657,64,2026-06-07T04:24:32
16653,random,dqn,2,-0.5816,3.0568,64,2026-06-07T04:24:34
16654,dqn,pool:gen_002,2,-0.7177,2.6237,64,2026-06-07T04:24:36
16655,pool:gen_001,dqn,2,-0.6311,2.4504,64,2026-06-07T04:24:38
16656,dqn,self,2,-0.7796,2.2648,64,2026-06-07T04:24:40
16657,heuristic,dqn,2,-0.5939,4.1583,64,2026-06-07T04:24:42
16658,dqn,self,1,1.4603,-1.6212,64,2026-06-07T04:24:44
16659,pool:gen_001,dqn,2,-0.6435,2.4009,64,2026-06-07T04:24:46
16660,dqn,pool:gen_002,2,-0.5197,2.3390,64,2026-06-07T04:24:48
16661,pool:gen_002,dqn,1,2.0791,-2.0048,64,2026-06-07T04:24:50
16662,dqn,self,2,-0.5568,2.3761,64,2026-06-07T04:24:52
16663,heuristic,dqn,2,-0.8167,3.8241,64,2026-06-07T04:24:54
16664,dqn,pool:gen_001,1,1.8811,-2.2400,64,2026-06-07T04:24:56
16665,self,dqn,1,1.5964,-1.7078,64,2026-06-07T04:24:58
16666,dqn,self,1,1.5098,-1.8316,64,2026-06-07T04:24:59
16667,pool:gen_002,dqn,1,1.6335,-1.9306,64,2026-06-07T04:25:01
16668,dqn,self,1,1.7202,-1.9553,64,2026-06-07T04:25:03
16669,pool:gen_001,dqn,2,-0.5816,2.6113,64,2026-06-07T04:25:05
16670,dqn,self,2,-0.6558,2.6855,64,2026-06-07T04:25:07
16671,self,dqn,2,-0.4950,2.4009,64,2026-06-07T04:25:09
16672,dqn,pool:gen_001,2,-0.5692,2.3638,64,2026-06-07T04:25:12
16673,self,dqn,1,1.4850,-1.5964,64,2026-06-07T04:25:14
16674,dqn,self,2,-0.6435,2.6979,64,2026-06-07T04:25:16
16675,self,dqn,2,-0.8043,2.9454,64,2026-06-07T04:25:18
16676,dqn,pool:gen_001,1,1.6459,-1.7326,64,2026-06-07T04:25:20
16677,pool:gen_002,dqn,1,1.6459,-1.8068,64,2026-06-07T04:25:23
16678,dqn,self,1,1.5469,-1.8316,64,2026-06-07T04:25:25
16679,pool:gen_002,dqn,1,1.5840,-1.7944,64,2026-06-07T04:25:27
16680,dqn,self,2,-1.1385,3.0197,64,2026-06-07T04:25:29
16681,self,dqn,2,-1.1385,2.5741,64,2026-06-07T04:25:31
16682,dqn,self,2,-0.7796,2.7845,64,2026-06-07T04:25:33
16683,pool:gen_002,dqn,1,1.5964,-1.7449,64,2026-06-07T04:25:35
16684,dqn,self,2,-0.6806,2.5865,64,2026-06-07T04:25:36
16685,self,dqn,1,1.5469,-1.7944,64,2026-06-07T04:25:39
16686,dqn,pool:gen_001,2,-0.7301,2.2029,64,2026-06-07T04:25:41
16687,self,dqn,2,-0.6806,2.2895,64,2026-06-07T04:25:43
16688,dqn,heuristic,1,2.5246,-1.5593,64,2026-06-07T04:25:45
16689,self,dqn,2,-0.7425,2.5246,64,2026-06-07T04:25:47
16690,dqn,self,2,-0.8538,2.5618,64,2026-06-07T04:25:49
16691,pool:gen_002,dqn,2,-0.7053,2.3761,64,2026-06-07T04:25:51
16692,dqn,self,2,-0.5816,2.7969,64,2026-06-07T04:25:53
16693,self,dqn,2,-0.5816,2.7227,64,2026-06-07T04:25:55
16694,dqn,pool:gen_002,1,1.4727,-1.7202,64,2026-06-07T04:25:57
16695,self,dqn,2,-0.5445,2.2400,64,2026-06-07T04:25:59
16696,dqn,self,2,-0.7053,2.4875,64,2026-06-07T04:26:01
16697,self,dqn,1,1.4603,-1.7697,64,2026-06-07T04:26:03
16698,dqn,self,1,1.5593,-1.6336,64,2026-06-07T04:26:05
16699,pool:gen_002,dqn,2,-0.5816,2.4628,64,2026-06-07T04:26:07
16700,dqn,pool:gen_002,1,1.5593,-1.8563,64,2026-06-07T04:26:09
16701,self,dqn,2,-0.8538,2.8959,64,2026-06-07T04:37:19
16702,dqn,pool:gen_002,2,-0.6063,2.4009,64,2026-06-07T04:37:21
16703,pool:gen_001,dqn,2,-0.8538,2.5618,64,2026-06-07T04:37:23
16704,dqn,pool:gen_001,2,-0.6682,2.3019,64,2026-06-07T04:37:25
16705,pool:gen_001,dqn,2,-0.6435,2.3266,64,2026-06-07T04:37:27
16706,dqn,self,2,-0.6311,2.5246,64,2026-06-07T04:37:29
16707,self,dqn,2,-0.3836,2.5865,64,2026-06-07T04:37:31
16708,dqn,pool:gen_001,1,1.4108,-1.7078,64,2026-06-07T04:37:33
16709,pool:gen_002,dqn,2,-0.5321,2.4009,64,2026-06-07T04:37:35
16710,dqn,pool:gen_002,1,1.6459,-1.7326,64,2026-06-07T04:37:37
16711,heuristic,dqn,2,-0.3835,3.3291,64,2026-06-07T04:37:39
16712,dqn,pool:gen_001,2,-0.7796,2.4504,64,2026-06-07T04:37:41
16713,pool:gen_002,dqn,1,1.9677,-1.8563,64,2026-06-07T04:37:43
16714,dqn,self,2,-0.6435,2.5123,64,2026-06-07T04:37:45
16715,self,dqn,2,-0.7796,2.4504,64,2026-06-07T04:37:47
16716,dqn,self,1,1.7573,-1.8068,64,2026-06-07T04:37:49
16717,self,dqn,1,1.6459,-1.7326,64,2026-06-07T04:37:51
16718,dqn,self,1,1.4603,-1.8811,64,2026-06-07T04:37:53
16719,self,dqn,1,1.5840,-1.9801,64,2026-06-07T04:37:55
16720,dqn,pool:gen_001,2,-0.8415,2.4256,64,2026-06-07T04:37:57
16721,self,dqn,2,-0.6063,2.4009,64,2026-06-07T04:37:59
16722,dqn,pool:gen_002,1,1.5098,-1.6088,64,2026-06-07T04:38:01
16723,pool:gen_002,dqn,2,-0.5197,2.3390,64,2026-06-07T04:38:03
16724,dqn,pool:gen_002,1,1.6707,-1.7449,64,2026-06-07T04:38:05
16725,self,dqn,1,1.4479,-1.8563,64,2026-06-07T04:38:07
16726,dqn,self,2,-0.4702,2.3143,64,2026-06-07T04:38:09
16727,pool:gen_002,dqn,1,1.5964,-1.7078,64,2026-06-07T04:38:11
16728,dqn,pool:gen_001,2,-0.8910,2.4875,64,2026-06-07T04:38:13
16729,pool:gen_001,dqn,1,1.5098,-1.8687,64,2026-06-07T04:38:15
16730,dqn,pool:gen_001,2,-0.8662,2.4751,64,2026-06-07T04:38:17
16731,random,dqn,2,-1.1385,3.0939,64,2026-06-07T04:38:19
16732,dqn,pool:gen_001,2,-0.8662,2.4751,64,2026-06-07T04:38:21
16733,pool:gen_002,dqn,1,1.7697,-1.8687,64,2026-06-07T04:38:23
16734,dqn,pool:gen_002,2,-0.7796,2.6732,64,2026-06-07T04:38:25
16735,pool:gen_001,dqn,1,1.5098,-1.8687,64,2026-06-07T04:38:27
16736,dqn,heuristic,1,2.3637,-1.6459,64,2026-06-07T04:38:29
16737,pool:gen_002,dqn,1,1.7202,-1.7697,64,2026-06-07T04:38:31
16738,dqn,pool:gen_002,2,-0.8291,2.6979,64,2026-06-07T04:38:33
16739,pool:gen_001,dqn,1,1.7697,-2.0543,64,2026-06-07T04:38:35
16740,dqn,pool:gen_001,2,-0.8910,2.5618,64,2026-06-07T04:38:37
16741,pool:gen_002,dqn,2,-0.6187,2.3885,64,2026-06-07T04:38:39
16742,dqn,self,1,1.8563,-1.9306,64,2026-06-07T04:38:41
16743,self,dqn,1,1.4850,-1.8192,64,2026-06-07T04:38:43
16744,dqn,pool:gen_002,1,1.4850,-1.6707,64,2026-06-07T04:38:45
16745,pool:gen_002,dqn,2,-0.5445,2.3514,64,2026-06-07T04:38:47
16746,dqn,pool:gen_001,2,-0.9529,2.5741,64,2026-06-07T04:38:49
16747,heuristic,dqn,2,-0.8538,4.3068,64,2026-06-07T04:38:51
16748,dqn,self,2,-0.7053,2.3761,64,2026-06-07T04:38:53
16749,self,dqn,1,1.5964,-1.8934,64,2026-06-07T04:38:55
16750,dqn,self,1,1.7449,-1.8934,64,2026-06-07T04:38:57
16751,pool:gen_001,dqn,1,1.8811,-2.0915,64,2026-06-07T04:38:59
16752,dqn,self,1,1.6707,-1.8934,64,2026-06-07T04:39:01
16753,pool:gen_001,dqn,1,1.7697,-2.0543,64,2026-06-07T04:39:03
16754,dqn,self,2,-0.7053,2.3761,64,2026-06-07T04:39:05
16755,pool:gen_002,dqn,2,-0.5197,2.5247,64,2026-06-07T04:39:07
16756,dqn,pool:gen_001,2,-0.8167,2.3019,64,2026-06-07T04:39:09
16757,self,dqn,1,1.6583,-1.5345,64,2026-06-07T04:39:11
16758,dqn,self,1,1.5964,-1.5964,64,2026-06-07T04:39:12
16759,self,dqn,1,1.9182,-1.9058,64,2026-06-07T04:39:15
16760,dqn,pool:gen_001,2,-1.0147,2.5865,64,2026-06-07T04:39:17
16761,self,dqn,2,-0.6435,2.4009,64,2026-06-07T04:39:19
16762,dqn,self,1,1.3613,-1.6459,64,2026-06-07T04:39:21
16763,self,dqn,2,-0.9281,2.9702,64,2026-06-07T04:39:23
16764,dqn,pool:gen_001,2,-1.1632,2.7721,64,2026-06-07T04:39:25
16765,random,dqn,2,-1.0518,3.5147,64,2026-06-07T04:39:26
16766,dqn,self,2,-0.5568,2.4133,64,2026-06-07T04:39:28
16767,self,dqn,2,-0.5321,2.7350,64,2026-06-07T04:39:30
16768,dqn,self,2,-0.8910,2.4875,64,2026-06-07T04:39:32
16769,pool:gen_002,dqn,1,1.4850,-1.5964,64,2026-06-07T04:39:34
16770,dqn,self,1,1.6707,-1.8934,64,2026-06-07T04:39:36
16771,pool:gen_001,dqn,1,1.9801,-1.8811,64,2026-06-07T04:39:38
16772,dqn,pool:gen_001,2,-0.7177,2.4009,64,2026-06-07T04:39:40
16773,self,dqn,2,-0.7177,2.2153,64,2026-06-07T04:39:42
16774,dqn,pool:gen_001,2,-0.7301,2.4628,64,2026-06-07T04:39:44
16775,self,dqn,2,-0.7920,2.5494,64,2026-06-07T04:39:46
16776,dqn,self,2,-0.7177,2.6979,64,2026-06-07T04:39:48
16777,pool:gen_002,dqn,2,-0.7796,2.5989,64,2026-06-07T04:39:50
16778,dqn,pool:gen_001,2,-0.8910,2.6360,64,2026-06-07T04:39:52
16779,random,dqn,2,-1.1261,3.6632,64,2026-06-07T04:39:54
16780,dqn,self,2,-0.5321,2.4009,64,2026-06-07T04:39:56
16781,pool:gen_002,dqn,2,-0.5568,2.4875,64,2026-06-07T04:39:58
16782,dqn,self,1,1.5469,-1.7944,64,2026-06-07T04:40:00
16783,pool:gen_002,dqn,2,-0.5568,2.5247,64,2026-06-07T04:40:02
16784,dqn,self,1,1.5098,-1.6831,64,2026-06-07T04:40:04
16785,self,dqn,2,-0.8167,2.5246,64,2026-06-07T04:40:06
16786,dqn,pool:gen_001,2,-1.0023,2.8588,64,2026-06-07T04:40:08
16787,pool:gen_001,dqn,1,1.9429,-2.0667,64,2026-06-07T04:40:10
16788,dqn,pool:gen_002,1,1.5717,-1.7697,64,2026-06-07T04:40:12
16789,self,dqn,1,1.4974,-1.8439,64,2026-06-07T04:40:14
16790,dqn,self,1,1.4479,-1.5593,64,2026-06-07T04:40:16
16791,self,dqn,2,-0.8415,2.8340,64,2026-06-07T04:40:18
16792,dqn,pool:gen_001,1,1.6707,-1.7821,64,2026-06-07T04:40:20
16793,pool:gen_002,dqn,2,-0.5321,2.4380,64,2026-06-07T04:40:22
16794,dqn,pool:gen_002,2,-0.8786,2.7969,64,2026-06-07T04:40:24
16795,self,dqn,1,1.7449,-1.8192,64,2026-06-07T04:40:26
16796,dqn,self,2,-0.5197,2.3390,64,2026-06-07T04:40:28
16797,self,dqn,2,-0.6311,2.6360,64,2026-06-07T04:40:30
16798,dqn,self,2,-0.9405,2.9207,64,2026-06-07T04:40:32
16799,random,dqn,2,-1.1880,3.1187,64,2026-06-07T04:40:34
16800,dqn,self,2,-0.7920,2.2152,64,2026-06-07T04:40:36
16801,pool:gen_002,dqn,2,-0.7053,2.7103,64,2026-06-07T04:56:07
16802,dqn,pool:gen_001,2,-0.7177,2.4009,64,2026-06-07T04:56:10
16803,heuristic,dqn,2,-0.5073,3.2796,64,2026-06-07T04:56:12
16804,dqn,self,1,1.8687,-2.1038,64,2026-06-07T04:56:14
16805,self,dqn,1,1.8439,-1.8316,64,2026-06-07T04:56:17
16806,dqn,heuristic,1,2.7845,-2.0790,64,2026-06-07T04:56:19
16807,pool:gen_001,dqn,1,1.4603,-1.7697,64,2026-06-07T04:56:21
16808,dqn,self,1,1.8192,-1.7078,64,2026-06-07T04:56:24
16809,self,dqn,1,1.6335,-1.8934,64,2026-06-07T04:56:26
16810,dqn,random,1,1.8811,-1.9058,64,2026-06-07T04:56:29
16811,pool:gen_002,dqn,2,-0.7672,2.7598,64,2026-06-07T04:56:31
16812,dqn,pool:gen_001,1,1.2870,-1.7573,64,2026-06-07T04:56:33
16813,pool:gen_002,dqn,2,-0.7672,2.7598,64,2026-06-07T04:56:36
16814,dqn,self,2,-0.5940,2.3761,64,2026-06-07T04:56:38
16815,self,dqn,2,-0.6187,2.5742,64,2026-06-07T04:56:41
16816,dqn,self,2,-0.7177,2.6608,64,2026-06-07T04:56:43
16817,pool:gen_002,dqn,2,-0.7920,2.6979,64,2026-06-07T04:56:45
16818,dqn,pool:gen_002,1,1.8687,-2.0296,64,2026-06-07T04:56:48
16819,self,dqn,1,1.6954,-1.8316,64,2026-06-07T04:56:50
16820,dqn,pool:gen_002,1,1.8068,-1.9058,64,2026-06-07T04:56:53
16821,self,dqn,2,-0.7301,2.4256,64,2026-06-07T04:56:55
16822,dqn,self,1,1.6831,-1.5098,64,2026-06-07T04:56:58
16823,pool:gen_001,dqn,1,1.4479,-1.8563,64,2026-06-07T04:57:00
16824,dqn,pool:gen_002,1,1.8439,-1.9429,64,2026-06-07T04:57:03
16825,self,dqn,1,2.0172,-2.2523,64,2026-06-07T04:57:06
16826,dqn,pool:gen_001,2,-1.0271,2.6855,64,2026-06-07T04:57:08
16827,heuristic,dqn,2,-0.7053,3.7870,64,2026-06-07T04:57:10
16828,dqn,self,2,-0.5692,2.5865,64,2026-06-07T04:57:13
16829,pool:gen_002,dqn,2,-0.8043,2.7227,64,2026-06-07T04:57:15
16830,dqn,self,2,-1.0271,2.7226,64,2026-06-07T04:57:18
16831,self,dqn,1,1.4727,-1.8687,64,2026-06-07T04:57:21
16832,dqn,pool:gen_002,1,1.7697,-2.0543,64,2026-06-07T04:57:23
16833,self,dqn,1,1.8316,-2.0667,64,2026-06-07T04:57:25
16834,dqn,pool:gen_001,2,-0.4826,2.3019,64,2026-06-07T04:57:27
16835,self,dqn,2,-1.1385,2.8340,64,2026-06-07T04:57:30
16836,dqn,random,1,1.9182,-1.7944,64,2026-06-07T04:57:32
16837,pool:gen_001,dqn,1,1.4727,-1.8687,64,2026-06-07T04:57:35
16838,dqn,pool:gen_002,1,2.0791,-2.1533,64,2026-06-07T04:57:37
16839,pool:gen_002,dqn,2,-0.7672,2.6484,64,2026-06-07T04:57:39
16840,dqn,pool:gen_001,2,-0.5940,2.2648,64,2026-06-07T04:57:42
16841,pool:gen_002,dqn,2,-0.8662,2.6236,64,2026-06-07T04:57:44
16842,dqn,self,1,1.9677,-1.8934,64,2026-06-07T04:57:46
16843,self,dqn,1,1.8316,-1.9553,64,2026-06-07T04:57:49
16844,dqn,pool:gen_001,1,1.5964,-1.8192,64,2026-06-07T04:57:51
16845,self,dqn,1,1.5222,-1.7078,64,2026-06-07T04:57:54
16846,dqn,pool:gen_002,1,1.8687,-1.9924,64,2026-06-07T04:57:56
16847,self,dqn,1,1.7326,-1.7944,64,2026-06-07T04:57:59
16848,dqn,self,1,1.7573,-1.3984,64,2026-06-07T04:58:01
16849,pool:gen_002,dqn,2,-0.6806,2.3638,64,2026-06-07T04:58:03
16850,dqn,pool:gen_001,1,1.8068,-1.9429,64,2026-06-07T04:58:06
16851,pool:gen_001,dqn,2,-0.7177,2.4009,64,2026-06-07T04:58:08
16852,dqn,heuristic,1,3.2300,-1.6335,64,2026-06-07T04:58:10
16853,self,dqn,2,-0.8910,2.8588,64,2026-06-07T04:58:12
16854,dqn,self,1,1.5840,-1.7202,64,2026-06-07T04:58:15
16855,random,dqn,2,-0.6929,3.1311,64,2026-06-07T04:58:17
16856,dqn,self,1,1.5593,-2.0048,64,2026-06-07T04:58:19
16857,pool:gen_001,dqn,2,-0.7672,2.4628,64,2026-06-07T04:58:21
16858,dqn,pool:gen_001,2,-0.4950,2.2153,64,2026-06-07T04:58:24
16859,pool:gen_001,dqn,1,1.3984,-1.6088,64,2026-06-07T04:58:26
16860,dqn,pool:gen_002,1,1.8439,-2.0172,64,2026-06-07T04:58:29
16861,pool:gen_001,dqn,1,1.3984,-1.6088,64,2026-06-07T04:58:31
16862,dqn,self,1,1.7944,-1.5098,64,2026-06-07T04:58:34
16863,pool:gen_001,dqn,1,1.5717,-1.8068,64,2026-06-07T04:58:36
16864,dqn,self,2,-0.7177,2.8464,64,2026-06-07T04:58:38
16865,pool:gen_002,dqn,2,-0.8415,2.5741,64,2026-06-07T04:58:41
16866,dqn,pool:gen_001,2,-0.8538,2.4875,64,2026-06-07T04:58:43
16867,pool:gen_001,dqn,1,1.5345,-1.9182,64,2026-06-07T04:58:46
16868,dqn,self,2,-0.7920,2.8464,64,2026-06-07T04:58:48
16869,pool:gen_001,dqn,1,1.6954,-1.9058,64,2026-06-07T04:58:51
16870,dqn,self,1,1.5841,-1.6459,64,2026-06-07T04:58:53
16871,pool:gen_001,dqn,1,1.4974,-1.7326,64,2026-06-07T04:58:55
16872,dqn,pool:gen_001,2,-0.5816,2.3514,64,2026-06-07T04:58:58
16873,self,dqn,2,-0.8910,2.5989,64,2026-06-07T04:59:00
16874,dqn,pool:gen_001,2,-0.9652,2.7103,64,2026-06-07T04:59:03
16875,random,dqn,2,-1.5221,3.5271,64,2026-06-07T04:59:05
16876,dqn,pool:gen_001,1,1.6335,-1.8563,64,2026-06-07T04:59:07
16877,self,dqn,1,1.6954,-1.6831,64,2026-06-07T04:59:10
16878,dqn,heuristic,1,2.4627,-1.8810,64,2026-06-07T04:59:12
16879,pool:gen_002,dqn,2,-0.6311,2.6732,64,2026-06-07T04:59:15
16880,dqn,self,2,-0.8291,2.5494,64,2026-06-07T04:59:17
16881,pool:gen_001,dqn,1,1.7326,-1.8687,64,2026-06-07T04:59:19
16882,dqn,self,1,1.4850,-1.6707,64,2026-06-07T04:59:22
16883,pool:gen_002,dqn,2,-0.6806,2.6237,64,2026-06-07T04:59:24
16884,dqn,pool:gen_001,1,1.7078,-1.7449,64,2026-06-07T04:59:26
16885,self,dqn,1,2.3142,-2.2152,64,2026-06-07T04:59:29
16886,dqn,self,1,1.6707,-1.5593,64,2026-06-07T04:59:31
16887,pool:gen_001,dqn,2,-0.7548,2.5123,64,2026-06-07T04:59:33
16888,dqn,pool:gen_001,1,1.6954,-1.9801,64,2026-06-07T04:59:36
16889,self,dqn,1,1.5841,-1.6459,64,2026-06-07T04:59:39
16890,dqn,pool:gen_002,1,1.9429,-2.0667,64,2026-06-07T04:59:41
16891,pool:gen_001,dqn,2,-0.7548,2.5123,64,2026-06-07T04:59:43
16892,dqn,self,1,1.7944,-2.1410,64,2026-06-07T04:59:46
16893,self,dqn,2,-0.6682,2.4504,64,2026-06-07T04:59:48
16894,dqn,self,1,1.4479,-1.6336,64,2026-06-07T04:59:50
16895,heuristic,dqn,2,-0.9528,3.9107,64,2026-06-07T04:59:53
16896,dqn,self,1,1.4727,-1.7944,64,2026-06-07T04:59:55
16897,self,dqn,1,1.6212,-1.6459,64,2026-06-07T04:59:58
16898,dqn,pool:gen_002,1,2.0419,-2.1533,64,2026-06-07T05:00:00
16899,pool:gen_001,dqn,2,-1.1756,3.1682,64,2026-06-07T05:00:03
16900,dqn,self,1,1.7449,-1.9306,64,2026-06-07T05:00:05
16901,pool:gen_001,dqn,2,-1.1137,3.1929,64,2026-06-07T05:09:06
16902,dqn,self,1,1.8439,-1.9058,64,2026-06-07T05:09:08
16903,pool:gen_002,dqn,2,-0.4950,2.4009,64,2026-06-07T05:09:10
16904,dqn,pool:gen_001,1,2.3018,-2.1904,64,2026-06-07T05:09:12
16905,self,dqn,2,-0.5321,2.5494,64,2026-06-07T05:09:14
16906,dqn,pool:gen_002,1,1.8316,-1.8811,64,2026-06-07T05:09:16
16907,self,dqn,1,1.9553,-1.8316,64,2026-06-07T05:09:18
16908,dqn,self,1,1.4850,-1.8192,64,2026-06-07T05:09:20
16909,pool:gen_002,dqn,2,-0.7053,2.6360,64,2026-06-07T05:09:22
16910,dqn,self,1,1.5840,-1.6831,64,2026-06-07T05:09:24
16911,pool:gen_001,dqn,2,-0.8910,2.9330,64,2026-06-07T05:09:26
16912,dqn,self,1,1.6335,-1.9677,64,2026-06-07T05:09:28
16913,pool:gen_001,dqn,2,-0.9157,2.9825,64,2026-06-07T05:09:30
16914,dqn,pool:gen_001,1,2.3761,-2.0791,64,2026-06-07T05:09:32
16915,pool:gen_002,dqn,1,1.5717,-1.5841,64,2026-06-07T05:09:33
16916,dqn,self,2,-0.6558,2.4256,64,2026-06-07T05:09:35
16917,pool:gen_001,dqn,2,-0.9405,2.8093,64,2026-06-07T05:09:37
16918,dqn,self,1,1.7202,-1.7697,64,2026-06-07T05:09:39
16919,pool:gen_002,dqn,1,1.5717,-1.6212,64,2026-06-07T05:09:41
16920,dqn,pool:gen_002,2,-0.3588,2.2029,64,2026-06-07T05:09:43
16921,pool:gen_002,dqn,1,1.8563,-1.9306,64,2026-06-07T05:09:45
16922,dqn,self,1,1.6212,-1.7573,64,2026-06-07T05:09:47
16923,random,dqn,2,-1.4231,3.4404,64,2026-06-07T05:09:49
16924,dqn,pool:gen_001,1,1.7202,-1.9553,64,2026-06-07T05:09:51
16925,pool:gen_002,dqn,1,1.5469,-1.7202,64,2026-06-07T05:09:53
16926,dqn,pool:gen_002,2,-0.6806,2.5494,64,2026-06-07T05:09:55
16927,pool:gen_001,dqn,2,-0.8910,2.6731,64,2026-06-07T05:09:57
16928,dqn,random,1,3.1929,-2.5988,64,2026-06-07T05:09:59
16929,pool:gen_002,dqn,1,1.8192,-1.7821,64,2026-06-07T05:10:01
16930,dqn,pool:gen_001,1,1.7697,-2.0543,64,2026-06-07T05:10:03
16931,self,dqn,2,-0.5321,2.4751,64,2026-06-07T05:10:05
16932,dqn,heuristic,1,2.3142,-1.6212,64,2026-06-07T05:10:07
16933,self,dqn,1,1.9429,-2.0296,64,2026-06-07T05:10:09
16934,dqn,self,2,-0.8786,2.9083,64,2026-06-07T05:10:11
16935,self,dqn,2,-0.9157,2.7598,64,2026-06-07T05:10:13
16936,dqn,pool:gen_001,1,2.1781,-1.9801,64,2026-06-07T05:10:15
16937,pool:gen_002,dqn,1,2.0543,-2.1781,64,2026-06-07T05:10:17
16938,dqn,heuristic,1,2.9825,-1.9924,64,2026-06-07T05:10:19
16939,pool:gen_002,dqn,1,1.4974,-1.5469,64,2026-06-07T05:10:21
16940,dqn,self,1,2.0914,-2.1781,64,2026-06-07T05:10:22
16941,self,dqn,2,-1.1756,2.9083,64,2026-06-07T05:10:24
16942,dqn,self,1,1.4479,-1.6336,64,2026-06-07T05:10:27
16943,pool:gen_002,dqn,1,1.6707,-1.8934,64,2026-06-07T05:10:29
16944,dqn,self,1,1.8068,-1.4603,64,2026-06-07T05:10:30
16945,self,dqn,1,1.4974,-1.8811,64,2026-06-07T05:10:32
16946,dqn,pool:gen_001,1,1.5964,-1.7078,64,2026-06-07T05:10:34
16947,pool:gen_002,dqn,1,1.8068,-1.9801,64,2026-06-07T05:10:36
16948,dqn,pool:gen_002,2,-0.5568,2.3019,64,2026-06-07T05:10:38
16949,pool:gen_001,dqn,2,-0.8044,2.3514,64,2026-06-07T05:10:40
16950,dqn,pool:gen_002,2,-0.7796,2.4875,64,2026-06-07T05:10:42
16951,self,dqn,1,1.8687,-2.0296,64,2026-06-07T05:10:44
16952,dqn,pool:gen_002,2,-0.8786,2.7227,64,2026-06-07T05:10:46
16953,pool:gen_002,dqn,1,1.8192,-1.9677,64,2026-06-07T05:10:48
16954,dqn,self,1,1.8934,-2.0048,64,2026-06-07T05:10:50
16955,pool:gen_002,dqn,1,1.5345,-1.8439,64,2026-06-07T05:10:52
16956,dqn,pool:gen_002,2,-0.8786,2.6855,64,2026-06-07T05:10:54
16957,pool:gen_001,dqn,2,-0.7796,2.4133,64,2026-06-07T05:10:56
16958,dqn,self,1,2.1162,-1.9677,64,2026-06-07T05:10:58
16959,heuristic,dqn,2,-0.4454,3.1929,64,2026-06-07T05:11:00
16960,dqn,self,2,-0.3465,2.1781,64,2026-06-07T05:11:02
16961,pool:gen_002,dqn,1,1.6336,-1.7449,64,2026-06-07T05:11:04
16962,dqn,self,1,1.7449,-1.9677,64,2026-06-07T05:11:06
16963,self,dqn,1,1.8192,-2.0420,64,2026-06-07T05:11:08
16964,dqn,pool:gen_002,2,-0.5940,2.3390,64,2026-06-07T05:11:10
16965,pool:gen_002,dqn,1,1.6336,-1.7449,64,2026-06-07T05:11:12
16966,dqn,self,1,1.3737,-1.9306,64,2026-06-07T05:11:14
16967,pool:gen_001,dqn,1,1.3613,-1.8316,64,2026-06-07T05:11:16
16968,dqn,self,1,1.7697,-2.0172,64,2026-06-07T05:11:18
16969,pool:gen_002,dqn,1,1.4603,-1.8439,64,2026-06-07T05:11:20
16970,dqn,random,1,2.5122,-1.9429,64,2026-06-07T05:11:22
16971,self,dqn,2,-0.4331,2.4628,64,2026-06-07T05:11:23
16972,dqn,self,2,-0.9405,2.6979,64,2026-06-07T05:11:26
16973,heuristic,dqn,2,-0.6434,3.4033,64,2026-06-07T05:11:27
16974,dqn,random,1,2.3761,-2.1533,64,2026-06-07T05:11:29
16975,self,dqn,2,-0.8044,2.3143,64,2026-06-07T05:11:31
16976,dqn,pool:gen_001,1,1.4850,-2.0048,64,2026-06-07T05:11:33
16977,self,dqn,1,2.0791,-2.3390,64,2026-06-07T05:11:35
16978,dqn,pool:gen_002,2,-0.8415,2.5741,64,2026-06-07T05:11:37
16979,pool:gen_002,dqn,1,1.7821,-2.0791,64,2026-06-07T05:11:39
16980,dqn,self,1,1.8068,-1.8316,64,2026-06-07T05:11:41
16981,self,dqn,1,1.3737,-1.7821,64,2026-06-07T05:11:43
16982,dqn,random,1,2.4380,-2.0543,64,2026-06-07T05:11:45
16983,self,dqn,1,1.5717,-1.9182,64,2026-06-07T05:11:47
16984,dqn,random,1,2.1905,-2.0419,64,2026-06-07T05:11:48
16985,pool:gen_002,dqn,1,1.5469,-1.7573,64,2026-06-07T05:11:50
16986,dqn,heuristic,1,3.2053,-2.1780,64,2026-06-07T05:11:52
16987,pool:gen_002,dqn,2,-0.9034,2.4009,64,2026-06-07T05:11:54
16988,dqn,pool:gen_002,1,1.5345,-1.6583,64,2026-06-07T05:11:56
16989,self,dqn,2,-0.5816,2.5370,64,2026-06-07T05:11:59
16990,dqn,self,2,-0.7796,2.6732,64,2026-06-07T05:12:01
16991,pool:gen_002,dqn,2,-0.6558,2.5742,64,2026-06-07T05:12:03
16992,dqn,pool:gen_002,2,-0.4950,2.3266,64,2026-06-07T05:12:05
16993,self,dqn,1,1.5840,-1.9801,64,2026-06-07T05:12:07
16994,dqn,self,2,-0.6435,2.5123,64,2026-06-07T05:12:09
16995,self,dqn,1,2.2152,-1.8687,64,2026-06-07T05:12:11
16996,dqn,self,1,2.0419,-1.8563,64,2026-06-07T05:12:13
16997,self,dqn,1,1.9677,-2.2647,64,2026-06-07T05:12:15
16998,dqn,pool:gen_001,2,-0.7672,2.2771,64,2026-06-07T05:12:17
16999,self,dqn,1,1.8934,-1.8192,64,2026-06-07T05:12:19
17000,dqn,heuristic,1,3.1929,-1.8563,64,2026-06-07T05:12:20
17000,dqn,random,1,2.5865,-2.2399,64,2026-06-07T08:42:23
17001,self,dqn,1,1.4974,-1.6212,64,2026-06-07T08:56:47
17002,dqn,pool:gen_005,1,1.5964,-1.7821,64,2026-06-07T08:56:47
17003,pool:gen_005,dqn,1,1.5098,-1.6088,64,2026-06-07T08:56:48
17004,dqn,pool:gen_005,1,1.5098,-1.7202,64,2026-06-07T08:56:50
17005,pool:gen_005,dqn,1,1.7202,-1.7326,64,2026-06-07T08:56:53
17006,dqn,pool:gen_005,1,1.5717,-1.6954,64,2026-06-07T08:56:55
17007,heuristic,dqn,2,-0.2598,3.0073,64,2026-06-07T08:56:57
17008,dqn,self,2,-0.7672,2.9083,64,2026-06-07T08:56:59
17009,pool:gen_005,dqn,2,-0.7548,2.6979,64,2026-06-07T08:57:01
17010,dqn,self,2,-0.2598,2.4875,64,2026-06-07T08:57:04
17011,pool:gen_005,dqn,1,1.6335,-1.9306,64,2026-06-07T08:57:06
17012,dqn,pool:gen_005,2,-0.5816,2.4999,64,2026-06-07T08:57:08
17013,self,dqn,1,1.7078,-1.6336,64,2026-06-07T08:57:11
17014,dqn,self,2,-0.6311,2.4875,64,2026-06-07T08:57:13
17015,self,dqn,2,-0.8415,2.5370,64,2026-06-07T08:57:15
17016,dqn,pool:gen_005,2,-1.1756,3.1310,64,2026-06-07T08:57:17
17017,pool:gen_005,dqn,1,2.6855,-2.5122,64,2026-06-07T08:57:20
17018,dqn,pool:gen_005,2,-1.2375,3.4404,64,2026-06-07T08:57:22
17019,random,dqn,2,-0.9033,2.9207,64,2026-06-07T08:57:24
17020,dqn,pool:gen_005,2,-1.3241,3.6508,64,2026-06-07T08:57:26
17021,pool:gen_005,dqn,1,3.1186,-2.7473,64,2026-06-07T08:57:28
17022,dqn,pool:gen_005,2,-1.2870,3.5766,64,2026-06-07T08:57:31
17023,pool:gen_005,dqn,1,2.6484,-2.1409,64,2026-06-07T08:57:33
17024,dqn,pool:gen_005,2,-1.7077,4.0097,64,2026-06-07T08:57:35
17025,pool:gen_005,dqn,1,3.3909,-2.9577,64,2026-06-07T08:57:37
17026,dqn,pool:gen_005,2,-1.2498,3.6508,64,2026-06-07T08:57:40
17027,pool:gen_005,dqn,1,2.8464,-2.6483,64,2026-06-07T08:57:42
17028,dqn,self,1,1.8687,-1.9553,64,2026-06-07T08:57:44
17029,pool:gen_005,dqn,1,2.8835,-2.7597,64,2026-06-07T08:57:47
17030,dqn,pool:gen_005,2,-1.2498,3.7622,64,2026-06-07T08:57:49
17031,self,dqn,1,1.9677,-1.9306,64,2026-06-07T08:57:51
17032,dqn,pool:gen_005,2,-1.4973,3.8117,64,2026-06-07T08:57:53
17033,random,dqn,1,2.1286,-2.1409,64,2026-06-07T08:57:55
17034,dqn,self,2,-0.6311,2.5246,64,2026-06-07T08:57:57
17035,pool:gen_005,dqn,1,2.9454,-2.6236,64,2026-06-07T08:58:00
17036,dqn,pool:gen_005,2,-1.2870,3.5394,64,2026-06-07T08:58:02
17037,pool:gen_005,dqn,1,2.8092,-2.5370,64,2026-06-07T08:58:04
17038,dqn,pool:gen_005,2,-0.8662,2.8835,64,2026-06-07T08:58:06
17039,self,dqn,1,1.6459,-2.0296,64,2026-06-07T08:58:09
17040,dqn,pool:gen_005,2,-0.9528,3.0568,64,2026-06-07T08:58:11
17041,self,dqn,2,-1.1756,3.1310,64,2026-06-07T08:58:14
17042,dqn,self,1,1.3984,-1.6459,64,2026-06-07T08:58:16
17043,pool:gen_005,dqn,1,2.5493,-2.4256,64,2026-06-07T08:58:18
17044,dqn,self,1,1.6583,-1.8316,64,2026-06-07T08:58:20
17045,self,dqn,1,1.5345,-1.7326,64,2026-06-07T08:58:23
17046,dqn,self,1,2.0296,-1.8687,64,2026-06-07T08:58:25
17047,pool:gen_005,dqn,1,2.4256,-2.3637,64,2026-06-07T08:58:28
17048,dqn,pool:gen_005,2,-0.4578,2.7722,64,2026-06-07T08:58:30
17049,pool:gen_005,dqn,1,2.8464,-2.4627,64,2026-06-07T08:58:32
17050,dqn,pool:gen_005,2,-0.2969,2.7103,64,2026-06-07T08:58:34
17051,pool:gen_005,dqn,1,2.4008,-2.2771,64,2026-06-07T08:58:37
17052,dqn,pool:gen_005,2,-0.3959,2.7598,64,2026-06-07T08:58:39
17053,self,dqn,2,-0.7796,2.9330,64,2026-06-07T08:58:41
17054,dqn,random,1,1.7078,-1.5222,64,2026-06-07T08:58:43
17055,self,dqn,2,-0.7920,2.8835,64,2026-06-07T08:58:45
17056,dqn,self,1,1.4479,-1.6707,64,2026-06-07T08:58:48
17057,self,dqn,1,1.7944,-1.7326,64,2026-06-07T08:58:50
17058,dqn,self,2,-0.7053,2.4504,64,2026-06-07T08:58:52
17059,pool:gen_005,dqn,1,2.5865,-2.2399,64,2026-06-07T08:58:54
17060,dqn,pool:gen_005,2,-0.8291,3.2548,64,2026-06-07T08:58:56
17061,self,dqn,2,-0.2598,2.4133,64,2026-06-07T08:58:59
17062,dqn,self,1,1.6088,-1.7697,64,2026-06-07T08:59:01
17063,pool:gen_005,dqn,1,2.2523,-1.9801,64,2026-06-07T08:59:03
17064,dqn,self,1,1.8934,-2.0419,64,2026-06-07T08:59:06
17065,pool:gen_005,dqn,1,1.9801,-1.9553,64,2026-06-07T08:59:08
17066,dqn,pool:gen_005,2,-0.7301,2.8340,64,2026-06-07T08:59:10
17067,random,dqn,2,-1.1508,3.3414,64,2026-06-07T08:59:12
17068,dqn,self,2,-0.7548,2.4751,64,2026-06-07T08:59:14
17069,self,dqn,2,-0.8043,2.5741,64,2026-06-07T08:59:17
17070,dqn,pool:gen_005,2,-0.9900,3.1682,64,2026-06-07T08:59:19
17071,self,dqn,1,1.5964,-1.7821,64,2026-06-07T08:59:21
17072,dqn,pool:gen_005,2,-0.7920,2.9578,64,2026-06-07T08:59:24
17073,pool:gen_005,dqn,1,2.1533,-2.1905,64,2026-06-07T08:59:26
17074,dqn,self,1,2.1781,-2.2400,64,2026-06-07T08:59:28
17075,pool:gen_005,dqn,1,2.0914,-2.0667,64,2026-06-07T08:59:30
17076,dqn,heuristic,1,3.3909,-1.7325,64,2026-06-07T08:59:32
17077,pool:gen_005,dqn,1,2.0296,-2.1286,64,2026-06-07T08:59:34
17078,dqn,pool:gen_005,2,-0.6187,2.5742,64,2026-06-07T08:59:37
17079,self,dqn,2,-0.4702,2.6113,64,2026-06-07T08:59:39
17080,dqn,pool:gen_005,2,-0.5940,2.5989,64,2026-06-07T08:59:41
17081,pool:gen_005,dqn,1,1.8687,-2.0667,64,2026-06-07T08:59:43
17082,dqn,self,2,-0.8044,2.3514,64,2026-06-07T08:59:45
17083,pool:gen_005,dqn,1,1.8068,-1.9058,64,2026-06-07T08:59:48
17084,dqn,self,1,1.5593,-1.8192,64,2026-06-07T08:59:50
17085,heuristic,dqn,2,-0.3217,3.5395,64,2026-06-07T08:59:52
17086,dqn,pool:gen_005,2,-0.7177,2.5123,64,2026-06-07T08:59:54
17087,self,dqn,1,1.4974,-1.5098,64,2026-06-07T08:59:56
17088,dqn,self,2,-1.0890,2.9949,64,2026-06-07T08:59:58
17089,self,dqn,2,-0.9281,2.4504,64,2026-06-07T09:00:01
17090,dqn,self,2,-0.6311,2.2648,64,2026-06-07T09:00:03
17091,pool:gen_005,dqn,1,1.5593,-1.8935,64,2026-06-07T09:00:06
17092,dqn,self,1,1.9677,-2.0791,64,2026-06-07T09:00:08
17093,pool:gen_005,dqn,1,1.6831,-1.8811,64,2026-06-07T09:00:10
17094,dqn,pool:gen_005,2,-0.7672,2.6113,64,2026-06-07T09:00:12
17095,pool:gen_005,dqn,1,1.7326,-1.9058,64,2026-06-07T09:00:15
17096,dqn,pool:gen_005,2,-0.6435,2.5123,64,2026-06-07T09:00:17
17097,heuristic,dqn,2,-0.5939,3.6385,64,2026-06-07T09:00:19
17098,dqn,self,2,-0.6187,2.3514,64,2026-06-07T09:00:21
17099,self,dqn,1,1.7326,-1.9429,64,2026-06-07T09:00:24
17100,dqn,self,1,1.3613,-1.7573,64,2026-06-07T09:00:26
17101,self,dqn,1,1.5469,-1.7944,64,2026-06-07T09:12:00
17102,dqn,pool:gen_005,2,-0.6435,2.3266,64,2026-06-07T09:12:02
17103,heuristic,dqn,2,-1.1879,4.6038,64,2026-06-07T09:12:04
17104,dqn,pool:gen_005,1,1.5469,-1.8687,64,2026-06-07T09:12:06
17105,self,dqn,2,-0.5816,2.4999,64,2026-06-07T09:12:08
17106,dqn,pool:gen_005,1,1.5222,-1.7821,64,2026-06-07T09:12:11
17107,pool:gen_005,dqn,2,-0.7177,2.4009,64,2026-06-07T09:12:13
17108,dqn,pool:gen_005,1,1.5964,-1.7821,64,2026-06-07T09:12:15
17109,pool:gen_005,dqn,1,1.5469,-1.7944,64,2026-06-07T09:12:17
17110,dqn,pool:gen_005,1,1.5964,-1.8192,64,2026-06-07T09:12:19
17111,self,dqn,2,-0.8043,2.6484,64,2026-06-07T09:12:21
17112,dqn,self,2,-0.6187,2.4256,64,2026-06-07T09:12:23
17113,pool:gen_005,dqn,1,1.5840,-1.7944,64,2026-06-07T09:12:25
17114,dqn,self,1,1.7697,-1.6088,64,2026-06-07T09:12:27
17115,pool:gen_005,dqn,1,1.6954,-1.9058,64,2026-06-07T09:12:29
17116,dqn,pool:gen_005,2,-0.6682,2.4133,64,2026-06-07T09:12:31
17117,pool:gen_005,dqn,1,1.8316,-1.9553,64,2026-06-07T09:12:34
17118,dqn,self,1,2.2647,-2.0791,64,2026-06-07T09:12:36
17119,self,dqn,2,-0.7177,2.3266,64,2026-06-07T09:12:38
17120,dqn,pool:gen_005,2,-0.6682,2.4133,64,2026-06-07T09:12:40
17121,pool:gen_005,dqn,1,1.5840,-1.8316,64,2026-06-07T09:12:42
17122,dqn,pool:gen_005,2,-0.5445,2.3143,64,2026-06-07T09:12:44
17123,pool:gen_005,dqn,1,1.5593,-1.6336,64,2026-06-07T09:12:46
17124,dqn,self,1,1.4603,-1.7697,64,2026-06-07T09:12:48
17125,random,dqn,2,-1.5963,4.0840,64,2026-06-07T09:12:50
17126,dqn,pool:gen_005,1,1.4850,-1.5593,64,2026-06-07T09:12:52
17127,self,dqn,1,1.8068,-1.8316,64,2026-06-07T09:12:54
17128,dqn,random,1,3.3414,-2.6731,64,2026-06-07T09:12:56
17129,pool:gen_005,dqn,1,1.5098,-1.6459,64,2026-06-07T09:12:58
17130,dqn,pool:gen_005,2,-0.7053,2.5989,64,2026-06-07T09:13:00
17131,pool:gen_005,dqn,1,1.5469,-1.6831,64,2026-06-07T09:13:02
17132,dqn,pool:gen_005,2,-0.6806,2.4751,64,2026-06-07T09:13:04
17133,self,dqn,1,1.7573,-2.0667,64,2026-06-07T09:13:06
17134,dqn,pool:gen_005,2,-0.6435,2.3266,64,2026-06-07T09:13:08
17135,self,dqn,2,-0.8662,2.6979,64,2026-06-07T09:13:10
17136,dqn,self,1,2.1038,-1.9801,64,2026-06-07T09:13:12
17137,self,dqn,1,1.9182,-2.0543,64,2026-06-07T09:13:14
17138,dqn,self,2,-0.7672,2.7598,64,2026-06-07T09:13:16
17139,pool:gen_005,dqn,1,1.6583,-1.9801,64,2026-06-07T09:13:18
17140,dqn,self,2,-0.6311,2.4875,64,2026-06-07T09:13:20
17141,self,dqn,1,2.3018,-2.3761,64,2026-06-07T09:13:22
17142,dqn,self,2,-0.7424,3.0073,64,2026-06-07T09:13:24
17143,pool:gen_005,dqn,1,1.6583,-1.8316,64,2026-06-07T09:13:26
17144,dqn,self,2,-0.3959,2.4999,64,2026-06-07T09:13:28
17145,self,dqn,2,-0.6063,2.4751,64,2026-06-07T09:13:30
17146,dqn,pool:gen_005,2,-0.5445,2.4256,64,2026-06-07T09:13:32
17147,self,dqn,2,-0.2846,2.7598,64,2026-06-07T09:13:34
17148,dqn,self,1,1.7202,-1.6954,64,2026-06-07T09:13:36
17149,self,dqn,1,1.4479,-1.5964,64,2026-06-07T09:13:38
17150,dqn,pool:gen_005,2,-0.8291,2.6979,64,2026-06-07T09:13:40
17151,pool:gen_005,dqn,1,1.8934,-2.0791,64,2026-06-07T09:13:43
17152,dqn,self,2,-0.4454,2.7103,64,2026-06-07T09:13:45
17153,self,dqn,1,1.6830,-1.9182,64,2026-06-07T09:13:47
17154,dqn,pool:gen_005,2,-0.9033,2.7350,64,2026-06-07T09:13:50
17155,heuristic,dqn,2,-0.7177,3.8860,64,2026-06-07T09:13:52
17156,dqn,self,1,1.5098,-1.5346,64,2026-06-07T09:13:54
17157,self,dqn,2,-0.0618,2.2772,64,2026-06-07T09:13:57
17158,dqn,self,1,1.7820,-2.0791,64,2026-06-07T09:13:59
17159,pool:gen_005,dqn,1,1.5840,-1.7202,64,2026-06-07T09:14:02
17160,dqn,random,1,2.0172,-1.9182,64,2026-06-07T09:14:04
17161,self,dqn,1,1.6336,-1.6707,64,2026-06-07T09:14:07
17162,dqn,random,1,2.2523,-2.0172,64,2026-06-07T09:14:09
17163,pool:gen_005,dqn,1,1.9182,-2.0172,64,2026-06-07T09:14:12
17164,dqn,pool:gen_005,2,-0.6806,2.4380,64,2026-06-07T09:14:14
17165,pool:gen_005,dqn,2,-0.5445,2.2029,64,2026-06-07T09:14:16
17166,dqn,pool:gen_005,2,-0.5197,2.3019,64,2026-06-07T09:14:19
17167,pool:gen_005,dqn,2,-0.7177,2.4009,64,2026-06-07T09:14:21
17168,dqn,self,1,1.5964,-1.8192,64,2026-06-07T09:14:24
17169,self,dqn,1,1.7078,-1.6707,64,2026-06-07T09:14:27
17170,dqn,self,2,-0.8291,2.4751,64,2026-06-07T09:14:30
17171,pool:gen_005,dqn,1,1.8563,-1.7821,64,2026-06-07T09:14:33
17172,dqn,self,1,1.5841,-1.6459,64,2026-06-07T09:14:36
17173,random,dqn,2,-1.2127,3.3167,64,2026-06-07T09:14:38
17174,dqn,pool:gen_005,2,-0.7177,2.6237,64,2026-06-07T09:14:41
17175,self,dqn,1,1.9306,-2.1162,64,2026-06-07T09:14:44
17176,dqn,pool:gen_005,2,-1.0271,2.7598,64,2026-06-07T09:14:46
17177,self,dqn,1,1.6336,-1.7078,64,2026-06-07T09:14:49
17178,dqn,pool:gen_005,2,-0.6930,2.6113,64,2026-06-07T09:14:52
17179,pool:gen_005,dqn,1,1.7449,-1.9306,64,2026-06-07T09:14:55
17180,dqn,self,1,1.5222,-1.6707,64,2026-06-07T09:14:58
17181,random,dqn,2,-1.4974,3.5518,64,2026-06-07T09:15:01
17182,dqn,pool:gen_005,2,-0.8043,2.5370,64,2026-06-07T09:15:04
17183,self,dqn,1,1.6583,-1.7944,64,2026-06-07T09:15:06
17184,dqn,heuristic,1,3.3167,-1.9924,64,2026-06-07T09:15:09
17185,pool:gen_005,dqn,1,1.6954,-2.0172,64,2026-06-07T09:15:12
17186,dqn,self,2,-0.4950,2.2524,64,2026-06-07T09:15:15
17187,self,dqn,2,-0.6930,2.6484,64,2026-06-07T09:15:18
17188,dqn,self,1,1.6088,-1.6583,64,2026-06-07T09:15:21
17189,pool:gen_005,dqn,1,1.3860,-1.8811,64,2026-06-07T09:15:24
17190,dqn,pool:gen_005,2,-0.8291,2.2895,64,2026-06-07T09:15:27
17191,self,dqn,1,1.4232,-1.6954,64,2026-06-07T09:15:29
17192,dqn,pool:gen_005,1,1.3613,-1.7202,64,2026-06-07T09:15:32
17193,self,dqn,1,1.9677,-1.7078,64,2026-06-07T09:15:34
17194,dqn,self,2,-1.0518,3.1434,64,2026-06-07T09:15:37
17195,pool:gen_005,dqn,2,-0.6682,2.2276,64,2026-06-07T09:15:40
17196,dqn,self,2,-0.7053,2.3761,64,2026-06-07T09:15:42
17197,pool:gen_005,dqn,1,1.7821,-2.0420,64,2026-06-07T09:15:45
17198,dqn,pool:gen_005,2,-0.9281,2.5246,64,2026-06-07T09:15:48
17199,pool:gen_005,dqn,1,1.5964,-1.9677,64,2026-06-07T09:15:50
17200,dqn,heuristic,1,3.5394,-2.0295,64,2026-06-07T09:15:52
17201,pool:gen_005,dqn,2,-0.6682,2.3019,64,2026-06-07T09:26:46
17202,dqn,heuristic,1,3.1186,-2.0419,64,2026-06-07T09:26:48
17203,self,dqn,1,2.0543,-2.1781,64,2026-06-07T09:26:51
17204,dqn,pool:gen_005,1,1.5964,-1.6707,64,2026-06-07T09:26:54
17205,self,dqn,1,2.3018,-1.8934,64,2026-06-07T09:26:56
17206,dqn,pool:gen_005,1,1.6707,-1.7449,64,2026-06-07T09:26:58
17207,random,dqn,2,-0.9281,3.2672,64,2026-06-07T09:27:01
17208,dqn,self,1,1.7325,-2.0543,64,2026-06-07T09:27:04
17209,pool:gen_005,dqn,2,-0.3093,2.4380,64,2026-06-07T09:27:07
17210,dqn,self,2,-0.7053,2.5246,64,2026-06-07T09:27:09
17211,pool:gen_005,dqn,1,1.8811,-2.1286,64,2026-06-07T09:27:12
17212,dqn,pool:gen_005,2,-0.5445,2.4999,64,2026-06-07T09:27:15
17213,pool:gen_005,dqn,1,1.8934,-2.0791,64,2026-06-07T09:27:17
17214,dqn,pool:gen_005,2,-1.0024,2.7103,64,2026-06-07T09:27:20
17215,heuristic,dqn,2,-0.6929,3.9850,64,2026-06-07T09:27:22
17216,dqn,self,2,-1.0642,2.6484,64,2026-06-07T09:27:25
17217,self,dqn,1,1.8934,-1.9306,64,2026-06-07T09:27:27
17218,dqn,pool:gen_005,2,-0.6435,2.3638,64,2026-06-07T09:27:30
17219,pool:gen_005,dqn,2,-0.3217,2.1658,64,2026-06-07T09:27:32
17220,dqn,pool:gen_005,2,-0.6063,2.5494,64,2026-06-07T09:27:35
17221,self,dqn,1,1.8316,-1.7697,64,2026-06-07T09:27:37
17222,dqn,pool:gen_005,2,-0.7796,2.5246,64,2026-06-07T09:27:40
17223,self,dqn,2,-0.5816,2.4628,64,2026-06-07T09:27:42
17224,dqn,pool:gen_005,2,-0.6682,2.5246,64,2026-06-07T09:27:45
17225,pool:gen_005,dqn,1,1.7573,-2.0296,64,2026-06-07T09:27:48
17226,dqn,pool:gen_005,2,-0.6682,2.4133,64,2026-06-07T09:27:50
17227,pool:gen_005,dqn,1,1.8934,-2.1533,64,2026-06-07T09:27:53
17228,dqn,self,1,1.5345,-1.6583,64,2026-06-07T09:27:55
17229,self,dqn,1,1.4232,-1.7326,64,2026-06-07T09:27:58
17230,dqn,heuristic,1,2.1781,-1.5717,64,2026-06-07T09:28:00
17231,self,dqn,1,1.8439,-1.7944,64,2026-06-07T09:28:03
17232,dqn,pool:gen_005,2,-0.6682,2.4133,64,2026-06-07T09:28:05
17233,self,dqn,1,1.6954,-1.8687,64,2026-06-07T09:28:08
17234,dqn,self,2,-0.7177,2.8464,64,2026-06-07T09:28:10
17235,pool:gen_005,dqn,1,1.5964,-1.7449,64,2026-06-07T09:28:13
17236,dqn,heuristic,1,2.2028,-1.5840,64,2026-06-07T09:28:15
17237,pool:gen_005,dqn,1,1.5098,-1.6831,64,2026-06-07T09:28:18
17238,dqn,self,1,2.0048,-2.2276,64,2026-06-07T09:28:21
17239,self,dqn,2,-0.5568,2.3761,64,2026-06-07T09:28:23
17240,dqn,self,1,1.9801,-1.6954,64,2026-06-07T09:28:26
17241,self,dqn,1,1.7821,-1.6707,64,2026-06-07T09:28:29
17242,dqn,pool:gen_005,1,1.7326,-1.8687,64,2026-06-07T09:28:31
17243,heuristic,dqn,1,1.8316,-1.4355,64,2026-06-07T09:28:33
17244,dqn,self,2,-0.4826,2.4875,64,2026-06-07T09:28:36
17245,self,dqn,2,-1.0147,3.1063,64,2026-06-07T09:28:40
17246,dqn,pool:gen_005,1,1.6212,-1.7944,64,2026-06-07T09:28:42
17247,self,dqn,2,-0.7796,2.5989,64,2026-06-07T09:28:45
17248,dqn,pool:gen_005,2,-0.6558,2.4628,64,2026-06-07T09:28:48
17249,self,dqn,2,-0.8167,2.7845,64,2026-06-07T09:28:51
17250,dqn,pool:gen_005,2,-0.7796,2.5618,64,2026-06-07T09:28:53
17251,pool:gen_005,dqn,1,1.4974,-1.8439,64,2026-06-07T09:28:56
17252,dqn,pool:gen_005,2,-0.6682,2.3390,64,2026-06-07T09:28:59
17253,pool:gen_005,dqn,2,-0.4455,2.1905,64,2026-06-07T09:29:02
17254,dqn,heuristic,1,3.0320,-2.1285,64,2026-06-07T09:29:04
17255,self,dqn,1,1.5469,-1.8687,64,2026-06-07T09:29:07
17256,dqn,heuristic,1,2.2523,-1.5717,64,2026-06-07T09:29:09
17257,self,dqn,1,1.4479,-1.7821,64,2026-06-07T09:29:12
17258,dqn,self,1,2.1657,-2.2152,64,2026-06-07T09:29:14
17259,pool:gen_005,dqn,1,1.7078,-1.7449,64,2026-06-07T09:29:17
17260,dqn,self,1,1.7202,-1.8811,64,2026-06-07T09:29:20
17261,self,dqn,1,1.9429,-2.2523,64,2026-06-07T09:29:23
17262,dqn,self,1,2.2152,-1.9429,64,2026-06-07T09:29:25
17263,random,dqn,2,-1.2622,3.1558,64,2026-06-07T09:29:28
17264,dqn,self,1,1.9925,-1.5345,64,2026-06-07T09:29:31
17265,pool:gen_005,dqn,1,2.0172,-1.8439,64,2026-06-07T09:29:34
17266,dqn,self,1,2.0667,-2.1657,64,2026-06-07T09:29:37
17267,self,dqn,2,-0.9033,2.7722,64,2026-06-07T09:29:40
17268,dqn,pool:gen_005,2,-0.7548,2.9949,64,2026-06-07T09:29:43
17269,self,dqn,2,-0.9405,2.8835,64,2026-06-07T09:29:45
17270,dqn,self,1,1.5345,-1.8439,64,2026-06-07T09:29:49
17271,pool:gen_005,dqn,1,2.5246,-2.2276,64,2026-06-07T09:29:51
17272,dqn,self,2,-0.9652,2.7845,64,2026-06-07T09:29:55
17273,self,dqn,2,-0.7053,2.7103,64,2026-06-07T09:29:59
17274,dqn,pool:gen_005,2,-0.6558,2.8712,64,2026-06-07T09:30:01
17275,self,dqn,1,1.4603,-1.7697,64,2026-06-07T09:30:04
17276,dqn,self,2,-0.7672,2.3143,64,2026-06-07T09:30:07
17277,self,dqn,2,-0.7301,2.5370,64,2026-06-07T09:30:10
17278,dqn,self,2,-0.6558,2.6113,64,2026-06-07T09:30:13
17279,self,dqn,2,-0.6806,2.3266,64,2026-06-07T09:30:16
17280,dqn,random,1,1.8316,-2.1410,64,2026-06-07T09:30:18
17281,pool:gen_005,dqn,1,2.2028,-2.1781,64,2026-06-07T09:30:21
17282,dqn,self,1,1.5098,-1.8687,64,2026-06-07T09:30:24
17283,pool:gen_005,dqn,1,2.8340,-2.6978,64,2026-06-07T09:30:27
17284,dqn,self,1,1.4727,-1.7202,64,2026-06-07T09:30:29
17285,self,dqn,1,1.8316,-1.6583,64,2026-06-07T09:30:32
17286,dqn,self,2,-0.6063,2.3638,64,2026-06-07T09:30:35
17287,self,dqn,2,-0.8662,2.8093,64,2026-06-07T09:30:38
17288,dqn,pool:gen_005,2,-1.0147,2.9207,64,2026-06-07T09:30:41
17289,pool:gen_005,dqn,1,2.4875,-2.5246,64,2026-06-07T09:30:44
17290,dqn,pool:gen_005,2,-0.8662,2.9949,64,2026-06-07T09:30:47
17291,self,dqn,1,1.4232,-1.6583,64,2026-06-07T09:30:49
17292,dqn,self,1,1.6707,-1.7449,64,2026-06-07T09:30:52
17293,pool:gen_005,dqn,1,2.4380,-2.2399,64,2026-06-07T09:30:54
17294,dqn,self,2,-0.5692,2.7350,64,2026-06-07T09:30:57
17295,self,dqn,1,1.9677,-1.9306,64,2026-06-07T09:31:00
17296,dqn,pool:gen_005,2,-0.8043,3.0568,64,2026-06-07T09:31:03
17297,pool:gen_005,dqn,1,2.4627,-2.0667,64,2026-06-07T09:31:05
17298,dqn,pool:gen_005,2,-1.1880,3.3414,64,2026-06-07T09:31:08
17299,heuristic,dqn,1,2.2771,-1.9553,64,2026-06-07T09:31:10
17300,dqn,pool:gen_005,2,-1.2870,3.6137,64,2026-06-07T09:31:13
17301,self,dqn,1,1.4974,-1.7697,64,2026-06-07T09:45:16
17302,dqn,pool:gen_005,2,-1.2622,3.6013,64,2026-06-07T09:45:18
17303,random,dqn,2,-0.6806,2.4751,64,2026-06-07T09:45:21
17304,dqn,self,1,1.3365,-1.6707,64,2026-06-07T09:45:23
17305,pool:gen_005,dqn,1,3.0939,-2.5493,64,2026-06-07T09:45:25
17306,dqn,pool:gen_005,2,-0.9776,3.4404,64,2026-06-07T09:45:28
17307,pool:gen_005,dqn,1,2.9701,-2.4874,64,2026-06-07T09:45:30
17308,dqn,pool:gen_005,2,-1.0394,3.7870,64,2026-06-07T09:45:32
17309,self,dqn,1,1.8068,-1.8316,64,2026-06-07T09:45:35
17310,dqn,self,2,-0.7177,2.4751,64,2026-06-07T09:45:37
17311,pool:gen_005,dqn,1,3.1681,-2.8463,64,2026-06-07T09:45:39
17312,dqn,self,2,-0.4578,2.5123,64,2026-06-07T09:45:41
17313,random,dqn,1,1.7573,-1.9924,64,2026-06-07T09:45:44
17314,dqn,pool:gen_005,2,-1.0147,3.4776,64,2026-06-07T09:45:46
17315,pool:gen_005,dqn,1,3.1062,-2.5741,64,2026-06-07T09:45:48
17316,dqn,self,1,1.9429,-1.9924,64,2026-06-07T09:45:51
17317,pool:gen_005,dqn,1,3.0691,-2.5741,64,2026-06-07T09:45:58
17318,dqn,pool:gen_005,2,-1.4726,3.9107,64,2026-06-07T09:46:05
17319,random,dqn,1,2.2771,-2.2152,64,2026-06-07T09:46:12
17320,dqn,pool:gen_005,2,-1.3365,3.6756,64,2026-06-07T09:46:21
17321,self,dqn,1,1.4974,-1.6954,64,2026-06-07T09:46:29
17322,dqn,self,2,-0.9776,2.6236,64,2026-06-07T09:46:37
17323,pool:gen_005,dqn,1,2.7474,-2.4132,64,2026-06-07T09:46:45
17324,dqn,self,2,-1.0023,2.8217,64,2026-06-07T09:46:53
17325,self,dqn,1,1.8687,-1.8439,64,2026-06-07T09:47:02
17326,dqn,self,2,-0.8415,2.7227,64,2026-06-07T09:47:06
17327,heuristic,dqn,1,2.1905,-1.7078,64,2026-06-07T09:47:08
17328,dqn,pool:gen_005,2,-1.0518,3.3662,64,2026-06-07T09:47:10
17329,heuristic,dqn,1,2.2895,-1.4603,64,2026-06-07T09:47:13
17330,dqn,self,1,2.0296,-2.0172,64,2026-06-07T09:47:16
17331,self,dqn,1,2.0172,-1.8439,64,2026-06-07T09:47:19
17332,dqn,pool:gen_005,2,-1.0518,3.5518,64,2026-06-07T09:47:21
17333,self,dqn,2,-0.6930,2.6113,64,2026-06-07T09:47:23
17334,dqn,pool:gen_005,2,-1.3241,3.7251,64,2026-06-07T09:47:26
17335,pool:gen_005,dqn,1,2.5865,-2.2771,64,2026-06-07T09:47:28
17336,dqn,pool:gen_005,2,-1.3736,3.6384,64,2026-06-07T09:47:31
17337,self,dqn,2,-0.7425,2.5618,64,2026-06-07T09:47:33
17338,dqn,self,2,-0.5816,2.4628,64,2026-06-07T09:47:36
17339,pool:gen_005,dqn,1,2.5370,-2.2152,64,2026-06-07T09:47:38
17340,dqn,random,2,-0.8910,2.8588,64,2026-06-07T09:47:40
17341,self,dqn,1,1.9306,-1.9306,64,2026-06-07T09:47:43
17342,dqn,pool:gen_005,2,-0.9157,2.8712,64,2026-06-07T09:47:46
17343,self,dqn,2,-0.6930,2.4999,64,2026-06-07T09:47:48
17344,dqn,random,1,1.5098,-1.7944,64,2026-06-07T09:47:50
17345,self,dqn,2,-0.6930,2.5370,64,2026-06-07T09:47:53
17346,dqn,self,1,1.8316,-1.9182,64,2026-06-07T09:47:55
17347,pool:gen_005,dqn,1,2.4998,-2.1409,64,2026-06-07T09:47:57
17348,dqn,pool:gen_005,2,-1.0271,3.3538,64,2026-06-07T09:48:00
17349,pool:gen_005,dqn,1,2.7226,-2.5122,64,2026-06-07T09:48:02
17350,dqn,random,1,2.0791,-2.1162,64,2026-06-07T09:48:04
17351,self,dqn,2,-0.9157,2.6855,64,2026-06-07T09:48:06
17352,dqn,self,2,-0.7796,2.4875,64,2026-06-07T09:48:09
17353,pool:gen_005,dqn,1,1.9924,-1.9429,64,2026-06-07T09:48:11
17354,dqn,pool:gen_005,2,-0.9281,3.3043,64,2026-06-07T09:48:13
17355,self,dqn,2,-0.7053,2.1905,64,2026-06-07T09:48:16
17356,dqn,self,2,-0.4455,2.1905,64,2026-06-07T09:48:18
17357,pool:gen_005,dqn,1,3.1434,-2.5741,64,2026-06-07T09:48:20
17358,dqn,self,2,-0.6187,2.3143,64,2026-06-07T09:48:23
17359,pool:gen_005,dqn,1,2.8464,-2.3142,64,2026-06-07T09:48:25
17360,dqn,pool:gen_005,2,-1.1385,3.5023,64,2026-06-07T09:48:28
17361,self,dqn,2,-0.9157,2.7227,64,2026-06-07T09:48:31
17362,dqn,self,2,-1.0024,2.6731,64,2026-06-07T09:48:34
17363,self,dqn,1,1.6954,-1.9429,64,2026-06-07T09:48:38
17364,dqn,pool:gen_005,2,-0.9157,3.3167,64,2026-06-07T09:48:41
17365,self,dqn,2,-0.6806,2.2895,64,2026-06-07T09:48:44
17366,dqn,pool:gen_005,2,-1.2003,3.4776,64,2026-06-07T09:48:47
17367,pool:gen_005,dqn,1,2.9206,-2.6483,64,2026-06-07T09:48:50
17368,dqn,self,1,1.6088,-1.7326,64,2026-06-07T09:48:52
17369,pool:gen_005,dqn,1,2.9454,-2.6607,64,2026-06-07T09:48:54
17370,dqn,self,1,1.4974,-1.7697,64,2026-06-07T09:48:57
17371,pool:gen_005,dqn,1,2.8711,-2.4751,64,2026-06-07T09:48:59
17372,dqn,random,1,1.6212,-1.9801,64,2026-06-07T09:49:01
17373,self,dqn,2,-1.1385,2.7969,64,2026-06-07T09:49:03
17374,dqn,self,1,1.4850,-1.5593,64,2026-06-07T09:49:06
17375,pool:gen_005,dqn,1,2.5370,-2.3637,64,2026-06-07T09:49:08
17376,dqn,random,1,2.1286,-2.1781,64,2026-06-07T09:49:10
17377,self,dqn,2,-0.6682,2.2648,64,2026-06-07T09:49:12
17378,dqn,pool:gen_005,2,-1.5592,3.8983,64,2026-06-07T09:49:15
17379,self,dqn,2,-0.8415,2.4628,64,2026-06-07T09:49:17
17380,dqn,self,2,-0.7301,2.8712,64,2026-06-07T09:49:19
17381,random,dqn,2,-0.4331,2.4628,64,2026-06-07T09:49:22
17382,dqn,pool:gen_005,2,-1.1013,3.6137,64,2026-06-07T09:49:24
17383,pool:gen_005,dqn,1,2.4256,-1.9553,64,2026-06-07T09:49:26
17384,dqn,self,1,1.6830,-2.0296,64,2026-06-07T09:49:28
17385,pool:gen_005,dqn,1,2.4751,-2.1657,64,2026-06-07T09:49:30
17386,dqn,random,1,1.4355,-1.6459,64,2026-06-07T09:49:33
17387,self,dqn,1,1.8068,-2.0172,64,2026-06-07T09:49:35
17388,dqn,self,2,-0.7672,2.5370,64,2026-06-07T09:49:38
17389,self,dqn,1,1.5222,-1.5222,64,2026-06-07T09:49:40
17390,dqn,pool:gen_005,2,-1.2003,3.5147,64,2026-06-07T09:49:42
17391,self,dqn,1,1.6707,-1.5593,64,2026-06-07T09:49:45
17392,dqn,pool:gen_005,2,-0.9528,3.2053,64,2026-06-07T09:49:47
17393,pool:gen_005,dqn,1,2.5370,-2.1038,64,2026-06-07T09:49:49
17394,dqn,pool:gen_005,2,-1.0518,3.2548,64,2026-06-07T09:49:51
17395,pool:gen_005,dqn,1,2.3761,-2.3390,64,2026-06-07T09:49:54
17396,dqn,pool:gen_005,2,-1.1508,3.1558,64,2026-06-07T09:49:56
17397,pool:gen_005,dqn,1,2.1162,-2.0791,64,2026-06-07T09:49:58
17398,dqn,pool:gen_005,2,-1.2003,3.2177,64,2026-06-07T09:50:01
17399,pool:gen_005,dqn,1,2.1905,-1.9677,64,2026-06-07T09:50:03
17400,dqn,self,1,1.8934,-1.8934,64,2026-06-07T09:50:05
17401,self,dqn,1,2.1657,-2.0667,64,2026-06-07T10:01:56
17402,dqn,self,2,-0.6930,2.2771,64,2026-06-07T10:01:57
17403,pool:gen_005,dqn,1,2.2028,-2.1781,64,2026-06-07T10:02:00
17404,dqn,pool:gen_005,2,-1.0518,3.1434,64,2026-06-07T10:02:02
17405,pool:gen_005,dqn,1,2.2276,-2.3018,64,2026-06-07T10:02:04
17406,dqn,self,1,1.6583,-1.6831,64,2026-06-07T10:02:06
17407,self,dqn,2,-0.7301,2.7227,64,2026-06-07T10:02:08
17408,dqn,pool:gen_005,2,-1.1880,3.0073,64,2026-06-07T10:02:10
17409,self,dqn,2,-0.8662,2.6979,64,2026-06-07T10:02:12
17410,dqn,pool:gen_005,2,-0.8910,2.8588,64,2026-06-07T10:02:14
17411,pool:gen_005,dqn,1,2.0667,-2.2028,64,2026-06-07T10:02:16
17412,dqn,self,1,1.4727,-1.5717,64,2026-06-07T10:02:18
17413,self,dqn,1,1.6336,-1.6707,64,2026-06-07T10:02:20
17414,dqn,pool:gen_005,2,-0.7796,2.6360,64,2026-06-07T10:02:22
17415,self,dqn,1,2.2276,-1.9306,64,2026-06-07T10:02:24
17416,dqn,pool:gen_005,2,-0.7425,2.5989,64,2026-06-07T10:02:26
17417,pool:gen_005,dqn,1,2.0172,-2.1410,64,2026-06-07T10:02:28
17418,dqn,heuristic,1,2.1657,-1.5840,64,2026-06-07T10:02:30
17419,self,dqn,1,1.5345,-1.7326,64,2026-06-07T10:02:32
17420,dqn,self,1,1.6831,-1.6212,64,2026-06-07T10:02:34
17421,pool:gen_005,dqn,1,1.6459,-1.8811,64,2026-06-07T10:02:36
17422,dqn,self,1,1.4479,-1.6707,64,2026-06-07T10:02:38
17423,pool:gen_005,dqn,1,2.3018,-2.3390,64,2026-06-07T10:02:40
17424,dqn,self,2,-0.8167,2.7474,64,2026-06-07T10:02:41
17425,heuristic,dqn,2,-0.7672,3.6508,64,2026-06-07T10:02:43
17426,dqn,pool:gen_005,2,-0.9900,2.7969,64,2026-06-07T10:02:45
17427,pool:gen_005,dqn,1,2.2523,-2.3885,64,2026-06-07T10:02:47
17428,dqn,random,1,2.4627,-1.8068,64,2026-06-07T10:02:49
17429,self,dqn,1,1.4108,-1.7078,64,2026-06-07T10:02:51
17430,dqn,pool:gen_005,2,-1.1508,3.1929,64,2026-06-07T10:02:53
17431,self,dqn,1,1.6583,-1.6088,64,2026-06-07T10:02:55
17432,dqn,self,2,-0.6930,2.3514,64,2026-06-07T10:02:57
17433,self,dqn,1,1.4479,-1.8935,64,2026-06-07T10:02:59
17434,dqn,pool:gen_005,2,-0.8910,3.1187,64,2026-06-07T10:03:01
17435,self,dqn,2,-0.9528,2.6484,64,2026-06-07T10:03:03
17436,dqn,heuristic,1,1.9677,-1.8192,64,2026-06-07T10:03:05
17437,self,dqn,2,-0.5321,2.5123,64,2026-06-07T10:03:07
17438,dqn,random,1,1.7821,-1.8192,64,2026-06-07T10:03:09
17439,pool:gen_005,dqn,1,2.5493,-2.4998,64,2026-06-07T10:03:11
17440,dqn,self,2,-0.7920,3.0321,64,2026-06-07T10:03:13
17441,self,dqn,1,1.7944,-2.0296,64,2026-06-07T10:03:15
17442,dqn,pool:gen_005,2,-1.4355,3.3538,64,2026-06-07T10:03:17
17443,pool:gen_005,dqn,1,2.4132,-2.4132,64,2026-06-07T10:03:19
17444,dqn,pool:gen_005,2,-1.2127,3.2053,64,2026-06-07T10:03:21
17445,self,dqn,1,1.7449,-2.0420,64,2026-06-07T10:03:23
17446,dqn,pool:gen_005,2,-0.8910,2.9330,64,2026-06-07T10:03:25
17447,pool:gen_005,dqn,1,2.5865,-2.3884,64,2026-06-07T10:03:27
17448,dqn,self,2,-0.4455,2.3390,64,2026-06-07T10:03:29
17449,pool:gen_005,dqn,1,2.2647,-2.3761,64,2026-06-07T10:03:31
17450,dqn,pool:gen_005,2,-1.1756,3.2796,64,2026-06-07T10:03:33
17451,self,dqn,2,-0.7672,2.5370,64,2026-06-07T10:03:35
17452,dqn,pool:gen_005,2,-0.9405,2.8835,64,2026-06-07T10:03:37
17453,pool:gen_005,dqn,1,2.1162,-2.1533,64,2026-06-07T10:03:39
17454,dqn,pool:gen_005,2,-0.8662,2.8464,64,2026-06-07T10:03:41
17455,self,dqn,1,1.6088,-1.5469,64,2026-06-07T10:03:43
17456,dqn,pool:gen_005,2,-1.0642,3.0197,64,2026-06-07T10:03:45
17457,pool:gen_005,dqn,1,2.1162,-2.2276,64,2026-06-07T10:03:47
17458,dqn,pool:gen_005,2,-0.8291,2.8464,64,2026-06-07T10:03:49
17459,pool:gen_005,dqn,1,2.0296,-2.0172,64,2026-06-07T10:03:51
17460,dqn,pool:gen_005,2,-0.9033,2.7722,64,2026-06-07T10:03:53
17461,pool:gen_005,dqn,1,1.9553,-2.0543,64,2026-06-07T10:03:55
17462,dqn,self,1,1.4727,-1.6831,64,2026-06-07T10:03:56
17463,self,dqn,1,1.6212,-1.5345,64,2026-06-07T10:03:58
17464,dqn,heuristic,2,-0.8291,2.4009,64,2026-06-07T10:04:01
17465,self,dqn,1,1.4355,-1.9801,64,2026-06-07T10:04:02
17466,dqn,heuristic,2,-0.5321,2.8093,64,2026-06-07T10:04:04
17467,pool:gen_005,dqn,1,1.9924,-2.0543,64,2026-06-07T10:04:06
17468,dqn,pool:gen_005,2,-0.9157,2.6484,64,2026-06-07T10:04:08
17469,pool:gen_005,dqn,1,1.9058,-2.1038,64,2026-06-07T10:04:10
17470,dqn,self,1,2.1533,-2.2276,64,2026-06-07T10:04:12
17471,self,dqn,1,1.3613,-1.8687,64,2026-06-07T10:04:14
17472,dqn,self,2,-0.7053,2.4133,64,2026-06-07T10:04:16
17473,pool:gen_005,dqn,1,2.0048,-2.1905,64,2026-06-07T10:04:18
17474,dqn,self,1,2.1162,-1.8934,64,2026-06-07T10:04:20
17475,self,dqn,1,1.7202,-1.9553,64,2026-06-07T10:04:22
17476,dqn,self,2,-0.9157,2.6484,64,2026-06-07T10:04:23
17477,self,dqn,2,-0.6187,2.3514,64,2026-06-07T10:04:26
17478,dqn,pool:gen_005,2,-1.1756,2.9083,64,2026-06-07T10:04:28
17479,self,dqn,2,-0.4578,2.3638,64,2026-06-07T10:04:30
17480,dqn,pool:gen_005,2,-1.1632,2.6979,64,2026-06-07T10:04:33
17481,pool:gen_005,dqn,1,1.7449,-2.1162,64,2026-06-07T10:04:36
17482,dqn,pool:gen_005,2,-1.1014,2.6484,64,2026-06-07T10:04:39
17483,pool:gen_005,dqn,1,1.5098,-2.0172,64,2026-06-07T10:04:42
17484,dqn,pool:gen_005,2,-0.9652,2.4875,64,2026-06-07T10:04:45
17485,self,dqn,1,1.7573,-2.0296,64,2026-06-07T10:04:48
17486,dqn,self,1,1.9429,-2.2895,64,2026-06-07T10:04:51
17487,pool:gen_005,dqn,1,1.8563,-2.1905,64,2026-06-07T10:04:54
17488,dqn,self,1,1.6212,-1.7573,64,2026-06-07T10:04:56
17489,heuristic,dqn,2,-0.7301,3.5766,64,2026-06-07T10:04:59
17490,dqn,heuristic,1,2.8340,-1.7696,64,2026-06-07T10:05:01
17491,self,dqn,1,1.7202,-1.8811,64,2026-06-07T10:05:04
17492,dqn,self,1,1.5964,-2.0420,64,2026-06-07T10:05:07
17493,self,dqn,2,-0.4207,2.4009,64,2026-06-07T10:05:09
17494,dqn,self,2,-0.7796,3.0073,64,2026-06-07T10:05:12
17495,self,dqn,2,-0.6682,2.3390,64,2026-06-07T10:05:15
17496,dqn,pool:gen_005,2,-0.8910,2.4875,64,2026-06-07T10:05:18
17497,random,dqn,2,-1.1137,3.8241,64,2026-06-07T10:05:21
17498,dqn,self,2,-0.4331,2.5742,64,2026-06-07T10:05:23
17499,pool:gen_005,dqn,1,1.2251,-1.8935,64,2026-06-07T10:05:26
17500,dqn,pool:gen_005,2,-0.7053,2.2648,64,2026-06-07T10:05:29
17501,self,dqn,2,-0.5940,2.4504,64,2026-06-07T10:19:33
17502,dqn,pool:gen_005,1,1.4479,-1.7078,64,2026-06-07T10:19:37
17503,self,dqn,1,1.5222,-1.7078,64,2026-06-07T10:19:40
17504,dqn,self,2,-1.1756,3.0197,64,2026-06-07T10:19:43
17505,self,dqn,1,1.7944,-1.8439,64,2026-06-07T10:19:46
17506,dqn,pool:gen_005,2,-0.9281,2.6360,64,2026-06-07T10:19:49
17507,self,dqn,1,1.6088,-1.8811,64,2026-06-07T10:19:52
17508,dqn,self,2,-0.6806,2.2895,64,2026-06-07T10:19:55
17509,self,dqn,2,-0.5816,2.4628,64,2026-06-07T10:19:58
17510,dqn,pool:gen_005,2,-0.8167,2.7845,64,2026-06-07T10:20:00
17511,random,dqn,2,-1.0023,3.1558,64,2026-06-07T10:20:03
17512,dqn,pool:gen_005,2,-0.9652,2.9702,64,2026-06-07T10:20:06
17513,self,dqn,1,1.3984,-1.6459,64,2026-06-07T10:20:09
17514,dqn,pool:gen_005,2,-1.0890,3.1063,64,2026-06-07T10:20:12
17515,self,dqn,1,1.8068,-2.1657,64,2026-06-07T10:20:15
17516,dqn,pool:gen_005,2,-0.8538,2.8588,64,2026-06-07T10:20:18
17517,self,dqn,1,1.4232,-1.8440,64,2026-06-07T10:20:21
17518,dqn,self,2,-0.6435,2.4380,64,2026-06-07T10:20:24
17519,self,dqn,1,1.4355,-1.6088,64,2026-06-07T10:20:27
17520,dqn,self,2,-0.4455,2.3390,64,2026-06-07T10:20:30
17521,pool:gen_005,dqn,1,1.8687,-1.9924,64,2026-06-07T10:20:33
17522,dqn,pool:gen_005,2,-0.7672,2.7227,64,2026-06-07T10:20:36
17523,self,dqn,1,1.4355,-1.8316,64,2026-06-07T10:20:39
17524,dqn,pool:gen_005,2,-0.7548,3.0321,64,2026-06-07T10:20:42
17525,pool:gen_005,dqn,1,2.1038,-1.9801,64,2026-06-07T10:20:45
17526,dqn,pool:gen_005,2,-0.8538,2.6360,64,2026-06-07T10:20:48
17527,self,dqn,2,-0.6063,2.3266,64,2026-06-07T10:20:51
17528,dqn,pool:gen_005,2,-1.0890,3.3291,64,2026-06-07T10:20:53
17529,pool:gen_005,dqn,1,2.2895,-1.9429,64,2026-06-07T10:20:56
17530,dqn,self,1,2.1533,-1.8563,64,2026-06-07T10:20:59
17531,self,dqn,1,1.6583,-1.7202,64,2026-06-07T10:21:02
17532,dqn,pool:gen_005,2,-0.9281,2.8588,64,2026-06-07T10:21:05
17533,pool:gen_005,dqn,1,2.4999,-2.0296,64,2026-06-07T10:21:08
17534,dqn,pool:gen_005,2,-0.8538,3.3414,64,2026-06-07T10:21:11
17535,pool:gen_005,dqn,1,2.1781,-1.7573,64,2026-06-07T10:21:14
17536,dqn,pool:gen_005,2,-0.8786,3.2053,64,2026-06-07T10:21:17
17537,pool:gen_005,dqn,1,2.3513,-1.9553,64,2026-06-07T10:21:20
17538,dqn,pool:gen_005,2,-0.8538,3.3414,64,2026-06-07T10:21:22
17539,pool:gen_005,dqn,1,2.4875,-1.8934,64,2026-06-07T10:21:25
17540,dqn,pool:gen_005,2,-0.9404,3.4776,64,2026-06-07T10:21:28
17541,self,dqn,2,-0.4331,2.4999,64,2026-06-07T10:21:31
17542,dqn,pool:gen_005,2,-0.8167,3.3414,64,2026-06-07T10:21:34
17543,self,dqn,1,1.7821,-1.8563,64,2026-06-07T10:21:37
17544,dqn,self,1,1.6336,-1.4108,64,2026-06-07T10:21:40
17545,pool:gen_005,dqn,1,2.1905,-1.8563,64,2026-06-07T10:21:43
17546,dqn,self,2,-0.5321,2.3638,64,2026-06-07T10:21:46
17547,self,dqn,2,-0.8291,2.6236,64,2026-06-07T10:21:49
17548,dqn,self,2,-1.1014,2.8712,64,2026-06-07T10:21:52
17549,self,dqn,2,-0.6806,2.4009,64,2026-06-07T10:21:55
17550,dqn,pool:gen_005,2,-0.9652,3.3043,64,2026-06-07T10:21:57
17551,self,dqn,2,-0.8167,2.8588,64,2026-06-07T10:22:00
17552,dqn,pool:gen_005,2,-0.8662,3.1434,64,2026-06-07T10:22:03
17553,pool:gen_005,dqn,1,2.1533,-1.7820,64,2026-06-07T10:22:06
17554,dqn,self,1,1.6459,-1.6212,64,2026-06-07T10:22:09
17555,self,dqn,2,-0.9652,2.5246,64,2026-06-07T10:22:12
17556,dqn,self,2,-0.7053,2.5989,64,2026-06-07T10:22:15
17557,pool:gen_005,dqn,1,1.4974,-1.5841,64,2026-06-07T10:22:18
17558,dqn,self,1,1.5717,-1.7697,64,2026-06-07T10:22:22
17559,self,dqn,2,-0.6682,2.4504,64,2026-06-07T10:22:25
17560,dqn,pool:gen_005,2,-0.2846,2.4628,64,2026-06-07T10:22:28
17561,pool:gen_005,dqn,1,1.7697,-1.8316,64,2026-06-07T10:22:31
17562,dqn,pool:gen_005,2,-0.5816,2.6855,64,2026-06-07T10:22:34
17563,self,dqn,1,1.6954,-1.9058,64,2026-06-07T10:22:37
17564,dqn,pool:gen_005,2,-0.5816,2.6855,64,2026-06-07T10:22:40
17565,pool:gen_005,dqn,1,1.8192,-1.6335,64,2026-06-07T10:22:43
17566,dqn,self,1,1.7449,-1.8563,64,2026-06-07T10:22:46
17567,pool:gen_005,dqn,1,1.8439,-1.7202,64,2026-06-07T10:22:49
17568,dqn,self,1,1.5345,-1.7697,64,2026-06-07T10:22:51
17569,random,dqn,2,-1.0518,3.1063,64,2026-06-07T10:22:54
17570,dqn,self,1,1.8687,-1.6954,64,2026-06-07T10:22:57
17571,self,dqn,2,-1.0519,2.5494,64,2026-06-07T10:23:00
17572,dqn,self,1,1.5840,-1.7202,64,2026-06-07T10:23:03
17573,pool:gen_005,dqn,1,1.7944,-1.8439,64,2026-06-07T10:23:06
17574,dqn,pool:gen_005,2,-0.8662,2.7722,64,2026-06-07T10:23:09
17575,self,dqn,1,1.5840,-1.8316,64,2026-06-07T10:23:12
17576,dqn,self,2,-0.4207,2.2524,64,2026-06-07T10:23:15
17577,pool:gen_005,dqn,1,2.0296,-1.7573,64,2026-06-07T10:23:18
17578,dqn,pool:gen_005,2,-0.6063,2.5123,64,2026-06-07T10:23:21
17579,self,dqn,2,-0.4949,2.5865,64,2026-06-07T10:23:23
17580,dqn,pool:gen_005,2,-0.5321,2.2895,64,2026-06-07T10:23:26
17581,random,dqn,2,-0.9776,3.0692,64,2026-06-07T10:23:29
17582,dqn,heuristic,1,3.1682,-1.7696,64,2026-06-07T10:23:32
17583,pool:gen_005,dqn,1,1.7821,-1.7821,64,2026-06-07T10:23:35
17584,dqn,pool:gen_005,2,-0.4826,2.5618,64,2026-06-07T10:23:39
17585,pool:gen_005,dqn,1,1.7821,-1.7821,64,2026-06-07T10:23:42
17586,dqn,self,2,-0.5445,2.4999,64,2026-06-07T10:23:44
17587,heuristic,dqn,2,0.0496,3.6880,64,2026-06-07T10:23:47
17588,dqn,self,2,-0.6187,2.3514,64,2026-06-07T10:23:50
17589,pool:gen_005,dqn,1,1.7325,-1.9801,64,2026-06-07T10:23:53
17590,dqn,pool:gen_005,2,-0.9776,2.9207,64,2026-06-07T10:23:56
17591,pool:gen_005,dqn,1,1.7821,-1.7821,64,2026-06-07T10:23:58
17592,dqn,pool:gen_005,2,-0.6435,2.7350,64,2026-06-07T10:24:01
17593,self,dqn,1,1.4974,-1.4727,64,2026-06-07T10:24:04
17594,dqn,self,2,-0.5197,2.4133,64,2026-06-07T10:24:07
17595,pool:gen_005,dqn,1,1.8068,-1.9058,64,2026-06-07T10:24:10
17596,dqn,self,2,-0.4826,2.5247,64,2026-06-07T10:24:13
17597,pool:gen_005,dqn,1,1.7078,-1.7078,64,2026-06-07T10:24:16
17598,dqn,self,1,1.6212,-1.7202,64,2026-06-07T10:24:19
17599,pool:gen_005,dqn,2,-0.4454,2.4504,64,2026-06-07T10:24:22
17600,dqn,pool:gen_005,2,-0.6682,2.4504,64,2026-06-07T10:24:24
17601,heuristic,dqn,2,-0.5444,3.5023,64,2026-06-07T10:40:49
17602,dqn,self,1,1.9429,-1.9553,64,2026-06-07T10:40:53
17603,pool:gen_005,dqn,1,1.7078,-1.8563,64,2026-06-07T10:40:55
17604,dqn,pool:gen_005,2,-0.8167,2.5989,64,2026-06-07T10:40:58
17605,pool:gen_005,dqn,1,1.7697,-1.9429,64,2026-06-07T10:41:01
17606,dqn,pool:gen_005,2,-0.7548,2.5123,64,2026-06-07T10:41:04
17607,self,dqn,2,-0.6806,2.6608,64,2026-06-07T10:41:07
17608,dqn,pool:gen_005,2,-0.7548,2.5123,64,2026-06-07T10:41:10
17609,pool:gen_005,dqn,1,1.6459,-1.8068,64,2026-06-07T10:41:13
17610,dqn,self,2,-0.6311,2.7103,64,2026-06-07T10:41:16
17611,pool:gen_005,dqn,1,1.7821,-1.8563,64,2026-06-07T10:41:19
17612,dqn,self,1,1.9429,-2.0296,64,2026-06-07T10:41:22
17613,random,dqn,2,-0.8910,3.0073,64,2026-06-07T10:41:24
17614,dqn,heuristic,1,2.0296,-1.0890,64,2026-06-07T10:41:27
17615,self,dqn,2,-0.9652,3.1929,64,2026-06-07T10:41:30
17616,dqn,self,2,-0.6806,2.4751,64,2026-06-07T10:41:33
17617,pool:gen_005,dqn,1,2.0296,-1.9801,64,2026-06-07T10:41:36
17618,dqn,pool:gen_005,2,-0.9157,2.8340,64,2026-06-07T10:41:39
17619,self,dqn,1,1.7573,-1.9553,64,2026-06-07T10:41:42
17620,dqn,self,2,-0.9776,3.0692,64,2026-06-07T10:41:44
17621,pool:gen_005,dqn,1,1.7944,-1.8811,64,2026-06-07T10:41:48
17622,dqn,self,2,-0.5568,2.5618,64,2026-06-07T10:41:50
17623,self,dqn,2,-0.8167,2.3390,64,2026-06-07T10:41:53
17624,dqn,heuristic,2,-0.2846,2.7598,64,2026-06-07T10:41:56
17625,pool:gen_005,dqn,1,2.2152,-1.9429,64,2026-06-07T10:41:58
17626,dqn,self,2,-0.6806,2.5494,64,2026-06-07T10:42:01
17627,self,dqn,1,1.5840,-1.8687,64,2026-06-07T10:42:05
17628,dqn,pool:gen_005,2,-0.6682,3.0816,64,2026-06-07T10:42:07
17629,pool:gen_005,dqn,1,2.2771,-1.9924,64,2026-06-07T10:42:10
17630,dqn,pool:gen_005,2,-0.8786,3.1682,64,2026-06-07T10:42:13
17631,pool:gen_005,dqn,1,2.2771,-1.8811,64,2026-06-07T10:42:16
17632,dqn,heuristic,2,-0.4826,2.9702,64,2026-06-07T10:42:18
17633,pool:gen_005,dqn,1,2.6607,-2.3513,64,2026-06-07T10:42:21
17634,dqn,pool:gen_005,2,-1.0394,3.6013,64,2026-06-07T10:42:24
17635,pool:gen_005,dqn,1,2.8092,-2.4256,64,2026-06-07T10:42:27
17636,dqn,pool:gen_005,2,-1.0890,3.4033,64,2026-06-07T10:42:29
17637,self,dqn,1,1.8811,-1.8316,64,2026-06-07T10:42:32
17638,dqn,pool:gen_005,2,-1.2003,3.4776,64,2026-06-07T10:42:35
17639,self,dqn,1,1.4355,-1.7573,64,2026-06-07T10:42:38
17640,dqn,self,1,1.5964,-1.7821,64,2026-06-07T10:42:41
17641,self,dqn,2,-0.9405,2.5123,64,2026-06-07T10:42:44
17642,dqn,pool:gen_005,2,-1.3488,3.8488,64,2026-06-07T10:42:47
17643,self,dqn,2,-0.9033,2.6608,64,2026-06-07T10:42:50
17644,dqn,pool:gen_005,2,-1.4850,3.9355,64,2026-06-07T10:42:53
17645,self,dqn,2,-1.0642,2.8712,64,2026-06-07T10:42:56
17646,dqn,pool:gen_005,2,-1.2498,3.8736,64,2026-06-07T10:42:59
17647,self,dqn,1,1.9058,-2.0296,64,2026-06-07T10:43:02
17648,dqn,pool:gen_005,2,-1.3983,3.8365,64,2026-06-07T10:43:04
17649,pool:gen_005,dqn,1,3.1310,-2.6978,64,2026-06-07T10:43:07
17650,dqn,heuristic,2,-0.6187,2.9454,64,2026-06-07T10:43:09
17651,pool:gen_005,dqn,1,2.6855,-2.5493,64,2026-06-07T10:43:12
17652,dqn,pool:gen_005,2,-1.6706,4.0840,64,2026-06-07T10:43:15
17653,heuristic,dqn,2,-0.1732,2.7969,64,2026-06-07T10:43:18
17654,dqn,pool:gen_005,2,-1.5963,4.0840,64,2026-06-07T10:43:21
17655,pool:gen_005,dqn,1,3.4775,-2.8711,64,2026-06-07T10:43:24
17656,dqn,pool:gen_005,2,-1.5840,4.0963,64,2026-06-07T10:43:27
17657,pool:gen_005,dqn,1,3.1062,-2.7968,64,2026-06-07T10:43:30
17658,dqn,pool:gen_005,2,-1.2375,3.6261,64,2026-06-07T10:43:32
17659,pool:gen_005,dqn,1,2.7845,-2.5246,64,2026-06-07T10:43:35
17660,dqn,pool:gen_005,2,-1.4973,3.7375,64,2026-06-07T10:43:38
17661,pool:gen_005,dqn,1,2.4751,-2.2771,64,2026-06-07T10:43:41
17662,dqn,pool:gen_005,2,-1.3612,3.2795,64,2026-06-07T10:43:44
17663,self,dqn,1,1.3984,-1.7202,64,2026-06-07T10:43:47
17664,dqn,pool:gen_005,2,-1.3860,3.2919,64,2026-06-07T10:43:50
17665,self,dqn,2,-0.7301,2.3143,64,2026-06-07T10:43:53
17666,dqn,pool:gen_005,2,-1.1880,3.3414,64,2026-06-07T10:43:56
17667,self,dqn,1,1.7202,-1.8439,64,2026-06-07T10:43:59
17668,dqn,self,2,-0.9405,2.6608,64,2026-06-07T10:44:02
17669,self,dqn,2,-0.7920,2.7722,64,2026-06-07T10:44:04
17670,dqn,self,2,-0.6930,2.4999,64,2026-06-07T10:44:07
17671,self,dqn,2,-0.8291,2.9207,64,2026-06-07T10:44:10
17672,dqn,self,1,1.5841,-1.6459,64,2026-06-07T10:44:13
17673,heuristic,dqn,2,-0.0989,2.8341,64,2026-06-07T10:44:16
17674,dqn,self,2,-0.8415,2.4256,64,2026-06-07T10:44:19
17675,heuristic,dqn,2,-0.2351,2.6608,64,2026-06-07T10:44:21
17676,dqn,pool:gen_005,2,-1.3365,3.4157,64,2026-06-07T10:44:24
17677,pool:gen_005,dqn,1,2.5370,-2.4751,64,2026-06-07T10:44:27
17678,dqn,self,1,1.7944,-1.9182,64,2026-06-07T10:44:30
17679,pool:gen_005,dqn,1,2.5370,-2.4380,64,2026-06-07T10:44:33
17680,dqn,pool:gen_005,2,-1.2746,3.3291,64,2026-06-07T10:44:36
17681,self,dqn,1,1.3737,-1.7821,64,2026-06-07T10:44:39
17682,dqn,self,2,-0.6806,2.4751,64,2026-06-07T10:44:42
17683,self,dqn,1,2.5122,-2.6112,64,2026-06-07T10:44:45
17684,dqn,pool:gen_005,2,-0.8910,2.8588,64,2026-06-07T10:44:48
17685,self,dqn,1,1.4232,-1.7326,64,2026-06-07T10:44:52
17686,dqn,pool:gen_005,2,-1.2622,3.1929,64,2026-06-07T10:44:54
17687,pool:gen_005,dqn,1,2.0915,-1.9553,64,2026-06-07T10:44:57
17688,dqn,self,1,1.6088,-1.8439,64,2026-06-07T10:45:01
17689,self,dqn,1,1.8934,-1.9677,64,2026-06-07T10:45:03
17690,dqn,self,1,1.9306,-1.9677,64,2026-06-07T10:45:06
17691,self,dqn,2,-0.8291,2.5494,64,2026-06-07T10:45:09
17692,dqn,pool:gen_005,2,-1.0271,3.1311,64,2026-06-07T10:45:12
17693,pool:gen_005,dqn,1,2.0419,-1.8563,64,2026-06-07T10:45:15
17694,dqn,self,2,-0.8291,2.6236,64,2026-06-07T10:45:18
17695,heuristic,dqn,2,-0.1360,2.9826,64,2026-06-07T10:45:21
17696,dqn,self,1,1.7078,-1.7821,64,2026-06-07T10:45:24
17697,self,dqn,2,-0.9281,2.4133,64,2026-06-07T10:45:27
17698,dqn,self,2,-0.6311,2.7474,64,2026-06-07T10:45:30
17699,self,dqn,2,-0.6435,2.4009,64,2026-06-07T10:45:33
17700,dqn,pool:gen_005,2,-0.9405,3.1063,64,2026-06-07T10:45:36
17701,self,dqn,1,1.5098,-1.7573,64,2026-06-07T11:02:06
17702,dqn,pool:gen_005,2,-1.1756,3.1310,64,2026-06-07T11:02:10
17703,random,dqn,2,-0.9528,2.9454,64,2026-06-07T11:02:15
17704,dqn,pool:gen_005,2,-0.8786,3.1682,64,2026-06-07T11:02:21
17705,pool:gen_005,dqn,1,2.6483,-2.4751,64,2026-06-07T11:02:25
17706,dqn,self,1,1.4479,-1.7449,64,2026-06-07T11:02:32
17707,pool:gen_005,dqn,1,2.9701,-2.6360,64,2026-06-07T11:02:37
17708,dqn,self,1,1.4850,-1.7821,64,2026-06-07T11:02:43
17709,pool:gen_005,dqn,1,2.5988,-2.4503,64,2026-06-07T11:02:50
17710,dqn,self,1,2.3018,-2.3761,64,2026-06-07T11:02:55
17711,self,dqn,1,1.5717,-1.5841,64,2026-06-07T11:03:01
17712,dqn,pool:gen_005,2,-1.5221,3.4528,64,2026-06-07T11:03:07
17713,heuristic,dqn,2,-0.1360,2.6856,64,2026-06-07T11:03:12
17714,dqn,heuristic,2,-0.4454,2.5618,64,2026-06-07T11:03:18
17715,self,dqn,2,-0.6063,2.6608,64,2026-06-07T11:03:22
17716,dqn,pool:gen_005,2,-1.1756,2.8712,64,2026-06-07T11:03:28
17717,self,dqn,1,1.8316,-2.0667,64,2026-06-07T11:03:33
17718,dqn,pool:gen_005,2,-1.1013,3.0197,64,2026-06-07T11:03:38
17719,self,dqn,1,1.6459,-1.9553,64,2026-06-07T11:03:44
17720,dqn,self,2,-1.3365,3.1929,64,2026-06-07T11:03:49
17721,self,dqn,2,-1.0023,2.8588,64,2026-06-07T11:03:54
17722,dqn,self,2,-0.4207,2.3266,64,2026-06-07T11:03:59
17723,pool:gen_005,dqn,1,2.6731,-2.5246,64,2026-06-07T11:04:04
17724,dqn,self,2,-0.8044,2.1657,64,2026-06-07T11:04:09
17725,pool:gen_005,dqn,1,2.2276,-2.2276,64,2026-06-07T11:04:14
17726,dqn,self,2,-0.5568,2.4133,64,2026-06-07T11:04:19
17727,pool:gen_005,dqn,1,2.2647,-2.3761,64,2026-06-07T11:04:24
17728,dqn,random,1,1.9182,-1.7573,64,2026-06-07T11:04:28
17729,self,dqn,2,-0.8910,2.4504,64,2026-06-07T11:04:33
17730,dqn,pool:gen_005,2,-0.9157,2.9825,64,2026-06-07T11:04:38
17731,self,dqn,1,1.5717,-1.8439,64,2026-06-07T11:04:42
17732,dqn,self,1,1.8687,-2.2152,64,2026-06-07T11:04:48
17733,self,dqn,1,1.5593,-1.7821,64,2026-06-07T11:04:52
17734,dqn,pool:gen_005,2,-1.2746,3.1434,64,2026-06-07T11:04:57
17735,self,dqn,2,-0.3712,2.1905,64,2026-06-07T11:05:02
17736,dqn,pool:gen_005,2,-1.3489,3.2177,64,2026-06-07T11:05:07
17737,self,dqn,2,-0.5692,2.7350,64,2026-06-07T11:05:12
17738,dqn,random,1,1.7944,-1.9553,64,2026-06-07T11:05:16
17739,pool:gen_005,dqn,1,2.0048,-1.9677,64,2026-06-07T11:05:21
17740,dqn,pool:gen_005,2,-1.0518,2.9949,64,2026-06-07T11:05:26
17741,pool:gen_005,dqn,1,2.3885,-2.4008,64,2026-06-07T11:05:31
17742,dqn,pool:gen_005,2,-0.9157,2.9454,64,2026-06-07T11:05:35
17743,self,dqn,2,-0.7796,2.5989,64,2026-06-07T11:05:40
17744,dqn,self,2,-0.6682,2.3390,64,2026-06-07T11:05:45
17745,pool:gen_005,dqn,1,2.0419,-2.0048,64,2026-06-07T11:05:50
17746,dqn,self,2,-0.5568,2.8588,64,2026-06-07T11:05:55
17747,self,dqn,1,1.5345,-1.7326,64,2026-06-07T11:06:00
17748,dqn,pool:gen_005,2,-1.2127,2.9454,64,2026-06-07T11:06:05
17749,self,dqn,2,-0.5816,2.5742,64,2026-06-07T11:06:10
17750,dqn,heuristic,1,2.0543,-1.6212,64,2026-06-07T11:06:14
17751,self,dqn,2,-0.9652,2.7103,64,2026-06-07T11:06:19
17752,dqn,self,1,1.6459,-1.9925,64,2026-06-07T11:06:24
17753,self,dqn,2,-0.9033,2.8464,64,2026-06-07T11:06:29
17754,dqn,pool:gen_005,2,-1.2251,3.0073,64,2026-06-07T11:06:35
17755,self,dqn,1,2.1905,-2.0419,64,2026-06-07T11:06:40
17756,dqn,pool:gen_005,2,-1.3984,3.3538,64,2026-06-07T11:06:46
17757,self,dqn,1,2.3266,-1.9429,64,2026-06-07T11:06:48
17758,dqn,pool:gen_005,2,-1.2870,3.0939,64,2026-06-07T11:06:51
17759,pool:gen_005,dqn,1,2.3513,-2.4008,64,2026-06-07T11:06:55
17760,dqn,pool:gen_005,2,-1.2622,3.0444,64,2026-06-07T11:06:59
17761,self,dqn,1,1.5222,-1.9306,64,2026-06-07T11:07:06
17762,dqn,pool:gen_005,2,-1.1137,2.8217,64,2026-06-07T11:07:11
17763,self,dqn,1,2.1533,-2.3761,64,2026-06-07T11:07:16
17764,dqn,self,1,1.4479,-1.7078,64,2026-06-07T11:07:22
17765,self,dqn,2,-0.5568,2.2648,64,2026-06-07T11:07:26
17766,dqn,heuristic,1,2.1533,-1.6707,64,2026-06-07T11:07:32
17767,self,dqn,1,1.6212,-1.6831,64,2026-06-07T11:07:36
17768,dqn,heuristic,1,1.6088,-1.5098,64,2026-06-07T11:07:42
17769,self,dqn,2,-0.7919,3.2548,64,2026-06-07T11:07:46
17770,dqn,pool:gen_005,2,-1.1014,2.9083,64,2026-06-07T11:07:52
17771,self,dqn,2,-0.3959,2.6113,64,2026-06-07T11:07:58
17772,dqn,self,1,1.8316,-2.0296,64,2026-06-07T11:08:03
17773,random,dqn,2,-0.9652,3.4157,64,2026-06-07T11:08:08
17774,dqn,pool:gen_005,2,-0.8043,2.6855,64,2026-06-07T11:08:13
17775,self,dqn,2,-0.4949,2.4752,64,2026-06-07T11:08:15
17776,dqn,self,1,1.6088,-1.8439,64,2026-06-07T11:08:17
17777,self,dqn,1,1.7449,-1.7449,64,2026-06-07T11:08:19
17778,dqn,self,2,-1.1385,2.9454,64,2026-06-07T11:08:21
17779,self,dqn,2,-0.3836,2.2524,64,2026-06-07T11:08:23
17780,dqn,pool:gen_005,2,-1.1385,3.3909,64,2026-06-07T11:08:25
17781,self,dqn,2,-0.6806,2.4009,64,2026-06-07T11:08:27
17782,dqn,self,1,1.7449,-1.7449,64,2026-06-07T11:08:28
17783,pool:gen_005,dqn,1,2.5865,-2.4627,64,2026-06-07T11:08:31
17784,dqn,self,1,1.4850,-1.7449,64,2026-06-07T11:08:33
17785,self,dqn,2,-1.0271,2.9454,64,2026-06-07T11:08:35
17786,dqn,pool:gen_005,2,-1.0518,3.0320,64,2026-06-07T11:08:36
17787,self,dqn,2,-0.8167,2.5989,64,2026-06-07T11:08:39
17788,dqn,self,1,2.1410,-2.0543,64,2026-06-07T11:08:40
17789,pool:gen_005,dqn,1,2.3885,-2.2894,64,2026-06-07T11:08:42
17790,dqn,self,1,1.8068,-1.8316,64,2026-06-07T11:08:45
17791,pool:gen_005,dqn,1,2.4008,-2.3885,64,2026-06-07T11:08:47
17792,dqn,self,2,-0.9281,2.5618,64,2026-06-07T11:08:49
17793,pool:gen_005,dqn,1,2.6360,-2.5988,64,2026-06-07T11:08:51
17794,dqn,random,1,1.8811,-1.7573,64,2026-06-07T11:08:53
17795,pool:gen_005,dqn,1,2.2523,-2.1286,64,2026-06-07T11:08:55
17796,dqn,pool:gen_005,2,-1.4602,3.3291,64,2026-06-07T11:08:57
17797,pool:gen_005,dqn,1,1.9801,-2.2152,64,2026-06-07T11:08:59
17798,dqn,self,2,-1.1014,2.9083,64,2026-06-07T11:09:01
17799,pool:gen_005,dqn,1,2.5493,-2.4627,64,2026-06-07T11:09:03
17800,dqn,self,2,-0.8291,2.5494,64,2026-06-07T11:09:05
17801,pool:gen_005,dqn,1,2.5246,-2.4875,64,2026-06-07T11:21:51
17802,dqn,self,2,-0.5445,2.4999,64,2026-06-07T11:21:53
17803,pool:gen_005,dqn,1,2.2028,-2.3266,64,2026-06-07T11:21:56
17804,dqn,pool:gen_005,1,1.6212,-1.5717,64,2026-06-07T11:21:58
17805,pool:gen_005,dqn,1,1.7325,-1.9801,64,2026-06-07T11:21:59
17806,dqn,pool:gen_005,2,-0.9281,2.5989,64,2026-06-07T11:22:02
17807,pool:gen_005,dqn,1,2.3390,-2.3018,64,2026-06-07T11:22:04
17808,dqn,self,2,-0.7796,2.6360,64,2026-06-07T11:22:07
17809,self,dqn,1,1.6954,-1.8316,64,2026-06-07T11:22:08
17810,dqn,self,2,-0.4578,2.2153,64,2026-06-07T11:22:11
17811,random,dqn,2,-0.5692,2.4380,64,2026-06-07T11:22:12
17812,dqn,random,1,1.6459,-1.6954,64,2026-06-07T11:22:14
17813,pool:gen_005,dqn,1,2.0543,-2.2895,64,2026-06-07T11:22:16
17814,dqn,self,1,1.9306,-2.0791,64,2026-06-07T11:22:19
17815,pool:gen_005,dqn,1,2.2028,-2.3637,64,2026-06-07T11:22:21
17816,dqn,self,1,1.7202,-1.5469,64,2026-06-07T11:22:23
17817,pool:gen_005,dqn,1,2.0914,-2.1781,64,2026-06-07T11:22:25
17818,dqn,pool:gen_005,2,-1.0890,2.9949,64,2026-06-07T11:22:27
17819,self,dqn,2,-0.5073,2.3514,64,2026-06-07T11:22:30
17820,dqn,pool:gen_005,2,-1.1137,2.7845,64,2026-06-07T11:22:32
17821,pool:gen_005,dqn,1,2.0667,-2.0172,64,2026-06-07T11:22:34
17822,dqn,pool:gen_005,2,-0.5692,2.3638,64,2026-06-07T11:22:37
17823,self,dqn,1,2.0172,-1.9553,64,2026-06-07T11:22:39
17824,dqn,pool:gen_005,2,-1.1261,2.9207,64,2026-06-07T11:22:41
17825,self,dqn,2,-0.8043,2.4999,64,2026-06-07T11:22:43
17826,dqn,random,1,2.0543,-2.0296,64,2026-06-07T11:22:44
17827,pool:gen_005,dqn,1,2.4008,-2.4627,64,2026-06-07T11:22:47
17828,dqn,self,1,1.6954,-1.9429,64,2026-06-07T11:22:49
17829,self,dqn,1,2.3142,-2.2523,64,2026-06-07T11:22:50
17830,dqn,pool:gen_005,2,-1.1137,3.1187,64,2026-06-07T11:22:52
17831,self,dqn,1,1.5346,-1.5841,64,2026-06-07T11:22:54
17832,dqn,self,1,1.4850,-1.7821,64,2026-06-07T11:22:56
17833,pool:gen_005,dqn,1,2.2028,-2.0296,64,2026-06-07T11:22:58
17834,dqn,self,2,-0.6187,2.4999,64,2026-06-07T11:22:59
17835,self,dqn,2,-0.9281,2.5989,64,2026-06-07T11:23:01
17836,dqn,random,1,2.4998,-2.2152,64,2026-06-07T11:23:03
17837,pool:gen_005,dqn,1,2.2152,-2.0914,64,2026-06-07T11:23:05
17838,dqn,self,1,1.4603,-1.9553,64,2026-06-07T11:23:06
17839,self,dqn,1,1.5346,-1.5841,64,2026-06-07T11:23:08
17840,dqn,pool:gen_005,2,-1.0271,2.9083,64,2026-06-07T11:23:10
17841,self,dqn,1,1.5717,-1.8068,64,2026-06-07T11:23:12
17842,dqn,pool:gen_005,2,-0.5197,2.5618,64,2026-06-07T11:23:14
17843,pool:gen_005,dqn,1,1.9801,-2.1038,64,2026-06-07T11:23:16
17844,dqn,self,1,1.6335,-1.8563,64,2026-06-07T11:23:18
17845,pool:gen_005,dqn,1,1.7697,-1.7944,64,2026-06-07T11:23:20
17846,dqn,pool:gen_005,2,-0.5692,2.3266,64,2026-06-07T11:23:22
17847,pool:gen_005,dqn,1,1.5717,-2.0296,64,2026-06-07T11:23:24
17848,dqn,pool:gen_005,2,-0.9034,2.3266,64,2026-06-07T11:23:26
17849,pool:gen_005,dqn,1,1.6335,-1.8934,64,2026-06-07T11:23:27
17850,dqn,pool:gen_005,2,-0.9776,2.8093,64,2026-06-07T11:23:29
17851,heuristic,dqn,2,-0.3836,2.8093,64,2026-06-07T11:23:31
17852,dqn,self,2,-1.0147,2.7722,64,2026-06-07T11:23:33
17853,pool:gen_005,dqn,1,1.6335,-1.9306,64,2026-06-07T11:23:35
17854,dqn,self,1,2.5865,-2.3513,64,2026-06-07T11:23:37
17855,pool:gen_005,dqn,1,1.5964,-1.9306,64,2026-06-07T11:23:39
17856,dqn,pool:gen_005,2,-0.8910,2.3761,64,2026-06-07T11:23:41
17857,self,dqn,1,1.4974,-1.8439,64,2026-06-07T11:23:43
17858,dqn,pool:gen_005,2,-0.8786,2.3514,64,2026-06-07T11:23:45
17859,self,dqn,2,-0.5197,2.5247,64,2026-06-07T11:23:46
17860,dqn,self,1,1.9925,-1.7202,64,2026-06-07T11:23:48
17861,self,dqn,2,-0.7177,2.2524,64,2026-06-07T11:23:50
17862,dqn,self,2,-0.5197,2.3390,64,2026-06-07T11:23:52
17863,pool:gen_005,dqn,1,1.5717,-1.7326,64,2026-06-07T11:23:54
17864,dqn,heuristic,2,-0.3341,2.6732,64,2026-06-07T11:23:55
17865,pool:gen_005,dqn,1,1.4850,-1.9677,64,2026-06-07T11:23:57
17866,dqn,heuristic,1,2.4132,-1.7078,64,2026-06-07T11:23:59
17867,pool:gen_005,dqn,1,1.5345,-1.8439,64,2026-06-07T11:24:00
17868,dqn,self,1,1.7697,-1.8316,64,2026-06-07T11:24:02
17869,pool:gen_005,dqn,1,1.8316,-1.9924,64,2026-06-07T11:24:04
17870,dqn,pool:gen_005,2,-0.9034,2.4009,64,2026-06-07T11:24:05
17871,self,dqn,1,1.3118,-1.6954,64,2026-06-07T11:24:07
17872,dqn,pool:gen_005,2,-0.8415,2.3514,64,2026-06-07T11:24:09
17873,heuristic,dqn,2,-0.4949,3.6261,64,2026-06-07T11:24:11
17874,dqn,self,1,1.3613,-1.6088,64,2026-06-07T11:24:12
17875,pool:gen_005,dqn,1,1.8439,-2.0543,64,2026-06-07T11:24:14
17876,dqn,pool:gen_005,2,-0.7672,2.5370,64,2026-06-07T11:24:16
17877,pool:gen_005,dqn,1,1.6954,-1.9429,64,2026-06-07T11:24:18
17878,dqn,random,2,-0.4455,2.3019,64,2026-06-07T11:24:19
17879,self,dqn,2,-0.8786,2.5741,64,2026-06-07T11:24:21
17880,dqn,self,1,2.0048,-1.5964,64,2026-06-07T11:24:24
17881,pool:gen_005,dqn,1,1.8687,-2.1038,64,2026-06-07T11:24:26
17882,dqn,self,1,1.4850,-1.5964,64,2026-06-07T11:24:28
17883,self,dqn,2,-0.6063,2.4380,64,2026-06-07T11:24:30
17884,dqn,self,2,-0.9281,2.5246,64,2026-06-07T11:24:32
17885,self,dqn,2,-0.6682,2.4504,64,2026-06-07T11:24:34
17886,dqn,self,1,1.6831,-1.7697,64,2026-06-07T11:24:36
17887,pool:gen_005,dqn,1,2.1904,-2.3761,64,2026-06-07T11:24:38
17888,dqn,self,2,-0.5568,2.5618,64,2026-06-07T11:24:40
17889,self,dqn,2,-0.5445,2.4999,64,2026-06-07T11:24:42
17890,dqn,random,1,2.0915,-1.8439,64,2026-06-07T11:24:44
17891,random,dqn,2,-0.6435,2.4751,64,2026-06-07T11:24:45
17892,dqn,self,1,1.7326,-1.7202,64,2026-06-07T11:24:47
17893,self,dqn,2,-0.6806,2.2524,64,2026-06-07T11:24:50
17894,dqn,self,1,2.0667,-2.0172,64,2026-06-07T11:24:52
17895,pool:gen_005,dqn,1,1.9924,-2.2400,64,2026-06-07T11:24:54
17896,dqn,pool:gen_005,2,-1.0519,2.7350,64,2026-06-07T11:24:55
17897,self,dqn,1,1.4355,-1.7944,64,2026-06-07T11:24:58
17898,dqn,self,1,2.6236,-2.2028,64,2026-06-07T11:25:00
17899,random,dqn,2,-0.7177,2.4380,64,2026-06-07T11:25:02
17900,dqn,self,1,1.4727,-1.7202,64,2026-06-07T11:25:04
17901,self,dqn,1,1.5222,-1.7449,64,2026-06-07T11:44:26
17902,dqn,self,1,1.9058,-2.0296,64,2026-06-07T11:44:34
17903,self,dqn,1,1.6088,-1.8439,64,2026-06-07T11:44:41
17904,dqn,pool:gen_005,2,-1.5097,3.3167,64,2026-06-07T11:44:49
17905,self,dqn,1,1.4974,-1.7326,64,2026-06-07T11:44:55
17906,dqn,self,1,1.4727,-1.6831,64,2026-06-07T11:45:02
17907,random,dqn,2,-1.0518,3.1434,64,2026-06-07T11:45:09
17908,dqn,pool:gen_005,2,-1.3365,3.0815,64,2026-06-07T11:45:16
17909,pool:gen_005,dqn,1,2.4503,-2.4503,64,2026-06-07T11:45:22
17910,dqn,pool:gen_005,2,-1.5345,3.5889,64,2026-06-07T11:45:29
17911,self,dqn,1,1.5841,-1.6088,64,2026-06-07T11:45:37
17912,dqn,pool:gen_005,2,-1.5592,3.6013,64,2026-06-07T11:45:44
17913,pool:gen_005,dqn,1,2.4503,-2.4503,64,2026-06-07T11:45:51
17914,dqn,self,2,-0.8415,2.4999,64,2026-06-07T11:45:58
17915,self,dqn,1,1.7573,-2.0667,64,2026-06-07T11:46:06
17916,dqn,pool:gen_005,2,-1.2870,3.0568,64,2026-06-07T11:46:13
17917,pool:gen_005,dqn,1,2.2647,-2.2647,64,2026-06-07T11:46:20
17918,dqn,self,1,1.6459,-1.7697,64,2026-06-07T11:46:27
17919,self,dqn,1,1.8192,-1.8934,64,2026-06-07T11:46:34
17920,dqn,pool:gen_005,2,-0.9528,2.8340,64,2026-06-07T11:46:42
17921,pool:gen_005,dqn,1,2.3885,-2.3637,64,2026-06-07T11:46:50
17922,dqn,pool:gen_005,2,-0.9528,2.9454,64,2026-06-07T11:46:57
17923,pool:gen_005,dqn,1,2.1781,-2.1286,64,2026-06-07T11:47:04
17924,dqn,self,1,1.7697,-1.6459,64,2026-06-07T11:47:10
17925,self,dqn,1,1.7821,-1.9677,64,2026-06-07T11:47:18
17926,dqn,self,1,1.6954,-1.6459,64,2026-06-07T11:47:26
17927,pool:gen_005,dqn,1,2.0172,-2.1410,64,2026-06-07T11:47:33
17928,dqn,self,2,-0.8539,2.3761,64,2026-06-07T11:47:41
17929,self,dqn,1,1.8439,-1.9429,64,2026-06-07T11:47:48
17930,dqn,heuristic,1,2.7598,-1.5840,64,2026-06-07T11:47:55
17931,self,dqn,1,1.9801,-1.8439,64,2026-06-07T11:48:03
17932,dqn,self,1,1.3365,-1.8192,64,2026-06-07T11:48:11
17933,pool:gen_005,dqn,1,2.7350,-2.4627,64,2026-06-07T11:48:18
17934,dqn,pool:gen_005,2,-0.8167,3.0073,64,2026-06-07T11:48:25
17935,self,dqn,2,-0.7053,2.3390,64,2026-06-07T11:48:32
17936,dqn,pool:gen_005,2,-1.0890,2.8835,64,2026-06-07T11:48:39
17937,random,dqn,2,-0.7796,2.8959,64,2026-06-07T11:48:46
17938,dqn,pool:gen_005,2,-1.3984,3.5023,64,2026-06-07T11:48:53
17939,pool:gen_005,dqn,1,2.4503,-2.3018,64,2026-06-07T11:49:00
17940,dqn,self,2,-0.7796,2.7845,64,2026-06-07T11:49:07
17941,pool:gen_005,dqn,1,2.4256,-2.1781,64,2026-06-07T11:49:14
17942,dqn,self,2,-0.9652,2.7103,64,2026-06-07T11:49:22
17943,self,dqn,2,-0.9034,2.5123,64,2026-06-07T11:49:28
17944,dqn,self,1,1.5593,-1.4479,64,2026-06-07T11:49:35
17945,self,dqn,2,-0.7053,2.3390,64,2026-06-07T11:49:43
17946,dqn,self,2,-0.8167,2.8959,64,2026-06-07T11:49:51
17947,self,dqn,2,-0.5816,2.4999,64,2026-06-07T11:49:58
17948,dqn,self,2,-0.7548,2.9578,64,2026-06-07T11:50:04
17949,self,dqn,1,1.7449,-1.8192,64,2026-06-07T11:50:12
17950,dqn,random,1,2.3885,-1.9553,64,2026-06-07T11:50:19
17951,self,dqn,2,-0.7053,2.5618,64,2026-06-07T11:50:26
17952,dqn,pool:gen_005,2,-0.8167,3.0444,64,2026-06-07T11:50:32
17953,pool:gen_005,dqn,1,2.7226,-2.2152,64,2026-06-07T11:50:39
17954,dqn,pool:gen_005,2,-1.0395,3.1187,64,2026-06-07T11:50:46
17955,pool:gen_005,dqn,1,2.1905,-1.9677,64,2026-06-07T11:50:54
17956,dqn,heuristic,2,-0.6806,2.4009,64,2026-06-07T11:51:00
17957,pool:gen_005,dqn,1,2.1533,-2.1162,64,2026-06-07T11:51:06
17958,dqn,pool:gen_005,2,-1.2127,3.2053,64,2026-06-07T11:51:14
17959,pool:gen_005,dqn,1,2.5617,-2.3761,64,2026-06-07T11:51:21
17960,dqn,pool:gen_005,2,-1.4479,3.5642,64,2026-06-07T11:51:27
17961,self,dqn,2,-0.4455,2.2276,64,2026-06-07T11:51:34
17962,dqn,self,2,-0.6806,2.4380,64,2026-06-07T11:51:42
17963,pool:gen_005,dqn,1,2.8959,-2.2647,64,2026-06-07T11:51:49
17964,dqn,self,1,1.4355,-1.7944,64,2026-06-07T11:51:57
17965,pool:gen_005,dqn,1,2.7226,-2.2894,64,2026-06-07T11:52:03
17966,dqn,pool:gen_005,2,-1.4850,3.6756,64,2026-06-07T11:52:10
17967,pool:gen_005,dqn,1,2.8711,-2.3637,64,2026-06-07T11:52:18
17968,dqn,self,2,-0.9776,2.8464,64,2026-06-07T11:52:26
17969,pool:gen_005,dqn,1,2.7721,-2.3142,64,2026-06-07T11:52:28
17970,dqn,self,1,1.7202,-1.9553,64,2026-06-07T11:52:30
17971,pool:gen_005,dqn,1,2.9330,-2.3761,64,2026-06-07T11:52:32
17972,dqn,self,2,-0.7920,2.4751,64,2026-06-07T11:52:34
17973,self,dqn,2,-0.6806,2.2895,64,2026-06-07T11:52:36
17974,dqn,self,1,1.8192,-1.8192,64,2026-06-07T11:52:38
17975,pool:gen_005,dqn,1,2.0543,-1.9924,64,2026-06-07T11:52:40
17976,dqn,pool:gen_005,2,-1.1632,3.0692,64,2026-06-07T11:52:42
17977,pool:gen_005,dqn,1,3.1186,-2.5988,64,2026-06-07T11:52:43
17978,dqn,self,1,1.6831,-1.8068,64,2026-06-07T11:52:45
17979,self,dqn,1,1.6088,-1.8068,64,2026-06-07T11:52:47
17980,dqn,self,2,-0.5568,2.5247,64,2026-06-07T11:52:49
17981,pool:gen_005,dqn,1,1.7821,-1.4850,64,2026-06-07T11:52:51
17982,dqn,random,1,2.3637,-2.2399,64,2026-06-07T11:52:52
17983,self,dqn,1,1.6336,-1.5964,64,2026-06-07T11:52:54
17984,dqn,pool:gen_005,2,-1.1385,3.3167,64,2026-06-07T11:52:56
17985,pool:gen_005,dqn,1,2.3761,-2.0048,64,2026-06-07T11:52:58
17986,dqn,pool:gen_005,2,-1.1632,3.3291,64,2026-06-07T11:53:00
17987,self,dqn,1,1.7449,-1.8934,64,2026-06-07T11:53:02
17988,dqn,self,1,1.7821,-1.8192,64,2026-06-07T11:53:03
17989,pool:gen_005,dqn,1,2.3513,-2.2152,64,2026-06-07T11:53:05
17990,dqn,pool:gen_005,2,-1.3983,3.5394,64,2026-06-07T11:53:07
17991,self,dqn,1,1.5717,-1.9925,64,2026-06-07T11:53:09
17992,dqn,pool:gen_005,2,-1.2993,3.4528,64,2026-06-07T11:53:11
17993,self,dqn,1,1.7078,-1.5593,64,2026-06-07T11:53:13
17994,dqn,pool:gen_005,2,-1.2994,3.1558,64,2026-06-07T11:53:14
17995,self,dqn,2,-0.6930,2.4256,64,2026-06-07T11:53:16
17996,dqn,pool:gen_005,2,-1.0890,3.0320,64,2026-06-07T11:53:18
17997,self,dqn,1,1.8439,-2.2028,64,2026-06-07T11:53:20
17998,dqn,heuristic,1,1.9058,-1.5469,64,2026-06-07T11:53:21
17999,self,dqn,1,1.9553,-1.7573,64,2026-06-07T11:53:23
18000,dqn,self,2,-0.4950,2.2895,64,2026-06-07T11:53:25
18001,pool:gen_006,dqn,2,-0.6558,2.7227,64,2026-06-07T12:05:33
18002,dqn,self,1,1.9058,-1.5840,64,2026-06-07T12:05:35
18003,pool:gen_005,dqn,1,2.5865,-2.3513,64,2026-06-07T12:05:37
18004,dqn,pool:gen_006,1,1.6088,-1.6212,64,2026-06-07T12:05:39
18005,random,dqn,2,-1.2499,3.1682,64,2026-06-07T12:05:41
18006,dqn,self,1,1.8687,-1.7697,64,2026-06-07T12:05:44
18007,pool:gen_005,dqn,1,2.2647,-2.0048,64,2026-06-07T12:05:46
18008,dqn,self,1,1.4603,-1.6583,64,2026-06-07T12:05:48
18009,self,dqn,1,2.0791,-1.9306,64,2026-06-07T12:05:49
18010,dqn,pool:gen_005,2,-0.8291,2.9949,64,2026-06-07T12:05:51
18011,self,dqn,2,-0.7301,2.9083,64,2026-06-07T12:05:54
18012,dqn,pool:gen_005,2,-0.9281,3.0816,64,2026-06-07T12:05:56
18013,heuristic,dqn,1,1.8563,-1.6335,64,2026-06-07T12:05:57
18014,dqn,self,1,1.5098,-1.6831,64,2026-06-07T12:05:59
18015,pool:gen_005,dqn,1,2.7226,-2.1038,64,2026-06-07T12:06:01
18016,dqn,self,2,-0.6682,2.3390,64,2026-06-07T12:06:04
18017,self,dqn,2,-0.9033,3.1063,64,2026-06-07T12:06:06
18018,dqn,self,2,-0.8662,2.7722,64,2026-06-07T12:06:08
18019,self,dqn,1,1.9058,-2.0667,64,2026-06-07T12:06:10
18020,dqn,self,1,1.5841,-1.5346,64,2026-06-07T12:06:12
18021,self,dqn,1,1.8811,-2.0172,64,2026-06-07T12:06:14
18022,dqn,self,1,1.4232,-1.7326,64,2026-06-07T12:06:16
18023,pool:gen_006,dqn,1,1.7821,-2.0048,64,2026-06-07T12:06:18
18024,dqn,heuristic,2,-0.2846,2.7227,64,2026-06-07T12:06:20
18025,self,dqn,1,1.3860,-1.8440,64,2026-06-07T12:06:22
18026,dqn,heuristic,1,2.0048,-1.3365,64,2026-06-07T12:06:24
18027,self,dqn,1,1.7697,-1.6831,64,2026-06-07T12:06:26
18028,dqn,pool:gen_005,2,-1.2003,3.2177,64,2026-06-07T12:06:28
18029,self,dqn,1,1.8563,-2.0419,64,2026-06-07T12:06:30
18030,dqn,self,2,-0.8662,2.6236,64,2026-06-07T12:06:32
18031,heuristic,dqn,2,-0.4826,2.9702,64,2026-06-07T12:06:34
18032,dqn,self,1,1.6336,-1.7821,64,2026-06-07T12:06:36
18033,self,dqn,1,1.4355,-1.7202,64,2026-06-07T12:06:38
18034,dqn,pool:gen_006,2,-0.8043,2.4256,64,2026-06-07T12:06:40
18035,self,dqn,2,-0.5692,2.4009,64,2026-06-07T12:06:42
18036,dqn,pool:gen_005,2,-1.0271,3.0197,64,2026-06-07T12:06:44
18037,self,dqn,1,1.9553,-1.9058,64,2026-06-07T12:06:46
18038,dqn,pool:gen_006,2,-0.7672,2.6855,64,2026-06-07T12:06:48
18039,pool:gen_005,dqn,1,2.6607,-2.2399,64,2026-06-07T12:06:50
18040,dqn,pool:gen_006,2,-0.6682,2.3390,64,2026-06-07T12:06:52
18041,self,dqn,2,-1.0890,2.9949,64,2026-06-07T12:06:55
18042,dqn,pool:gen_005,2,-1.2622,3.6385,64,2026-06-07T12:06:56
18043,self,dqn,2,-0.5692,2.2153,64,2026-06-07T12:06:58
18044,dqn,self,2,-1.3736,3.4157,64,2026-06-07T12:07:01
18045,self,dqn,2,-0.9281,2.5618,64,2026-06-07T12:07:03
18046,dqn,pool:gen_005,2,-1.5221,3.7870,64,2026-06-07T12:07:05
18047,self,dqn,1,1.9306,-2.1162,64,2026-06-07T12:07:07
18048,dqn,pool:gen_006,2,-0.8167,2.7103,64,2026-06-07T12:07:09
18049,self,dqn,1,1.5222,-1.7078,64,2026-06-07T12:07:11
18050,dqn,random,1,2.0915,-1.8811,64,2026-06-07T12:07:13
18051,self,dqn,2,-0.7920,2.4380,64,2026-06-07T12:07:15
18052,dqn,self,1,1.6212,-1.8316,64,2026-06-07T12:07:17
18053,self,dqn,2,-0.6682,2.5989,64,2026-06-07T12:07:19
18054,dqn,self,2,-0.8538,2.8959,64,2026-06-07T12:07:21
18055,self,dqn,1,1.5717,-1.9553,64,2026-06-07T12:07:23
18056,dqn,pool:gen_005,2,-1.3860,3.6261,64,2026-06-07T12:07:25
18057,pool:gen_005,dqn,1,2.7721,-2.4256,64,2026-06-07T12:07:27
18058,dqn,pool:gen_005,2,-1.0147,3.2548,64,2026-06-07T12:07:29
18059,pool:gen_006,dqn,1,2.0172,-2.1410,64,2026-06-07T12:07:31
18060,dqn,self,2,-0.7425,2.4133,64,2026-06-07T12:07:33
18061,self,dqn,1,1.6088,-1.8439,64,2026-06-07T12:07:35
18062,dqn,pool:gen_005,2,-1.0890,3.2919,64,2026-06-07T12:07:37
18063,pool:gen_005,dqn,1,2.6855,-2.2523,64,2026-06-07T12:07:40
18064,dqn,pool:gen_006,2,-0.8415,2.7227,64,2026-06-07T12:07:42
18065,random,dqn,1,1.6583,-1.8316,64,2026-06-07T12:07:44
18066,dqn,self,2,-0.5816,2.4999,64,2026-06-07T12:07:46
18067,pool:gen_006,dqn,1,2.0915,-1.4727,64,2026-06-07T12:07:48
18068,dqn,pool:gen_006,2,-1.1880,3.2301,64,2026-06-07T12:07:50
18069,pool:gen_005,dqn,1,3.4651,-2.6607,64,2026-06-07T12:07:52
18070,dqn,self,2,-0.8910,2.9330,64,2026-06-07T12:07:54
18071,pool:gen_006,dqn,1,2.3761,-2.3761,64,2026-06-07T12:07:56
18072,dqn,pool:gen_006,2,-1.1385,3.1310,64,2026-06-07T12:07:58
18073,self,dqn,1,2.0914,-2.0296,64,2026-06-07T12:08:00
18074,dqn,pool:gen_006,2,-0.9405,3.0692,64,2026-06-07T12:08:02
18075,pool:gen_005,dqn,1,3.2795,-2.3637,64,2026-06-07T12:08:04
18076,dqn,self,2,-0.7301,2.4999,64,2026-06-07T12:08:06
18077,self,dqn,1,1.6831,-1.6212,64,2026-06-07T12:08:08
18078,dqn,self,1,1.4603,-1.9925,64,2026-06-07T12:08:10
18079,self,dqn,1,1.6088,-1.8439,64,2026-06-07T12:08:12
18080,dqn,heuristic,1,2.1286,-1.2499,64,2026-06-07T12:08:14
18081,self,dqn,1,1.6954,-2.1657,64,2026-06-07T12:08:17
18082,dqn,pool:gen_006,2,-1.0642,2.8712,64,2026-06-07T12:08:18
18083,pool:gen_006,dqn,1,2.0419,-2.0419,64,2026-06-07T12:08:20
18084,dqn,self,2,-0.4331,2.3885,64,2026-06-07T12:08:23
18085,self,dqn,1,1.5098,-1.7573,64,2026-06-07T12:08:25
18086,dqn,self,1,1.6583,-1.8316,64,2026-06-07T12:08:27
18087,self,dqn,1,2.2152,-1.9429,64,2026-06-07T12:08:29
18088,dqn,self,1,1.6954,-2.0915,64,2026-06-07T12:08:31
18089,self,dqn,2,-0.6558,2.4256,64,2026-06-07T12:08:33
18090,dqn,self,2,-1.2127,3.2053,64,2026-06-07T12:08:35
18091,random,dqn,2,-0.6311,3.0073,64,2026-06-07T12:08:37
18092,dqn,self,2,-0.5321,2.5494,64,2026-06-07T12:08:39
18093,self,dqn,1,1.9553,-1.9058,64,2026-06-07T12:08:41
18094,dqn,pool:gen_005,2,-0.9281,3.4157,64,2026-06-07T12:08:43
18095,pool:gen_006,dqn,2,-0.4826,2.5989,64,2026-06-07T12:08:45
18096,dqn,pool:gen_005,2,-1.0147,3.1434,64,2026-06-07T12:08:47
18097,self,dqn,1,1.5964,-1.9306,64,2026-06-07T12:08:49
18098,dqn,pool:gen_006,2,-0.7672,2.6484,64,2026-06-07T12:08:51
18099,self,dqn,1,2.4132,-2.2276,64,2026-06-07T12:08:53
18100,dqn,self,2,-0.6682,2.6360,64,2026-06-07T12:08:55
18101,self,dqn,1,1.5345,-1.9553,64,2026-06-07T12:21:11
18102,dqn,pool:gen_005,2,-0.8043,2.9454,64,2026-06-07T12:21:13
18103,self,dqn,2,-0.5197,2.4504,64,2026-06-07T12:21:16
18104,dqn,pool:gen_006,2,-0.7548,2.7722,64,2026-06-07T12:21:18
18105,self,dqn,2,-0.4578,2.5494,64,2026-06-07T12:21:20
18106,dqn,self,2,-0.8167,2.5246,64,2026-06-07T12:21:22
18107,heuristic,dqn,2,-0.4330,3.1311,64,2026-06-07T12:21:24
18108,dqn,heuristic,1,2.4875,-1.2623,64,2026-06-07T12:21:25
18109,pool:gen_005,dqn,1,2.0419,-2.0419,64,2026-06-07T12:21:27
18110,dqn,pool:gen_006,1,1.4232,-1.6583,64,2026-06-07T12:21:30
18111,pool:gen_005,dqn,1,2.1657,-2.1781,64,2026-06-07T12:21:32
18112,dqn,self,1,1.6707,-1.8192,64,2026-06-07T12:21:34
18113,pool:gen_006,dqn,1,1.8068,-1.7944,64,2026-06-07T12:21:36
18114,dqn,pool:gen_006,2,-0.6930,2.5370,64,2026-06-07T12:21:38
18115,pool:gen_006,dqn,1,1.8811,-1.9058,64,2026-06-07T12:21:40
18116,dqn,random,1,1.8811,-1.7944,64,2026-06-07T12:21:42
18117,self,dqn,1,2.1533,-1.7078,64,2026-06-07T12:21:44
18118,dqn,pool:gen_005,2,-0.5939,2.7103,64,2026-06-07T12:21:46
18119,self,dqn,1,2.0543,-2.2152,64,2026-06-07T12:21:48
18120,dqn,heuristic,1,2.2152,-1.1261,64,2026-06-07T12:21:50
18121,heuristic,dqn,2,-0.2845,2.9454,64,2026-06-07T12:21:51
18122,dqn,heuristic,1,2.5618,-1.0766,64,2026-06-07T12:21:53
18123,heuristic,dqn,2,0.0372,3.3043,64,2026-06-07T12:21:55
18124,dqn,pool:gen_005,2,-0.8043,2.8340,64,2026-06-07T12:21:57
18125,self,dqn,2,-0.6806,2.6608,64,2026-06-07T12:21:59
18126,dqn,pool:gen_005,2,-0.4702,2.4628,64,2026-06-07T12:22:01
18127,pool:gen_006,dqn,2,-0.5816,2.3885,64,2026-06-07T12:22:03
18128,dqn,pool:gen_006,2,-0.5321,2.4009,64,2026-06-07T12:22:05
18129,pool:gen_005,dqn,1,2.0172,-2.1038,64,2026-06-07T12:22:07
18130,dqn,self,2,-0.6063,2.2524,64,2026-06-07T12:22:09
18131,pool:gen_005,dqn,1,2.2276,-2.0048,64,2026-06-07T12:22:11
18132,dqn,self,1,1.7821,-1.7449,64,2026-06-07T12:22:13
18133,self,dqn,1,1.5469,-1.7944,64,2026-06-07T12:22:16
18134,dqn,pool:gen_006,2,-0.9528,2.9083,64,2026-06-07T12:22:18
18135,pool:gen_005,dqn,1,2.4380,-2.2028,64,2026-06-07T12:22:20
18136,dqn,self,2,-0.8043,2.3885,64,2026-06-07T12:22:21
18137,pool:gen_006,dqn,1,1.8687,-2.0667,64,2026-06-07T12:22:23
18138,dqn,self,1,1.3118,-1.7697,64,2026-06-07T12:22:25
18139,self,dqn,2,-0.6558,2.6855,64,2026-06-07T12:22:27
18140,dqn,self,2,-0.8539,2.3390,64,2026-06-07T12:22:29
18141,pool:gen_005,dqn,1,2.6236,-2.2771,64,2026-06-07T12:22:31
18142,dqn,self,1,1.4727,-1.6088,64,2026-06-07T12:22:33
18143,pool:gen_005,dqn,1,2.6236,-2.2771,64,2026-06-07T12:22:36
18144,dqn,self,2,-0.8786,2.7227,64,2026-06-07T12:22:38
18145,pool:gen_006,dqn,1,1.9553,-2.1657,64,2026-06-07T12:22:40
18146,dqn,self,2,-0.2350,2.6979,64,2026-06-07T12:22:42
18147,pool:gen_006,dqn,1,1.7202,-2.0667,64,2026-06-07T12:22:44
18148,dqn,self,2,-0.9528,2.8712,64,2026-06-07T12:22:46
18149,pool:gen_006,dqn,1,1.8687,-2.0667,64,2026-06-07T12:22:48
18150,dqn,pool:gen_005,2,-0.9899,3.5023,64,2026-06-07T12:22:50
18151,pool:gen_005,dqn,1,2.9949,-2.5369,64,2026-06-07T12:22:52
18152,dqn,self,1,1.3860,-1.6583,64,2026-06-07T12:22:54
18153,pool:gen_006,dqn,1,1.8687,-2.0667,64,2026-06-07T12:22:56
18154,dqn,pool:gen_006,2,-0.6682,2.4504,64,2026-06-07T12:22:58
18155,self,dqn,2,-0.8786,2.6113,64,2026-06-07T12:23:00
18156,dqn,self,1,1.6088,-1.7326,64,2026-06-07T12:23:02
18157,self,dqn,2,-0.8910,2.9330,64,2026-06-07T12:23:05
18158,dqn,pool:gen_006,2,-0.9528,2.6855,64,2026-06-07T12:23:07
18159,pool:gen_006,dqn,1,1.5098,-1.6459,64,2026-06-07T12:23:09
18160,dqn,heuristic,1,2.2400,-1.4726,64,2026-06-07T12:23:10
18161,pool:gen_006,dqn,1,1.7573,-1.9182,64,2026-06-07T12:23:12
18162,dqn,pool:gen_005,2,-0.9281,3.3043,64,2026-06-07T12:23:14
18163,self,dqn,1,1.8811,-1.7202,64,2026-06-07T12:23:16
18164,dqn,self,1,1.5841,-1.6459,64,2026-06-07T12:23:18
18165,pool:gen_006,dqn,1,1.6954,-1.6831,64,2026-06-07T12:23:20
18166,dqn,pool:gen_005,2,-0.9281,3.3043,64,2026-06-07T12:23:22
18167,self,dqn,1,1.9553,-2.2028,64,2026-06-07T12:23:24
18168,dqn,pool:gen_005,2,-0.5568,2.9331,64,2026-06-07T12:23:26
18169,self,dqn,1,1.6336,-1.6707,64,2026-06-07T12:23:29
18170,dqn,self,1,2.5370,-2.2152,64,2026-06-07T12:23:31
18171,pool:gen_005,dqn,1,2.1657,-2.0667,64,2026-06-07T12:23:33
18172,dqn,self,2,-0.7548,2.3266,64,2026-06-07T12:23:35
18173,pool:gen_006,dqn,1,2.0296,-1.9429,64,2026-06-07T12:23:37
18174,dqn,self,2,-0.7548,2.5494,64,2026-06-07T12:23:39
18175,self,dqn,1,1.5222,-1.8935,64,2026-06-07T12:23:41
18176,dqn,pool:gen_005,2,-0.9157,3.5023,64,2026-06-07T12:23:43
18177,pool:gen_006,dqn,1,1.8068,-1.5717,64,2026-06-07T12:23:45
18178,dqn,self,2,-0.6558,2.4628,64,2026-06-07T12:23:47
18179,self,dqn,2,-0.5692,2.4380,64,2026-06-07T12:23:49
18180,dqn,pool:gen_005,2,-0.5321,2.8464,64,2026-06-07T12:23:51
18181,self,dqn,1,1.9677,-2.2276,64,2026-06-07T12:23:53
18182,dqn,pool:gen_005,2,-0.4949,2.9578,64,2026-06-07T12:23:55
18183,self,dqn,1,2.2400,-1.7697,64,2026-06-07T12:23:57
18184,dqn,pool:gen_005,2,-0.8043,3.4652,64,2026-06-07T12:23:59
18185,self,dqn,2,-1.0519,2.8093,64,2026-06-07T12:24:01
18186,dqn,pool:gen_005,2,-0.8662,3.3662,64,2026-06-07T12:24:03
18187,self,dqn,2,-0.8538,2.6732,64,2026-06-07T12:24:05
18188,dqn,pool:gen_006,2,-0.7425,2.7474,64,2026-06-07T12:24:07
18189,self,dqn,1,1.6954,-1.9429,64,2026-06-07T12:24:09
18190,dqn,self,2,-0.7177,2.5865,64,2026-06-07T12:24:11
18191,self,dqn,2,-0.9281,2.5246,64,2026-06-07T12:24:13
18192,dqn,pool:gen_005,2,-0.8043,3.0939,64,2026-06-07T12:24:15
18193,pool:gen_006,dqn,1,1.8687,-1.8439,64,2026-06-07T12:24:17
18194,dqn,self,2,-0.9281,2.6360,64,2026-06-07T12:24:20
18195,self,dqn,2,-0.5816,2.3143,64,2026-06-07T12:24:22
18196,dqn,pool:gen_005,2,-1.1013,3.2053,64,2026-06-07T12:24:23
18197,pool:gen_006,dqn,1,1.7078,-1.7078,64,2026-06-07T12:24:26
18198,dqn,heuristic,1,2.0915,-1.3613,64,2026-06-07T12:24:27
18199,self,dqn,1,1.5345,-1.8811,64,2026-06-07T12:24:29
18200,dqn,self,2,-0.5940,2.3761,64,2026-06-07T12:24:31
18201,pool:gen_005,dqn,1,2.4751,-2.0172,64,2026-06-07T12:36:31
18202,dqn,self,1,1.8068,-1.9801,64,2026-06-07T12:36:33
18203,self,dqn,1,1.7326,-1.4974,64,2026-06-07T12:36:35
18204,dqn,self,1,1.9924,-1.9058,64,2026-06-07T12:36:37
18205,self,dqn,2,-0.5321,2.5123,64,2026-06-07T12:36:39
18206,dqn,pool:gen_005,2,-0.7425,2.8217,64,2026-06-07T12:36:40
18207,self,dqn,1,1.5098,-1.6459,64,2026-06-07T12:36:42
18208,dqn,self,1,1.9924,-2.0543,64,2026-06-07T12:36:45
18209,self,dqn,2,-1.0766,2.9330,64,2026-06-07T12:36:46
18210,dqn,random,1,2.5246,-2.3389,64,2026-06-07T12:36:48
18211,pool:gen_005,dqn,1,2.4008,-1.9429,64,2026-06-07T12:36:50
18212,dqn,pool:gen_005,2,-0.7672,3.0197,64,2026-06-07T12:36:52
18213,self,dqn,1,1.6459,-1.6954,64,2026-06-07T12:36:53
18214,dqn,self,1,1.5469,-1.7573,64,2026-06-07T12:36:55
18215,pool:gen_006,dqn,1,1.7944,-1.9553,64,2026-06-07T12:36:57
18216,dqn,self,1,1.6336,-1.5964,64,2026-06-07T12:36:58
18217,self,dqn,2,-0.5816,2.6484,64,2026-06-07T12:37:01
18218,dqn,pool:gen_006,2,-0.5445,2.4999,64,2026-06-07T12:37:03
18219,pool:gen_006,dqn,1,1.5098,-1.5346,64,2026-06-07T12:37:04
18220,dqn,pool:gen_006,2,-0.6435,2.6237,64,2026-06-07T12:37:06
18221,self,dqn,1,1.7078,-1.8192,64,2026-06-07T12:37:08
18222,dqn,pool:gen_006,2,-0.3959,2.4628,64,2026-06-07T12:37:10
18223,heuristic,dqn,2,-0.6805,3.6261,64,2026-06-07T12:37:12
18224,dqn,self,1,1.8439,-1.9429,64,2026-06-07T12:37:13
18225,pool:gen_005,dqn,1,2.3885,-2.2894,64,2026-06-07T12:37:15
18226,dqn,pool:gen_006,2,-0.4578,2.4009,64,2026-06-07T12:37:17
18227,pool:gen_005,dqn,1,2.5617,-2.3018,64,2026-06-07T12:37:19
18228,dqn,self,2,-0.4578,2.5123,64,2026-06-07T12:37:20
18229,pool:gen_005,dqn,1,2.4256,-2.2152,64,2026-06-07T12:37:23
18230,dqn,self,1,1.8934,-2.1533,64,2026-06-07T12:37:25
18231,self,dqn,2,-0.8662,2.7350,64,2026-06-07T12:37:27
18232,dqn,self,1,1.4232,-1.8068,64,2026-06-07T12:37:29
18233,pool:gen_006,dqn,1,1.8192,-1.8192,64,2026-06-07T12:37:32
18234,dqn,self,1,1.6954,-1.8687,64,2026-06-07T12:37:35
18235,pool:gen_005,dqn,1,2.5246,-2.3018,64,2026-06-07T12:37:37
18236,dqn,self,2,-0.6930,2.5741,64,2026-06-07T12:37:40
18237,self,dqn,2,-0.3217,2.5370,64,2026-06-07T12:37:42
18238,dqn,self,1,1.7326,-1.7944,64,2026-06-07T12:37:45
18239,pool:gen_006,dqn,1,1.6583,-1.6831,64,2026-06-07T12:37:47
18240,dqn,random,2,-0.6063,2.4380,64,2026-06-07T12:37:50
18241,self,dqn,2,-0.9900,2.7598,64,2026-06-07T12:37:52
18242,dqn,pool:gen_006,2,-0.6311,2.5246,64,2026-06-07T12:37:55
18243,pool:gen_005,dqn,1,2.3390,-2.0419,64,2026-06-07T12:37:57
18244,dqn,random,1,1.9306,-1.9306,64,2026-06-07T12:37:59
18245,pool:gen_006,dqn,1,1.9924,-2.0914,64,2026-06-07T12:38:01
18246,dqn,self,1,1.5469,-2.0172,64,2026-06-07T12:38:04
18247,pool:gen_005,dqn,1,2.2771,-1.8811,64,2026-06-07T12:38:07
18248,dqn,pool:gen_006,2,-0.6930,2.4628,64,2026-06-07T12:38:09
18249,self,dqn,2,-0.4083,2.4875,64,2026-06-07T12:38:12
18250,dqn,self,2,-0.7796,2.3390,64,2026-06-07T12:38:14
18251,self,dqn,1,1.5593,-1.7449,64,2026-06-07T12:38:17
18252,dqn,heuristic,1,2.3266,-1.2746,64,2026-06-07T12:38:19
18253,self,dqn,2,-0.6435,2.3638,64,2026-06-07T12:38:21
18254,dqn,self,2,-1.0271,2.7969,64,2026-06-07T12:38:23
18255,pool:gen_006,dqn,1,1.5840,-1.7573,64,2026-06-07T12:38:26
18256,dqn,self,2,-0.7672,2.6113,64,2026-06-07T12:38:28
18257,pool:gen_005,dqn,1,2.1410,-1.9058,64,2026-06-07T12:38:30
18258,dqn,heuristic,2,-0.4454,2.8959,64,2026-06-07T12:38:33
18259,self,dqn,1,1.5593,-1.7449,64,2026-06-07T12:38:35
18260,dqn,self,1,1.6954,-2.0172,64,2026-06-07T12:38:37
18261,pool:gen_006,dqn,1,1.8068,-1.9429,64,2026-06-07T12:38:40
18262,dqn,self,1,1.5222,-1.7449,64,2026-06-07T12:38:42
18263,pool:gen_006,dqn,1,1.9429,-2.1781,64,2026-06-07T12:38:44
18264,dqn,self,2,-0.6063,2.6237,64,2026-06-07T12:38:46
18265,self,dqn,1,1.8811,-1.9429,64,2026-06-07T12:38:49
18266,dqn,pool:gen_005,2,-1.0023,3.3414,64,2026-06-07T12:38:51
18267,self,dqn,1,1.4850,-1.9677,64,2026-06-07T12:38:53
18268,dqn,self,1,2.0543,-2.2523,64,2026-06-07T12:38:56
18269,pool:gen_006,dqn,1,2.0172,-2.3266,64,2026-06-07T12:38:58
18270,dqn,pool:gen_005,2,-0.7177,3.0321,64,2026-06-07T12:39:00
18271,self,dqn,1,2.0419,-1.9306,64,2026-06-07T12:39:03
18272,dqn,self,1,1.9182,-2.0915,64,2026-06-07T12:39:05
18273,pool:gen_005,dqn,1,2.2400,-2.0667,64,2026-06-07T12:39:08
18274,dqn,heuristic,2,-0.5692,2.7722,64,2026-06-07T12:39:10
18275,pool:gen_005,dqn,1,2.3018,-2.2276,64,2026-06-07T12:39:12
18276,dqn,pool:gen_006,2,-1.2994,3.0073,64,2026-06-07T12:39:15
18277,pool:gen_006,dqn,1,1.9058,-2.2895,64,2026-06-07T12:39:18
18278,dqn,self,2,-0.4578,2.4380,64,2026-06-07T12:39:20
18279,pool:gen_005,dqn,1,2.2771,-2.1409,64,2026-06-07T12:39:22
18280,dqn,pool:gen_006,2,-1.4107,3.3786,64,2026-06-07T12:39:25
18281,pool:gen_006,dqn,1,2.2894,-2.5370,64,2026-06-07T12:39:27
18282,dqn,pool:gen_005,2,-1.1385,3.2424,64,2026-06-07T12:39:30
18283,self,dqn,1,1.5098,-1.9801,64,2026-06-07T12:39:32
18284,dqn,self,2,-0.6558,2.3143,64,2026-06-07T12:39:35
18285,self,dqn,2,-1.1261,2.8835,64,2026-06-07T12:39:37
18286,dqn,self,1,1.6459,-1.8068,64,2026-06-07T12:39:39
18287,self,dqn,2,-0.6806,2.2895,64,2026-06-07T12:39:41
18288,dqn,self,2,-0.7672,2.6484,64,2026-06-07T12:39:44
18289,pool:gen_006,dqn,1,2.3142,-2.4008,64,2026-06-07T12:39:46
18290,dqn,self,1,1.7573,-2.1038,64,2026-06-07T12:39:50
18291,pool:gen_005,dqn,1,2.9825,-2.4379,64,2026-06-07T12:39:53
18292,dqn,pool:gen_006,2,-1.2746,3.1434,64,2026-06-07T12:39:56
18293,self,dqn,1,1.8439,-2.1657,64,2026-06-07T12:39:59
18294,dqn,self,1,1.7449,-1.8934,64,2026-06-07T12:40:01
18295,self,dqn,2,-0.6930,2.3885,64,2026-06-07T12:40:04
18296,dqn,self,2,-0.7053,2.4875,64,2026-06-07T12:40:06
18297,pool:gen_006,dqn,1,2.2771,-2.2895,64,2026-06-07T12:40:09
18298,dqn,self,2,-0.8291,2.6236,64,2026-06-07T12:40:12
18299,self,dqn,1,1.9677,-1.9306,64,2026-06-07T12:40:14
18300,dqn,self,1,2.1409,-2.2400,64,2026-06-07T12:40:17
18301,random,dqn,2,-0.7177,2.8464,64,2026-06-07T12:53:51
18302,dqn,self,2,-0.7796,3.3043,64,2026-06-07T12:53:53
18303,self,dqn,1,1.5964,-1.7078,64,2026-06-07T12:53:56
18304,dqn,self,1,2.0791,-2.2647,64,2026-06-07T12:53:58
18305,random,dqn,1,1.6707,-1.6336,64,2026-06-07T12:54:00
18306,dqn,pool:gen_005,2,-0.7053,3.3415,64,2026-06-07T12:54:03
18307,pool:gen_005,dqn,1,2.4627,-2.1038,64,2026-06-07T12:54:05
18308,dqn,random,1,2.5246,-2.3761,64,2026-06-07T12:54:08
18309,self,dqn,1,1.6583,-1.5717,64,2026-06-07T12:54:10
18310,dqn,self,2,-0.5197,2.7474,64,2026-06-07T12:54:12
18311,pool:gen_005,dqn,1,2.4875,-1.9305,64,2026-06-07T12:54:15
18312,dqn,self,2,-0.6187,2.2771,64,2026-06-07T12:54:17
18313,pool:gen_006,dqn,1,2.3390,-2.2276,64,2026-06-07T12:54:20
18314,dqn,self,1,1.8811,-1.9429,64,2026-06-07T12:54:22
18315,pool:gen_005,dqn,1,2.4380,-2.2028,64,2026-06-07T12:54:25
18316,dqn,heuristic,1,2.1657,-1.1756,64,2026-06-07T12:54:27
18317,self,dqn,2,-0.7301,2.3514,64,2026-06-07T12:54:29
18318,dqn,self,2,-0.8167,2.4875,64,2026-06-07T12:54:32
18319,self,dqn,1,1.6336,-1.4850,64,2026-06-07T12:54:34
18320,dqn,pool:gen_005,2,-1.1261,3.2548,64,2026-06-07T12:54:36
18321,self,dqn,2,-0.4950,2.4009,64,2026-06-07T12:54:39
18322,dqn,self,1,1.5098,-1.6088,64,2026-06-07T12:54:41
18323,self,dqn,1,1.4850,-1.7078,64,2026-06-07T12:54:44
18324,dqn,pool:gen_006,2,-1.1385,3.1682,64,2026-06-07T12:54:46
18325,self,dqn,2,-0.8291,2.8464,64,2026-06-07T12:54:49
18326,dqn,pool:gen_005,2,-1.2251,3.2672,64,2026-06-07T12:54:52
18327,pool:gen_005,dqn,1,2.4132,-2.2276,64,2026-06-07T12:54:54
18328,dqn,self,2,-0.4331,2.4628,64,2026-06-07T12:54:57
18329,self,dqn,1,1.8811,-1.6830,64,2026-06-07T12:54:59
18330,dqn,self,2,-0.7796,2.5618,64,2026-06-07T12:55:01
18331,pool:gen_006,dqn,1,2.0543,-2.1781,64,2026-06-07T12:55:04
18332,dqn,self,1,1.7202,-1.8439,64,2026-06-07T12:55:06
18333,random,dqn,2,-0.7672,2.6484,64,2026-06-07T12:55:08
18334,dqn,random,1,2.1781,-1.9429,64,2026-06-07T12:55:11
18335,pool:gen_005,dqn,1,2.3513,-2.4380,64,2026-06-07T12:55:13
18336,dqn,pool:gen_005,2,-1.2870,3.1682,64,2026-06-07T12:55:15
18337,pool:gen_005,dqn,1,2.5370,-2.3266,64,2026-06-07T12:55:18
18338,dqn,pool:gen_006,2,-0.9776,2.6236,64,2026-06-07T12:55:21
18339,self,dqn,1,1.8687,-1.8439,64,2026-06-07T12:55:23
18340,dqn,self,2,-0.6806,2.2895,64,2026-06-07T12:55:25
18341,self,dqn,2,-0.6187,2.3885,64,2026-06-07T12:55:28
18342,dqn,self,1,1.3984,-1.5717,64,2026-06-07T12:55:30
18343,self,dqn,2,-0.9405,2.8835,64,2026-06-07T12:55:33
18344,dqn,heuristic,1,2.3514,-1.3984,64,2026-06-07T12:55:35
18345,heuristic,dqn,1,2.1286,-1.3984,64,2026-06-07T12:55:37
18346,dqn,pool:gen_005,2,-0.9528,2.7227,64,2026-06-07T12:55:40
18347,pool:gen_005,dqn,1,2.1410,-1.9058,64,2026-06-07T12:55:42
18348,dqn,pool:gen_006,2,-0.7053,2.5618,64,2026-06-07T12:55:44
18349,heuristic,dqn,1,2.2276,-1.2994,64,2026-06-07T12:55:47
18350,dqn,pool:gen_005,2,-0.9900,3.0568,64,2026-06-07T12:55:49
18351,random,dqn,2,-0.3588,2.9826,64,2026-06-07T12:55:51
18352,dqn,self,1,1.7449,-1.6336,64,2026-06-07T12:55:54
18353,pool:gen_006,dqn,1,1.6088,-1.6583,64,2026-06-07T12:55:56
18354,dqn,pool:gen_005,2,-0.8538,2.6360,64,2026-06-07T12:55:59
18355,pool:gen_006,dqn,2,-0.4826,2.3019,64,2026-06-07T12:56:01
18356,dqn,self,2,-0.8167,2.6732,64,2026-06-07T12:56:04
18357,self,dqn,1,1.5964,-1.6707,64,2026-06-07T12:56:07
18358,dqn,self,1,1.3984,-1.7202,64,2026-06-07T12:56:09
18359,pool:gen_006,dqn,1,1.6212,-1.7573,64,2026-06-07T12:56:12
18360,dqn,self,1,1.7078,-1.4479,64,2026-06-07T12:56:14
18361,self,dqn,2,-0.8415,2.7969,64,2026-06-07T12:56:17
18362,dqn,self,2,-0.9281,2.7845,64,2026-06-07T12:56:19
18363,self,dqn,2,-0.8291,2.8835,64,2026-06-07T12:56:22
18364,dqn,pool:gen_005,2,-1.0023,2.7474,64,2026-06-07T12:56:24
18365,pool:gen_006,dqn,1,1.5964,-1.8934,64,2026-06-07T12:56:26
18366,dqn,self,2,-0.6063,2.5494,64,2026-06-07T12:56:29
18367,pool:gen_006,dqn,2,-0.7796,2.4504,64,2026-06-07T12:56:31
18368,dqn,self,2,-0.6682,2.3390,64,2026-06-07T12:56:34
18369,pool:gen_006,dqn,1,1.5345,-1.9182,64,2026-06-07T12:56:37
18370,dqn,pool:gen_006,1,1.5469,-1.6088,64,2026-06-07T12:56:39
18371,self,dqn,2,-0.7177,2.4380,64,2026-06-07T12:56:42
18372,dqn,heuristic,1,2.1657,-1.2870,64,2026-06-07T12:56:44
18373,self,dqn,2,-0.8662,2.4009,64,2026-06-07T12:56:46
18374,dqn,random,2,-0.4950,2.4752,64,2026-06-07T12:56:49
18375,pool:gen_006,dqn,1,1.5469,-1.7944,64,2026-06-07T12:56:51
18376,dqn,pool:gen_006,2,-0.5321,2.3266,64,2026-06-07T12:56:53
18377,self,dqn,2,-0.6806,2.1781,64,2026-06-07T12:56:57
18378,dqn,self,2,-0.5939,2.7474,64,2026-06-07T12:56:59
18379,pool:gen_006,dqn,2,-0.6682,2.5246,64,2026-06-07T12:57:01
18380,dqn,self,1,1.5469,-1.6459,64,2026-06-07T12:57:04
18381,self,dqn,2,-0.8043,2.6855,64,2026-06-07T12:57:06
18382,dqn,pool:gen_005,2,-1.0642,2.7969,64,2026-06-07T12:57:09
18383,self,dqn,1,2.0419,-1.8934,64,2026-06-07T12:57:12
18384,dqn,pool:gen_006,2,-0.5197,2.4875,64,2026-06-07T12:57:14
18385,self,dqn,1,1.4727,-1.5717,64,2026-06-07T12:57:16
18386,dqn,pool:gen_006,2,-0.5197,2.4875,64,2026-06-07T12:57:19
18387,self,dqn,2,-0.8044,2.3143,64,2026-06-07T12:57:21
18388,dqn,self,2,-0.9281,2.5989,64,2026-06-07T12:57:24
18389,pool:gen_005,dqn,1,1.9306,-2.0048,64,2026-06-07T12:57:26
18390,dqn,self,1,1.6707,-2.0791,64,2026-06-07T12:57:29
18391,pool:gen_005,dqn,1,1.9182,-1.9801,64,2026-06-07T12:57:31
18392,dqn,heuristic,1,1.9182,-1.1633,64,2026-06-07T12:57:33
18393,pool:gen_006,dqn,1,1.7078,-1.7449,64,2026-06-07T12:57:36
18394,dqn,self,1,1.4850,-1.7078,64,2026-06-07T12:57:38
18395,pool:gen_006,dqn,1,1.4974,-1.7326,64,2026-06-07T12:57:40
18396,dqn,self,1,1.3242,-1.6831,64,2026-06-07T12:57:43
18397,pool:gen_006,dqn,2,-0.3341,2.5618,64,2026-06-07T12:57:45
18398,dqn,self,1,1.4974,-1.8068,64,2026-06-07T12:57:48
18399,pool:gen_006,dqn,2,-0.5321,2.1781,64,2026-06-07T12:57:50
18400,dqn,pool:gen_006,2,-0.6558,2.5370,64,2026-06-07T12:57:52
18401,self,dqn,1,1.6707,-1.7821,64,2026-06-07T13:10:16
18402,dqn,heuristic,1,2.0791,-1.2994,64,2026-06-07T13:10:18
18403,pool:gen_006,dqn,2,-0.5073,2.2029,64,2026-06-07T13:10:20
18404,dqn,heuristic,1,2.5494,-1.6088,64,2026-06-07T13:10:22
18405,self,dqn,1,1.4355,-1.7944,64,2026-06-07T13:10:24
18406,dqn,random,1,1.8192,-1.8563,64,2026-06-07T13:10:26
18407,random,dqn,2,-1.0518,3.4776,64,2026-06-07T13:10:28
18408,dqn,self,2,-0.9033,2.6979,64,2026-06-07T13:10:29
18409,self,dqn,1,1.3860,-1.7326,64,2026-06-07T13:10:31
18410,dqn,self,1,1.7449,-2.1533,64,2026-06-07T13:10:33
18411,pool:gen_006,dqn,1,1.5841,-1.6088,64,2026-06-07T13:10:35
18412,dqn,self,2,-0.8167,2.3761,64,2026-06-07T13:10:37
18413,self,dqn,1,1.9182,-2.0543,64,2026-06-07T13:10:39
18414,dqn,pool:gen_006,1,1.5222,-1.6336,64,2026-06-07T13:10:41
18415,self,dqn,1,1.9677,-2.0419,64,2026-06-07T13:10:43
18416,dqn,self,2,-0.6311,2.4875,64,2026-06-07T13:10:45
18417,pool:gen_005,dqn,1,2.2895,-2.1657,64,2026-06-07T13:10:47
18418,dqn,random,2,-0.4702,2.2771,64,2026-06-07T13:10:49
18419,self,dqn,2,-0.8415,2.5741,64,2026-06-07T13:10:51
18420,dqn,pool:gen_005,2,-0.7425,2.6732,64,2026-06-07T13:10:53
18421,self,dqn,2,-0.8415,2.6113,64,2026-06-07T13:10:56
18422,dqn,pool:gen_006,2,-0.6435,2.3638,64,2026-06-07T13:10:58
18423,pool:gen_006,dqn,1,1.5222,-1.7449,64,2026-06-07T13:11:00
18424,dqn,pool:gen_006,2,-0.5692,2.3266,64,2026-06-07T13:11:02
18425,self,dqn,2,-0.9405,2.3638,64,2026-06-07T13:11:04
18426,dqn,self,2,-0.6187,2.8340,64,2026-06-07T13:11:06
18427,pool:gen_005,dqn,1,2.4008,-2.2399,64,2026-06-07T13:11:08
18428,dqn,random,1,1.6707,-1.8563,64,2026-06-07T13:11:10
18429,pool:gen_005,dqn,1,2.3513,-2.1781,64,2026-06-07T13:11:12
18430,dqn,pool:gen_005,2,-0.7301,2.9454,64,2026-06-07T13:11:14
18431,pool:gen_006,dqn,1,1.5717,-1.8068,64,2026-06-07T13:11:16
18432,dqn,self,1,1.6459,-1.7697,64,2026-06-07T13:11:18
18433,self,dqn,2,-0.5321,2.4009,64,2026-06-07T13:11:20
18434,dqn,pool:gen_006,2,-0.5940,2.3019,64,2026-06-07T13:11:22
18435,pool:gen_005,dqn,1,2.6112,-2.4008,64,2026-06-07T13:11:24
18436,dqn,self,2,-0.6930,2.2400,64,2026-06-07T13:11:26
18437,self,dqn,1,1.9924,-2.1286,64,2026-06-07T13:11:28
18438,dqn,pool:gen_005,2,-1.3612,3.5023,64,2026-06-07T13:11:29
18439,pool:gen_006,dqn,1,2.1533,-1.9306,64,2026-06-07T13:11:31
18440,dqn,heuristic,1,2.8464,-1.4231,64,2026-06-07T13:11:33
18441,self,dqn,2,-0.5073,2.8340,64,2026-06-07T13:11:35
18442,dqn,pool:gen_005,2,-0.9157,3.1682,64,2026-06-07T13:11:37
18443,self,dqn,2,-0.6930,2.3514,64,2026-06-07T13:11:39
18444,dqn,heuristic,1,2.6484,-1.5098,64,2026-06-07T13:11:40
18445,self,dqn,1,1.7821,-1.9677,64,2026-06-07T13:11:43
18446,dqn,self,1,2.2152,-2.3142,64,2026-06-07T13:11:45
18447,self,dqn,1,1.9801,-1.6954,64,2026-06-07T13:11:47
18448,dqn,pool:gen_006,2,-0.5940,2.4504,64,2026-06-07T13:11:48
18449,self,dqn,2,-0.6063,2.5494,64,2026-06-07T13:11:51
18450,dqn,self,1,1.9058,-1.7326,64,2026-06-07T13:11:53
18451,self,dqn,2,-0.8538,2.5246,64,2026-06-07T13:11:54
18452,dqn,pool:gen_005,2,-0.4826,2.7474,64,2026-06-07T13:11:56
18453,self,dqn,1,1.9924,-1.8316,64,2026-06-07T13:11:58
18454,dqn,self,1,1.4974,-1.7326,64,2026-06-07T13:12:00
18455,heuristic,dqn,2,-0.7177,3.8117,64,2026-06-07T13:12:02
18456,dqn,self,2,-1.0642,2.7969,64,2026-06-07T13:12:04
18457,self,dqn,2,-0.6930,2.4256,64,2026-06-07T13:12:06
18458,dqn,pool:gen_005,2,-0.9528,3.2053,64,2026-06-07T13:12:08
18459,self,dqn,1,1.5098,-1.4974,64,2026-06-07T13:12:09
18460,dqn,self,2,-0.8910,2.8217,64,2026-06-07T13:12:11
18461,self,dqn,1,1.9429,-1.8439,64,2026-06-07T13:12:13
18462,dqn,self,2,-0.7425,2.4133,64,2026-06-07T13:12:15
18463,self,dqn,1,1.5345,-1.8439,64,2026-06-07T13:12:17
18464,dqn,self,2,-0.8167,2.4133,64,2026-06-07T13:12:19
18465,pool:gen_006,dqn,1,1.4232,-1.7326,64,2026-06-07T13:12:21
18466,dqn,pool:gen_006,1,1.4108,-1.6707,64,2026-06-07T13:12:23
18467,heuristic,dqn,2,-0.3340,3.0073,64,2026-06-07T13:12:24
18468,dqn,pool:gen_006,2,-0.7177,2.4009,64,2026-06-07T13:12:26
18469,pool:gen_005,dqn,1,2.1410,-1.7573,64,2026-06-07T13:12:28
18470,dqn,pool:gen_006,1,1.5964,-1.7449,64,2026-06-07T13:12:30
18471,random,dqn,2,-0.9900,3.2053,64,2026-06-07T13:12:31
18472,dqn,pool:gen_005,2,-0.4454,2.8588,64,2026-06-07T13:12:33
18473,pool:gen_006,dqn,1,1.6954,-1.6831,64,2026-06-07T13:12:35
18474,dqn,self,1,1.5964,-1.5964,64,2026-06-07T13:12:37
18475,self,dqn,2,-0.4331,2.5370,64,2026-06-07T13:12:39
18476,dqn,pool:gen_006,2,-0.4578,2.3638,64,2026-06-07T13:12:41
18477,self,dqn,2,-1.2622,3.1187,64,2026-06-07T13:12:42
18478,dqn,self,2,-0.7301,2.3885,64,2026-06-07T13:12:44
18479,pool:gen_005,dqn,1,2.1410,-1.6088,64,2026-06-07T13:12:46
18480,dqn,self,2,-0.8786,2.8712,64,2026-06-07T13:12:48
18481,self,dqn,2,-0.6063,2.8835,64,2026-06-07T13:12:50
18482,dqn,pool:gen_005,2,-0.4454,3.0816,64,2026-06-07T13:12:52
18483,self,dqn,2,-0.7053,2.4504,64,2026-06-07T13:12:54
18484,dqn,pool:gen_005,2,-0.4083,3.0444,64,2026-06-07T13:12:56
18485,pool:gen_006,dqn,2,-0.4950,2.2153,64,2026-06-07T13:12:58
18486,dqn,heuristic,1,1.8687,-1.2499,64,2026-06-07T13:12:59
18487,pool:gen_006,dqn,1,1.8068,-1.9429,64,2026-06-07T13:13:02
18488,dqn,self,1,1.9306,-1.8934,64,2026-06-07T13:13:04
18489,pool:gen_006,dqn,1,1.7944,-2.0296,64,2026-06-07T13:13:05
18490,dqn,self,1,1.6088,-1.7326,64,2026-06-07T13:13:07
18491,self,dqn,2,-0.6682,2.4504,64,2026-06-07T13:13:10
18492,dqn,self,1,1.5717,-1.7326,64,2026-06-07T13:13:11
18493,pool:gen_005,dqn,1,3.1434,-2.6112,64,2026-06-07T13:13:13
18494,dqn,pool:gen_005,2,-0.8786,3.2053,64,2026-06-07T13:13:15
18495,self,dqn,1,1.7202,-1.9553,64,2026-06-07T13:13:17
18496,dqn,pool:gen_005,2,-1.2746,3.7375,64,2026-06-07T13:13:19
18497,self,dqn,2,-0.5444,2.6484,64,2026-06-07T13:13:21
18498,dqn,pool:gen_006,2,-0.8043,2.9083,64,2026-06-07T13:13:23
18499,self,dqn,1,1.7944,-1.8811,64,2026-06-07T13:13:25
18500,dqn,self,2,-0.6311,2.1905,64,2026-06-07T13:13:27
18501,self,dqn,2,-0.7920,2.7350,64,2026-06-07T13:26:36
18502,dqn,random,1,1.6336,-1.6336,64,2026-06-07T13:26:38
18503,self,dqn,1,1.7821,-1.7078,64,2026-06-07T13:26:41
18504,dqn,self,1,1.5469,-1.9058,64,2026-06-07T13:26:43
18505,random,dqn,2,-0.7920,2.8464,64,2026-06-07T13:26:45
18506,dqn,pool:gen_006,2,-0.6558,2.5742,64,2026-06-07T13:26:47
18507,self,dqn,1,1.7821,-2.0048,64,2026-06-07T13:26:50
18508,dqn,pool:gen_005,2,-1.1137,3.5271,64,2026-06-07T13:26:52
18509,self,dqn,1,1.6335,-2.0048,64,2026-06-07T13:26:55
18510,dqn,heuristic,1,2.0667,-1.5345,64,2026-06-07T13:26:57
18511,pool:gen_006,dqn,1,2.2028,-1.9924,64,2026-06-07T13:26:59
18512,dqn,pool:gen_006,2,-0.7301,2.8712,64,2026-06-07T13:27:02
18513,pool:gen_005,dqn,1,2.8340,-2.3637,64,2026-06-07T13:27:04
18514,dqn,self,2,-0.8415,2.3514,64,2026-06-07T13:27:06
18515,random,dqn,2,-0.7425,2.4133,64,2026-06-07T13:27:08
18516,dqn,pool:gen_006,2,-0.4702,2.2771,64,2026-06-07T13:27:09
18517,pool:gen_006,dqn,1,1.9924,-2.1657,64,2026-06-07T13:27:12
18518,dqn,self,2,-0.6435,2.5123,64,2026-06-07T13:27:15
18519,self,dqn,1,1.9924,-2.0543,64,2026-06-07T13:27:17
18520,dqn,self,2,-0.7796,2.7103,64,2026-06-07T13:27:20
18521,self,dqn,2,-0.7672,2.6113,64,2026-06-07T13:27:22
18522,dqn,pool:gen_005,2,-0.6806,2.7350,64,2026-06-07T13:27:24
18523,self,dqn,2,-1.0147,2.9949,64,2026-06-07T13:27:26
18524,dqn,self,2,-0.8538,2.8959,64,2026-06-07T13:27:29
18525,pool:gen_005,dqn,1,2.0914,-2.1409,64,2026-06-07T13:27:31
18526,dqn,pool:gen_005,2,-0.9033,2.7722,64,2026-06-07T13:27:33
18527,pool:gen_005,dqn,1,2.3637,-2.3513,64,2026-06-07T13:27:35
18528,dqn,heuristic,2,-0.6558,2.9454,64,2026-06-07T13:27:37
18529,random,dqn,2,-0.5692,2.6608,64,2026-06-07T13:27:39
18530,dqn,self,2,-0.6311,2.9331,64,2026-06-07T13:27:41
18531,self,dqn,1,1.9924,-2.1286,64,2026-06-07T13:27:44
18532,dqn,pool:gen_006,2,-0.7548,2.3638,64,2026-06-07T13:27:46
18533,self,dqn,1,1.9677,-2.0791,64,2026-06-07T13:27:48
18534,dqn,self,1,2.0543,-1.9182,64,2026-06-07T13:27:50
18535,pool:gen_005,dqn,1,2.1409,-2.1657,64,2026-06-07T13:27:52
18536,dqn,self,1,1.4479,-1.6336,64,2026-06-07T13:27:55
18537,heuristic,dqn,2,-0.0865,2.9578,64,2026-06-07T13:27:57
18538,dqn,pool:gen_006,2,-0.5940,2.6360,64,2026-06-07T13:27:59
18539,self,dqn,2,-0.4207,2.2895,64,2026-06-07T13:28:01
18540,dqn,self,2,-0.8662,2.8093,64,2026-06-07T13:28:03
18541,pool:gen_006,dqn,1,1.7326,-1.7944,64,2026-06-07T13:28:05
18542,dqn,self,1,1.5840,-1.9801,64,2026-06-07T13:28:07
18543,pool:gen_006,dqn,1,1.8811,-1.9801,64,2026-06-07T13:28:10
18544,dqn,self,1,1.8439,-1.7573,64,2026-06-07T13:28:12
18545,self,dqn,1,1.6583,-1.9058,64,2026-06-07T13:28:14
18546,dqn,self,2,-0.5568,2.3761,64,2026-06-07T13:28:16
18547,pool:gen_006,dqn,1,1.8192,-1.7821,64,2026-06-07T13:28:19
18548,dqn,self,1,1.8316,-1.7326,64,2026-06-07T13:28:21
18549,self,dqn,2,-1.1509,3.0444,64,2026-06-07T13:28:23
18550,dqn,self,1,1.6459,-1.6583,64,2026-06-07T13:28:26
18551,pool:gen_006,dqn,1,1.7202,-1.7326,64,2026-06-07T13:28:28
18552,dqn,self,1,1.6830,-2.0667,64,2026-06-07T13:28:30
18553,random,dqn,2,-0.8291,2.7722,64,2026-06-07T13:28:32
18554,dqn,pool:gen_005,2,-0.8662,3.1434,64,2026-06-07T13:28:34
18555,random,dqn,2,-1.1756,2.8340,64,2026-06-07T13:28:36
18556,dqn,pool:gen_005,2,-1.1385,3.4281,64,2026-06-07T13:28:38
18557,self,dqn,2,-0.7425,2.8588,64,2026-06-07T13:28:41
18558,dqn,self,1,2.8464,-2.3142,64,2026-06-07T13:28:43
18559,self,dqn,2,-0.6930,2.6855,64,2026-06-07T13:28:45
18560,dqn,self,1,1.7449,-1.7449,64,2026-06-07T13:28:47
18561,self,dqn,1,1.5469,-1.6459,64,2026-06-07T13:28:49
18562,dqn,self,1,1.6583,-1.8687,64,2026-06-07T13:28:52
18563,random,dqn,2,-0.7796,2.7103,64,2026-06-07T13:28:54
18564,dqn,self,2,-0.7301,2.4999,64,2026-06-07T13:28:56
18565,self,dqn,1,1.6583,-2.0172,64,2026-06-07T13:28:59
18566,dqn,self,2,-0.5321,2.5123,64,2026-06-07T13:29:01
18567,pool:gen_005,dqn,1,2.0419,-2.2276,64,2026-06-07T13:29:03
18568,dqn,self,1,2.2152,-1.9801,64,2026-06-07T13:29:06
18569,pool:gen_006,dqn,1,1.8563,-2.0791,64,2026-06-07T13:29:08
18570,dqn,self,2,-0.6311,2.4504,64,2026-06-07T13:29:11
18571,pool:gen_006,dqn,1,2.1409,-2.4256,64,2026-06-07T13:29:13
18572,dqn,pool:gen_005,2,-0.7672,2.8712,64,2026-06-07T13:29:15
18573,pool:gen_006,dqn,1,2.0914,-2.1409,64,2026-06-07T13:29:17
18574,dqn,self,1,1.5964,-1.8934,64,2026-06-07T13:29:19
18575,self,dqn,1,2.0419,-2.1533,64,2026-06-07T13:29:22
18576,dqn,self,2,-0.4578,2.5123,64,2026-06-07T13:29:24
18577,pool:gen_005,dqn,1,2.7226,-2.5122,64,2026-06-07T13:29:26
18578,dqn,pool:gen_006,2,-1.0890,2.8464,64,2026-06-07T13:29:28
18579,pool:gen_005,dqn,1,2.5988,-2.4132,64,2026-06-07T13:29:31
18580,dqn,self,2,-1.2622,3.1929,64,2026-06-07T13:29:33
18581,self,dqn,2,-0.6806,2.3638,64,2026-06-07T13:29:36
18582,dqn,self,2,-0.6930,2.7227,64,2026-06-07T13:29:39
18583,self,dqn,2,-1.1632,2.6608,64,2026-06-07T13:29:41
18584,dqn,self,1,1.7573,-1.9553,64,2026-06-07T13:29:43
18585,self,dqn,2,-0.9033,2.5865,64,2026-06-07T13:29:46
18586,dqn,self,2,-0.7796,2.5618,64,2026-06-07T13:29:49
18587,pool:gen_005,dqn,1,2.5246,-2.1533,64,2026-06-07T13:29:52
18588,dqn,heuristic,1,2.2895,-1.7573,64,2026-06-07T13:29:54
18589,self,dqn,1,1.9182,-2.0915,64,2026-06-07T13:29:56
18590,dqn,self,2,-0.8043,2.6484,64,2026-06-07T13:29:59
18591,self,dqn,1,1.6459,-1.6954,64,2026-06-07T13:30:01
18592,dqn,random,1,1.9306,-1.8934,64,2026-06-07T13:30:03
18593,self,dqn,1,2.2276,-2.0419,64,2026-06-07T13:30:05
18594,dqn,pool:gen_005,2,-1.1385,3.7251,64,2026-06-07T13:30:08
18595,self,dqn,2,-0.6806,2.5494,64,2026-06-07T13:30:10
18596,dqn,pool:gen_006,2,-0.9652,3.0816,64,2026-06-07T13:30:12
18597,self,dqn,1,1.6707,-1.3365,64,2026-06-07T13:30:14
18598,dqn,self,2,-0.8538,2.7103,64,2026-06-07T13:30:16
18599,pool:gen_005,dqn,1,2.1905,-2.1533,64,2026-06-07T13:30:18
18600,dqn,self,2,-0.5197,2.7103,64,2026-06-07T13:30:20
18601,pool:gen_005,dqn,1,2.5370,-2.3266,64,2026-06-07T13:42:28
18602,dqn,pool:gen_005,2,-1.0395,3.2672,64,2026-06-07T13:42:31
18603,self,dqn,1,1.5717,-1.8439,64,2026-06-07T13:42:33
18604,dqn,self,1,1.6212,-1.7202,64,2026-06-07T13:42:35
18605,self,dqn,1,1.6583,-2.0172,64,2026-06-07T13:42:37
18606,dqn,pool:gen_005,2,-1.1756,3.6508,64,2026-06-07T13:42:39
18607,self,dqn,1,1.7202,-1.9182,64,2026-06-07T13:42:42
18608,dqn,pool:gen_006,2,-1.3860,3.2177,64,2026-06-07T13:42:44
18609,pool:gen_005,dqn,1,2.6236,-2.3884,64,2026-06-07T13:42:46
18610,dqn,pool:gen_005,2,-1.3241,3.5766,64,2026-06-07T13:42:48
18611,self,dqn,1,1.7202,-1.8068,64,2026-06-07T13:42:50
18612,dqn,pool:gen_006,2,-1.1632,3.0320,64,2026-06-07T13:42:52
18613,self,dqn,2,-0.6558,2.4628,64,2026-06-07T13:42:54
18614,dqn,heuristic,2,-0.9281,3.3414,64,2026-06-07T13:42:56
18615,pool:gen_005,dqn,1,2.8092,-2.3884,64,2026-06-07T13:42:58
18616,dqn,self,1,1.6212,-1.6459,64,2026-06-07T13:43:00
18617,heuristic,dqn,1,2.3513,-1.8439,64,2026-06-07T13:43:02
18618,dqn,pool:gen_006,2,-1.3365,3.1929,64,2026-06-07T13:43:04
18619,self,dqn,1,1.5964,-1.4479,64,2026-06-07T13:43:06
18620,dqn,self,2,-0.6187,2.5370,64,2026-06-07T13:43:08
18621,pool:gen_005,dqn,1,2.8587,-2.5617,64,2026-06-07T13:43:10
18622,dqn,pool:gen_005,2,-1.4974,3.6261,64,2026-06-07T13:43:12
18623,random,dqn,2,-0.6682,2.7103,64,2026-06-07T13:43:14
18624,dqn,self,2,-0.2722,2.4380,64,2026-06-07T13:43:16
18625,pool:gen_006,dqn,1,2.1162,-2.3018,64,2026-06-07T13:43:18
18626,dqn,pool:gen_005,2,-1.2622,3.3414,64,2026-06-07T13:43:20
18627,heuristic,dqn,2,-0.3588,2.6484,64,2026-06-07T13:43:22
18628,dqn,self,2,-0.6435,2.6608,64,2026-06-07T13:43:24
18629,self,dqn,1,1.5840,-1.9430,64,2026-06-07T13:43:26
18630,dqn,pool:gen_006,2,-0.9281,2.6731,64,2026-06-07T13:43:28
18631,pool:gen_005,dqn,1,2.6360,-2.5246,64,2026-06-07T13:43:30
18632,dqn,self,2,-0.7796,2.4504,64,2026-06-07T13:43:32
18633,pool:gen_006,dqn,1,1.8439,-2.0172,64,2026-06-07T13:43:34
18634,dqn,pool:gen_005,2,-0.9033,3.0320,64,2026-06-07T13:43:36
18635,self,dqn,1,1.5593,-1.5222,64,2026-06-07T13:43:38
18636,dqn,pool:gen_005,2,-0.8786,2.9083,64,2026-06-07T13:43:40
18637,heuristic,dqn,2,-0.4578,3.1434,64,2026-06-07T13:43:42
18638,dqn,pool:gen_006,2,-1.2499,3.0197,64,2026-06-07T13:43:44
18639,heuristic,dqn,2,-0.2722,2.5494,64,2026-06-07T13:43:46
18640,dqn,pool:gen_006,2,-1.5345,3.3662,64,2026-06-07T13:43:47
18641,pool:gen_006,dqn,1,2.3018,-2.1533,64,2026-06-07T13:43:49
18642,dqn,self,2,-0.4083,2.3761,64,2026-06-07T13:43:51
18643,pool:gen_006,dqn,1,2.1533,-2.0419,64,2026-06-07T13:43:54
18644,dqn,pool:gen_005,2,-1.2003,3.2919,64,2026-06-07T13:43:55
18645,pool:gen_006,dqn,1,2.3513,-2.3637,64,2026-06-07T13:43:57
18646,dqn,pool:gen_005,2,-1.1013,3.1682,64,2026-06-07T13:43:59
18647,pool:gen_005,dqn,1,2.2523,-2.2400,64,2026-06-07T13:44:01
18648,dqn,pool:gen_006,2,-1.2499,3.0197,64,2026-06-07T13:44:03
18649,pool:gen_005,dqn,1,2.5741,-2.5493,64,2026-06-07T13:44:05
18650,dqn,self,1,1.9058,-1.7697,64,2026-06-07T13:44:07
18651,pool:gen_005,dqn,1,2.5122,-2.3885,64,2026-06-07T13:44:09
18652,dqn,self,2,-0.9528,2.9825,64,2026-06-07T13:44:11
18653,self,dqn,2,-0.9405,2.9578,64,2026-06-07T13:44:13
18654,dqn,pool:gen_005,2,-1.4107,3.4899,64,2026-06-07T13:44:15
18655,self,dqn,1,1.5345,-1.6954,64,2026-06-07T13:44:17
18656,dqn,self,1,1.6831,-1.8439,64,2026-06-07T13:44:19
18657,pool:gen_006,dqn,1,1.9924,-2.1657,64,2026-06-07T13:44:21
18658,dqn,pool:gen_005,2,-1.3365,3.5642,64,2026-06-07T13:44:23
18659,self,dqn,1,1.9058,-1.6954,64,2026-06-07T13:44:26
18660,dqn,pool:gen_006,2,-1.2499,3.0197,64,2026-06-07T13:44:27
18661,self,dqn,1,1.5098,-1.8316,64,2026-06-07T13:44:29
18662,dqn,pool:gen_006,2,-1.2622,3.0073,64,2026-06-07T13:44:31
18663,pool:gen_006,dqn,1,2.4627,-2.5493,64,2026-06-07T13:44:33
18664,dqn,heuristic,2,-0.4207,2.8093,64,2026-06-07T13:44:35
18665,pool:gen_006,dqn,1,2.1409,-2.3885,64,2026-06-07T13:44:37
18666,dqn,pool:gen_005,2,-1.2498,3.4652,64,2026-06-07T13:44:39
18667,self,dqn,1,1.4232,-1.7326,64,2026-06-07T13:44:41
18668,dqn,self,2,-0.9405,2.8464,64,2026-06-07T13:44:43
18669,pool:gen_005,dqn,1,3.3166,-2.7721,64,2026-06-07T13:44:45
18670,dqn,heuristic,2,-0.3464,3.0692,64,2026-06-07T13:44:47
18671,self,dqn,2,-0.8538,2.7474,64,2026-06-07T13:44:49
18672,dqn,pool:gen_006,2,-1.4850,3.3414,64,2026-06-07T13:44:51
18673,self,dqn,1,1.8068,-2.0172,64,2026-06-07T13:44:53
18674,dqn,pool:gen_005,2,-1.1385,3.2796,64,2026-06-07T13:44:55
18675,self,dqn,1,1.7449,-1.9677,64,2026-06-07T13:44:57
18676,dqn,random,1,1.9429,-1.8811,64,2026-06-07T13:44:59
18677,pool:gen_005,dqn,1,2.5370,-2.3637,64,2026-06-07T13:45:01
18678,dqn,self,2,-0.6682,2.2648,64,2026-06-07T13:45:03
18679,pool:gen_005,dqn,1,2.4998,-2.3637,64,2026-06-07T13:45:05
18680,dqn,pool:gen_005,2,-0.8786,2.7969,64,2026-06-07T13:45:07
18681,pool:gen_006,dqn,1,2.4998,-2.5493,64,2026-06-07T13:45:09
18682,dqn,heuristic,2,-0.2474,2.8341,64,2026-06-07T13:45:11
18683,self,dqn,1,2.2400,-2.0296,64,2026-06-07T13:45:13
18684,dqn,pool:gen_005,2,-0.9652,3.0073,64,2026-06-07T13:45:15
18685,pool:gen_005,dqn,1,2.4875,-2.4875,64,2026-06-07T13:45:17
18686,dqn,self,2,-0.9157,2.8712,64,2026-06-07T13:45:19
18687,self,dqn,2,-1.1880,3.4899,64,2026-06-07T13:45:21
18688,dqn,self,1,1.5593,-2.0048,64,2026-06-07T13:45:23
18689,self,dqn,1,1.9924,-2.1657,64,2026-06-07T13:45:25
18690,dqn,self,1,1.5593,-1.5222,64,2026-06-07T13:45:27
18691,self,dqn,2,-1.1632,2.9949,64,2026-06-07T13:45:30
18692,dqn,self,1,1.8687,-2.1410,64,2026-06-07T13:45:32
18693,self,dqn,2,-0.9776,2.6608,64,2026-06-07T13:45:34
18694,dqn,self,2,-0.7548,2.9578,64,2026-06-07T13:45:36
18695,pool:gen_005,dqn,1,2.4627,-2.4380,64,2026-06-07T13:45:38
18696,dqn,self,2,-0.8786,2.6484,64,2026-06-07T13:45:41
18697,self,dqn,1,1.9801,-1.9182,64,2026-06-07T13:45:43
18698,dqn,pool:gen_006,2,-1.2127,3.0197,64,2026-06-07T13:45:45
18699,self,dqn,2,-0.6187,2.2029,64,2026-06-07T13:45:47
18700,dqn,random,1,2.1657,-1.9924,64,2026-06-07T13:45:49
18701,heuristic,dqn,2,-0.1113,2.6360,64,2026-06-07T13:58:51
18702,dqn,self,1,1.5841,-1.6459,64,2026-06-07T13:58:53
18703,self,dqn,1,1.4108,-1.6336,64,2026-06-07T13:58:56
18704,dqn,self,2,-0.7920,2.6237,64,2026-06-07T13:58:58
18705,self,dqn,1,2.1038,-2.0172,64,2026-06-07T13:59:00
18706,dqn,pool:gen_006,2,-1.1756,2.8712,64,2026-06-07T13:59:02
18707,self,dqn,1,1.4603,-1.7326,64,2026-06-07T13:59:04
18708,dqn,self,2,-0.3464,2.4752,64,2026-06-07T13:59:06
18709,pool:gen_006,dqn,1,2.0048,-2.3018,64,2026-06-07T13:59:09
18710,dqn,self,2,-0.4950,2.3638,64,2026-06-07T13:59:11
18711,pool:gen_006,dqn,1,2.2894,-2.5370,64,2026-06-07T13:59:14
18712,dqn,self,2,-0.6187,2.4256,64,2026-06-07T13:59:16
18713,pool:gen_005,dqn,1,2.4503,-2.4503,64,2026-06-07T13:59:19
18714,dqn,pool:gen_005,2,-1.1880,2.9330,64,2026-06-07T13:59:22
18715,heuristic,dqn,2,-0.1732,2.4999,64,2026-06-07T13:59:24
18716,dqn,pool:gen_006,2,-1.0890,2.7721,64,2026-06-07T13:59:26
18717,self,dqn,2,-1.0890,3.2177,64,2026-06-07T13:59:29
18718,dqn,self,2,-1.1261,2.9207,64,2026-06-07T13:59:31
18719,random,dqn,1,2.0048,-1.8934,64,2026-06-07T13:59:34
18720,dqn,self,2,-0.3341,2.5618,64,2026-06-07T13:59:36
18721,pool:gen_005,dqn,1,2.0172,-2.2895,64,2026-06-07T13:59:38
18722,dqn,self,1,1.9677,-1.8934,64,2026-06-07T13:59:40
18723,self,dqn,1,1.4850,-1.5222,64,2026-06-07T13:59:43
18724,dqn,pool:gen_006,2,-0.9405,2.6236,64,2026-06-07T13:59:45
18725,self,dqn,1,1.6459,-1.6954,64,2026-06-07T13:59:47
18726,dqn,self,2,-0.2227,2.2276,64,2026-06-07T13:59:49
18727,pool:gen_006,dqn,1,2.1162,-2.2647,64,2026-06-07T13:59:51
18728,dqn,random,1,1.9801,-1.9924,64,2026-06-07T13:59:53
18729,self,dqn,2,-0.3836,2.3638,64,2026-06-07T13:59:55
18730,dqn,self,2,-0.8291,2.6236,64,2026-06-07T13:59:57
18731,self,dqn,1,1.6831,-1.8068,64,2026-06-07T14:00:00
18732,dqn,pool:gen_005,2,-1.1261,3.4033,64,2026-06-07T14:00:02
18733,self,dqn,1,1.7697,-1.7573,64,2026-06-07T14:00:04
18734,dqn,pool:gen_006,2,-1.0024,2.7474,64,2026-06-07T14:00:06
18735,pool:gen_005,dqn,1,2.5741,-2.0295,64,2026-06-07T14:00:09
18736,dqn,pool:gen_005,2,-1.0271,3.4281,64,2026-06-07T14:00:11
18737,self,dqn,2,-0.6063,2.5494,64,2026-06-07T14:00:13
18738,dqn,self,1,1.5098,-1.8316,64,2026-06-07T14:00:15
18739,self,dqn,1,2.0543,-2.1781,64,2026-06-07T14:00:18
18740,dqn,random,1,1.5841,-1.5717,64,2026-06-07T14:00:20
18741,pool:gen_005,dqn,1,2.5865,-2.3142,64,2026-06-07T14:00:22
18742,dqn,pool:gen_005,2,-1.1261,3.4033,64,2026-06-07T14:00:25
18743,pool:gen_005,dqn,1,2.8835,-2.4256,64,2026-06-07T14:00:27
18744,dqn,self,1,1.5098,-1.8316,64,2026-06-07T14:00:30
18745,random,dqn,1,1.5840,-1.8687,64,2026-06-07T14:00:32
18746,dqn,random,1,1.6336,-1.4479,64,2026-06-07T14:00:34
18747,pool:gen_006,dqn,1,2.4503,-2.3018,64,2026-06-07T14:00:36
18748,dqn,pool:gen_006,2,-0.8291,3.1434,64,2026-06-07T14:00:38
18749,self,dqn,1,1.6830,-1.9553,64,2026-06-07T14:00:41
18750,dqn,self,1,1.7944,-1.8811,64,2026-06-07T14:00:43
18751,pool:gen_005,dqn,1,2.8959,-2.5988,64,2026-06-07T14:00:45
18752,dqn,self,1,2.3142,-2.0667,64,2026-06-07T14:00:47
18753,self,dqn,2,-0.9034,2.4380,64,2026-06-07T14:00:49
18754,dqn,self,1,1.6088,-1.8068,64,2026-06-07T14:00:51
18755,self,dqn,2,-0.7053,2.7474,64,2026-06-07T14:00:54
18756,dqn,pool:gen_005,2,-1.4231,3.5889,64,2026-06-07T14:00:56
18757,pool:gen_006,dqn,1,2.2894,-2.4627,64,2026-06-07T14:00:58
18758,dqn,pool:gen_005,2,-1.4602,3.6261,64,2026-06-07T14:01:00
18759,pool:gen_006,dqn,1,1.9553,-2.0543,64,2026-06-07T14:01:03
18760,dqn,pool:gen_005,2,-1.3488,3.5518,64,2026-06-07T14:01:05
18761,self,dqn,2,-0.7177,2.4380,64,2026-06-07T14:01:08
18762,dqn,pool:gen_006,2,-1.2499,3.1682,64,2026-06-07T14:01:10
18763,self,dqn,1,1.7573,-1.8439,64,2026-06-07T14:01:12
18764,dqn,self,2,-0.5197,2.3390,64,2026-06-07T14:01:15
18765,pool:gen_006,dqn,1,2.3018,-2.5246,64,2026-06-07T14:01:17
18766,dqn,self,2,-0.6558,2.4999,64,2026-06-07T14:01:19
18767,self,dqn,1,2.4008,-2.3513,64,2026-06-07T14:01:21
18768,dqn,pool:gen_006,2,-1.1385,3.0197,64,2026-06-07T14:01:23
18769,pool:gen_006,dqn,1,2.2028,-2.2523,64,2026-06-07T14:01:25
18770,dqn,pool:gen_005,2,-1.2870,3.3909,64,2026-06-07T14:01:27
18771,pool:gen_005,dqn,1,2.7597,-2.5493,64,2026-06-07T14:01:29
18772,dqn,self,1,1.7449,-1.7078,64,2026-06-07T14:01:31
18773,self,dqn,2,-0.6435,2.4751,64,2026-06-07T14:01:34
18774,dqn,pool:gen_005,2,-1.1261,3.4033,64,2026-06-07T14:01:36
18775,self,dqn,1,2.1162,-2.3390,64,2026-06-07T14:01:38
18776,dqn,random,1,1.8687,-1.8068,64,2026-06-07T14:01:40
18777,self,dqn,1,2.5989,-2.1904,64,2026-06-07T14:01:42
18778,dqn,pool:gen_005,2,-1.1632,3.2548,64,2026-06-07T14:01:44
18779,pool:gen_006,dqn,1,2.1533,-2.4132,64,2026-06-07T14:01:45
18780,dqn,self,2,-0.5321,2.4380,64,2026-06-07T14:01:47
18781,self,dqn,2,-1.1509,2.9330,64,2026-06-07T14:01:49
18782,dqn,pool:gen_006,2,-1.4355,3.2053,64,2026-06-07T14:01:50
18783,self,dqn,1,1.8687,-2.0296,64,2026-06-07T14:01:52
18784,dqn,self,1,1.7944,-1.6954,64,2026-06-07T14:01:54
18785,self,dqn,1,1.6212,-1.7202,64,2026-06-07T14:01:55
18786,dqn,pool:gen_005,2,-1.1013,3.2053,64,2026-06-07T14:01:57
18787,pool:gen_005,dqn,1,2.8835,-2.5741,64,2026-06-07T14:01:58
18788,dqn,self,1,1.5840,-1.7202,64,2026-06-07T14:02:00
18789,self,dqn,1,1.7202,-1.7697,64,2026-06-07T14:02:02
18790,dqn,pool:gen_006,2,-1.2127,2.7969,64,2026-06-07T14:02:04
18791,self,dqn,1,1.6088,-1.6954,64,2026-06-07T14:02:05
18792,dqn,pool:gen_005,2,-0.7301,2.7227,64,2026-06-07T14:02:07
18793,self,dqn,1,2.1286,-2.2895,64,2026-06-07T14:02:08
18794,dqn,pool:gen_006,2,-1.4355,3.1682,64,2026-06-07T14:02:10
18795,pool:gen_006,dqn,1,2.2523,-2.4627,64,2026-06-07T14:02:12
18796,dqn,self,2,-0.8538,2.5246,64,2026-06-07T14:02:14
18797,pool:gen_006,dqn,1,2.4503,-2.5617,64,2026-06-07T14:02:16
18798,dqn,self,1,2.0419,-1.8563,64,2026-06-07T14:02:17
18799,self,dqn,1,1.7697,-1.4974,64,2026-06-07T14:02:19
18800,dqn,self,2,-0.9281,2.9702,64,2026-06-07T14:02:21
18801,pool:gen_006,dqn,1,2.0667,-2.3142,64,2026-06-07T14:16:49
18802,dqn,self,1,1.4479,-1.6707,64,2026-06-07T14:16:51
18803,self,dqn,2,-1.1261,2.9578,64,2026-06-07T14:16:53
18804,dqn,pool:gen_005,2,-0.8291,2.7350,64,2026-06-07T14:16:55
18805,self,dqn,1,1.7078,-2.0048,64,2026-06-07T14:16:58
18806,dqn,random,1,1.5964,-1.8192,64,2026-06-07T14:17:00
18807,pool:gen_005,dqn,1,2.1905,-2.0791,64,2026-06-07T14:17:02
18808,dqn,pool:gen_006,2,-1.2251,2.9330,64,2026-06-07T14:17:04
18809,self,dqn,1,1.3984,-1.8316,64,2026-06-07T14:17:07
18810,dqn,pool:gen_006,2,-1.1756,2.8340,64,2026-06-07T14:17:09
18811,pool:gen_006,dqn,1,2.0543,-2.2523,64,2026-06-07T14:17:11
18812,dqn,pool:gen_006,2,-1.0642,2.7226,64,2026-06-07T14:17:14
18813,self,dqn,2,-1.0766,3.1187,64,2026-06-07T14:17:16
18814,dqn,self,2,-0.6682,2.3390,64,2026-06-07T14:17:18
18815,pool:gen_006,dqn,1,1.9553,-2.2028,64,2026-06-07T14:17:21
18816,dqn,pool:gen_005,2,-1.1880,3.4528,64,2026-06-07T14:17:23
18817,self,dqn,2,-0.9528,2.9825,64,2026-06-07T14:17:25
18818,dqn,self,1,1.7078,-1.6707,64,2026-06-07T14:17:27
18819,pool:gen_005,dqn,1,2.5493,-2.1657,64,2026-06-07T14:17:29
18820,dqn,pool:gen_005,2,-1.0890,3.4776,64,2026-06-07T14:17:31
18821,pool:gen_005,dqn,1,2.5988,-2.3389,64,2026-06-07T14:17:33
18822,dqn,pool:gen_005,2,-1.0147,3.1063,64,2026-06-07T14:17:35
18823,pool:gen_005,dqn,1,2.6855,-2.4379,64,2026-06-07T14:17:37
18824,dqn,self,2,-0.5073,2.5370,64,2026-06-07T14:17:39
18825,pool:gen_006,dqn,1,1.6830,-2.0667,64,2026-06-07T14:17:41
18826,dqn,self,1,1.9306,-1.6707,64,2026-06-07T14:17:43
18827,self,dqn,2,-0.5939,2.7103,64,2026-06-07T14:17:45
18828,dqn,self,2,-0.6806,2.7722,64,2026-06-07T14:17:47
18829,self,dqn,1,1.5098,-1.6088,64,2026-06-07T14:17:49
18830,dqn,pool:gen_006,2,-1.0890,2.6608,64,2026-06-07T14:17:51
18831,self,dqn,1,1.5717,-1.7326,64,2026-06-07T14:17:54
18832,dqn,pool:gen_005,2,-1.2251,3.4157,64,2026-06-07T14:17:56
18833,pool:gen_006,dqn,1,1.7573,-2.1410,64,2026-06-07T14:17:58
18834,dqn,pool:gen_006,2,-0.9900,2.8340,64,2026-06-07T14:18:00
18835,pool:gen_006,dqn,1,1.9924,-2.2400,64,2026-06-07T14:18:02
18836,dqn,pool:gen_005,2,-1.1508,3.3786,64,2026-06-07T14:18:04
18837,self,dqn,2,-0.9528,2.6855,64,2026-06-07T14:18:07
18838,dqn,pool:gen_005,2,-1.1137,3.2672,64,2026-06-07T14:18:09
18839,self,dqn,1,1.9182,-1.8316,64,2026-06-07T14:18:11
18840,dqn,pool:gen_006,2,-1.1261,2.9949,64,2026-06-07T14:18:13
18841,pool:gen_006,dqn,1,1.9801,-2.1410,64,2026-06-07T14:18:15
18842,dqn,self,1,2.1038,-2.3885,64,2026-06-07T14:18:17
18843,self,dqn,1,1.5593,-1.8935,64,2026-06-07T14:18:19
18844,dqn,self,1,1.8687,-1.8811,64,2026-06-07T14:18:21
18845,pool:gen_006,dqn,1,1.9182,-2.1657,64,2026-06-07T14:18:23
18846,dqn,self,1,1.5222,-1.6336,64,2026-06-07T14:18:25
18847,pool:gen_006,dqn,1,1.6212,-1.9801,64,2026-06-07T14:18:27
18848,dqn,self,1,1.8439,-2.0915,64,2026-06-07T14:18:29
18849,self,dqn,2,-0.6063,2.5865,64,2026-06-07T14:18:31
18850,dqn,pool:gen_006,2,-1.1261,2.6236,64,2026-06-07T14:18:33
18851,pool:gen_005,dqn,1,2.4998,-2.2894,64,2026-06-07T14:18:35
18852,dqn,self,1,2.0296,-2.2028,64,2026-06-07T14:18:37
18853,self,dqn,1,1.8811,-1.9429,64,2026-06-07T14:18:39
18854,dqn,heuristic,1,2.7102,-1.7449,64,2026-06-07T14:18:40
18855,self,dqn,2,-0.5197,2.4875,64,2026-06-07T14:18:43
18856,dqn,pool:gen_006,2,-1.0147,2.5865,64,2026-06-07T14:18:45
18857,self,dqn,1,1.8316,-1.8068,64,2026-06-07T14:18:46
18858,dqn,pool:gen_005,2,-0.9528,3.2053,64,2026-06-07T14:18:48
18859,self,dqn,1,1.5593,-1.6707,64,2026-06-07T14:18:50
18860,dqn,heuristic,1,2.1286,-1.3241,64,2026-06-07T14:18:52
18861,self,dqn,2,-0.7548,2.3266,64,2026-06-07T14:18:54
18862,dqn,pool:gen_006,2,-0.8415,2.7227,64,2026-06-07T14:18:56
18863,self,dqn,2,-0.7053,2.8959,64,2026-06-07T14:18:58
18864,dqn,heuristic,1,1.9058,-1.4727,64,2026-06-07T14:19:00
18865,pool:gen_005,dqn,1,2.3885,-2.1038,64,2026-06-07T14:19:02
18866,dqn,self,1,1.5840,-1.9058,64,2026-06-07T14:19:04
18867,pool:gen_006,dqn,1,1.9553,-2.1286,64,2026-06-07T14:19:06
18868,dqn,pool:gen_005,2,-1.0271,3.2053,64,2026-06-07T14:19:08
18869,pool:gen_006,dqn,1,1.8439,-2.0915,64,2026-06-07T14:19:10
18870,dqn,self,1,2.0543,-2.0667,64,2026-06-07T14:19:12
18871,pool:gen_005,dqn,1,2.2895,-2.2399,64,2026-06-07T14:19:15
18872,dqn,self,2,-0.7672,2.5370,64,2026-06-07T14:19:17
18873,self,dqn,2,-1.0890,3.2177,64,2026-06-07T14:19:19
18874,dqn,pool:gen_005,2,-1.0271,3.0939,64,2026-06-07T14:19:21
18875,pool:gen_006,dqn,1,1.7820,-2.1533,64,2026-06-07T14:19:23
18876,dqn,self,2,-0.5692,2.7350,64,2026-06-07T14:19:25
18877,self,dqn,1,1.4108,-1.7449,64,2026-06-07T14:19:27
18878,dqn,pool:gen_006,2,-0.9776,2.5865,64,2026-06-07T14:19:29
18879,self,dqn,2,-0.8786,2.8340,64,2026-06-07T14:19:31
18880,dqn,self,2,-0.5568,2.5247,64,2026-06-07T14:19:33
18881,self,dqn,2,-0.5445,2.4628,64,2026-06-07T14:19:35
18882,dqn,pool:gen_005,2,-1.0023,2.9702,64,2026-06-07T14:19:38
18883,self,dqn,2,-0.9157,2.9825,64,2026-06-07T14:19:40
18884,dqn,self,2,-1.2004,2.9949,64,2026-06-07T14:19:42
18885,self,dqn,2,-1.1756,3.1310,64,2026-06-07T14:19:45
18886,dqn,pool:gen_005,2,-0.5939,2.7103,64,2026-06-07T14:19:47
18887,pool:gen_005,dqn,1,2.3761,-2.3761,64,2026-06-07T14:19:49
18888,dqn,self,2,-0.9033,2.6236,64,2026-06-07T14:19:51
18889,pool:gen_006,dqn,1,1.4479,-1.7449,64,2026-06-07T14:19:53
18890,dqn,pool:gen_005,2,-0.8910,2.7474,64,2026-06-07T14:19:55
18891,pool:gen_006,dqn,1,1.6088,-2.0296,64,2026-06-07T14:19:57
18892,dqn,pool:gen_005,2,-0.9900,3.1311,64,2026-06-07T14:19:59
18893,self,dqn,1,2.1409,-2.1657,64,2026-06-07T14:20:01
18894,dqn,self,1,1.5964,-1.7078,64,2026-06-07T14:20:03
18895,pool:gen_005,dqn,1,2.0914,-2.0296,64,2026-06-07T14:20:05
18896,dqn,self,1,1.4603,-1.7697,64,2026-06-07T14:20:07
18897,pool:gen_005,dqn,1,2.2771,-2.1038,64,2026-06-07T14:20:09
18898,dqn,pool:gen_005,2,-0.9157,2.7969,64,2026-06-07T14:20:11
18899,self,dqn,1,1.5222,-1.5593,64,2026-06-07T14:20:14
18900,dqn,self,1,1.7821,-1.5593,64,2026-06-07T14:20:15
18901,self,dqn,1,1.6707,-1.6336,64,2026-06-07T14:33:09
18902,dqn,pool:gen_006,2,-0.7796,2.4504,64,2026-06-07T14:33:11
18903,self,dqn,2,-0.4331,2.3514,64,2026-06-07T14:33:13
18904,dqn,heuristic,1,2.8588,-1.5221,64,2026-06-07T14:33:15
18905,pool:gen_006,dqn,1,1.8811,-2.1657,64,2026-06-07T14:33:17
18906,dqn,pool:gen_006,2,-0.7548,2.6237,64,2026-06-07T14:33:19
18907,random,dqn,2,-0.9405,2.6979,64,2026-06-07T14:33:21
18908,dqn,self,2,-0.7920,2.6608,64,2026-06-07T14:33:23
18909,self,dqn,1,1.8563,-2.1905,64,2026-06-07T14:33:25
18910,dqn,self,1,1.5717,-1.5841,64,2026-06-07T14:33:27
18911,pool:gen_005,dqn,1,2.1904,-2.1904,64,2026-06-07T14:33:29
18912,dqn,self,2,-0.8167,2.7474,64,2026-06-07T14:33:31
18913,self,dqn,1,1.7449,-1.7821,64,2026-06-07T14:33:33
18914,dqn,self,1,1.3737,-1.7449,64,2026-06-07T14:33:35
18915,self,dqn,1,1.4603,-1.8811,64,2026-06-07T14:33:37
18916,dqn,self,2,-0.5940,2.4875,64,2026-06-07T14:33:40
18917,heuristic,dqn,2,-0.4331,3.0197,64,2026-06-07T14:33:41
18918,dqn,self,1,1.5222,-1.4850,64,2026-06-07T14:33:43
18919,pool:gen_006,dqn,1,1.6954,-1.9429,64,2026-06-07T14:33:45
18920,dqn,self,2,-0.5073,2.3514,64,2026-06-07T14:33:47
18921,pool:gen_006,dqn,1,1.6335,-1.8563,64,2026-06-07T14:33:49
18922,dqn,self,1,1.7944,-1.5098,64,2026-06-07T14:33:51
18923,pool:gen_006,dqn,1,1.9182,-2.1286,64,2026-06-07T14:33:53
18924,dqn,random,1,1.6212,-1.6459,64,2026-06-07T14:33:55
18925,self,dqn,1,1.8687,-1.9924,64,2026-06-07T14:33:57
18926,dqn,self,1,1.4727,-1.6459,64,2026-06-07T14:33:59
18927,self,dqn,1,1.4974,-1.6583,64,2026-06-07T14:34:01
18928,dqn,self,2,-0.9528,3.3167,64,2026-06-07T14:34:03
18929,pool:gen_005,dqn,1,2.1162,-2.3018,64,2026-06-07T14:34:05
18930,dqn,pool:gen_005,2,-1.0395,2.7103,64,2026-06-07T14:34:07
18931,self,dqn,2,-0.8167,2.2276,64,2026-06-07T14:34:10
18932,dqn,self,1,1.5098,-1.9058,64,2026-06-07T14:34:12
18933,self,dqn,1,1.4232,-1.8068,64,2026-06-07T14:34:14
18934,dqn,pool:gen_005,2,-1.3489,3.1434,64,2026-06-07T14:34:16
18935,self,dqn,1,1.6583,-1.9801,64,2026-06-07T14:34:18
18936,dqn,self,1,1.9677,-1.8934,64,2026-06-07T14:34:20
18937,pool:gen_006,dqn,1,1.6831,-1.8439,64,2026-06-07T14:34:22
18938,dqn,pool:gen_006,2,-1.0518,2.8464,64,2026-06-07T14:34:24
18939,pool:gen_005,dqn,1,2.1410,-2.0172,64,2026-06-07T14:34:26
18940,dqn,pool:gen_005,2,-0.7177,2.6237,64,2026-06-07T14:34:28
18941,pool:gen_006,dqn,1,1.5964,-1.9306,64,2026-06-07T14:34:30
18942,dqn,self,1,1.7326,-1.7573,64,2026-06-07T14:34:32
18943,self,dqn,2,-1.2498,3.4652,64,2026-06-07T14:34:34
18944,dqn,self,2,-1.1014,2.6855,64,2026-06-07T14:34:37
18945,pool:gen_005,dqn,1,2.4380,-2.3885,64,2026-06-07T14:34:39
18946,dqn,pool:gen_005,2,-1.1756,3.0939,64,2026-06-07T14:34:42
18947,pool:gen_006,dqn,1,1.6459,-1.7697,64,2026-06-07T14:34:45
18948,dqn,pool:gen_006,2,-1.0024,2.6731,64,2026-06-07T14:34:47
18949,self,dqn,1,1.3613,-1.6459,64,2026-06-07T14:34:50
18950,dqn,self,2,-0.6682,2.6732,64,2026-06-07T14:34:52
18951,self,dqn,2,-0.6063,2.2153,64,2026-06-07T14:34:54
18952,dqn,self,1,1.4850,-1.7449,64,2026-06-07T14:34:57
18953,pool:gen_006,dqn,1,1.8934,-2.1162,64,2026-06-07T14:34:59
18954,dqn,pool:gen_005,2,-1.3117,3.3291,64,2026-06-07T14:35:01
18955,self,dqn,1,1.6088,-1.7697,64,2026-06-07T14:35:03
18956,dqn,self,2,-0.6187,2.7969,64,2026-06-07T14:35:05
18957,self,dqn,1,1.4727,-1.6088,64,2026-06-07T14:35:08
18958,dqn,pool:gen_006,2,-0.8786,2.4628,64,2026-06-07T14:35:10
18959,pool:gen_006,dqn,1,1.5964,-1.9306,64,2026-06-07T14:35:12
18960,dqn,self,1,1.6707,-1.9677,64,2026-06-07T14:35:14
18961,random,dqn,2,-0.6063,2.6608,64,2026-06-07T14:35:16
18962,dqn,pool:gen_006,2,-0.7177,2.4751,64,2026-06-07T14:35:18
18963,pool:gen_006,dqn,1,1.7202,-1.8439,64,2026-06-07T14:35:20
18964,dqn,heuristic,1,2.6979,-1.6830,64,2026-06-07T14:35:21
18965,self,dqn,1,1.8934,-2.1533,64,2026-06-07T14:35:23
18966,dqn,pool:gen_006,2,-0.6063,2.5123,64,2026-06-07T14:35:26
18967,pool:gen_005,dqn,1,2.1286,-2.1781,64,2026-06-07T14:35:27
18968,dqn,pool:gen_005,2,-1.0147,2.9949,64,2026-06-07T14:35:29
18969,self,dqn,2,-0.3588,2.3885,64,2026-06-07T14:35:31
18970,dqn,self,2,-0.6435,2.7350,64,2026-06-07T14:35:34
18971,self,dqn,1,1.5098,-1.8316,64,2026-06-07T14:35:36
18972,dqn,self,1,2.0419,-2.0419,64,2026-06-07T14:35:38
18973,self,dqn,2,-1.0890,2.8093,64,2026-06-07T14:35:41
18974,dqn,self,2,-0.5321,2.4380,64,2026-06-07T14:35:43
18975,self,dqn,1,1.4850,-1.8192,64,2026-06-07T14:35:45
18976,dqn,pool:gen_006,2,-0.8662,2.6236,64,2026-06-07T14:35:47
18977,random,dqn,2,-0.5445,2.5370,64,2026-06-07T14:35:49
18978,dqn,random,1,2.4132,-1.9305,64,2026-06-07T14:35:51
18979,self,dqn,1,1.6583,-1.7202,64,2026-06-07T14:35:53
18980,dqn,pool:gen_005,2,-0.8291,2.8093,64,2026-06-07T14:35:56
18981,self,dqn,1,1.7944,-1.9924,64,2026-06-07T14:35:58
18982,dqn,self,1,2.3390,-2.1162,64,2026-06-07T14:36:00
18983,random,dqn,2,-1.0023,2.9330,64,2026-06-07T14:36:03
18984,dqn,pool:gen_006,2,-0.4950,2.3638,64,2026-06-07T14:36:05
18985,self,dqn,1,2.2152,-2.0172,64,2026-06-07T14:36:07
18986,dqn,pool:gen_006,2,-0.7053,2.7845,64,2026-06-07T14:36:09
18987,pool:gen_006,dqn,1,2.0296,-2.0172,64,2026-06-07T14:36:11
18988,dqn,pool:gen_005,2,-1.2498,3.3909,64,2026-06-07T14:36:14
18989,self,dqn,1,1.4108,-1.7449,64,2026-06-07T14:36:16
18990,dqn,pool:gen_006,2,-0.8291,2.7350,64,2026-06-07T14:36:18
18991,pool:gen_006,dqn,1,1.8192,-1.9306,64,2026-06-07T14:36:21
18992,dqn,self,2,-0.3464,2.4380,64,2026-06-07T14:36:23
18993,self,dqn,2,-0.5321,2.7350,64,2026-06-07T14:36:25
18994,dqn,pool:gen_006,2,-0.8291,2.6608,64,2026-06-07T14:36:27
18995,pool:gen_006,dqn,1,1.8192,-1.9306,64,2026-06-07T14:36:30
18996,dqn,pool:gen_006,2,-0.6930,2.5741,64,2026-06-07T14:36:32
18997,pool:gen_005,dqn,1,2.3761,-2.3018,64,2026-06-07T14:36:34
18998,dqn,self,1,1.7449,-1.8934,64,2026-06-07T14:36:36
18999,self,dqn,2,-0.5816,2.7598,64,2026-06-07T14:36:39
19000,dqn,pool:gen_006,1,1.4727,-1.7573,64,2026-06-07T14:36:41
19001,self,dqn,1,1.6336,-1.7821,64,2026-06-07T14:55:11
19002,dqn,self,1,1.7449,-1.7449,64,2026-06-07T14:55:18
19003,self,dqn,2,-0.9281,2.8217,64,2026-06-07T14:55:26
19004,dqn,self,2,-0.5445,2.5370,64,2026-06-07T14:55:33
19005,self,dqn,1,2.0419,-2.0048,64,2026-06-07T14:55:42
19006,dqn,pool:gen_005,2,-0.8662,3.1806,64,2026-06-07T14:55:49
19007,self,dqn,1,2.2400,-1.6954,64,2026-06-07T14:55:57
19008,dqn,pool:gen_005,2,-0.8662,3.0692,64,2026-06-07T14:56:05
19009,pool:gen_007,dqn,2,-0.7301,3.0568,64,2026-06-07T14:56:12
19010,dqn,self,1,1.9182,-1.9801,64,2026-06-07T14:56:19
19011,self,dqn,2,-0.7796,2.3019,64,2026-06-07T14:56:26
19012,dqn,self,2,-0.6930,2.3143,64,2026-06-07T14:56:34
19013,self,dqn,2,-0.7053,2.4504,64,2026-06-07T14:56:42
19014,dqn,pool:gen_005,2,-1.3117,3.4033,64,2026-06-07T14:56:49
19015,self,dqn,1,1.8068,-1.6831,64,2026-06-07T14:56:57
19016,dqn,pool:gen_007,1,1.5841,-1.5717,64,2026-06-07T14:57:04
19017,pool:gen_006,dqn,1,2.1781,-2.1286,64,2026-06-07T14:57:12
19018,dqn,pool:gen_006,2,-1.1137,3.1558,64,2026-06-07T14:57:21
19019,heuristic,dqn,2,-0.0370,2.9331,64,2026-06-07T14:57:29
19020,dqn,self,2,-0.4826,2.4133,64,2026-06-07T14:57:38
19021,self,dqn,1,2.1286,-1.9924,64,2026-06-07T14:57:47
19022,dqn,self,1,1.5964,-1.7449,64,2026-06-07T14:57:55
19023,pool:gen_007,dqn,1,1.7697,-1.7573,64,2026-06-07T14:58:04
19024,dqn,heuristic,1,1.7573,-1.3613,64,2026-06-07T14:58:11
19025,self,dqn,2,-0.6063,2.2153,64,2026-06-07T14:58:19
19026,dqn,pool:gen_006,2,-0.7920,2.5494,64,2026-06-07T14:58:26
19027,self,dqn,1,1.8811,-1.8316,64,2026-06-07T14:58:34
19028,dqn,self,1,1.8192,-1.9306,64,2026-06-07T14:58:42
19029,self,dqn,2,-1.1632,2.9578,64,2026-06-07T14:58:49
19030,dqn,self,1,1.9182,-1.9058,64,2026-06-07T14:58:56
19031,pool:gen_005,dqn,1,2.1781,-2.0914,64,2026-06-07T14:59:04
19032,dqn,self,1,2.0914,-2.0667,64,2026-06-07T14:59:11
19033,self,dqn,1,1.9306,-2.1162,64,2026-06-07T14:59:19
19034,dqn,self,1,2.0667,-1.9801,64,2026-06-07T14:59:26
19035,self,dqn,1,1.5593,-1.6707,64,2026-06-07T14:59:33
19036,dqn,pool:gen_006,1,1.5717,-1.6954,64,2026-06-07T14:59:40
19037,self,dqn,2,-0.9157,2.7227,64,2026-06-07T14:59:48
19038,dqn,pool:gen_005,2,-1.1756,3.2424,64,2026-06-07T14:59:56
19039,pool:gen_006,dqn,1,1.8068,-1.9058,64,2026-06-07T15:00:04
19040,dqn,pool:gen_006,1,1.5346,-1.5469,64,2026-06-07T15:00:11
19041,pool:gen_007,dqn,1,1.6954,-1.9058,64,2026-06-07T15:00:18
19042,dqn,self,1,2.5493,-2.4256,64,2026-06-07T15:00:27
19043,random,dqn,2,-0.6930,2.5370,64,2026-06-07T15:00:34
19044,dqn,pool:gen_005,2,-0.8538,2.7103,64,2026-06-07T15:00:42
19045,pool:gen_006,dqn,1,1.8068,-1.8316,64,2026-06-07T15:00:51
19046,dqn,pool:gen_005,2,-0.6435,2.5494,64,2026-06-07T15:00:58
19047,heuristic,dqn,2,-0.4207,2.9578,64,2026-06-07T15:01:06
19048,dqn,self,2,-0.8538,2.5989,64,2026-06-07T15:01:15
19049,self,dqn,2,-0.8043,2.4256,64,2026-06-07T15:01:25
19050,dqn,self,2,-0.7053,2.5246,64,2026-06-07T15:01:34
19051,self,dqn,2,-0.6311,2.4504,64,2026-06-07T15:01:43
19052,dqn,random,1,1.7449,-1.9306,64,2026-06-07T15:01:55
19053,self,dqn,1,1.7573,-2.0296,64,2026-06-07T15:02:08
19054,dqn,pool:gen_007,1,1.9058,-2.0296,64,2026-06-07T15:02:18
19055,self,dqn,2,-0.7053,2.4504,64,2026-06-07T15:02:29
19056,dqn,pool:gen_006,2,-0.5816,2.4256,64,2026-06-07T15:02:41
19057,self,dqn,1,1.7821,-1.9677,64,2026-06-07T15:02:50
19058,dqn,self,1,1.4603,-1.8068,64,2026-06-07T15:02:56
19059,self,dqn,1,1.9429,-1.9924,64,2026-06-07T15:03:04
19060,dqn,self,2,-0.8167,2.3761,64,2026-06-07T15:03:13
19061,pool:gen_006,dqn,2,-0.4578,2.3638,64,2026-06-07T15:03:21
19062,dqn,self,2,-0.6930,2.5370,64,2026-06-07T15:03:29
19063,self,dqn,1,1.4603,-1.6954,64,2026-06-07T15:03:39
19064,dqn,pool:gen_006,1,1.6954,-1.9801,64,2026-06-07T15:03:48
19065,pool:gen_006,dqn,1,1.7449,-1.9677,64,2026-06-07T15:03:57
19066,dqn,heuristic,1,2.1905,-1.1509,64,2026-06-07T15:04:04
19067,self,dqn,2,-0.8167,2.3761,64,2026-06-07T15:04:12
19068,dqn,self,2,-0.5444,2.6113,64,2026-06-07T15:04:20
19069,random,dqn,2,-0.5692,2.5865,64,2026-06-07T15:04:26
19070,dqn,pool:gen_005,2,-0.8538,2.8217,64,2026-06-07T15:04:34
19071,self,dqn,1,1.9306,-2.0419,64,2026-06-07T15:04:44
19072,dqn,pool:gen_006,2,-0.6806,2.5494,64,2026-06-07T15:04:54
19073,self,dqn,1,2.3018,-2.2647,64,2026-06-07T15:05:03
19074,dqn,pool:gen_007,1,1.9058,-1.9924,64,2026-06-07T15:05:10
19075,pool:gen_006,dqn,1,1.7449,-1.9306,64,2026-06-07T15:05:18
19076,dqn,self,2,-0.8786,2.9083,64,2026-06-07T15:05:26
19077,pool:gen_007,dqn,2,-0.8786,2.9454,64,2026-06-07T15:05:34
19078,dqn,self,1,1.9058,-1.8811,64,2026-06-07T15:05:42
19079,pool:gen_007,dqn,2,-0.4949,2.5123,64,2026-06-07T15:05:49
19080,dqn,pool:gen_006,2,-0.7177,2.6237,64,2026-06-07T15:05:57
19081,pool:gen_005,dqn,1,1.7202,-1.9925,64,2026-06-07T15:06:04
19082,dqn,pool:gen_007,1,1.8687,-2.0667,64,2026-06-07T15:06:11
19083,self,dqn,1,1.6212,-1.6459,64,2026-06-07T15:06:20
19084,dqn,self,1,1.5840,-1.7573,64,2026-06-07T15:06:28
19085,random,dqn,2,-0.4826,2.5247,64,2026-06-07T15:06:35
19086,dqn,pool:gen_005,2,-0.5816,2.4628,64,2026-06-07T15:06:44
19087,self,dqn,2,-0.8291,2.6236,64,2026-06-07T15:06:53
19088,dqn,self,2,-0.7301,2.3143,64,2026-06-07T15:07:01
19089,pool:gen_006,dqn,1,1.8192,-1.9306,64,2026-06-07T15:07:09
19090,dqn,pool:gen_005,2,-0.8044,2.2029,64,2026-06-07T15:07:17
19091,self,dqn,2,-0.4826,2.3390,64,2026-06-07T15:07:25
19092,dqn,self,1,1.8687,-1.8439,64,2026-06-07T15:07:32
19093,self,dqn,2,-0.7548,2.5123,64,2026-06-07T15:07:39
19094,dqn,pool:gen_006,2,-0.6930,2.6113,64,2026-06-07T15:07:47
19095,self,dqn,2,-0.5692,2.6237,64,2026-06-07T15:07:54
19096,dqn,self,1,1.9182,-1.9058,64,2026-06-07T15:08:02
19097,self,dqn,1,1.6212,-1.6088,64,2026-06-07T15:08:09
19098,dqn,pool:gen_006,2,-0.6311,2.5246,64,2026-06-07T15:08:17
19099,pool:gen_007,dqn,1,1.7326,-1.7944,64,2026-06-07T15:08:24
19100,dqn,pool:gen_006,2,-0.7548,2.4380,64,2026-06-07T15:08:31
19101,self,dqn,1,2.1162,-1.9306,64,2026-06-07T15:24:17
19102,dqn,heuristic,1,1.9058,-1.5469,64,2026-06-07T15:24:19
19103,pool:gen_007,dqn,2,-0.6806,2.4009,64,2026-06-07T15:24:21
19104,dqn,pool:gen_007,1,1.5222,-1.9677,64,2026-06-07T15:24:23
19105,pool:gen_005,dqn,1,1.9801,-2.1410,64,2026-06-07T15:24:26
19106,dqn,self,1,1.6707,-1.5964,64,2026-06-07T15:24:28
19107,pool:gen_007,dqn,1,1.4603,-1.8068,64,2026-06-07T15:24:30
19108,dqn,heuristic,1,2.0296,-1.3860,64,2026-06-07T15:24:32
19109,self,dqn,2,-0.6435,2.4751,64,2026-06-07T15:24:34
19110,dqn,self,2,-0.3836,2.5494,64,2026-06-07T15:24:36
19111,pool:gen_006,dqn,1,1.3860,-1.7697,64,2026-06-07T15:24:39
19112,dqn,pool:gen_007,1,1.7697,-1.9058,64,2026-06-07T15:24:41
19113,random,dqn,2,-0.5197,2.5247,64,2026-06-07T15:24:43
19114,dqn,self,2,-0.6806,2.2524,64,2026-06-07T15:24:46
19115,self,dqn,1,1.6088,-1.9925,64,2026-06-07T15:24:48
19116,dqn,self,1,1.3984,-1.8316,64,2026-06-07T15:24:50
19117,pool:gen_006,dqn,2,-0.7796,2.5246,64,2026-06-07T15:24:52
19118,dqn,self,1,1.8439,-1.8687,64,2026-06-07T15:24:54
19119,pool:gen_007,dqn,2,-0.6558,2.5742,64,2026-06-07T15:24:56
19120,dqn,self,1,1.5593,-1.5222,64,2026-06-07T15:24:59
19121,self,dqn,1,1.8439,-1.8687,64,2026-06-07T15:25:01
19122,dqn,heuristic,1,1.8563,-1.1880,64,2026-06-07T15:25:03
19123,pool:gen_005,dqn,1,2.1286,-2.2152,64,2026-06-07T15:25:05
19124,dqn,self,2,-0.6682,2.6732,64,2026-06-07T15:25:07
19125,self,dqn,1,1.5840,-1.9801,64,2026-06-07T15:25:09
19126,dqn,self,1,1.4974,-1.8439,64,2026-06-07T15:25:11
19127,self,dqn,1,2.2028,-2.3266,64,2026-06-07T15:25:13
19128,dqn,pool:gen_007,2,-0.5445,2.3143,64,2026-06-07T15:25:15
19129,pool:gen_005,dqn,1,2.5122,-2.3885,64,2026-06-07T15:25:17
19130,dqn,self,2,-0.6930,2.4256,64,2026-06-07T15:25:20
19131,heuristic,dqn,1,1.9677,-1.4850,64,2026-06-07T15:25:21
19132,dqn,pool:gen_005,2,-0.7672,2.8712,64,2026-06-07T15:25:24
19133,self,dqn,1,1.7202,-2.1038,64,2026-06-07T15:25:26
19134,dqn,pool:gen_006,2,-0.5816,2.3885,64,2026-06-07T15:25:28
19135,pool:gen_007,dqn,1,1.5717,-1.8811,64,2026-06-07T15:25:30
19136,dqn,heuristic,1,2.7969,-1.9182,64,2026-06-07T15:25:32
19137,pool:gen_006,dqn,2,-0.6682,2.4504,64,2026-06-07T15:25:34
19138,dqn,pool:gen_006,1,1.4355,-1.7202,64,2026-06-07T15:25:36
19139,random,dqn,2,-1.0147,3.0692,64,2026-06-07T15:25:39
19140,dqn,self,1,1.5222,-1.5593,64,2026-06-07T15:25:41
19141,self,dqn,1,1.4479,-1.7078,64,2026-06-07T15:25:43
19142,dqn,pool:gen_006,2,-0.8043,2.5741,64,2026-06-07T15:25:46
19143,self,dqn,1,1.9182,-2.0172,64,2026-06-07T15:25:48
19144,dqn,self,1,1.4232,-1.7326,64,2026-06-07T15:25:50
19145,self,dqn,2,-0.4949,2.5123,64,2026-06-07T15:25:53
19146,dqn,pool:gen_006,2,-0.6063,2.3266,64,2026-06-07T15:25:55
19147,self,dqn,2,-0.8910,2.7845,64,2026-06-07T15:25:57
19148,dqn,self,2,-1.1756,3.2053,64,2026-06-07T15:25:59
19149,pool:gen_005,dqn,1,2.1409,-2.2771,64,2026-06-07T15:26:01
19150,dqn,pool:gen_005,2,-1.0642,2.8340,64,2026-06-07T15:26:03
19151,pool:gen_007,dqn,2,-0.7672,2.6113,64,2026-06-07T15:26:05
19152,dqn,pool:gen_006,1,1.6459,-1.6583,64,2026-06-07T15:26:07
19153,pool:gen_006,dqn,1,1.5593,-1.6707,64,2026-06-07T15:26:09
19154,dqn,pool:gen_005,2,-1.0271,2.7226,64,2026-06-07T15:26:11
19155,pool:gen_007,dqn,2,-0.4950,2.4752,64,2026-06-07T15:26:13
19156,dqn,self,1,1.5840,-1.7944,64,2026-06-07T15:26:15
19157,pool:gen_007,dqn,2,-0.7301,2.6113,64,2026-06-07T15:26:17
19158,dqn,random,1,2.1657,-2.1038,64,2026-06-07T15:26:19
19159,pool:gen_006,dqn,1,1.5469,-1.8687,64,2026-06-07T15:26:21
19160,dqn,self,1,1.7078,-2.0420,64,2026-06-07T15:26:24
19161,pool:gen_006,dqn,2,-0.8662,2.6236,64,2026-06-07T15:26:26
19162,dqn,pool:gen_006,2,-0.6311,2.4133,64,2026-06-07T15:26:28
19163,self,dqn,1,1.6088,-1.6954,64,2026-06-07T15:26:30
19164,dqn,pool:gen_005,2,-0.9157,2.9454,64,2026-06-07T15:26:32
19165,pool:gen_007,dqn,2,-0.6682,2.5246,64,2026-06-07T15:26:34
19166,dqn,pool:gen_007,1,2.1781,-2.1286,64,2026-06-07T15:26:36
19167,self,dqn,2,-0.5816,2.5370,64,2026-06-07T15:26:38
19168,dqn,pool:gen_006,2,-0.6682,2.3019,64,2026-06-07T15:26:40
19169,pool:gen_007,dqn,2,-0.7672,2.6484,64,2026-06-07T15:26:42
19170,dqn,self,2,-0.6930,2.6855,64,2026-06-07T15:26:44
19171,pool:gen_007,dqn,2,-0.9033,2.8093,64,2026-06-07T15:26:46
19172,dqn,pool:gen_005,2,-1.0023,3.2301,64,2026-06-07T15:26:48
19173,pool:gen_005,dqn,1,2.0791,-2.1533,64,2026-06-07T15:26:50
19174,dqn,pool:gen_007,1,2.4751,-2.3885,64,2026-06-07T15:26:52
19175,pool:gen_007,dqn,2,-0.9157,2.9825,64,2026-06-07T15:26:54
19176,dqn,pool:gen_006,2,-0.6063,2.4380,64,2026-06-07T15:26:56
19177,self,dqn,1,2.0543,-1.6954,64,2026-06-07T15:26:58
19178,dqn,self,2,-0.8291,2.7722,64,2026-06-07T15:27:00
19179,pool:gen_006,dqn,1,1.5222,-1.7821,64,2026-06-07T15:27:02
19180,dqn,pool:gen_005,2,-0.9900,3.0568,64,2026-06-07T15:27:04
19181,pool:gen_005,dqn,1,2.2276,-2.1904,64,2026-06-07T15:27:06
19182,dqn,pool:gen_006,2,-0.8538,2.5618,64,2026-06-07T15:27:08
19183,pool:gen_007,dqn,2,-0.7796,2.5618,64,2026-06-07T15:27:10
19184,dqn,self,2,-0.5940,2.4504,64,2026-06-07T15:27:12
19185,self,dqn,1,1.8687,-2.1038,64,2026-06-07T15:27:14
19186,dqn,pool:gen_006,2,-0.8662,2.5123,64,2026-06-07T15:27:15
19187,random,dqn,2,-0.6682,2.5618,64,2026-06-07T15:27:17
19188,dqn,self,2,-0.7672,2.7969,64,2026-06-07T15:27:19
19189,self,dqn,1,1.6088,-1.5098,64,2026-06-07T15:27:21
19190,dqn,self,2,-0.9900,2.7598,64,2026-06-07T15:27:23
19191,random,dqn,2,-0.5197,2.7845,64,2026-06-07T15:27:25
19192,dqn,self,2,-0.8415,2.4256,64,2026-06-07T15:27:27
19193,random,dqn,2,-0.8786,2.6484,64,2026-06-07T15:27:29
19194,dqn,self,1,1.5469,-1.7202,64,2026-06-07T15:27:31
19195,pool:gen_006,dqn,1,1.7697,-2.0172,64,2026-06-07T15:27:33
19196,dqn,pool:gen_005,2,-1.0147,3.1063,64,2026-06-07T15:27:35
19197,pool:gen_007,dqn,2,-1.0271,2.8340,64,2026-06-07T15:27:36
19198,dqn,pool:gen_006,2,-0.5940,2.3019,64,2026-06-07T15:27:38
19199,self,dqn,2,-0.7920,2.5123,64,2026-06-07T15:27:40
19200,dqn,heuristic,1,2.4009,-1.4603,64,2026-06-07T15:27:42
19201,pool:gen_007,dqn,2,-0.9900,2.7969,64,2026-06-07T15:37:16
19202,dqn,self,2,-0.6435,2.3638,64,2026-06-07T15:37:18
19203,pool:gen_007,dqn,2,-1.0766,3.1187,64,2026-06-07T15:37:20
19204,dqn,pool:gen_006,1,1.6336,-1.5964,64,2026-06-07T15:37:22
19205,pool:gen_007,dqn,2,-0.9033,2.6236,64,2026-06-07T15:37:24
19206,dqn,self,2,-0.6806,2.8464,64,2026-06-07T15:37:26
19207,self,dqn,1,1.9924,-1.9429,64,2026-06-07T15:37:28
19208,dqn,pool:gen_007,1,2.7350,-2.5741,64,2026-06-07T15:37:30
19209,self,dqn,2,-0.7548,2.5123,64,2026-06-07T15:37:32
19210,dqn,pool:gen_005,2,-0.8167,3.0073,64,2026-06-07T15:37:34
19211,pool:gen_007,dqn,2,-0.9652,2.7845,64,2026-06-07T15:37:36
19212,dqn,heuristic,1,1.5841,-1.4603,64,2026-06-07T15:37:38
19213,pool:gen_005,dqn,1,2.7474,-2.4503,64,2026-06-07T15:37:40
19214,dqn,pool:gen_007,1,1.6954,-1.9058,64,2026-06-07T15:37:42
19215,pool:gen_006,dqn,2,-0.7920,2.6237,64,2026-06-07T15:37:44
19216,dqn,pool:gen_007,1,1.8687,-2.0296,64,2026-06-07T15:37:46
19217,random,dqn,2,-0.6929,2.9826,64,2026-06-07T15:37:47
19218,dqn,pool:gen_007,1,1.6707,-1.9677,64,2026-06-07T15:37:49
19219,pool:gen_006,dqn,2,-0.8415,2.4628,64,2026-06-07T15:37:51
19220,dqn,self,2,-0.7301,2.7969,64,2026-06-07T15:37:53
19221,pool:gen_006,dqn,2,-0.6806,2.3266,64,2026-06-07T15:37:55
19222,dqn,self,2,-1.0271,3.1682,64,2026-06-07T15:37:57
19223,self,dqn,1,1.8811,-2.1657,64,2026-06-07T15:37:59
19224,dqn,self,2,-1.2870,3.1310,64,2026-06-07T15:38:00
19225,self,dqn,1,1.5964,-2.0048,64,2026-06-07T15:38:02
19226,dqn,self,1,1.6088,-1.8439,64,2026-06-07T15:38:05
19227,self,dqn,1,1.8934,-2.1533,64,2026-06-07T15:38:06
19228,dqn,pool:gen_005,2,-0.9157,3.0568,64,2026-06-07T15:38:08
19229,pool:gen_005,dqn,1,2.2895,-2.2399,64,2026-06-07T15:38:10
19230,dqn,random,1,2.4132,-2.4875,64,2026-06-07T15:38:12
19231,self,dqn,2,-0.4950,2.4380,64,2026-06-07T15:38:14
19232,dqn,pool:gen_005,2,-0.9157,3.0568,64,2026-06-07T15:38:16
19233,self,dqn,2,-0.6806,2.4009,64,2026-06-07T15:38:18
19234,dqn,pool:gen_005,2,-0.9157,3.0568,64,2026-06-07T15:38:20
19235,self,dqn,2,-0.6682,2.6732,64,2026-06-07T15:38:22
19236,dqn,pool:gen_007,1,1.3860,-1.7326,64,2026-06-07T15:38:24
19237,self,dqn,2,-0.8043,2.6855,64,2026-06-07T15:38:25
19238,dqn,self,1,1.3242,-1.7202,64,2026-06-07T15:38:28
19239,pool:gen_007,dqn,2,-0.7177,2.4380,64,2026-06-07T15:38:30
19240,dqn,pool:gen_007,1,1.7944,-2.0667,64,2026-06-07T15:38:32
19241,self,dqn,2,-0.6311,2.3761,64,2026-06-07T15:38:34
19242,dqn,self,2,-0.8662,2.6979,64,2026-06-07T15:38:36
19243,self,dqn,1,1.7326,-1.7944,64,2026-06-07T15:38:38
19244,dqn,self,2,-0.4702,2.4628,64,2026-06-07T15:38:39
19245,heuristic,dqn,2,-0.2598,3.4157,64,2026-06-07T15:38:41
19246,dqn,pool:gen_006,2,-0.4826,2.3761,64,2026-06-07T15:38:43
19247,pool:gen_005,dqn,1,2.4875,-2.4503,64,2026-06-07T15:38:45
19248,dqn,pool:gen_006,2,-0.6806,2.4009,64,2026-06-07T15:38:47
19249,pool:gen_005,dqn,1,2.4875,-2.3389,64,2026-06-07T15:38:48
19250,dqn,self,2,-1.0642,2.9825,64,2026-06-07T15:38:50
19251,self,dqn,2,-0.8291,2.4751,64,2026-06-07T15:38:52
19252,dqn,pool:gen_006,2,-0.6558,2.3885,64,2026-06-07T15:38:54
19253,self,dqn,1,1.5469,-1.9058,64,2026-06-07T15:38:56
19254,dqn,pool:gen_007,1,1.9429,-2.1410,64,2026-06-07T15:38:58
19255,self,dqn,2,-0.9405,2.8093,64,2026-06-07T15:39:00
19256,dqn,self,2,-0.5692,2.5865,64,2026-06-07T15:39:02
19257,heuristic,dqn,2,-0.1608,2.7351,64,2026-06-07T15:39:04
19258,dqn,self,1,1.4232,-1.8068,64,2026-06-07T15:39:05
19259,self,dqn,1,1.8439,-1.9801,64,2026-06-07T15:39:08
19260,dqn,self,2,-0.4331,2.2771,64,2026-06-07T15:39:09
19261,pool:gen_006,dqn,2,-0.6682,2.3390,64,2026-06-07T15:39:11
19262,dqn,self,2,-0.6311,2.5618,64,2026-06-07T15:39:13
19263,pool:gen_006,dqn,2,-0.7177,2.4380,64,2026-06-07T15:39:15
19264,dqn,self,2,-0.9157,2.6855,64,2026-06-07T15:39:17
19265,pool:gen_007,dqn,2,-1.2746,2.9949,64,2026-06-07T15:39:19
19266,dqn,pool:gen_005,2,-0.6558,2.6855,64,2026-06-07T15:39:21
19267,pool:gen_005,dqn,1,1.7944,-1.9924,64,2026-06-07T15:39:23
19268,dqn,random,1,2.8959,-2.3761,64,2026-06-07T15:39:25
19269,self,dqn,1,1.6336,-1.6707,64,2026-06-07T15:39:27
19270,dqn,pool:gen_006,1,1.7078,-1.8934,64,2026-06-07T15:39:28
19271,self,dqn,1,1.5222,-1.7821,64,2026-06-07T15:39:31
19272,dqn,pool:gen_005,2,-0.7177,2.5494,64,2026-06-07T15:39:33
19273,self,dqn,1,1.4232,-1.5841,64,2026-06-07T15:39:34
19274,dqn,pool:gen_007,1,1.9182,-2.0915,64,2026-06-07T15:39:36
19275,self,dqn,1,1.7944,-1.9553,64,2026-06-07T15:39:38
19276,dqn,self,2,-0.4702,2.4628,64,2026-06-07T15:39:40
19277,self,dqn,2,-0.6930,2.3514,64,2026-06-07T15:39:42
19278,dqn,pool:gen_006,1,1.5717,-1.7697,64,2026-06-07T15:39:44
19279,pool:gen_006,dqn,1,1.4603,-1.5469,64,2026-06-07T15:39:46
19280,dqn,self,1,2.3885,-2.1781,64,2026-06-07T15:39:48
19281,self,dqn,1,1.6088,-1.7697,64,2026-06-07T15:39:49
19282,dqn,pool:gen_007,1,1.8068,-2.0543,64,2026-06-07T15:39:51
19283,heuristic,dqn,2,-0.1484,2.7474,64,2026-06-07T15:39:53
19284,dqn,pool:gen_005,2,-0.8291,2.5494,64,2026-06-07T15:39:55
19285,self,dqn,2,-0.8167,2.5618,64,2026-06-07T15:39:57
19286,dqn,self,2,-1.0890,2.9207,64,2026-06-07T15:39:58
19287,pool:gen_006,dqn,1,1.4974,-1.6583,64,2026-06-07T15:40:00
19288,dqn,self,1,1.4974,-1.6954,64,2026-06-07T15:40:02
19289,self,dqn,2,-0.5940,2.1905,64,2026-06-07T15:40:04
19290,dqn,random,1,1.8439,-1.4974,64,2026-06-07T15:40:06
19291,pool:gen_005,dqn,1,2.1038,-2.2400,64,2026-06-07T15:40:08
19292,dqn,pool:gen_006,1,1.5345,-1.8439,64,2026-06-07T15:40:10
19293,random,dqn,2,-0.9033,2.5865,64,2026-06-07T15:40:11
19294,dqn,pool:gen_005,2,-0.6558,2.7598,64,2026-06-07T15:40:13
19295,self,dqn,1,1.5593,-1.7078,64,2026-06-07T15:40:15
19296,dqn,heuristic,1,2.7969,-1.8439,64,2026-06-07T15:40:17
19297,pool:gen_007,dqn,2,-1.2003,3.2177,64,2026-06-07T15:40:19
19298,dqn,self,1,1.5964,-1.8934,64,2026-06-07T15:40:21
19299,self,dqn,1,1.7573,-1.9182,64,2026-06-07T15:40:23
19300,dqn,self,2,-0.6806,2.2524,64,2026-06-07T15:40:25
19301,self,dqn,2,-0.6930,2.3885,64,2026-06-07T15:52:23
19302,dqn,self,2,-1.4974,3.4776,64,2026-06-07T15:52:25
19303,pool:gen_005,dqn,1,1.8811,-2.0915,64,2026-06-07T15:52:27
19304,dqn,self,2,-0.6311,2.4504,64,2026-06-07T15:52:29
19305,self,dqn,2,-0.7425,2.5246,64,2026-06-07T15:52:31
19306,dqn,heuristic,1,2.5370,-1.8068,64,2026-06-07T15:52:33
19307,heuristic,dqn,2,-0.5939,3.2301,64,2026-06-07T15:52:34
19308,dqn,pool:gen_007,1,2.0296,-1.9429,64,2026-06-07T15:52:36
19309,self,dqn,2,-1.0024,2.7474,64,2026-06-07T15:52:39
19310,dqn,self,2,-0.6435,2.4380,64,2026-06-07T15:52:40
19311,self,dqn,2,-0.7548,2.6608,64,2026-06-07T15:52:43
19312,dqn,pool:gen_007,1,2.0914,-2.1781,64,2026-06-07T15:52:44
19313,pool:gen_005,dqn,1,2.4008,-2.1286,64,2026-06-07T15:52:46
19314,dqn,heuristic,1,2.8464,-1.9800,64,2026-06-07T15:52:48
19315,pool:gen_007,dqn,2,-0.8538,2.7103,64,2026-06-07T15:52:50
19316,dqn,pool:gen_007,1,2.1409,-2.1286,64,2026-06-07T15:52:52
19317,pool:gen_005,dqn,1,2.2152,-1.9801,64,2026-06-07T15:52:54
19318,dqn,self,2,-1.0023,2.9702,64,2026-06-07T15:52:56
19319,random,dqn,2,-1.2003,3.5147,64,2026-06-07T15:52:58
19320,dqn,pool:gen_007,1,2.2028,-2.1409,64,2026-06-07T15:53:00
19321,heuristic,dqn,2,-0.6311,2.8588,64,2026-06-07T15:53:02
19322,dqn,pool:gen_005,2,-1.1013,3.2424,64,2026-06-07T15:53:04
19323,self,dqn,1,1.5593,-2.0048,64,2026-06-07T15:53:06
19324,dqn,pool:gen_007,1,1.9429,-1.9553,64,2026-06-07T15:53:08
19325,heuristic,dqn,2,-0.6682,3.0816,64,2026-06-07T15:53:10
19326,dqn,pool:gen_007,1,2.1905,-2.1162,64,2026-06-07T15:53:12
19327,self,dqn,1,1.3365,-1.7449,64,2026-06-07T15:53:14
19328,dqn,pool:gen_007,1,2.1286,-2.1781,64,2026-06-07T15:53:15
19329,pool:gen_007,dqn,2,-0.8910,2.7103,64,2026-06-07T15:53:18
19330,dqn,self,2,-0.3341,2.5618,64,2026-06-07T15:53:19
19331,pool:gen_007,dqn,2,-0.8291,2.8464,64,2026-06-07T15:53:21
19332,dqn,pool:gen_005,2,-0.8043,2.9083,64,2026-06-07T15:53:23
19333,pool:gen_005,dqn,1,2.5617,-2.3389,64,2026-06-07T15:53:25
19334,dqn,self,1,1.9306,-2.0048,64,2026-06-07T15:53:27
19335,pool:gen_006,dqn,2,-1.0642,2.7226,64,2026-06-07T15:53:29
19336,dqn,pool:gen_006,1,1.7697,-2.0543,64,2026-06-07T15:53:31
19337,pool:gen_006,dqn,2,-0.9157,2.6113,64,2026-06-07T15:53:33
19338,dqn,self,1,1.8687,-1.8811,64,2026-06-07T15:53:35
19339,pool:gen_007,dqn,2,-0.6806,2.5865,64,2026-06-07T15:53:37
19340,dqn,self,2,-0.7672,2.2029,64,2026-06-07T15:53:39
19341,pool:gen_006,dqn,2,-1.0395,2.7103,64,2026-06-07T15:53:41
19342,dqn,self,1,2.0419,-2.1533,64,2026-06-07T15:53:43
19343,self,dqn,1,1.8563,-1.7821,64,2026-06-07T15:53:45
19344,dqn,self,2,-0.5073,2.7969,64,2026-06-07T15:53:47
19345,pool:gen_007,dqn,2,-0.9157,2.8712,64,2026-06-07T15:53:49
19346,dqn,self,1,1.4974,-1.6954,64,2026-06-07T15:53:51
19347,pool:gen_007,dqn,2,-1.1014,2.8712,64,2026-06-07T15:53:53
19348,dqn,self,1,1.7820,-2.0791,64,2026-06-07T15:53:55
19349,self,dqn,1,1.8439,-2.0543,64,2026-06-07T15:53:58
19350,dqn,pool:gen_005,2,-1.0271,3.0197,64,2026-06-07T15:54:00
19351,pool:gen_007,dqn,2,-0.4578,2.4752,64,2026-06-07T15:54:02
19352,dqn,random,1,2.4627,-2.2152,64,2026-06-07T15:54:04
19353,pool:gen_006,dqn,2,-0.7425,2.6732,64,2026-06-07T15:54:06
19354,dqn,self,2,-0.7425,2.7474,64,2026-06-07T15:54:08
19355,self,dqn,2,-0.6806,2.4380,64,2026-06-07T15:54:10
19356,dqn,heuristic,1,2.8959,-1.7449,64,2026-06-07T15:54:12
19357,self,dqn,2,-0.7177,2.5494,64,2026-06-07T15:54:14
19358,dqn,pool:gen_007,1,2.0667,-1.9801,64,2026-06-07T15:54:16
19359,pool:gen_005,dqn,1,2.1038,-2.0543,64,2026-06-07T15:54:18
19360,dqn,self,1,1.8439,-2.0915,64,2026-06-07T15:54:20
19361,pool:gen_005,dqn,1,2.2400,-1.9924,64,2026-06-07T15:54:22
19362,dqn,self,2,-0.9033,2.6236,64,2026-06-07T15:54:24
19363,self,dqn,1,1.5840,-1.8687,64,2026-06-07T15:54:27
19364,dqn,self,1,1.4603,-1.7697,64,2026-06-07T15:54:29
19365,pool:gen_006,dqn,2,-0.9776,2.7350,64,2026-06-07T15:54:31
19366,dqn,pool:gen_005,2,-0.8043,2.9825,64,2026-06-07T15:54:33
19367,self,dqn,1,1.8439,-2.0543,64,2026-06-07T15:54:35
19368,dqn,self,1,1.7697,-1.7573,64,2026-06-07T15:54:37
19369,self,dqn,1,1.6707,-1.6336,64,2026-06-07T15:54:39
19370,dqn,self,2,-0.4331,2.2771,64,2026-06-07T15:54:41
19371,self,dqn,2,-0.4826,2.5618,64,2026-06-07T15:54:43
19372,dqn,pool:gen_005,2,-0.7920,3.0692,64,2026-06-07T15:54:46
19373,pool:gen_005,dqn,1,2.4256,-2.1409,64,2026-06-07T15:54:47
19374,dqn,heuristic,1,3.1682,-1.6583,64,2026-06-07T15:54:49
19375,pool:gen_007,dqn,2,-0.8538,3.0816,64,2026-06-07T15:54:51
19376,dqn,pool:gen_007,1,2.0667,-1.8687,64,2026-06-07T15:54:54
19377,self,dqn,1,2.1286,-2.3266,64,2026-06-07T15:54:56
19378,dqn,self,2,-0.7920,2.5865,64,2026-06-07T15:54:57
19379,self,dqn,1,1.8316,-1.9924,64,2026-06-07T15:54:59
19380,dqn,pool:gen_006,1,1.8687,-1.9924,64,2026-06-07T15:55:01
19381,pool:gen_006,dqn,2,-0.6187,2.6855,64,2026-06-07T15:55:03
19382,dqn,self,1,1.7202,-1.7697,64,2026-06-07T15:55:05
19383,pool:gen_006,dqn,2,-0.9157,2.7227,64,2026-06-07T15:55:07
19384,dqn,pool:gen_007,1,2.1162,-1.8934,64,2026-06-07T15:55:09
19385,pool:gen_005,dqn,1,2.3761,-2.0791,64,2026-06-07T15:55:10
19386,dqn,pool:gen_005,2,-1.1137,3.3414,64,2026-06-07T15:55:12
19387,self,dqn,2,-0.6558,2.4256,64,2026-06-07T15:55:14
19388,dqn,self,1,1.6336,-1.7449,64,2026-06-07T15:55:16
19389,pool:gen_006,dqn,2,-0.7425,2.5989,64,2026-06-07T15:55:18
19390,dqn,self,1,1.6459,-1.9925,64,2026-06-07T15:55:20
19391,pool:gen_006,dqn,2,-0.7425,2.5989,64,2026-06-07T15:55:22
19392,dqn,self,2,-0.6187,2.4628,64,2026-06-07T15:55:24
19393,pool:gen_006,dqn,2,-0.7796,2.6732,64,2026-06-07T15:55:26
19394,dqn,pool:gen_007,1,2.3266,-2.1286,64,2026-06-07T15:55:28
19395,pool:gen_007,dqn,2,-1.2127,3.1682,64,2026-06-07T15:55:30
19396,dqn,pool:gen_007,1,2.2647,-2.0419,64,2026-06-07T15:55:32
19397,self,dqn,1,1.6954,-1.8687,64,2026-06-07T15:55:34
19398,dqn,pool:gen_006,1,1.6459,-1.6583,64,2026-06-07T15:55:35
19399,pool:gen_006,dqn,2,-0.5816,2.4999,64,2026-06-07T15:55:37
19400,dqn,pool:gen_005,2,-0.9157,3.1682,64,2026-06-07T15:55:39
19401,self,dqn,2,-0.5445,2.3514,64,2026-06-07T16:07:24
19402,dqn,self,1,1.4850,-1.8563,64,2026-06-07T16:07:26
19403,self,dqn,1,1.9553,-2.0172,64,2026-06-07T16:07:28
19404,dqn,self,1,1.4232,-1.8068,64,2026-06-07T16:07:30
19405,self,dqn,2,-0.7177,2.2895,64,2026-06-07T16:07:32
19406,dqn,self,2,-0.4702,2.3885,64,2026-06-07T16:07:34
19407,pool:gen_005,dqn,1,2.0296,-1.9429,64,2026-06-07T16:07:36
19408,dqn,pool:gen_005,2,-0.5321,2.5494,64,2026-06-07T16:07:38
19409,random,dqn,2,-1.1261,3.2919,64,2026-06-07T16:07:40
19410,dqn,self,1,1.5593,-1.7078,64,2026-06-07T16:07:41
19411,self,dqn,1,1.5346,-1.5469,64,2026-06-07T16:07:44
19412,dqn,pool:gen_006,1,1.7325,-2.1286,64,2026-06-07T16:07:45
19413,pool:gen_005,dqn,1,1.9801,-1.9553,64,2026-06-07T16:07:47
19414,dqn,self,1,1.6088,-1.8068,64,2026-06-07T16:07:49
19415,self,dqn,1,1.2251,-1.8192,64,2026-06-07T16:07:51
19416,dqn,pool:gen_007,1,2.2152,-2.0914,64,2026-06-07T16:07:53
19417,self,dqn,2,-0.9033,2.6608,64,2026-06-07T16:07:55
19418,dqn,pool:gen_005,2,-0.6187,2.6113,64,2026-06-07T16:07:57
19419,self,dqn,1,1.7944,-1.9182,64,2026-06-07T16:07:59
19420,dqn,heuristic,1,2.9330,-1.8934,64,2026-06-07T16:08:01
19421,self,dqn,1,1.7078,-1.9306,64,2026-06-07T16:08:03
19422,dqn,pool:gen_006,1,1.8068,-2.1657,64,2026-06-07T16:08:05
19423,self,dqn,1,1.6707,-1.7449,64,2026-06-07T16:08:07
19424,dqn,self,1,2.1781,-1.9429,64,2026-06-07T16:08:09
19425,self,dqn,1,1.5717,-1.9182,64,2026-06-07T16:08:11
19426,dqn,pool:gen_006,1,1.9058,-2.1781,64,2026-06-07T16:08:13
19427,self,dqn,2,-0.8538,2.4875,64,2026-06-07T16:08:15
19428,dqn,pool:gen_005,2,-0.5940,2.5247,64,2026-06-07T16:08:17
19429,self,dqn,1,1.8563,-1.8563,64,2026-06-07T16:08:19
19430,dqn,pool:gen_007,1,1.9306,-1.7821,64,2026-06-07T16:08:21
19431,pool:gen_005,dqn,1,1.9182,-1.7944,64,2026-06-07T16:08:23
19432,dqn,pool:gen_007,1,2.1162,-1.9306,64,2026-06-07T16:08:25
19433,self,dqn,2,-0.9033,2.5494,64,2026-06-07T16:08:27
19434,dqn,heuristic,1,1.6212,-1.4603,64,2026-06-07T16:08:29
19435,pool:gen_007,dqn,2,-1.0271,3.1311,64,2026-06-07T16:08:31
19436,dqn,pool:gen_006,1,1.4355,-1.7202,64,2026-06-07T16:08:33
19437,pool:gen_006,dqn,2,-0.6311,2.3761,64,2026-06-07T16:08:35
19438,dqn,self,1,1.5098,-1.4603,64,2026-06-07T16:08:37
19439,self,dqn,1,1.4974,-1.7697,64,2026-06-07T16:08:39
19440,dqn,self,2,-0.6806,2.6608,64,2026-06-07T16:08:41
19441,pool:gen_006,dqn,2,-0.5692,2.2895,64,2026-06-07T16:08:43
19442,dqn,self,2,-0.8415,2.3143,64,2026-06-07T16:08:45
19443,self,dqn,1,2.2400,-2.1038,64,2026-06-07T16:08:47
19444,dqn,pool:gen_007,1,1.9553,-1.7944,64,2026-06-07T16:08:49
19445,random,dqn,2,-0.9652,2.9330,64,2026-06-07T16:08:50
19446,dqn,self,2,-0.8043,2.8340,64,2026-06-07T16:08:52
19447,self,dqn,1,1.5964,-1.6336,64,2026-06-07T16:08:54
19448,dqn,pool:gen_007,1,1.9677,-1.9306,64,2026-06-07T16:08:57
19449,random,dqn,2,-0.7548,3.1063,64,2026-06-07T16:08:59
19450,dqn,self,1,1.7078,-2.1162,64,2026-06-07T16:09:00
19451,pool:gen_007,dqn,2,-1.0271,3.0197,64,2026-06-07T16:09:03
19452,dqn,self,1,1.6831,-1.8068,64,2026-06-07T16:09:05
19453,self,dqn,2,-0.5692,2.8093,64,2026-06-07T16:09:06
19454,dqn,self,1,1.8192,-1.7078,64,2026-06-07T16:09:08
19455,self,dqn,1,1.9677,-1.9306,64,2026-06-07T16:09:10
19456,dqn,self,2,-1.0766,2.7845,64,2026-06-07T16:09:12
19457,pool:gen_007,dqn,2,-1.1137,2.9702,64,2026-06-07T16:09:14
19458,dqn,self,1,1.8068,-1.8687,64,2026-06-07T16:09:16
19459,pool:gen_005,dqn,1,2.1286,-2.1038,64,2026-06-07T16:09:18
19460,dqn,pool:gen_006,1,1.5098,-1.7573,64,2026-06-07T16:09:20
19461,pool:gen_007,dqn,2,-0.7301,2.8712,64,2026-06-07T16:09:22
19462,dqn,self,1,1.4108,-1.8192,64,2026-06-07T16:09:24
19463,self,dqn,1,1.7573,-1.9182,64,2026-06-07T16:09:26
19464,dqn,self,2,-0.6435,2.4380,64,2026-06-07T16:09:28
19465,self,dqn,1,1.7078,-1.7449,64,2026-06-07T16:09:30
19466,dqn,self,1,1.9677,-2.0048,64,2026-06-07T16:09:32
19467,pool:gen_006,dqn,2,-0.5568,2.3019,64,2026-06-07T16:09:34
19468,dqn,pool:gen_005,2,-1.0395,2.8217,64,2026-06-07T16:09:36
19469,pool:gen_006,dqn,1,1.7573,-1.9182,64,2026-06-07T16:09:38
19470,dqn,self,1,1.8934,-2.0048,64,2026-06-07T16:09:40
19471,random,dqn,2,-0.7177,3.2548,64,2026-06-07T16:09:42
19472,dqn,pool:gen_005,2,-0.8415,2.6855,64,2026-06-07T16:09:44
19473,pool:gen_006,dqn,2,-0.6435,2.3638,64,2026-06-07T16:09:46
19474,dqn,pool:gen_007,1,2.1162,-1.8934,64,2026-06-07T16:09:48
19475,pool:gen_006,dqn,2,-0.7301,2.4628,64,2026-06-07T16:09:50
19476,dqn,self,1,1.7573,-1.8068,64,2026-06-07T16:09:52
19477,self,dqn,1,1.9429,-1.8068,64,2026-06-07T16:09:54
19478,dqn,pool:gen_005,2,-0.8538,2.5989,64,2026-06-07T16:09:56
19479,self,dqn,2,-0.7053,2.4875,64,2026-06-07T16:09:58
19480,dqn,pool:gen_007,1,2.3885,-2.1038,64,2026-06-07T16:10:00
19481,self,dqn,1,1.8811,-1.7202,64,2026-06-07T16:10:02
19482,dqn,pool:gen_005,2,-0.6063,2.8093,64,2026-06-07T16:10:04
19483,pool:gen_007,dqn,2,-0.8415,2.9083,64,2026-06-07T16:10:06
19484,dqn,pool:gen_006,1,1.8192,-1.9677,64,2026-06-07T16:10:08
19485,pool:gen_007,dqn,2,-1.0766,3.0815,64,2026-06-07T16:10:10
19486,dqn,pool:gen_006,1,1.7573,-1.9182,64,2026-06-07T16:10:12
19487,pool:gen_007,dqn,2,-1.0766,3.1558,64,2026-06-07T16:10:14
19488,dqn,pool:gen_005,2,-0.7053,2.7103,64,2026-06-07T16:10:16
19489,self,dqn,2,-0.6558,2.3514,64,2026-06-07T16:10:18
19490,dqn,self,2,-0.8167,2.4875,64,2026-06-07T16:10:19
19491,self,dqn,1,2.0419,-2.0791,64,2026-06-07T16:10:21
19492,dqn,self,1,1.6954,-1.8687,64,2026-06-07T16:10:23
19493,pool:gen_005,dqn,1,1.9801,-1.9924,64,2026-06-07T16:10:25
19494,dqn,self,1,1.8687,-1.9182,64,2026-06-07T16:10:27
19495,self,dqn,1,1.7697,-1.8687,64,2026-06-07T16:10:29
19496,dqn,pool:gen_005,2,-0.6311,2.7474,64,2026-06-07T16:10:31
19497,pool:gen_007,dqn,2,-0.8910,2.8959,64,2026-06-07T16:10:33
19498,dqn,pool:gen_006,1,2.6979,-2.3142,64,2026-06-07T16:10:35
19499,pool:gen_006,dqn,2,-1.0147,3.1434,64,2026-06-07T16:10:37
19500,dqn,self,1,1.4232,-1.6954,64,2026-06-07T16:10:39
19501,self,dqn,1,2.0667,-2.1657,64,2026-06-07T16:22:30
19502,dqn,self,1,1.3737,-1.7449,64,2026-06-07T16:22:32
19503,pool:gen_006,dqn,2,-0.9776,3.0692,64,2026-06-07T16:22:34
19504,dqn,pool:gen_007,1,2.0543,-1.7697,64,2026-06-07T16:22:36
19505,self,dqn,1,1.6583,-1.8687,64,2026-06-07T16:22:38
19506,dqn,pool:gen_005,2,-0.6929,3.0197,64,2026-06-07T16:22:40
19507,self,dqn,2,-0.5816,2.1658,64,2026-06-07T16:22:42
19508,dqn,self,1,1.8192,-1.8934,64,2026-06-07T16:22:43
19509,pool:gen_006,dqn,2,-1.3117,3.3291,64,2026-06-07T16:22:45
19510,dqn,self,2,-0.8910,2.5618,64,2026-06-07T16:22:47
19511,pool:gen_007,dqn,2,-0.9900,3.0939,64,2026-06-07T16:22:49
19512,dqn,self,2,-0.7672,2.4256,64,2026-06-07T16:22:51
19513,self,dqn,1,2.4751,-2.2399,64,2026-06-07T16:22:53
19514,dqn,pool:gen_007,1,2.4627,-2.1781,64,2026-06-07T16:22:55
19515,pool:gen_006,dqn,2,-1.1756,3.2053,64,2026-06-07T16:22:57
19516,dqn,pool:gen_005,2,-0.4949,2.7722,64,2026-06-07T16:22:59
19517,pool:gen_007,dqn,2,-1.2251,3.5271,64,2026-06-07T16:23:01
19518,dqn,self,2,-1.0395,2.8217,64,2026-06-07T16:23:03
19519,pool:gen_006,dqn,2,-1.2499,3.1310,64,2026-06-07T16:23:04
19520,dqn,self,1,1.5222,-1.6707,64,2026-06-07T16:23:06
19521,pool:gen_006,dqn,2,-1.2622,3.2301,64,2026-06-07T16:23:08
19522,dqn,pool:gen_007,1,2.3885,-2.1781,64,2026-06-07T16:23:10
19523,self,dqn,2,-0.8291,3.0321,64,2026-06-07T16:23:12
19524,dqn,pool:gen_006,1,2.3266,-2.3513,64,2026-06-07T16:23:14
19525,self,dqn,2,-0.8043,2.3885,64,2026-06-07T16:23:16
19526,dqn,self,2,-0.7672,2.4256,64,2026-06-07T16:23:18
19527,pool:gen_006,dqn,2,-1.3489,3.2919,64,2026-06-07T16:23:20
19528,dqn,self,2,-0.8043,2.7227,64,2026-06-07T16:23:22
19529,pool:gen_005,dqn,1,1.9553,-1.7202,64,2026-06-07T16:23:24
19530,dqn,pool:gen_006,1,2.3018,-2.3390,64,2026-06-07T16:23:26
19531,self,dqn,2,-0.7920,2.4751,64,2026-06-07T16:23:27
19532,dqn,pool:gen_007,1,2.4008,-2.1286,64,2026-06-07T16:23:29
19533,random,dqn,2,-0.4949,2.9207,64,2026-06-07T16:23:31
19534,dqn,self,1,1.8068,-1.7202,64,2026-06-07T16:23:33
19535,self,dqn,1,1.4232,-1.8068,64,2026-06-07T16:23:35
19536,dqn,self,1,1.8687,-1.8439,64,2026-06-07T16:23:37
19537,self,dqn,1,1.7326,-1.7944,64,2026-06-07T16:23:39
19538,dqn,self,2,-0.8538,2.6732,64,2026-06-07T16:23:41
19539,random,dqn,2,-1.0890,3.2919,64,2026-06-07T16:23:43
19540,dqn,self,2,-0.4826,2.5247,64,2026-06-07T16:23:45
19541,self,dqn,1,1.4850,-1.5964,64,2026-06-07T16:23:46
19542,dqn,pool:gen_005,2,-0.6311,2.5618,64,2026-06-07T16:23:48
19543,self,dqn,1,1.4479,-1.8192,64,2026-06-07T16:23:50
19544,dqn,pool:gen_005,2,-0.8662,2.9949,64,2026-06-07T16:23:52
19545,self,dqn,2,-0.8291,2.2895,64,2026-06-07T16:23:54
19546,dqn,pool:gen_007,1,2.4875,-2.1533,64,2026-06-07T16:23:56
19547,pool:gen_005,dqn,1,2.3390,-1.9306,64,2026-06-07T16:23:58
19548,dqn,self,2,-0.8539,2.3390,64,2026-06-07T16:24:00
19549,self,dqn,1,1.4850,-1.8192,64,2026-06-07T16:24:02
19550,dqn,self,1,1.6954,-2.0172,64,2026-06-07T16:24:04
19551,self,dqn,1,1.7573,-1.8811,64,2026-06-07T16:24:06
19552,dqn,pool:gen_007,1,2.4256,-2.2523,64,2026-06-07T16:24:08
19553,self,dqn,1,1.7202,-1.5840,64,2026-06-07T16:24:10
19554,dqn,self,2,-0.6682,2.3761,64,2026-06-07T16:24:12
19555,random,dqn,2,-0.9652,3.0073,64,2026-06-07T16:24:13
19556,dqn,pool:gen_007,1,2.0543,-1.8811,64,2026-06-07T16:24:15
19557,self,dqn,1,1.5717,-1.7326,64,2026-06-07T16:24:17
19558,dqn,pool:gen_006,1,2.0667,-2.2028,64,2026-06-07T16:24:19
19559,pool:gen_007,dqn,2,-0.6187,2.7598,64,2026-06-07T16:24:21
19560,dqn,self,2,-0.5692,2.4009,64,2026-06-07T16:24:23
19561,pool:gen_005,dqn,1,1.7573,-1.7326,64,2026-06-07T16:24:24
19562,dqn,pool:gen_007,1,2.4751,-2.3513,64,2026-06-07T16:24:27
19563,pool:gen_007,dqn,2,-0.9776,3.2548,64,2026-06-07T16:24:28
19564,dqn,self,1,1.7449,-1.8563,64,2026-06-07T16:24:30
19565,pool:gen_005,dqn,1,1.8811,-2.0172,64,2026-06-07T16:24:32
19566,dqn,self,2,-0.7177,2.5123,64,2026-06-07T16:24:34
19567,pool:gen_005,dqn,1,2.0296,-2.0914,64,2026-06-07T16:24:36
19568,dqn,self,2,-0.6806,2.2524,64,2026-06-07T16:24:38
19569,self,dqn,2,-0.7053,2.3761,64,2026-06-07T16:24:39
19570,dqn,pool:gen_006,1,1.7944,-1.9182,64,2026-06-07T16:24:42
19571,pool:gen_007,dqn,2,-0.8291,2.7350,64,2026-06-07T16:24:44
19572,dqn,pool:gen_006,1,1.7944,-1.9182,64,2026-06-07T16:24:46
19573,pool:gen_007,dqn,2,-0.8415,2.8712,64,2026-06-07T16:24:48
19574,dqn,self,1,1.5964,-1.8192,64,2026-06-07T16:24:50
19575,pool:gen_007,dqn,2,-1.3365,3.3786,64,2026-06-07T16:24:52
19576,dqn,pool:gen_005,2,-0.9652,2.9702,64,2026-06-07T16:24:54
19577,pool:gen_005,dqn,1,2.4751,-2.2399,64,2026-06-07T16:24:56
19578,dqn,pool:gen_005,2,-0.8291,3.0321,64,2026-06-07T16:24:58
19579,pool:gen_006,dqn,2,-0.7301,2.5741,64,2026-06-07T16:25:00
19580,dqn,pool:gen_005,2,-0.8662,3.0692,64,2026-06-07T16:25:02
19581,self,dqn,2,-0.9900,2.5741,64,2026-06-07T16:25:05
19582,dqn,self,2,-0.6558,2.4256,64,2026-06-07T16:25:07
19583,pool:gen_006,dqn,2,-0.6930,2.4999,64,2026-06-07T16:25:10
19584,dqn,pool:gen_007,1,2.3390,-2.2647,64,2026-06-07T16:25:12
19585,self,dqn,1,1.4727,-1.8687,64,2026-06-07T16:25:14
19586,dqn,heuristic,1,2.4009,-1.6088,64,2026-06-07T16:25:16
19587,pool:gen_006,dqn,2,-1.0890,2.6979,64,2026-06-07T16:25:18
19588,dqn,pool:gen_006,1,1.6335,-2.1162,64,2026-06-07T16:25:20
19589,pool:gen_006,dqn,2,-0.9405,2.4380,64,2026-06-07T16:25:22
19590,dqn,self,1,1.8439,-1.7573,64,2026-06-07T16:25:24
19591,self,dqn,1,1.6954,-1.8316,64,2026-06-07T16:25:26
19592,dqn,pool:gen_005,2,-0.7920,2.9207,64,2026-06-07T16:25:28
19593,self,dqn,2,-0.6063,2.3638,64,2026-06-07T16:25:31
19594,dqn,self,1,1.7449,-1.8934,64,2026-06-07T16:25:33
19595,pool:gen_005,dqn,1,2.5865,-2.2399,64,2026-06-07T16:25:35
19596,dqn,self,2,-0.6682,2.4504,64,2026-06-07T16:25:37
19597,pool:gen_006,dqn,2,-0.9652,2.6360,64,2026-06-07T16:25:39
19598,dqn,heuristic,1,3.2548,-1.3489,64,2026-06-07T16:25:41
19599,pool:gen_007,dqn,2,-1.0271,2.9825,64,2026-06-07T16:25:43
19600,dqn,self,2,-0.7672,2.6113,64,2026-06-07T16:25:45
19601,pool:gen_006,dqn,2,-1.0642,2.7226,64,2026-06-07T16:37:29
19602,dqn,pool:gen_007,1,2.4380,-2.3885,64,2026-06-07T16:37:31
19603,pool:gen_006,dqn,2,-0.9900,2.4999,64,2026-06-07T16:37:33
19604,dqn,self,2,-0.4330,3.1311,64,2026-06-07T16:37:35
19605,self,dqn,1,1.6336,-1.7821,64,2026-06-07T16:37:37
19606,dqn,pool:gen_006,1,1.7078,-1.8563,64,2026-06-07T16:37:39
19607,pool:gen_006,dqn,2,-0.9652,2.5246,64,2026-06-07T16:37:41
19608,dqn,self,1,1.5593,-1.8192,64,2026-06-07T16:37:43
19609,random,dqn,2,-1.5221,3.8612,64,2026-06-07T16:37:45
19610,dqn,self,2,-0.6682,2.4133,64,2026-06-07T16:37:47
19611,pool:gen_007,dqn,2,-0.8415,2.6855,64,2026-06-07T16:37:48
19612,dqn,pool:gen_005,2,-0.8167,2.9702,64,2026-06-07T16:37:50
19613,pool:gen_007,dqn,2,-0.3836,2.5123,64,2026-06-07T16:37:52
19614,dqn,self,1,1.7944,-2.0296,64,2026-06-07T16:37:54
19615,pool:gen_005,dqn,1,2.4998,-2.0667,64,2026-06-07T16:37:56
19616,dqn,pool:gen_006,1,1.8563,-1.9677,64,2026-06-07T16:37:58
19617,self,dqn,1,1.4974,-1.8439,64,2026-06-07T16:38:00
19618,dqn,self,1,1.6707,-1.5222,64,2026-06-07T16:38:02
19619,pool:gen_005,dqn,1,2.1533,-1.9677,64,2026-06-07T16:38:03
19620,dqn,self,2,-1.0147,2.7350,64,2026-06-07T16:38:06
19621,heuristic,dqn,2,-0.4826,3.1187,64,2026-06-07T16:38:07
19622,dqn,self,2,-1.0147,3.1063,64,2026-06-07T16:38:09
19623,pool:gen_007,dqn,2,-0.9900,3.0568,64,2026-06-07T16:38:11
19624,dqn,self,2,-0.4454,2.5989,64,2026-06-07T16:38:13
19625,pool:gen_005,dqn,1,2.5988,-2.3761,64,2026-06-07T16:38:15
19626,dqn,self,2,-0.9900,3.0568,64,2026-06-07T16:38:17
19627,pool:gen_007,dqn,2,-0.8415,2.7598,64,2026-06-07T16:38:19
19628,dqn,pool:gen_007,1,1.9677,-2.0791,64,2026-06-07T16:38:21
19629,pool:gen_005,dqn,1,2.5370,-2.2894,64,2026-06-07T16:38:23
19630,dqn,self,2,-0.6311,2.3761,64,2026-06-07T16:38:24
19631,pool:gen_006,dqn,2,-0.9281,2.7474,64,2026-06-07T16:38:26
19632,dqn,pool:gen_005,2,-0.9652,3.4528,64,2026-06-07T16:38:28
19633,self,dqn,2,-0.8043,2.8340,64,2026-06-07T16:38:30
19634,dqn,self,2,-0.4083,2.5989,64,2026-06-07T16:38:32
19635,pool:gen_005,dqn,1,2.5122,-2.2399,64,2026-06-07T16:38:34
19636,dqn,pool:gen_007,1,2.0048,-1.7821,64,2026-06-07T16:38:36
19637,heuristic,dqn,2,-0.1608,3.1063,64,2026-06-07T16:38:38
19638,dqn,pool:gen_006,1,1.7697,-1.8316,64,2026-06-07T16:38:40
19639,self,dqn,1,1.6459,-1.8811,64,2026-06-07T16:38:41
19640,dqn,pool:gen_006,1,1.7326,-1.6459,64,2026-06-07T16:38:43
19641,self,dqn,1,1.7202,-1.9925,64,2026-06-07T16:38:46
19642,dqn,pool:gen_007,1,2.1038,-2.2028,64,2026-06-07T16:38:47
19643,self,dqn,1,1.7326,-1.7202,64,2026-06-07T16:38:49
19644,dqn,self,1,1.8192,-1.9306,64,2026-06-07T16:38:51
19645,self,dqn,1,1.8439,-2.0543,64,2026-06-07T16:38:53
19646,dqn,self,2,-0.4454,2.4875,64,2026-06-07T16:38:55
19647,self,dqn,2,-0.5568,2.3761,64,2026-06-07T16:38:57
19648,dqn,random,1,2.0048,-2.1533,64,2026-06-07T16:38:59
19649,self,dqn,1,1.6336,-1.4850,64,2026-06-07T16:39:01
19650,dqn,self,2,-0.6063,2.5494,64,2026-06-07T16:39:03
19651,random,dqn,1,1.7326,-1.5717,64,2026-06-07T16:39:05
19652,dqn,pool:gen_005,2,-0.7301,2.4999,64,2026-06-07T16:39:06
19653,pool:gen_006,dqn,2,-0.8167,2.6732,64,2026-06-07T16:39:08
19654,dqn,self,2,-0.4949,2.5865,64,2026-06-07T16:39:11
19655,self,dqn,1,1.6830,-2.0667,64,2026-06-07T16:39:12
19656,dqn,self,1,1.8068,-2.1657,64,2026-06-07T16:39:14
19657,pool:gen_006,dqn,1,1.7202,-1.7697,64,2026-06-07T16:39:16
19658,dqn,pool:gen_006,2,-0.5816,2.6855,64,2026-06-07T16:39:18
19659,pool:gen_005,dqn,1,1.8811,-2.1286,64,2026-06-07T16:39:20
19660,dqn,self,2,-1.0518,2.8464,64,2026-06-07T16:39:22
19661,self,dqn,1,1.5964,-2.0048,64,2026-06-07T16:39:24
19662,dqn,self,2,-0.5940,2.2276,64,2026-06-07T16:39:26
19663,random,dqn,2,-0.7672,2.7227,64,2026-06-07T16:39:28
19664,dqn,self,1,1.6088,-1.7697,64,2026-06-07T16:39:29
19665,self,dqn,1,1.4974,-1.7697,64,2026-06-07T16:39:31
19666,dqn,pool:gen_006,2,-0.5568,2.5247,64,2026-06-07T16:39:34
19667,heuristic,dqn,2,-0.4949,2.6979,64,2026-06-07T16:39:35
19668,dqn,self,1,1.5469,-1.8316,64,2026-06-07T16:39:37
19669,self,dqn,2,-0.8786,2.6855,64,2026-06-07T16:39:39
19670,dqn,self,2,-1.2622,3.0073,64,2026-06-07T16:39:41
19671,self,dqn,2,-0.6806,2.4009,64,2026-06-07T16:39:43
19672,dqn,pool:gen_007,1,2.1905,-2.0048,64,2026-06-07T16:39:45
19673,self,dqn,1,2.6855,-2.2152,64,2026-06-07T16:39:47
19674,dqn,pool:gen_006,1,1.5469,-1.5346,64,2026-06-07T16:39:49
19675,self,dqn,1,2.0420,-1.5964,64,2026-06-07T16:39:51
19676,dqn,self,2,-0.7053,2.5246,64,2026-06-07T16:39:52
19677,pool:gen_007,dqn,2,-0.7425,2.6360,64,2026-06-07T16:39:54
19678,dqn,pool:gen_007,1,2.2028,-2.2895,64,2026-06-07T16:39:56
19679,heuristic,dqn,1,2.0667,-1.4974,64,2026-06-07T16:39:58
19680,dqn,random,1,2.4998,-2.2894,64,2026-06-07T16:40:00
19681,self,dqn,2,-0.5940,2.4875,64,2026-06-07T16:40:02
19682,dqn,self,2,-0.8415,2.5370,64,2026-06-07T16:40:04
19683,self,dqn,1,2.2276,-2.2276,64,2026-06-07T16:40:06
19684,dqn,self,1,1.6831,-1.8439,64,2026-06-07T16:40:08
19685,pool:gen_007,dqn,2,-1.1632,3.1434,64,2026-06-07T16:40:10
19686,dqn,self,2,-0.7425,2.5618,64,2026-06-07T16:40:12
19687,self,dqn,1,1.6954,-1.7573,64,2026-06-07T16:40:14
19688,dqn,pool:gen_005,2,-1.0395,3.0815,64,2026-06-07T16:40:16
19689,pool:gen_005,dqn,1,2.4132,-2.3018,64,2026-06-07T16:40:18
19690,dqn,self,1,1.9429,-2.1410,64,2026-06-07T16:40:20
19691,pool:gen_005,dqn,1,2.3266,-2.0914,64,2026-06-07T16:40:22
19692,dqn,self,1,2.4008,-2.0914,64,2026-06-07T16:40:24
19693,pool:gen_007,dqn,2,-0.8910,2.6732,64,2026-06-07T16:40:26
19694,dqn,self,1,1.7573,-1.9182,64,2026-06-07T16:40:28
19695,self,dqn,2,-0.7548,2.5123,64,2026-06-07T16:40:30
19696,dqn,pool:gen_005,2,-0.9281,2.8588,64,2026-06-07T16:40:32
19697,self,dqn,1,1.5840,-1.7573,64,2026-06-07T16:40:34
19698,dqn,pool:gen_005,2,-1.0147,2.9578,64,2026-06-07T16:40:36
19699,pool:gen_006,dqn,1,1.5098,-1.5717,64,2026-06-07T16:40:38
19700,dqn,self,2,-0.6930,2.5741,64,2026-06-07T16:40:40
19701,self,dqn,1,1.6707,-1.7821,64,2026-06-07T16:52:23
19702,dqn,pool:gen_006,1,1.5098,-1.6459,64,2026-06-07T16:52:25
19703,self,dqn,1,1.4232,-1.8440,64,2026-06-07T16:52:27
19704,dqn,pool:gen_005,2,-0.8538,3.1187,64,2026-06-07T16:52:29
19705,self,dqn,1,1.5964,-1.8192,64,2026-06-07T16:52:31
19706,dqn,pool:gen_007,1,2.0914,-2.1038,64,2026-06-07T16:52:33
19707,self,dqn,1,1.4232,-1.8068,64,2026-06-07T16:52:35
19708,dqn,self,2,-0.7301,2.6484,64,2026-06-07T16:52:37
19709,pool:gen_007,dqn,2,-0.7425,2.6360,64,2026-06-07T16:52:39
19710,dqn,self,2,-0.7796,2.3761,64,2026-06-07T16:52:41
19711,pool:gen_007,dqn,2,-0.8415,2.5741,64,2026-06-07T16:52:42
19712,dqn,pool:gen_006,1,1.7326,-1.8687,64,2026-06-07T16:52:44
19713,self,dqn,2,-0.6930,2.7227,64,2026-06-07T16:52:46
19714,dqn,pool:gen_005,2,-1.0395,3.0444,64,2026-06-07T16:52:48
19715,heuristic,dqn,2,-0.7301,2.6484,64,2026-06-07T16:52:50
19716,dqn,heuristic,1,2.6731,-1.7078,64,2026-06-07T16:52:52
19717,pool:gen_005,dqn,1,2.2400,-1.9553,64,2026-06-07T16:52:54
19718,dqn,heuristic,1,2.8588,-1.7820,64,2026-06-07T16:52:56
19719,self,dqn,1,1.6088,-1.8068,64,2026-06-07T16:52:57
19720,dqn,heuristic,1,2.5617,-1.4479,64,2026-06-07T16:52:59
19721,pool:gen_005,dqn,1,2.1410,-1.9058,64,2026-06-07T16:53:01
19722,dqn,pool:gen_005,2,-1.0023,3.0444,64,2026-06-07T16:53:03
19723,pool:gen_005,dqn,1,2.1781,-2.0543,64,2026-06-07T16:53:05
19724,dqn,self,2,-0.5940,2.3390,64,2026-06-07T16:53:07
19725,self,dqn,1,1.6707,-1.6336,64,2026-06-07T16:53:09
19726,dqn,self,1,1.6707,-1.8563,64,2026-06-07T16:53:11
19727,pool:gen_006,dqn,2,-0.4702,2.6113,64,2026-06-07T16:53:13
19728,dqn,pool:gen_006,1,1.9924,-1.9058,64,2026-06-07T16:53:15
19729,random,dqn,2,-1.0395,3.3043,64,2026-06-07T16:53:17
19730,dqn,self,1,1.3860,-1.8440,64,2026-06-07T16:53:19
19731,pool:gen_006,dqn,2,-0.5816,2.5370,64,2026-06-07T16:53:20
19732,dqn,pool:gen_006,1,1.8192,-1.7821,64,2026-06-07T16:53:22
19733,self,dqn,2,-0.5692,2.3638,64,2026-06-07T16:53:24
19734,dqn,heuristic,1,2.4008,-1.9801,64,2026-06-07T16:53:26
19735,self,dqn,2,-0.5445,2.5370,64,2026-06-07T16:53:28
19736,dqn,pool:gen_007,1,2.2523,-2.3885,64,2026-06-07T16:53:29
19737,self,dqn,2,-0.6435,2.6237,64,2026-06-07T16:53:31
19738,dqn,self,2,-0.4950,2.3266,64,2026-06-07T16:53:33
19739,self,dqn,1,1.6954,-1.6459,64,2026-06-07T16:53:35
19740,dqn,self,2,-0.9528,2.7227,64,2026-06-07T16:53:37
19741,self,dqn,2,-0.7301,2.4999,64,2026-06-07T16:53:38
19742,dqn,pool:gen_007,1,2.0296,-2.2771,64,2026-06-07T16:53:41
19743,self,dqn,2,-0.6187,2.7598,64,2026-06-07T16:53:42
19744,dqn,pool:gen_007,1,2.2399,-2.3637,64,2026-06-07T16:53:44
19745,pool:gen_007,dqn,2,-0.9652,2.7474,64,2026-06-07T16:53:46
19746,dqn,pool:gen_005,2,-0.5568,2.8217,64,2026-06-07T16:53:48
19747,heuristic,dqn,2,-0.3588,3.5395,64,2026-06-07T16:53:50
19748,dqn,pool:gen_005,2,-0.8910,2.9330,64,2026-06-07T16:53:52
19749,self,dqn,1,2.0419,-2.0048,64,2026-06-07T16:53:54
19750,dqn,self,2,-0.5073,2.3514,64,2026-06-07T16:53:56
19751,pool:gen_007,dqn,2,-1.1261,2.9578,64,2026-06-07T16:53:58
19752,dqn,pool:gen_005,2,-0.5321,2.6608,64,2026-06-07T16:54:00
19753,pool:gen_005,dqn,1,2.1410,-1.7202,64,2026-06-07T16:54:01
19754,dqn,pool:gen_007,1,2.1038,-2.2400,64,2026-06-07T16:54:03
19755,self,dqn,1,2.1038,-2.0543,64,2026-06-07T16:54:05
19756,dqn,self,1,1.8934,-1.8934,64,2026-06-07T16:54:07
19757,pool:gen_006,dqn,2,-0.8291,2.9949,64,2026-06-07T16:54:09
19758,dqn,pool:gen_006,1,2.0296,-1.7944,64,2026-06-07T16:54:11
19759,self,dqn,2,-1.0271,2.7226,64,2026-06-07T16:54:13
19760,dqn,random,1,1.9429,-1.8439,64,2026-06-07T16:54:15
19761,pool:gen_007,dqn,2,-0.9405,2.7722,64,2026-06-07T16:54:17
19762,dqn,pool:gen_007,1,1.8811,-2.0543,64,2026-06-07T16:54:19
19763,pool:gen_006,dqn,2,-0.5568,2.7845,64,2026-06-07T16:54:21
19764,dqn,pool:gen_006,1,1.7449,-1.8192,64,2026-06-07T16:54:23
19765,pool:gen_006,dqn,2,-0.4949,2.5865,64,2026-06-07T16:54:24
19766,dqn,self,2,-0.8538,2.4875,64,2026-06-07T16:54:26
19767,pool:gen_006,dqn,2,-0.8291,2.9207,64,2026-06-07T16:54:29
19768,dqn,self,1,1.7573,-1.8439,64,2026-06-07T16:54:30
19769,pool:gen_007,dqn,2,-1.0518,3.0320,64,2026-06-07T16:54:32
19770,dqn,self,1,1.7944,-1.8439,64,2026-06-07T16:54:34
19771,pool:gen_007,dqn,2,-1.1261,3.0692,64,2026-06-07T16:54:36
19772,dqn,random,1,2.1038,-1.9801,64,2026-06-07T16:54:38
19773,random,dqn,2,-1.3117,3.7003,64,2026-06-07T16:54:39
19774,dqn,heuristic,1,2.8464,-1.8687,64,2026-06-07T16:54:41
19775,pool:gen_005,dqn,1,1.9306,-1.8934,64,2026-06-07T16:54:43
19776,dqn,self,1,1.9182,-1.9801,64,2026-06-07T16:54:45
19777,pool:gen_006,dqn,2,-0.6187,2.4999,64,2026-06-07T16:54:47
19778,dqn,pool:gen_005,2,-0.5445,2.4999,64,2026-06-07T16:54:49
19779,pool:gen_006,dqn,2,-0.6558,2.8712,64,2026-06-07T16:54:50
19780,dqn,random,1,2.0914,-2.1409,64,2026-06-07T16:54:52
19781,self,dqn,1,1.9429,-2.1781,64,2026-06-07T16:54:54
19782,dqn,random,1,2.1533,-1.9306,64,2026-06-07T16:54:56
19783,pool:gen_006,dqn,1,1.5098,-1.5346,64,2026-06-07T16:54:58
19784,dqn,pool:gen_006,2,-0.6063,2.4751,64,2026-06-07T16:55:00
19785,pool:gen_006,dqn,2,-0.5321,2.4751,64,2026-06-07T16:55:02
19786,dqn,random,1,2.3142,-2.3266,64,2026-06-07T16:55:04
19787,random,dqn,2,-0.7920,2.8835,64,2026-06-07T16:55:05
19788,dqn,self,1,1.4479,-1.8563,64,2026-06-07T16:55:07
19789,self,dqn,2,-1.0766,2.5618,64,2026-06-07T16:55:09
19790,dqn,random,1,1.4850,-1.6336,64,2026-06-07T16:55:11
19791,pool:gen_005,dqn,1,2.2400,-2.2523,64,2026-06-07T16:55:13
19792,dqn,pool:gen_005,2,-0.8662,3.0320,64,2026-06-07T16:55:15
19793,pool:gen_006,dqn,2,-0.5568,2.3761,64,2026-06-07T16:55:17
19794,dqn,self,1,1.5345,-1.6212,64,2026-06-07T16:55:19
19795,pool:gen_005,dqn,1,2.4380,-2.3142,64,2026-06-07T16:55:21
19796,dqn,self,2,-0.8415,2.5370,64,2026-06-07T16:55:22
19797,self,dqn,2,-1.1261,2.8093,64,2026-06-07T16:55:24
19798,dqn,heuristic,1,2.1410,-1.2004,64,2026-06-07T16:55:26
19799,pool:gen_005,dqn,1,2.5122,-2.3513,64,2026-06-07T16:55:28
19800,dqn,pool:gen_005,2,-1.2870,3.3538,64,2026-06-07T16:55:30
19801,self,dqn,2,-0.4826,2.1534,64,2026-06-07T17:07:26
19802,dqn,pool:gen_007,1,2.6731,-2.4875,64,2026-06-07T17:07:28
19803,self,dqn,2,-0.7425,2.4133,64,2026-06-07T17:07:30
19804,dqn,self,2,-0.8662,2.5865,64,2026-06-07T17:07:32
19805,self,dqn,2,-0.8910,2.9330,64,2026-06-07T17:07:34
19806,dqn,pool:gen_007,1,2.3018,-2.2276,64,2026-06-07T17:07:36
19807,pool:gen_005,dqn,1,2.6607,-2.1657,64,2026-06-07T17:07:38
19808,dqn,pool:gen_006,1,1.6707,-2.0048,64,2026-06-07T17:07:40
19809,heuristic,dqn,2,-0.8414,3.2796,64,2026-06-07T17:07:41
19810,dqn,pool:gen_007,1,2.4132,-2.3018,64,2026-06-07T17:07:43
19811,pool:gen_005,dqn,1,2.4132,-2.2647,64,2026-06-07T17:07:45
19812,dqn,pool:gen_007,1,2.3637,-2.3513,64,2026-06-07T17:07:47
19813,self,dqn,1,1.8811,-1.6459,64,2026-06-07T17:07:49
19814,dqn,pool:gen_006,1,1.8192,-1.8563,64,2026-06-07T17:07:51
19815,pool:gen_006,dqn,2,-0.9405,2.8835,64,2026-06-07T17:07:53
19816,dqn,pool:gen_006,1,1.9801,-1.9924,64,2026-06-07T17:07:55
19817,self,dqn,1,1.4974,-1.9553,64,2026-06-07T17:07:57
19818,dqn,pool:gen_007,1,2.2771,-2.2523,64,2026-06-07T17:07:58
19819,self,dqn,1,2.2523,-2.2771,64,2026-06-07T17:08:00
19820,dqn,self,1,1.3613,-1.6831,64,2026-06-07T17:08:02
19821,random,dqn,2,-0.8909,3.3786,64,2026-06-07T17:08:04
19822,dqn,pool:gen_007,1,2.0048,-2.1905,64,2026-06-07T17:08:06
19823,self,dqn,1,1.8811,-1.8316,64,2026-06-07T17:08:08
19824,dqn,pool:gen_006,1,1.8811,-1.8687,64,2026-06-07T17:08:10
19825,self,dqn,1,1.5222,-1.8192,64,2026-06-07T17:08:12
19826,dqn,random,1,2.8464,-2.2399,64,2026-06-07T17:08:14
19827,self,dqn,2,-0.8415,2.5370,64,2026-06-07T17:08:16
19828,dqn,pool:gen_007,1,2.3513,-2.2894,64,2026-06-07T17:08:18
19829,pool:gen_007,dqn,2,-1.1632,3.1434,64,2026-06-07T17:08:20
19830,dqn,self,1,2.2771,-1.9182,64,2026-06-07T17:08:21
19831,pool:gen_007,dqn,2,-1.0519,2.7350,64,2026-06-07T17:08:23
19832,dqn,pool:gen_007,1,2.2647,-2.3390,64,2026-06-07T17:08:25
19833,pool:gen_007,dqn,2,-0.9281,2.7103,64,2026-06-07T17:08:27
19834,dqn,heuristic,1,2.3142,-1.6583,64,2026-06-07T17:08:29
19835,self,dqn,1,1.8439,-1.7573,64,2026-06-07T17:08:31
19836,dqn,self,1,1.7078,-1.9677,64,2026-06-07T17:08:33
19837,self,dqn,1,2.3266,-2.3513,64,2026-06-07T17:08:35
19838,dqn,self,1,2.0419,-2.2647,64,2026-06-07T17:08:37
19839,heuristic,dqn,2,-0.6558,3.2424,64,2026-06-07T17:08:38
19840,dqn,self,1,1.8439,-1.9801,64,2026-06-07T17:08:40
19841,self,dqn,2,-0.6930,2.6855,64,2026-06-07T17:08:43
19842,dqn,self,2,-0.9157,2.6855,64,2026-06-07T17:08:44
19843,self,dqn,2,-0.6311,2.5246,64,2026-06-07T17:08:46
19844,dqn,self,1,1.6459,-1.8439,64,2026-06-07T17:08:48
19845,pool:gen_006,dqn,2,-0.6558,2.6855,64,2026-06-07T17:08:50
19846,dqn,pool:gen_005,2,-0.6187,2.8712,64,2026-06-07T17:08:52
19847,self,dqn,2,-0.8043,2.5370,64,2026-06-07T17:08:54
19848,dqn,self,1,1.5469,-2.0915,64,2026-06-07T17:08:56
19849,self,dqn,2,-0.5445,2.3514,64,2026-06-07T17:08:58
19850,dqn,pool:gen_006,1,2.1533,-2.0048,64,2026-06-07T17:09:00
19851,pool:gen_007,dqn,2,-1.1137,2.7845,64,2026-06-07T17:09:02
19852,dqn,self,2,-0.5940,2.5989,64,2026-06-07T17:09:04
19853,self,dqn,1,1.9306,-2.0419,64,2026-06-07T17:09:06
19854,dqn,self,1,2.1781,-1.9429,64,2026-06-07T17:09:08
19855,pool:gen_007,dqn,2,-1.0023,2.8217,64,2026-06-07T17:09:10
19856,dqn,self,2,-0.6311,2.1905,64,2026-06-07T17:09:12
19857,pool:gen_005,dqn,1,2.4998,-2.1038,64,2026-06-07T17:09:14
19858,dqn,self,1,1.9924,-1.9429,64,2026-06-07T17:09:16
19859,pool:gen_007,dqn,2,-1.0023,2.8217,64,2026-06-07T17:09:17
19860,dqn,heuristic,1,2.4999,-1.6212,64,2026-06-07T17:09:19
19861,pool:gen_005,dqn,1,2.6855,-2.1038,64,2026-06-07T17:09:21
19862,dqn,self,1,1.7202,-1.7697,64,2026-06-07T17:09:23
19863,pool:gen_005,dqn,1,2.3761,-1.8934,64,2026-06-07T17:09:25
19864,dqn,pool:gen_006,1,2.2771,-2.1409,64,2026-06-07T17:09:27
19865,self,dqn,1,1.6707,-1.8934,64,2026-06-07T17:09:29
19866,dqn,pool:gen_006,1,2.3885,-2.2152,64,2026-06-07T17:09:31
19867,pool:gen_006,dqn,2,-1.0147,3.1063,64,2026-06-07T17:09:32
19868,dqn,pool:gen_005,2,-0.7920,2.8835,64,2026-06-07T17:09:34
19869,pool:gen_006,dqn,2,-1.0642,3.2053,64,2026-06-07T17:09:36
19870,dqn,self,2,-0.5692,2.3638,64,2026-06-07T17:09:38
19871,self,dqn,2,-0.9900,2.4999,64,2026-06-07T17:09:40
19872,dqn,self,1,1.7697,-1.6831,64,2026-06-07T17:09:42
19873,self,dqn,2,-0.4331,2.3143,64,2026-06-07T17:09:45
19874,dqn,self,2,-0.6311,2.1905,64,2026-06-07T17:09:47
19875,self,dqn,2,-1.0519,2.5865,64,2026-06-07T17:09:50
19876,dqn,self,2,-0.3712,2.5618,64,2026-06-07T17:09:52
19877,self,dqn,2,-0.7672,2.5741,64,2026-06-07T17:09:54
19878,dqn,self,2,-1.1880,3.1558,64,2026-06-07T17:09:57
19879,pool:gen_007,dqn,2,-0.9033,2.6236,64,2026-06-07T17:09:59
19880,dqn,pool:gen_006,1,2.1533,-2.0048,64,2026-06-07T17:10:01
19881,pool:gen_007,dqn,2,-1.0024,2.6731,64,2026-06-07T17:10:03
19882,dqn,self,2,-0.6682,2.5246,64,2026-06-07T17:10:05
19883,pool:gen_006,dqn,2,-0.7920,2.7722,64,2026-06-07T17:10:07
19884,dqn,self,1,1.9058,-1.9924,64,2026-06-07T17:10:09
19885,pool:gen_007,dqn,2,-1.2004,3.1063,64,2026-06-07T17:10:11
19886,dqn,pool:gen_007,1,1.7697,-2.0172,64,2026-06-07T17:10:14
19887,self,dqn,1,1.4727,-1.8687,64,2026-06-07T17:10:16
19888,dqn,self,2,-0.8167,2.7845,64,2026-06-07T17:10:19
19889,pool:gen_006,dqn,2,-0.8786,2.7969,64,2026-06-07T17:10:21
19890,dqn,pool:gen_007,1,2.1781,-2.2771,64,2026-06-07T17:10:23
19891,pool:gen_005,dqn,1,1.5593,-1.5593,64,2026-06-07T17:10:25
19892,dqn,self,2,-0.4454,2.5618,64,2026-06-07T17:10:27
19893,self,dqn,1,2.0791,-2.0048,64,2026-06-07T17:10:29
19894,dqn,pool:gen_005,2,-0.6929,2.9454,64,2026-06-07T17:10:31
19895,pool:gen_005,dqn,1,1.8439,-1.8316,64,2026-06-07T17:10:34
19896,dqn,pool:gen_006,1,2.4998,-2.2523,64,2026-06-07T17:10:36
19897,self,dqn,2,-0.6435,2.6979,64,2026-06-07T17:10:38
19898,dqn,pool:gen_006,1,1.8934,-1.8563,64,2026-06-07T17:10:40
19899,random,dqn,2,-0.8662,2.8464,64,2026-06-07T17:10:42
19900,dqn,self,2,-0.8538,3.1558,64,2026-06-07T17:10:45
19901,self,dqn,2,-0.5692,2.4009,64,2026-06-07T17:23:00
19902,dqn,random,1,2.6855,-2.1781,64,2026-06-07T17:23:02
19903,pool:gen_005,dqn,1,1.7202,-1.7697,64,2026-06-07T17:23:04
19904,dqn,pool:gen_006,1,2.1038,-2.0914,64,2026-06-07T17:23:06
19905,pool:gen_006,dqn,2,-0.8910,2.8217,64,2026-06-07T17:23:08
19906,dqn,pool:gen_006,1,2.3018,-2.1162,64,2026-06-07T17:23:10
19907,pool:gen_006,dqn,2,-1.0147,3.1063,64,2026-06-07T17:23:13
19908,dqn,pool:gen_005,2,-0.3836,2.4752,64,2026-06-07T17:23:15
19909,self,dqn,2,-0.4950,2.4380,64,2026-06-07T17:23:17
19910,dqn,self,1,2.2895,-1.7944,64,2026-06-07T17:23:19
19911,pool:gen_006,dqn,2,-0.7425,2.7103,64,2026-06-07T17:23:22
19912,dqn,self,2,-0.7425,2.4875,64,2026-06-07T17:23:24
19913,heuristic,dqn,2,-0.2474,3.3538,64,2026-06-07T17:23:26
19914,dqn,self,1,1.8316,-1.5840,64,2026-06-07T17:23:28
19915,self,dqn,1,1.8192,-1.8563,64,2026-06-07T17:23:31
19916,dqn,pool:gen_007,1,2.0048,-2.2647,64,2026-06-07T17:23:33
19917,pool:gen_007,dqn,2,-1.1137,2.7845,64,2026-06-07T17:23:35
19918,dqn,pool:gen_007,1,2.2152,-2.3142,64,2026-06-07T17:23:37
19919,pool:gen_007,dqn,2,-1.2004,3.0320,64,2026-06-07T17:23:40
19920,dqn,pool:gen_006,1,1.8192,-2.0420,64,2026-06-07T17:23:42
19921,pool:gen_007,dqn,2,-1.0642,2.9083,64,2026-06-07T17:23:44
19922,dqn,pool:gen_006,1,2.0172,-1.8439,64,2026-06-07T17:23:46
19923,self,dqn,1,1.6707,-1.5964,64,2026-06-07T17:23:48
19924,dqn,self,2,-0.7548,2.5494,64,2026-06-07T17:23:50
19925,self,dqn,2,-0.7177,2.7722,64,2026-06-07T17:23:52
19926,dqn,self,1,1.6212,-1.8687,64,2026-06-07T17:23:54
19927,pool:gen_005,dqn,2,-0.3093,2.2153,64,2026-06-07T17:23:56
19928,dqn,self,1,1.6954,-1.7944,64,2026-06-07T17:23:57
19929,random,dqn,2,-1.1880,2.9330,64,2026-06-07T17:23:59
19930,dqn,self,1,2.0419,-2.0419,64,2026-06-07T17:24:01
19931,heuristic,dqn,2,-0.9033,2.8093,64,2026-06-07T17:24:03
19932,dqn,pool:gen_006,1,2.2276,-1.9677,64,2026-06-07T17:24:05
19933,pool:gen_005,dqn,2,-0.4578,2.5494,64,2026-06-07T17:24:06
19934,dqn,self,2,-0.7672,2.6484,64,2026-06-07T17:24:08
19935,pool:gen_007,dqn,2,-0.7672,2.9826,64,2026-06-07T17:24:10
19936,dqn,self,2,-0.9776,2.8835,64,2026-06-07T17:24:12
19937,pool:gen_007,dqn,2,-1.2375,3.1805,64,2026-06-07T17:24:14
19938,dqn,pool:gen_005,1,1.6954,-1.6459,64,2026-06-07T17:24:16
19939,heuristic,dqn,2,-0.8291,3.8489,64,2026-06-07T17:24:17
19940,dqn,heuristic,1,2.5246,-1.5964,64,2026-06-07T17:24:19
19941,pool:gen_005,dqn,2,-0.5692,2.6608,64,2026-06-07T17:24:21
19942,dqn,self,1,1.4479,-1.6707,64,2026-06-07T17:24:23
19943,self,dqn,1,1.9801,-1.8068,64,2026-06-07T17:24:24
19944,dqn,self,2,-0.9900,2.7969,64,2026-06-07T17:24:27
19945,pool:gen_005,dqn,1,1.6336,-1.5222,64,2026-06-07T17:24:29
19946,dqn,pool:gen_006,1,1.9553,-1.9429,64,2026-06-07T17:24:30
19947,self,dqn,2,-0.7425,2.7845,64,2026-06-07T17:24:32
19948,dqn,self,2,-0.7920,2.5123,64,2026-06-07T17:24:35
19949,self,dqn,2,-0.6063,2.9578,64,2026-06-07T17:24:37
19950,dqn,pool:gen_005,2,-0.7920,2.7722,64,2026-06-07T17:24:39
19951,pool:gen_005,dqn,1,1.6459,-1.6212,64,2026-06-07T17:24:41
19952,dqn,pool:gen_007,1,2.4380,-2.3885,64,2026-06-07T17:24:43
19953,self,dqn,1,1.7944,-1.6212,64,2026-06-07T17:24:45
19954,dqn,pool:gen_006,1,1.6583,-1.5345,64,2026-06-07T17:24:47
19955,self,dqn,1,1.7821,-1.9306,64,2026-06-07T17:24:49
19956,dqn,self,2,-0.9652,3.0444,64,2026-06-07T17:24:51
19957,pool:gen_006,dqn,2,-0.7053,2.7845,64,2026-06-07T17:24:52
19958,dqn,pool:gen_005,2,-0.6558,2.4999,64,2026-06-07T17:24:54
19959,self,dqn,2,-1.2994,3.3414,64,2026-06-07T17:24:56
19960,dqn,self,2,-0.7796,2.5246,64,2026-06-07T17:24:58
19961,self,dqn,2,-0.9528,2.8712,64,2026-06-07T17:25:00
19962,dqn,heuristic,1,2.5494,-1.2375,64,2026-06-07T17:25:02
19963,pool:gen_005,dqn,1,1.8068,-1.8316,64,2026-06-07T17:25:04
19964,dqn,pool:gen_006,1,1.5840,-1.7944,64,2026-06-07T17:25:06
19965,pool:gen_005,dqn,2,-0.3093,2.2524,64,2026-06-07T17:25:08
19966,dqn,pool:gen_007,1,2.2523,-2.0914,64,2026-06-07T17:25:10
19967,self,dqn,2,-0.6930,2.5741,64,2026-06-07T17:25:12
19968,dqn,pool:gen_007,1,2.2895,-2.1657,64,2026-06-07T17:25:14
19969,pool:gen_006,dqn,2,-0.6311,2.4133,64,2026-06-07T17:25:16
19970,dqn,pool:gen_007,1,2.4256,-2.3637,64,2026-06-07T17:25:18
19971,pool:gen_006,dqn,1,1.5222,-1.7449,64,2026-06-07T17:25:20
19972,dqn,pool:gen_005,2,-0.6930,2.6113,64,2026-06-07T17:25:22
19973,self,dqn,2,-0.6682,2.3390,64,2026-06-07T17:25:24
19974,dqn,heuristic,1,2.5494,-1.7202,64,2026-06-07T17:25:25
19975,self,dqn,2,-0.5940,2.4133,64,2026-06-07T17:25:27
19976,dqn,pool:gen_007,1,2.0667,-1.9058,64,2026-06-07T17:25:30
19977,self,dqn,1,1.9058,-2.1038,64,2026-06-07T17:25:31
19978,dqn,pool:gen_005,2,-0.8786,2.7227,64,2026-06-07T17:25:33
19979,self,dqn,1,1.6459,-1.7326,64,2026-06-07T17:25:35
19980,dqn,self,2,-0.5692,2.6608,64,2026-06-07T17:25:37
19981,self,dqn,1,1.5840,-1.9058,64,2026-06-07T17:25:39
19982,dqn,pool:gen_007,1,2.0048,-1.9306,64,2026-06-07T17:25:41
19983,pool:gen_005,dqn,1,2.0172,-2.0296,64,2026-06-07T17:25:43
19984,dqn,pool:gen_007,1,2.0172,-2.0667,64,2026-06-07T17:25:45
19985,pool:gen_007,dqn,2,-1.1385,3.3167,64,2026-06-07T17:25:47
19986,dqn,self,1,1.9306,-2.1162,64,2026-06-07T17:25:49
19987,pool:gen_005,dqn,1,1.8811,-2.0543,64,2026-06-07T17:25:50
19988,dqn,self,2,-0.4331,2.3885,64,2026-06-07T17:25:53
19989,pool:gen_007,dqn,2,-0.8167,2.7845,64,2026-06-07T17:25:55
19990,dqn,pool:gen_006,1,1.5098,-1.7202,64,2026-06-07T17:25:56
19991,self,dqn,2,-0.9157,2.6113,64,2026-06-07T17:25:58
19992,dqn,pool:gen_007,1,1.9306,-1.8934,64,2026-06-07T17:26:00
19993,self,dqn,2,-0.6063,2.8093,64,2026-06-07T17:26:02
19994,dqn,pool:gen_006,1,1.3613,-1.8687,64,2026-06-07T17:26:04
19995,self,dqn,1,1.5222,-1.8935,64,2026-06-07T17:26:06
19996,dqn,self,2,-0.8043,2.7969,64,2026-06-07T17:26:09
19997,self,dqn,1,1.6831,-1.8439,64,2026-06-07T17:26:11
19998,dqn,pool:gen_006,2,-0.6435,2.4009,64,2026-06-07T17:26:13
19999,self,dqn,1,1.9429,-2.1038,64,2026-06-07T17:26:15
20000,dqn,random,1,2.3885,-2.1409,64,2026-06-07T17:26:17
20001,pool:gen_006,dqn,1,1.2747,-1.7697,64,2026-06-07T17:45:35
20002,dqn,pool:gen_005,2,-0.8043,2.6855,64,2026-06-07T17:45:43
20003,self,dqn,1,1.7449,-1.7078,64,2026-06-07T17:45:49
20004,dqn,self,1,1.8563,-1.9677,64,2026-06-07T17:45:57
20005,pool:gen_006,dqn,2,-0.9281,2.4133,64,2026-06-07T17:46:07
20006,dqn,self,2,-0.7548,2.4751,64,2026-06-07T17:46:17
20007,random,dqn,2,-1.2375,3.3662,64,2026-06-07T17:46:26
20008,dqn,self,2,-1.1014,2.8340,64,2026-06-07T17:46:36
20009,pool:gen_006,dqn,2,-0.6558,2.4256,64,2026-06-07T17:46:47
20010,dqn,self,1,1.6212,-1.6088,64,2026-06-07T17:46:54
20011,pool:gen_006,dqn,2,-0.6806,2.4751,64,2026-06-07T17:47:04
20012,dqn,pool:gen_007,1,2.3018,-2.2276,64,2026-06-07T17:47:13
20013,heuristic,dqn,2,-0.7796,3.6013,64,2026-06-07T17:47:21
20014,dqn,random,1,2.9206,-2.3513,64,2026-06-07T17:47:28
20015,pool:gen_007,dqn,2,-1.0890,2.9949,64,2026-06-07T17:47:37
20016,dqn,self,2,-0.7920,2.5865,64,2026-06-07T17:47:46
20017,self,dqn,2,-0.6435,2.3638,64,2026-06-07T17:47:56
20018,dqn,pool:gen_006,1,1.3737,-1.8563,64,2026-06-07T17:48:10
20019,self,dqn,2,-0.7177,2.5494,64,2026-06-07T17:48:21
20020,dqn,self,1,1.5222,-1.6707,64,2026-06-07T17:48:31
20021,pool:gen_007,dqn,2,-0.7177,2.8093,64,2026-06-07T17:48:41
20022,dqn,pool:gen_005,2,-1.1137,2.9702,64,2026-06-07T17:48:50
20023,self,dqn,1,1.9801,-2.0667,64,2026-06-07T17:48:58
20024,dqn,self,1,1.8192,-1.8192,64,2026-06-07T17:49:08
20025,self,dqn,1,2.2400,-2.0667,64,2026-06-07T17:49:18
20026,dqn,pool:gen_005,2,-1.0519,2.8093,64,2026-06-07T17:49:26
20027,pool:gen_006,dqn,2,-0.7796,2.3019,64,2026-06-07T17:49:34
20028,dqn,self,2,-0.7672,2.3885,64,2026-06-07T17:49:42
20029,random,dqn,2,-1.2003,3.2177,64,2026-06-07T17:49:50
20030,dqn,heuristic,1,2.6731,-1.6335,64,2026-06-07T17:49:57
20031,heuristic,dqn,2,-0.7177,3.2177,64,2026-06-07T17:50:04
20032,dqn,self,2,-1.0395,3.1187,64,2026-06-07T17:50:14
20033,pool:gen_005,dqn,1,2.2771,-2.3266,64,2026-06-07T17:50:22
20034,dqn,pool:gen_008,2,-0.6558,2.3514,64,2026-06-07T17:50:29
20035,pool:gen_008,dqn,1,1.4974,-1.6954,64,2026-06-07T17:50:38
20036,dqn,pool:gen_007,1,2.2523,-2.1657,64,2026-06-07T17:50:46
20037,random,dqn,2,-1.0642,3.3167,64,2026-06-07T17:50:54
20038,dqn,pool:gen_008,2,-0.9652,2.8959,64,2026-06-07T17:51:02
20039,pool:gen_007,dqn,2,-1.2003,3.2548,64,2026-06-07T17:51:11
20040,dqn,pool:gen_007,1,2.3018,-2.2276,64,2026-06-07T17:51:19
20041,pool:gen_006,dqn,2,-0.8167,2.4133,64,2026-06-07T17:51:28
20042,dqn,self,1,1.4603,-1.5841,64,2026-06-07T17:51:38
20043,pool:gen_008,dqn,1,1.9924,-1.7944,64,2026-06-07T17:51:42
20044,dqn,self,1,1.4479,-1.8563,64,2026-06-07T17:51:45
20045,self,dqn,1,1.8811,-1.9058,64,2026-06-07T17:51:50
20046,dqn,self,2,-0.6558,2.5370,64,2026-06-07T17:52:00
20047,pool:gen_007,dqn,2,-1.1880,3.0444,64,2026-06-07T17:52:09
20048,dqn,self,2,-0.6558,2.2771,64,2026-06-07T17:52:17
20049,self,dqn,2,-0.5816,2.1658,64,2026-06-07T17:52:25
20050,dqn,self,2,-0.7301,2.5741,64,2026-06-07T17:52:34
20051,pool:gen_006,dqn,2,-0.9900,2.8340,64,2026-06-07T17:52:43
20052,dqn,self,2,-0.8539,2.3761,64,2026-06-07T17:52:52
20053,self,dqn,2,-1.0518,3.0692,64,2026-06-07T17:53:00
20054,dqn,self,1,1.6583,-1.9429,64,2026-06-07T17:53:10
20055,heuristic,dqn,2,-0.4949,3.4776,64,2026-06-07T17:53:18
20056,dqn,random,1,2.1533,-2.0791,64,2026-06-07T17:53:28
20057,pool:gen_007,dqn,2,-1.1013,3.0939,64,2026-06-07T17:53:35
20058,dqn,self,1,1.6212,-1.8687,64,2026-06-07T17:53:45
20059,pool:gen_007,dqn,2,-1.0766,3.0815,64,2026-06-07T17:53:53
20060,dqn,self,1,2.0914,-2.3266,64,2026-06-07T17:54:01
20061,self,dqn,2,-0.7425,2.7474,64,2026-06-07T17:54:09
20062,dqn,pool:gen_007,1,2.0048,-2.0419,64,2026-06-07T17:54:18
20063,pool:gen_008,dqn,2,-0.3217,2.2029,64,2026-06-07T17:54:27
20064,dqn,pool:gen_007,1,1.7944,-1.8811,64,2026-06-07T17:54:35
20065,self,dqn,1,1.6707,-1.7821,64,2026-06-07T17:54:44
20066,dqn,random,2,-0.5940,2.4133,64,2026-06-07T17:54:53
20067,pool:gen_005,dqn,1,1.6583,-1.6831,64,2026-06-07T17:55:03
20068,dqn,pool:gen_008,2,-0.7672,2.5741,64,2026-06-07T17:55:13
20069,pool:gen_007,dqn,2,-0.8043,2.5370,64,2026-06-07T17:55:22
20070,dqn,self,1,1.7202,-1.9553,64,2026-06-07T17:55:32
20071,pool:gen_005,dqn,1,2.0296,-2.2771,64,2026-06-07T17:55:40
20072,dqn,self,1,1.5098,-1.9430,64,2026-06-07T17:55:49
20073,pool:gen_006,dqn,2,-0.7301,2.4999,64,2026-06-07T17:55:57
20074,dqn,self,2,-0.4826,2.5989,64,2026-06-07T17:56:06
20075,self,dqn,2,-0.7301,2.3514,64,2026-06-07T17:56:15
20076,dqn,self,2,-0.7548,2.3266,64,2026-06-07T17:56:25
20077,self,dqn,1,1.8192,-1.8192,64,2026-06-07T17:56:33
20078,dqn,self,1,1.6088,-1.8068,64,2026-06-07T17:56:43
20079,self,dqn,1,1.6583,-1.6831,64,2026-06-07T17:56:51
20080,dqn,pool:gen_007,1,1.8439,-2.2028,64,2026-06-07T17:57:00
20081,pool:gen_008,dqn,2,-0.5692,2.2895,64,2026-06-07T17:57:09
20082,dqn,self,1,2.3637,-2.4256,64,2026-06-07T17:57:17
20083,self,dqn,1,1.4974,-1.6212,64,2026-06-07T17:57:26
20084,dqn,random,1,2.0791,-2.2276,64,2026-06-07T17:57:35
20085,self,dqn,1,1.9306,-1.5593,64,2026-06-07T17:57:44
20086,dqn,self,1,1.9058,-1.6583,64,2026-06-07T17:57:54
20087,self,dqn,1,2.2895,-1.9801,64,2026-06-07T17:58:05
20088,dqn,self,2,-0.4702,2.3885,64,2026-06-07T17:58:16
20089,self,dqn,1,1.4232,-1.6954,64,2026-06-07T17:58:25
20090,dqn,self,1,1.6954,-1.7202,64,2026-06-07T17:58:33
20091,self,dqn,1,1.8439,-1.9801,64,2026-06-07T17:58:42
20092,dqn,random,1,2.3637,-2.1657,64,2026-06-07T17:58:50
20093,pool:gen_005,dqn,1,1.9801,-2.0667,64,2026-06-07T17:58:59
20094,dqn,self,1,2.2399,-2.2895,64,2026-06-07T17:59:09
20095,self,dqn,2,-0.3959,2.3143,64,2026-06-07T17:59:19
20096,dqn,pool:gen_005,2,-0.5197,2.6360,64,2026-06-07T17:59:28
20097,self,dqn,2,-0.8043,2.7598,64,2026-06-07T17:59:38
20098,dqn,self,1,2.0914,-2.1781,64,2026-06-07T17:59:48
20099,pool:gen_005,dqn,1,1.8687,-1.9182,64,2026-06-07T17:59:58
20100,dqn,pool:gen_006,1,1.9801,-2.1781,64,2026-06-07T18:00:08
20101,pool:gen_005,dqn,1,1.5222,-1.6336,64,2026-06-07T18:21:28
20102,dqn,pool:gen_005,2,-0.7672,2.7598,64,2026-06-07T18:21:37
20103,pool:gen_006,dqn,2,-0.6187,2.4999,64,2026-06-07T18:21:44
20104,dqn,random,1,1.8192,-2.0420,64,2026-06-07T18:21:51
20105,self,dqn,2,-1.0023,3.6013,64,2026-06-07T18:21:59
20106,dqn,random,1,2.7845,-2.3761,64,2026-06-07T18:22:07
20107,self,dqn,1,1.5098,-1.9058,64,2026-06-07T18:22:19
20108,dqn,pool:gen_008,2,-0.4207,2.3638,64,2026-06-07T18:22:27
20109,self,dqn,1,1.9677,-1.9306,64,2026-06-07T18:22:37
20110,dqn,self,2,-0.5321,2.6979,64,2026-06-07T18:22:44
20111,pool:gen_007,dqn,1,1.4974,-1.7326,64,2026-06-07T18:22:52
20112,dqn,pool:gen_006,1,1.7202,-1.5098,64,2026-06-07T18:23:00
20113,pool:gen_007,dqn,1,1.4727,-1.7573,64,2026-06-07T18:23:08
20114,dqn,pool:gen_008,2,-0.5816,2.3885,64,2026-06-07T18:23:19
20115,pool:gen_008,dqn,1,1.3241,-1.9058,64,2026-06-07T18:23:29
20116,dqn,pool:gen_007,1,1.9058,-1.9182,64,2026-06-07T18:23:36
20117,self,dqn,2,-0.4702,2.5370,64,2026-06-07T18:23:44
20118,dqn,pool:gen_006,1,1.7326,-1.7202,64,2026-06-07T18:23:54
20119,pool:gen_008,dqn,1,1.4355,-1.9430,64,2026-06-07T18:24:02
20120,dqn,self,1,1.6954,-1.9429,64,2026-06-07T18:24:11
20121,self,dqn,1,1.6336,-1.7821,64,2026-06-07T18:24:18
20122,dqn,self,2,-0.9033,2.9949,64,2026-06-07T18:24:27
20123,pool:gen_006,dqn,2,-0.4826,2.4504,64,2026-06-07T18:24:34
20124,dqn,self,2,-0.9776,3.2548,64,2026-06-07T18:24:43
20125,pool:gen_007,dqn,1,1.4850,-1.7078,64,2026-06-07T18:24:51
20126,dqn,self,2,-0.7548,2.6608,64,2026-06-07T18:24:59
20127,self,dqn,1,1.7449,-2.0048,64,2026-06-07T18:25:08
20128,dqn,pool:gen_007,1,1.6707,-1.8192,64,2026-06-07T18:25:18
20129,self,dqn,1,1.7202,-1.7326,64,2026-06-07T18:25:28
20130,dqn,heuristic,1,3.2177,-1.9800,64,2026-06-07T18:25:37
20131,self,dqn,1,2.0048,-2.0791,64,2026-06-07T18:25:45
20132,dqn,pool:gen_005,2,-0.8415,2.6855,64,2026-06-07T18:25:53
20133,self,dqn,1,1.5593,-1.6336,64,2026-06-07T18:26:03
20134,dqn,self,1,1.9429,-1.9924,64,2026-06-07T18:26:11
20135,self,dqn,1,1.9925,-1.5717,64,2026-06-07T18:26:22
20136,dqn,self,1,1.7821,-1.6707,64,2026-06-07T18:26:32
20137,random,dqn,1,1.8563,-1.5593,64,2026-06-07T18:26:40
20138,dqn,random,1,1.7821,-1.8192,64,2026-06-07T18:26:51
20139,pool:gen_007,dqn,2,-0.9157,2.6855,64,2026-06-07T18:27:02
20140,dqn,pool:gen_006,1,2.1162,-1.9306,64,2026-06-07T18:27:11
20141,self,dqn,1,1.7325,-2.2028,64,2026-06-07T18:27:22
20142,dqn,self,1,1.7078,-1.7821,64,2026-06-07T18:27:31
20143,self,dqn,2,-0.5197,2.7845,64,2026-06-07T18:27:41
20144,dqn,self,2,-0.9900,3.0197,64,2026-06-07T18:27:49
20145,self,dqn,2,-0.7672,2.4256,64,2026-06-07T18:27:58
20146,dqn,self,2,-0.5568,2.3761,64,2026-06-07T18:28:08
20147,pool:gen_005,dqn,1,1.6459,-1.7326,64,2026-06-07T18:28:18
20148,dqn,pool:gen_005,2,-0.6806,2.4380,64,2026-06-07T18:28:26
20149,pool:gen_006,dqn,2,-0.5197,2.6732,64,2026-06-07T18:28:38
20150,dqn,pool:gen_005,2,-0.5816,2.3885,64,2026-06-07T18:28:52
20151,pool:gen_007,dqn,2,-0.6063,2.2524,64,2026-06-07T18:29:01
20152,dqn,pool:gen_006,1,2.1038,-2.0543,64,2026-06-07T18:29:13
20153,pool:gen_007,dqn,2,-0.7425,2.3761,64,2026-06-07T18:29:22
20154,dqn,pool:gen_008,1,1.3118,-1.7697,64,2026-06-07T18:29:28
20155,pool:gen_006,dqn,2,-0.9033,2.8835,64,2026-06-07T18:29:38
20156,dqn,self,1,1.9924,-2.1657,64,2026-06-07T18:29:47
20157,pool:gen_007,dqn,2,-0.6806,2.4009,64,2026-06-07T18:29:55
20158,dqn,self,1,1.5717,-1.7326,64,2026-06-07T18:30:03
20159,pool:gen_007,dqn,2,-0.6558,2.4628,64,2026-06-07T18:30:10
20160,dqn,heuristic,1,2.4751,-1.3860,64,2026-06-07T18:30:17
20161,heuristic,dqn,2,-0.8414,3.6880,64,2026-06-07T18:30:23
20162,dqn,pool:gen_006,1,2.1162,-2.0791,64,2026-06-07T18:30:30
20163,pool:gen_005,dqn,1,1.4727,-1.6459,64,2026-06-07T18:30:38
20164,dqn,self,1,1.3737,-1.8563,64,2026-06-07T18:30:46
20165,pool:gen_007,dqn,2,-0.7301,2.4628,64,2026-06-07T18:30:53
20166,dqn,self,2,-0.7796,2.6360,64,2026-06-07T18:31:01
20167,pool:gen_006,dqn,2,-0.6682,2.4504,64,2026-06-07T18:31:07
20168,dqn,pool:gen_008,1,1.3242,-1.8687,64,2026-06-07T18:31:14
20169,self,dqn,1,1.4850,-1.7821,64,2026-06-07T18:31:22
20170,dqn,pool:gen_008,1,1.4108,-1.8192,64,2026-06-07T18:31:30
20171,pool:gen_006,dqn,2,-0.7053,2.5618,64,2026-06-07T18:31:38
20172,dqn,random,1,1.9924,-1.8316,64,2026-06-07T18:31:44
20173,self,dqn,1,1.6459,-1.9182,64,2026-06-07T18:31:51
20174,dqn,pool:gen_006,1,2.2028,-2.2152,64,2026-06-07T18:31:58
20175,self,dqn,2,-0.5816,2.4999,64,2026-06-07T18:32:06
20176,dqn,self,2,-1.0642,2.7598,64,2026-06-07T18:32:14
20177,random,dqn,2,-0.6558,2.4256,64,2026-06-07T18:32:21
20178,dqn,self,1,2.6112,-2.2523,64,2026-06-07T18:32:29
20179,self,dqn,2,-0.8043,2.5370,64,2026-06-07T18:32:36
20180,dqn,pool:gen_006,1,1.8316,-1.8068,64,2026-06-07T18:32:42
20181,pool:gen_008,dqn,1,1.8563,-2.0791,64,2026-06-07T18:32:50
20182,dqn,pool:gen_008,2,-0.6435,2.1781,64,2026-06-07T18:32:58
20183,self,dqn,2,-0.7920,2.4009,64,2026-06-07T18:33:06
20184,dqn,pool:gen_005,2,-0.6930,2.3143,64,2026-06-07T18:33:13
20185,pool:gen_006,dqn,2,-0.8662,2.6236,64,2026-06-07T18:33:21
20186,dqn,self,1,1.7449,-1.8192,64,2026-06-07T18:33:28
20187,self,dqn,1,1.4850,-1.8935,64,2026-06-07T18:33:36
20188,dqn,self,2,-0.9776,2.8464,64,2026-06-07T18:33:43
20189,pool:gen_006,dqn,2,-0.8786,2.8340,64,2026-06-07T18:33:49
20190,dqn,pool:gen_006,1,2.2400,-2.1409,64,2026-06-07T18:33:57
20191,self,dqn,2,-0.6930,2.2400,64,2026-06-07T18:34:05
20192,dqn,pool:gen_006,1,2.1533,-1.9677,64,2026-06-07T18:34:12
20193,pool:gen_008,dqn,1,1.5345,-1.8439,64,2026-06-07T18:34:20
20194,dqn,heuristic,1,2.2028,-1.4355,64,2026-06-07T18:34:26
20195,pool:gen_005,dqn,1,1.8316,-1.8811,64,2026-06-07T18:34:34
20196,dqn,pool:gen_006,1,2.4751,-2.3142,64,2026-06-07T18:34:41
20197,pool:gen_007,dqn,2,-0.7548,2.3638,64,2026-06-07T18:34:49
20198,dqn,self,2,-1.2375,2.9949,64,2026-06-07T18:34:57
20199,self,dqn,2,-0.6063,2.3266,64,2026-06-07T18:35:04
20200,dqn,self,1,1.8316,-1.6954,64,2026-06-07T18:35:12
20201,pool:gen_007,dqn,2,-0.5568,2.2648,64,2026-06-07T18:56:20
20202,dqn,pool:gen_005,1,1.4850,-1.6707,64,2026-06-07T18:56:30
20203,self,dqn,2,-0.4578,2.5865,64,2026-06-07T18:56:39
20204,dqn,pool:gen_007,1,1.4974,-1.6954,64,2026-06-07T18:56:47
20205,self,dqn,1,1.6830,-1.9925,64,2026-06-07T18:56:57
20206,dqn,pool:gen_008,2,-0.5445,2.0915,64,2026-06-07T18:57:09
20207,self,dqn,1,1.8316,-1.9924,64,2026-06-07T18:57:18
20208,dqn,pool:gen_007,1,1.7202,-1.7697,64,2026-06-07T18:57:27
20209,pool:gen_008,dqn,2,-0.7672,2.4256,64,2026-06-07T18:57:36
20210,dqn,random,1,1.5717,-1.7697,64,2026-06-07T18:57:45
20211,pool:gen_005,dqn,1,1.3737,-1.5964,64,2026-06-07T18:57:55
20212,dqn,random,1,2.2895,-2.2028,64,2026-06-07T18:58:03
20213,self,dqn,1,1.9058,-1.8439,64,2026-06-07T18:58:13
20214,dqn,self,1,2.0543,-2.1038,64,2026-06-07T18:58:22
20215,pool:gen_005,dqn,1,1.3860,-1.7326,64,2026-06-07T18:58:30
20216,dqn,random,1,1.8439,-1.9429,64,2026-06-07T18:58:38
20217,self,dqn,2,-0.5816,2.4999,64,2026-06-07T18:58:47
20218,dqn,self,1,2.3761,-2.1904,64,2026-06-07T18:58:58
20219,pool:gen_008,dqn,2,-0.7672,2.4256,64,2026-06-07T18:59:06
20220,dqn,random,1,1.9429,-1.8811,64,2026-06-07T18:59:17
20221,pool:gen_007,dqn,1,1.4727,-1.7944,64,2026-06-07T18:59:26
20222,dqn,pool:gen_005,2,-0.7177,2.3266,64,2026-06-07T18:59:36
20223,self,dqn,1,1.6335,-2.0048,64,2026-06-07T18:59:44
20224,dqn,pool:gen_007,1,2.1533,-2.2647,64,2026-06-07T18:59:53
20225,heuristic,dqn,2,-0.7177,3.6261,64,2026-06-07T19:00:01
20226,dqn,pool:gen_007,1,1.4355,-1.7202,64,2026-06-07T19:00:08
20227,pool:gen_007,dqn,2,-0.8415,2.4628,64,2026-06-07T19:00:16
20228,dqn,pool:gen_007,2,-0.5568,2.3019,64,2026-06-07T19:00:24
20229,self,dqn,1,2.7597,-2.3266,64,2026-06-07T19:00:32
20230,dqn,pool:gen_006,1,1.8934,-2.1905,64,2026-06-07T19:00:41
20231,self,dqn,2,-0.6311,2.4133,64,2026-06-07T19:00:49
20232,dqn,self,1,1.9553,-1.8316,64,2026-06-07T19:00:58
20233,self,dqn,1,2.0419,-1.9306,64,2026-06-07T19:01:06
20234,dqn,random,1,1.7944,-2.1038,64,2026-06-07T19:01:14
20235,self,dqn,1,1.7697,-1.5345,64,2026-06-07T19:01:23
20236,dqn,self,1,1.9182,-1.4232,64,2026-06-07T19:01:33
20237,self,dqn,2,-0.6682,2.9331,64,2026-06-07T19:01:45
20238,dqn,pool:gen_007,1,2.0791,-2.1533,64,2026-06-07T19:01:53
20239,self,dqn,1,1.9429,-2.1410,64,2026-06-07T19:02:03
20240,dqn,self,2,-0.9157,2.4999,64,2026-06-07T19:02:12
20241,heuristic,dqn,2,-0.5444,3.6137,64,2026-06-07T19:02:20
20242,dqn,self,2,-0.7177,2.6237,64,2026-06-07T19:02:29
20243,self,dqn,1,1.8439,-1.8687,64,2026-06-07T19:02:38
20244,dqn,pool:gen_006,1,1.8068,-1.9429,64,2026-06-07T19:02:48
20245,self,dqn,2,-0.3093,2.2524,64,2026-06-07T19:02:56
20246,dqn,pool:gen_005,2,-0.6806,2.3638,64,2026-06-07T19:03:05
20247,self,dqn,2,-0.6063,2.5123,64,2026-06-07T19:03:14
20248,dqn,self,2,-0.6930,2.3514,64,2026-06-07T19:03:24
20249,self,dqn,2,-0.6558,2.2771,64,2026-06-07T19:03:33
20250,dqn,self,2,-0.6558,2.3143,64,2026-06-07T19:03:42
20251,pool:gen_005,dqn,1,1.8811,-1.7573,64,2026-06-07T19:03:50
20252,dqn,pool:gen_007,1,1.6830,-1.9182,64,2026-06-07T19:03:59
20253,self,dqn,1,2.4627,-2.1038,64,2026-06-07T19:04:10
20254,dqn,pool:gen_008,2,-0.4702,2.3143,64,2026-06-07T19:04:21
20255,pool:gen_005,dqn,1,1.6583,-1.6088,64,2026-06-07T19:04:32
20256,dqn,random,1,2.8216,-2.2276,64,2026-06-07T19:04:40
20257,pool:gen_008,dqn,1,1.3984,-1.7573,64,2026-06-07T19:04:51
20258,dqn,pool:gen_007,2,-0.4702,2.2029,64,2026-06-07T19:05:01
20259,pool:gen_007,dqn,2,-0.6435,2.4380,64,2026-06-07T19:05:09
20260,dqn,self,1,1.7078,-1.7821,64,2026-06-07T19:05:18
20261,pool:gen_007,dqn,2,-0.7301,2.4628,64,2026-06-07T19:05:26
20262,dqn,pool:gen_007,2,-0.3588,2.2029,64,2026-06-07T19:05:35
20263,self,dqn,2,-0.8538,2.5246,64,2026-06-07T19:05:43
20264,dqn,pool:gen_008,2,-0.4207,2.2153,64,2026-06-07T19:05:51
20265,pool:gen_006,dqn,2,-0.9405,3.2919,64,2026-06-07T19:06:01
20266,dqn,self,1,1.7449,-1.7821,64,2026-06-07T19:06:11
20267,self,dqn,2,-0.4578,2.3638,64,2026-06-07T19:06:21
20268,dqn,self,1,2.3390,-2.3761,64,2026-06-07T19:06:32
20269,random,dqn,2,-0.8414,3.4281,64,2026-06-07T19:06:41
20270,dqn,self,2,-0.6311,2.4133,64,2026-06-07T19:06:50
20271,self,dqn,2,-0.5445,2.3514,64,2026-06-07T19:06:59
20272,dqn,pool:gen_006,1,2.5493,-2.1286,64,2026-06-07T19:07:09
20273,pool:gen_005,dqn,1,1.8316,-1.6583,64,2026-06-07T19:07:17
20274,dqn,self,1,1.7697,-1.6088,64,2026-06-07T19:07:28
20275,self,dqn,1,1.4232,-1.8068,64,2026-06-07T19:07:40
20276,dqn,pool:gen_008,2,-0.5940,2.1905,64,2026-06-07T19:07:49
20277,pool:gen_007,dqn,2,-0.8910,2.7845,64,2026-06-07T19:07:59
20278,dqn,self,1,1.7078,-1.8192,64,2026-06-07T19:08:07
20279,self,dqn,1,1.5964,-1.7449,64,2026-06-07T19:08:16
20280,dqn,self,2,-0.9281,2.8217,64,2026-06-07T19:08:24
20281,self,dqn,2,-0.1856,2.3019,64,2026-06-07T19:08:33
20282,dqn,pool:gen_007,1,1.8811,-2.0172,64,2026-06-07T19:08:41
20283,pool:gen_008,dqn,1,1.5098,-1.8687,64,2026-06-07T19:08:49
20284,dqn,self,1,1.8811,-1.6831,64,2026-06-07T19:08:57
20285,self,dqn,1,1.4727,-1.7573,64,2026-06-07T19:09:05
20286,dqn,self,2,-0.8291,2.4751,64,2026-06-07T19:09:14
20287,pool:gen_006,dqn,2,-1.0642,2.9825,64,2026-06-07T19:09:22
20288,dqn,self,1,2.1533,-2.2647,64,2026-06-07T19:09:30
20289,pool:gen_006,dqn,2,-0.8538,2.9330,64,2026-06-07T19:09:39
20290,dqn,pool:gen_008,2,-0.7672,2.3885,64,2026-06-07T19:09:47
20291,pool:gen_008,dqn,1,1.5098,-1.9430,64,2026-06-07T19:09:55
20292,dqn,self,1,2.4132,-2.1533,64,2026-06-07T19:10:03
20293,self,dqn,2,-0.6311,2.3019,64,2026-06-07T19:10:11
20294,dqn,self,1,2.0048,-1.8934,64,2026-06-07T19:10:20
20295,self,dqn,2,-0.6435,2.5123,64,2026-06-07T19:10:28
20296,dqn,self,1,1.5469,-1.7944,64,2026-06-07T19:10:37
20297,self,dqn,1,1.9429,-1.7326,64,2026-06-07T19:10:45
20298,dqn,self,2,-0.9652,2.8959,64,2026-06-07T19:10:56
20299,self,dqn,2,-0.3464,2.4752,64,2026-06-07T19:11:06
20300,dqn,random,1,2.1286,-1.9182,64,2026-06-07T19:11:14
20301,pool:gen_007,dqn,2,-0.8662,2.7350,64,2026-06-07T19:32:28
20302,dqn,self,1,1.9058,-1.9553,64,2026-06-07T19:32:37
20303,self,dqn,1,2.3637,-2.4256,64,2026-06-07T19:32:46
20304,dqn,pool:gen_006,1,2.2152,-2.3142,64,2026-06-07T19:32:56
20305,pool:gen_007,dqn,2,-0.8910,2.5246,64,2026-06-07T19:33:04
20306,dqn,pool:gen_006,1,2.3761,-2.4132,64,2026-06-07T19:33:14
20307,pool:gen_006,dqn,2,-1.2375,3.1434,64,2026-06-07T19:33:23
20308,dqn,self,1,1.7326,-1.9429,64,2026-06-07T19:33:35
20309,pool:gen_008,dqn,1,1.4974,-1.8811,64,2026-06-07T19:33:45
20310,dqn,self,1,1.6212,-1.9430,64,2026-06-07T19:33:59
20311,random,dqn,2,-1.1509,2.9702,64,2026-06-07T19:34:10
20312,dqn,self,2,-0.6558,2.3885,64,2026-06-07T19:34:22
20313,pool:gen_008,dqn,1,1.6707,-1.9306,64,2026-06-07T19:34:33
20314,dqn,self,1,1.8192,-1.9306,64,2026-06-07T19:34:43
20315,pool:gen_008,dqn,1,1.4479,-1.8192,64,2026-06-07T19:34:54
20316,dqn,heuristic,1,2.2523,-1.6459,64,2026-06-07T19:35:03
20317,pool:gen_006,dqn,2,-1.1137,3.1187,64,2026-06-07T19:35:12
20318,dqn,self,1,1.8439,-1.9058,64,2026-06-07T19:35:23
20319,pool:gen_006,dqn,2,-0.8415,2.8712,64,2026-06-07T19:35:33
20320,dqn,pool:gen_008,2,-0.7920,2.4751,64,2026-06-07T19:35:46
20321,self,dqn,2,-0.6435,2.7350,64,2026-06-07T19:35:59
20322,dqn,pool:gen_005,2,-0.6930,2.6484,64,2026-06-07T19:36:09
20323,pool:gen_005,dqn,1,1.6707,-1.5593,64,2026-06-07T19:36:20
20324,dqn,pool:gen_006,1,2.1162,-2.0419,64,2026-06-07T19:36:32
20325,self,dqn,1,1.9182,-1.8687,64,2026-06-07T19:36:43
20326,dqn,pool:gen_007,1,2.2400,-2.1409,64,2026-06-07T19:36:55
20327,pool:gen_005,dqn,1,1.7944,-1.5469,64,2026-06-07T19:37:05
20328,dqn,pool:gen_007,1,2.0914,-2.1781,64,2026-06-07T19:37:19
20329,self,dqn,2,-0.6558,2.5370,64,2026-06-07T19:37:33
20330,dqn,self,1,1.8563,-2.0419,64,2026-06-07T19:37:46
20331,pool:gen_006,dqn,2,-1.1137,2.8959,64,2026-06-07T19:37:58
20332,dqn,self,2,-0.6930,2.3885,64,2026-06-07T19:38:10
20333,self,dqn,1,2.2276,-2.1162,64,2026-06-07T19:38:21
20334,dqn,pool:gen_005,2,-0.5445,2.4628,64,2026-06-07T19:38:31
20335,self,dqn,2,-1.1014,2.8712,64,2026-06-07T19:38:41
20336,dqn,random,1,2.2400,-2.2152,64,2026-06-07T19:38:51
20337,pool:gen_008,dqn,2,-0.5816,2.2771,64,2026-06-07T19:39:01
20338,dqn,pool:gen_008,2,-0.7672,2.4999,64,2026-06-07T19:39:11
20339,self,dqn,1,1.7078,-1.6707,64,2026-06-07T19:39:20
20340,dqn,self,2,-0.3836,2.6979,64,2026-06-07T19:39:29
20341,heuristic,dqn,2,-0.4578,3.0321,64,2026-06-07T19:39:37
20342,dqn,heuristic,1,2.8588,-1.9305,64,2026-06-07T19:39:45
20343,pool:gen_006,dqn,2,-1.1137,3.1558,64,2026-06-07T19:39:54
20344,dqn,self,1,1.7449,-1.8934,64,2026-06-07T19:40:04
20345,pool:gen_006,dqn,2,-1.1137,3.1558,64,2026-06-07T19:40:13
20346,dqn,self,1,1.5593,-1.6336,64,2026-06-07T19:40:23
20347,heuristic,dqn,2,-0.7548,3.4033,64,2026-06-07T19:40:32
20348,dqn,pool:gen_006,1,2.1162,-2.0419,64,2026-06-07T19:40:42
20349,self,dqn,2,-0.9157,2.7969,64,2026-06-07T19:40:52
20350,dqn,self,2,-0.6930,2.3885,64,2026-06-07T19:41:02
20351,pool:gen_006,dqn,2,-1.1137,3.1558,64,2026-06-07T19:41:11
20352,dqn,self,2,-0.6930,2.5741,64,2026-06-07T19:41:21
20353,self,dqn,1,1.8068,-1.8687,64,2026-06-07T19:41:29
20354,dqn,pool:gen_007,1,2.4256,-2.1038,64,2026-06-07T19:41:41
20355,heuristic,dqn,2,-0.9404,3.7003,64,2026-06-07T19:41:49
20356,dqn,pool:gen_006,1,2.0914,-2.1038,64,2026-06-07T19:41:59
20357,random,dqn,2,-1.2622,3.6013,64,2026-06-07T19:42:07
20358,dqn,pool:gen_006,1,2.1162,-2.1533,64,2026-06-07T19:42:17
20359,self,dqn,2,-0.5073,2.4628,64,2026-06-07T19:42:26
20360,dqn,pool:gen_005,2,-0.4949,2.5123,64,2026-06-07T19:42:35
20361,pool:gen_008,dqn,1,1.4108,-1.7449,64,2026-06-07T19:42:47
20362,dqn,self,2,-0.6063,2.3266,64,2026-06-07T19:42:57
20363,self,dqn,1,1.8687,-1.8068,64,2026-06-07T19:43:06
20364,dqn,self,2,-0.5197,2.4504,64,2026-06-07T19:43:16
20365,self,dqn,2,-0.7177,2.2895,64,2026-06-07T19:43:27
20366,dqn,pool:gen_006,1,2.3637,-2.2771,64,2026-06-07T19:43:36
20367,self,dqn,1,1.2870,-1.8687,64,2026-06-07T19:43:47
20368,dqn,heuristic,1,1.5717,-1.4727,64,2026-06-07T19:43:56
20369,pool:gen_005,dqn,1,1.9306,-1.9306,64,2026-06-07T19:44:05
20370,dqn,self,1,1.8687,-1.8439,64,2026-06-07T19:44:13
20371,pool:gen_008,dqn,1,1.4603,-1.7326,64,2026-06-07T19:44:22
20372,dqn,pool:gen_007,1,1.9924,-2.0543,64,2026-06-07T19:44:33
20373,random,dqn,2,-1.2375,3.4033,64,2026-06-07T19:44:41
20374,dqn,pool:gen_008,2,-0.7796,2.5989,64,2026-06-07T19:44:52
20375,self,dqn,2,-0.6682,2.4133,64,2026-06-07T19:45:01
20376,dqn,self,2,-0.8415,2.7227,64,2026-06-07T19:45:09
20377,random,dqn,2,-1.2746,3.9231,64,2026-06-07T19:45:17
20378,dqn,self,2,-0.5692,2.4009,64,2026-06-07T19:45:26
20379,pool:gen_005,dqn,2,-0.4455,2.3390,64,2026-06-07T19:45:35
20380,dqn,self,1,2.1410,-1.8687,64,2026-06-07T19:45:49
20381,pool:gen_008,dqn,2,-0.7053,2.5246,64,2026-06-07T19:46:00
20382,dqn,pool:gen_007,1,2.1162,-1.9306,64,2026-06-07T19:46:10
20383,random,dqn,2,-0.6682,2.9702,64,2026-06-07T19:46:21
20384,dqn,self,1,2.3266,-2.2028,64,2026-06-07T19:46:34
20385,self,dqn,2,-0.8662,2.9949,64,2026-06-07T19:46:42
20386,dqn,pool:gen_008,2,-0.5444,2.7227,64,2026-06-07T19:46:51
20387,pool:gen_007,dqn,2,-0.8291,2.6979,64,2026-06-07T19:46:59
20388,dqn,random,1,2.1657,-2.1781,64,2026-06-07T19:47:07
20389,pool:gen_006,dqn,2,-0.9528,3.1311,64,2026-06-07T19:47:17
20390,dqn,pool:gen_008,1,1.8068,-1.8316,64,2026-06-07T19:47:27
20391,pool:gen_007,dqn,2,-1.0766,2.8959,64,2026-06-07T19:47:37
20392,dqn,pool:gen_005,2,-0.4331,2.3885,64,2026-06-07T19:47:46
20393,self,dqn,1,1.7697,-1.7944,64,2026-06-07T19:47:54
20394,dqn,pool:gen_006,1,2.2771,-1.8068,64,2026-06-07T19:48:04
20395,pool:gen_005,dqn,1,1.7697,-1.6831,64,2026-06-07T19:48:12
20396,dqn,pool:gen_006,1,1.8068,-1.5345,64,2026-06-07T19:48:21
20397,pool:gen_006,dqn,2,-0.7053,2.7845,64,2026-06-07T19:48:29
20398,dqn,self,1,1.7202,-1.8811,64,2026-06-07T19:48:38
20399,self,dqn,1,1.8439,-1.9058,64,2026-06-07T19:48:46
20400,dqn,self,1,1.7573,-1.9553,64,2026-06-07T19:48:56
20401,pool:gen_006,dqn,2,-0.7920,2.8464,64,2026-06-07T20:10:53
20402,dqn,pool:gen_005,2,-0.6187,2.6855,64,2026-06-07T20:11:02
20403,pool:gen_008,dqn,1,1.4603,-1.7326,64,2026-06-07T20:11:11
20404,dqn,random,1,2.8587,-2.4503,64,2026-06-07T20:11:20
20405,self,dqn,1,1.7573,-1.8811,64,2026-06-07T20:11:29
20406,dqn,self,1,1.4232,-1.6954,64,2026-06-07T20:11:39
20407,self,dqn,2,-0.7672,2.4999,64,2026-06-07T20:11:48
20408,dqn,pool:gen_006,1,2.0667,-2.0172,64,2026-06-07T20:11:57
20409,pool:gen_006,dqn,2,-0.9157,2.9825,64,2026-06-07T20:12:06
20410,dqn,self,2,-0.6806,2.5865,64,2026-06-07T20:12:14
20411,pool:gen_005,dqn,2,-0.5940,2.5618,64,2026-06-07T20:12:23
20412,dqn,self,1,1.5964,-1.7821,64,2026-06-07T20:12:25
20413,pool:gen_006,dqn,2,-0.6558,2.7227,64,2026-06-07T20:12:28
20414,dqn,pool:gen_007,1,1.7944,-1.8439,64,2026-06-07T20:12:30
20415,heuristic,dqn,2,-0.6311,3.3043,64,2026-06-07T20:12:32
20416,dqn,pool:gen_005,1,1.7202,-1.8068,64,2026-06-07T20:12:34
20417,pool:gen_005,dqn,2,-0.6311,2.6732,64,2026-06-07T20:12:36
20418,dqn,heuristic,1,3.0073,-2.0790,64,2026-06-07T20:12:38
20419,self,dqn,1,1.6707,-1.8563,64,2026-06-07T20:12:40
20420,dqn,self,2,-0.4331,2.3143,64,2026-06-07T20:12:42
20421,self,dqn,1,1.6212,-1.9058,64,2026-06-07T20:12:44
20422,dqn,pool:gen_006,1,1.9429,-1.8811,64,2026-06-07T20:12:46
20423,heuristic,dqn,2,-0.5444,2.8340,64,2026-06-07T20:12:48
20424,dqn,self,1,1.6954,-2.0915,64,2026-06-07T20:12:50
20425,pool:gen_005,dqn,1,1.5469,-1.6088,64,2026-06-07T20:12:52
20426,dqn,pool:gen_007,1,1.6459,-1.9925,64,2026-06-07T20:12:54
20427,pool:gen_007,dqn,2,-0.9529,2.5370,64,2026-06-07T20:12:57
20428,dqn,pool:gen_005,1,1.5840,-1.6831,64,2026-06-07T20:12:59
20429,pool:gen_006,dqn,2,-0.6930,2.7598,64,2026-06-07T20:13:01
20430,dqn,heuristic,1,3.5023,-2.2894,64,2026-06-07T20:13:03
20431,pool:gen_007,dqn,2,-0.9652,2.5989,64,2026-06-07T20:13:05
20432,dqn,pool:gen_007,1,1.9677,-2.0419,64,2026-06-07T20:13:07
20433,random,dqn,2,-0.8538,2.7103,64,2026-06-07T20:13:09
20434,dqn,pool:gen_008,1,1.9058,-2.1410,64,2026-06-07T20:13:11
20435,self,dqn,1,1.8068,-1.8687,64,2026-06-07T20:13:13
20436,dqn,pool:gen_007,1,2.0914,-2.2152,64,2026-06-07T20:13:15
20437,self,dqn,draw,0.4827,0.3342,64,2026-06-07T20:13:17
20438,dqn,self,2,-1.0890,2.5494,64,2026-06-07T20:13:19
20439,pool:gen_007,dqn,2,-0.9900,2.7598,64,2026-06-07T20:13:21
20440,dqn,pool:gen_007,1,1.7202,-1.9182,64,2026-06-07T20:13:23
20441,self,dqn,1,1.9553,-2.1286,64,2026-06-07T20:13:25
20442,dqn,self,1,1.2870,-1.7573,64,2026-06-07T20:13:27
20443,pool:gen_005,dqn,2,-0.6063,2.4380,64,2026-06-07T20:13:29
20444,dqn,self,1,1.7944,-1.7326,64,2026-06-07T20:13:31
20445,pool:gen_006,dqn,2,-0.8786,2.9825,64,2026-06-07T20:13:34
20446,dqn,pool:gen_005,2,-0.6311,2.3761,64,2026-06-07T20:13:36
20447,pool:gen_007,dqn,2,-0.9776,2.8093,64,2026-06-07T20:13:38
20448,dqn,self,2,-0.5321,2.4751,64,2026-06-07T20:14:21
20449,pool:gen_007,dqn,2,-0.9776,2.5494,64,2026-06-07T20:14:27
20450,dqn,heuristic,1,3.4280,-2.1780,64,2026-06-07T20:14:30
20451,pool:gen_007,dqn,2,-0.9900,2.5741,64,2026-06-07T20:14:33
20452,dqn,pool:gen_008,2,-0.7425,2.4875,64,2026-06-07T20:14:36
20453,pool:gen_007,dqn,2,-1.1014,2.8340,64,2026-06-07T20:14:39
20454,dqn,self,1,1.4603,-1.6954,64,2026-06-07T20:14:42
20455,pool:gen_005,dqn,1,1.7821,-1.8934,64,2026-06-07T20:14:44
20456,dqn,self,1,1.6088,-1.6954,64,2026-06-07T20:14:47
20457,self,dqn,2,-0.6311,2.3761,64,2026-06-07T20:14:49
20458,dqn,self,2,-0.6558,2.8712,64,2026-06-07T20:14:52
20459,pool:gen_006,dqn,2,-0.8786,2.9825,64,2026-06-07T20:14:55
20460,dqn,heuristic,1,2.6855,-1.7697,64,2026-06-07T20:14:57
20461,self,dqn,2,-0.7548,2.2895,64,2026-06-07T20:14:59
20462,dqn,self,2,-0.8910,2.6731,64,2026-06-07T20:15:02
20463,self,dqn,2,-0.7548,2.5865,64,2026-06-07T20:15:04
20464,dqn,self,1,1.6088,-1.6954,64,2026-06-07T20:15:06
20465,random,dqn,2,-1.4478,3.8612,64,2026-06-07T20:15:08
20466,dqn,self,2,-0.5939,2.8588,64,2026-06-07T20:15:10
20467,pool:gen_008,dqn,2,-0.6311,2.3019,64,2026-06-07T20:15:12
20468,dqn,pool:gen_007,1,2.0543,-1.8439,64,2026-06-07T20:15:14
20469,self,dqn,1,1.3242,-1.7202,64,2026-06-07T20:15:17
20470,dqn,pool:gen_006,1,2.0419,-2.0048,64,2026-06-07T20:15:19
20471,pool:gen_008,dqn,2,-0.7053,2.3019,64,2026-06-07T20:15:21
20472,dqn,self,1,1.6583,-1.7944,64,2026-06-07T20:15:24
20473,pool:gen_008,dqn,2,-0.7053,2.3019,64,2026-06-07T20:15:26
20474,dqn,self,2,-0.8662,2.5494,64,2026-06-07T20:15:28
20475,pool:gen_008,dqn,2,-0.7177,2.3266,64,2026-06-07T20:15:31
20476,dqn,self,1,1.7573,-1.9925,64,2026-06-07T20:15:33
20477,pool:gen_006,dqn,2,-0.8291,2.9207,64,2026-06-07T20:15:35
20478,dqn,self,2,-0.8167,2.7474,64,2026-06-07T20:15:37
20479,self,dqn,2,-0.5939,2.7474,64,2026-06-07T20:15:39
20480,dqn,pool:gen_006,1,1.9553,-1.9801,64,2026-06-07T20:15:42
20481,pool:gen_008,dqn,2,-0.8043,2.7227,64,2026-06-07T20:15:44
20482,dqn,pool:gen_005,2,-0.3464,2.4009,64,2026-06-07T20:15:46
20483,self,dqn,1,1.8068,-1.9429,64,2026-06-07T20:15:48
20484,dqn,pool:gen_005,2,-0.4578,2.4380,64,2026-06-07T20:15:51
20485,self,dqn,1,1.8316,-1.9182,64,2026-06-07T20:15:53
20486,dqn,self,2,-0.6930,2.3514,64,2026-06-07T20:15:55
20487,self,dqn,2,-0.6930,2.4999,64,2026-06-07T20:15:57
20488,dqn,self,2,-0.6682,2.1905,64,2026-06-07T20:16:00
20489,self,dqn,1,1.6583,-1.7944,64,2026-06-07T20:16:02
20490,dqn,pool:gen_005,2,-0.3712,2.3019,64,2026-06-07T20:16:04
20491,pool:gen_006,dqn,2,-0.8538,3.1187,64,2026-06-07T20:16:06
20492,dqn,self,1,1.6088,-1.5098,64,2026-06-07T20:16:08
20493,self,dqn,1,1.7821,-1.8192,64,2026-06-07T20:16:10
20494,dqn,random,1,2.3885,-1.8068,64,2026-06-07T20:16:12
20495,self,dqn,1,1.7326,-1.7573,64,2026-06-07T20:16:15
20496,dqn,self,1,1.5469,-1.8316,64,2026-06-07T20:16:17
20497,self,dqn,1,1.6831,-1.6583,64,2026-06-07T20:16:19
20498,dqn,self,2,-0.5445,2.3143,64,2026-06-07T20:16:21
20499,pool:gen_005,dqn,1,1.8068,-1.7573,64,2026-06-07T20:16:23
20500,dqn,pool:gen_005,2,-0.5939,2.7103,64,2026-06-07T20:16:25
20501,self,dqn,1,2.0296,-2.0543,64,2026-06-07T20:28:17
20502,dqn,pool:gen_005,2,-0.5073,2.6855,64,2026-06-07T20:28:19
20503,self,dqn,1,1.5469,-1.6831,64,2026-06-07T20:28:21
20504,dqn,self,1,1.6335,-1.8563,64,2026-06-07T20:28:23
20505,self,dqn,1,1.7449,-1.6707,64,2026-06-07T20:28:25
20506,dqn,self,2,-0.4702,2.5370,64,2026-06-07T20:28:27
20507,self,dqn,1,1.4850,-1.5964,64,2026-06-07T20:28:29
20508,dqn,pool:gen_008,1,1.8439,-1.7573,64,2026-06-07T20:28:31
20509,pool:gen_006,dqn,2,-0.6806,2.6237,64,2026-06-07T20:28:33
20510,dqn,pool:gen_006,1,2.0296,-1.9801,64,2026-06-07T20:28:35
20511,pool:gen_008,dqn,2,-0.7920,2.5494,64,2026-06-07T20:28:38
20512,dqn,pool:gen_006,1,2.1162,-2.0048,64,2026-06-07T20:28:40
20513,random,dqn,2,-0.8662,3.5147,64,2026-06-07T20:28:42
20514,dqn,self,2,-0.5568,2.2648,64,2026-06-07T20:28:44
20515,pool:gen_007,dqn,2,-1.1632,2.9949,64,2026-06-07T20:28:46
20516,dqn,pool:gen_005,1,1.6831,-1.6954,64,2026-06-07T20:28:49
20517,self,dqn,1,1.7449,-1.7821,64,2026-06-07T20:28:51
20518,dqn,pool:gen_006,1,2.5493,-2.2028,64,2026-06-07T20:28:53
20519,pool:gen_008,dqn,2,-0.8415,2.5370,64,2026-06-07T20:28:55
20520,dqn,pool:gen_007,2,-0.2598,2.3390,64,2026-06-07T20:28:57
20521,pool:gen_006,dqn,2,-0.7053,2.9330,64,2026-06-07T20:28:59
20522,dqn,pool:gen_006,1,2.1162,-2.0048,64,2026-06-07T20:29:01
20523,self,dqn,1,1.8563,-1.9306,64,2026-06-07T20:29:04
20524,dqn,pool:gen_008,2,-0.2846,2.2771,64,2026-06-07T20:29:06
20525,self,dqn,1,2.0172,-2.1410,64,2026-06-07T20:29:08
20526,dqn,self,1,1.4727,-1.9058,64,2026-06-07T20:29:10
20527,pool:gen_006,dqn,2,-0.8167,2.8217,64,2026-06-07T20:29:12
20528,dqn,pool:gen_007,1,1.8068,-1.9429,64,2026-06-07T20:29:15
20529,pool:gen_007,dqn,2,-0.8538,2.5989,64,2026-06-07T20:29:17
20530,dqn,pool:gen_008,1,1.6830,-1.9553,64,2026-06-07T20:29:19
20531,pool:gen_006,dqn,2,-0.4578,2.8093,64,2026-06-07T20:29:21
20532,dqn,self,2,-0.6558,2.3514,64,2026-06-07T20:29:24
20533,pool:gen_008,dqn,2,-1.0271,2.7226,64,2026-06-07T20:29:26
20534,dqn,pool:gen_005,2,-0.6063,2.4380,64,2026-06-07T20:29:28
20535,self,dqn,2,-0.8786,2.6484,64,2026-06-07T20:29:31
20536,dqn,pool:gen_006,1,2.2895,-2.1286,64,2026-06-07T20:29:33
20537,self,dqn,1,1.3860,-1.7326,64,2026-06-07T20:29:35
20538,dqn,pool:gen_005,2,-0.4950,2.4009,64,2026-06-07T20:29:37
20539,pool:gen_008,dqn,2,-1.0395,2.8588,64,2026-06-07T20:29:39
20540,dqn,pool:gen_006,1,2.4132,-2.1904,64,2026-06-07T20:29:41
20541,self,dqn,1,1.8563,-2.0419,64,2026-06-07T20:29:43
20542,dqn,pool:gen_006,1,2.4751,-2.2771,64,2026-06-07T20:29:46
20543,heuristic,dqn,2,-0.6929,3.9107,64,2026-06-07T20:29:48
20544,dqn,self,1,1.4603,-1.7697,64,2026-06-07T20:29:49
20545,pool:gen_007,dqn,2,-1.0642,2.7969,64,2026-06-07T20:29:52
20546,dqn,self,1,1.5841,-1.5345,64,2026-06-07T20:29:54
20547,self,dqn,1,1.7821,-1.9677,64,2026-06-07T20:29:56
20548,dqn,pool:gen_006,1,2.5246,-2.2276,64,2026-06-07T20:29:58
20549,self,dqn,1,2.0419,-1.8934,64,2026-06-07T20:30:00
20550,dqn,self,1,2.0419,-2.1162,64,2026-06-07T20:30:03
20551,pool:gen_005,dqn,2,-0.3712,2.3019,64,2026-06-07T20:30:05
20552,dqn,pool:gen_006,1,1.9677,-1.8934,64,2026-06-07T20:30:07
20553,pool:gen_005,dqn,2,-0.6311,2.6732,64,2026-06-07T20:30:09
20554,dqn,pool:gen_008,1,1.5840,-1.8687,64,2026-06-07T20:30:11
20555,self,dqn,1,1.8811,-1.9429,64,2026-06-07T20:30:13
20556,dqn,pool:gen_008,1,1.6830,-2.0296,64,2026-06-07T20:30:15
20557,pool:gen_007,dqn,1,1.4727,-1.7573,64,2026-06-07T20:30:17
20558,dqn,self,2,-0.3341,2.5247,64,2026-06-07T20:30:19
20559,pool:gen_006,dqn,2,-0.6434,2.8835,64,2026-06-07T20:30:21
20560,dqn,self,2,-0.5073,2.6113,64,2026-06-07T20:30:23
20561,pool:gen_006,dqn,2,-0.6682,2.9702,64,2026-06-07T20:30:26
20562,dqn,self,2,-0.6682,2.5989,64,2026-06-07T20:30:28
20563,self,dqn,1,2.2523,-2.2028,64,2026-06-07T20:30:30
20564,dqn,pool:gen_008,2,-0.3960,2.2029,64,2026-06-07T20:30:32
20565,pool:gen_008,dqn,2,-0.7548,2.5865,64,2026-06-07T20:30:34
20566,dqn,pool:gen_008,1,1.5593,-1.7078,64,2026-06-07T20:30:36
20567,pool:gen_006,dqn,2,-0.8415,3.0568,64,2026-06-07T20:30:38
20568,dqn,self,1,1.5717,-1.6212,64,2026-06-07T20:30:40
20569,self,dqn,1,2.1162,-2.1905,64,2026-06-07T20:30:43
20570,dqn,pool:gen_006,1,2.0791,-1.8192,64,2026-06-07T20:30:45
20571,self,dqn,1,1.8192,-2.0048,64,2026-06-07T20:30:47
20572,dqn,heuristic,1,2.1162,-1.7449,64,2026-06-07T20:30:49
20573,self,dqn,1,1.8068,-1.9429,64,2026-06-07T20:30:52
20574,dqn,pool:gen_008,1,1.6954,-2.0172,64,2026-06-07T20:30:54
20575,self,dqn,1,2.0667,-1.9429,64,2026-06-07T20:30:56
20576,dqn,self,1,1.6583,-1.8316,64,2026-06-07T20:30:58
20577,random,dqn,2,-0.9157,3.3167,64,2026-06-07T20:31:00
20578,dqn,self,2,-0.7672,2.7969,64,2026-06-07T20:31:02
20579,self,dqn,1,2.0791,-2.0791,64,2026-06-07T20:31:04
20580,dqn,pool:gen_006,1,2.2028,-2.1038,64,2026-06-07T20:31:06
20581,pool:gen_006,dqn,2,-1.0890,3.1063,64,2026-06-07T20:31:08
20582,dqn,self,1,2.0048,-2.1905,64,2026-06-07T20:31:10
20583,pool:gen_008,dqn,2,-0.8786,2.3885,64,2026-06-07T20:31:12
20584,dqn,pool:gen_007,1,1.7326,-1.6831,64,2026-06-07T20:31:14
20585,self,dqn,1,1.8934,-1.8192,64,2026-06-07T20:31:16
20586,dqn,self,1,1.6088,-1.5469,64,2026-06-07T20:31:18
20587,pool:gen_007,dqn,2,-0.7425,2.4504,64,2026-06-07T20:31:20
20588,dqn,pool:gen_005,1,1.9924,-1.9429,64,2026-06-07T20:31:23
20589,heuristic,dqn,2,-0.5444,3.8365,64,2026-06-07T20:31:25
20590,dqn,self,1,1.4603,-1.8811,64,2026-06-07T20:31:27
20591,self,dqn,2,-0.8786,2.7227,64,2026-06-07T20:31:29
20592,dqn,pool:gen_008,1,1.4232,-1.6954,64,2026-06-07T20:31:31
20593,pool:gen_006,dqn,2,-0.9033,3.1434,64,2026-06-07T20:31:33
20594,dqn,pool:gen_005,1,1.4603,-1.6212,64,2026-06-07T20:31:35
20595,pool:gen_005,dqn,1,1.4727,-1.6459,64,2026-06-07T20:31:37
20596,dqn,self,2,-0.7920,2.8093,64,2026-06-07T20:31:39
20597,pool:gen_006,dqn,2,-1.1508,3.1187,64,2026-06-07T20:31:41
20598,dqn,heuristic,1,3.2795,-1.9924,64,2026-06-07T20:31:43
20599,heuristic,dqn,2,-0.8043,4.0592,64,2026-06-07T20:31:45
20600,dqn,pool:gen_008,2,-0.7053,2.4504,64,2026-06-07T20:31:47
20601,pool:gen_005,dqn,1,1.6336,-1.7078,64,2026-06-07T20:43:35
20602,dqn,self,2,-0.5321,2.5494,64,2026-06-07T20:43:37
20603,self,dqn,2,-0.6558,2.3514,64,2026-06-07T20:43:40
20604,dqn,pool:gen_007,1,1.8934,-2.0791,64,2026-06-07T20:43:41
20605,self,dqn,1,1.7821,-1.9677,64,2026-06-07T20:43:43
20606,dqn,heuristic,1,3.2424,-1.9553,64,2026-06-07T20:43:45
20607,random,dqn,2,-1.4355,3.5394,64,2026-06-07T20:43:47
20608,dqn,self,1,1.7078,-1.9677,64,2026-06-07T20:43:49
20609,pool:gen_006,dqn,2,-1.0395,3.2301,64,2026-06-07T20:43:51
20610,dqn,self,1,1.8687,-1.9182,64,2026-06-07T20:43:53
20611,pool:gen_005,dqn,1,1.4479,-1.7078,64,2026-06-07T20:43:55
20612,dqn,self,1,1.7078,-1.8934,64,2026-06-07T20:43:57
20613,self,dqn,2,-0.9034,2.4380,64,2026-06-07T20:44:00
20614,dqn,self,1,2.2523,-2.0543,64,2026-06-07T20:44:02
20615,pool:gen_006,dqn,2,-0.8910,3.0073,64,2026-06-07T20:44:04
20616,dqn,self,1,1.7449,-1.5964,64,2026-06-07T20:44:06
20617,pool:gen_005,dqn,1,1.7202,-1.7326,64,2026-06-07T20:44:08
20618,dqn,self,1,1.7697,-1.6831,64,2026-06-07T20:44:10
20619,random,dqn,2,-1.2375,3.3291,64,2026-06-07T20:44:12
20620,dqn,self,2,-0.6806,2.4380,64,2026-06-07T20:44:14
20621,self,dqn,2,-0.7301,2.2400,64,2026-06-07T20:44:16
20622,dqn,pool:gen_005,1,1.6212,-1.7202,64,2026-06-07T20:44:18
20623,self,dqn,1,1.9801,-1.9182,64,2026-06-07T20:44:20
20624,dqn,pool:gen_007,1,1.5964,-1.6707,64,2026-06-07T20:44:22
20625,random,dqn,2,-1.0642,3.5766,64,2026-06-07T20:44:24
20626,dqn,self,1,1.4479,-1.7821,64,2026-06-07T20:44:26
20627,self,dqn,1,1.6954,-2.0172,64,2026-06-07T20:44:28
20628,dqn,pool:gen_007,1,1.9801,-1.9553,64,2026-06-07T20:44:30
20629,pool:gen_005,dqn,2,-0.5692,2.6608,64,2026-06-07T20:44:32
20630,dqn,pool:gen_006,1,2.1162,-2.0791,64,2026-06-07T20:44:34
20631,self,dqn,2,-0.5445,2.4999,64,2026-06-07T20:44:36
20632,dqn,pool:gen_006,1,2.1038,-2.0543,64,2026-06-07T20:44:38
20633,self,dqn,2,-0.3588,2.6484,64,2026-06-07T20:44:40
20634,dqn,self,2,-0.9157,2.8712,64,2026-06-07T20:44:42
20635,pool:gen_005,dqn,1,1.6212,-1.7573,64,2026-06-07T20:44:44
20636,dqn,random,1,3.3290,-2.4627,64,2026-06-07T20:44:46
20637,pool:gen_005,dqn,1,1.9553,-1.9058,64,2026-06-07T20:44:48
20638,dqn,pool:gen_005,1,1.5469,-1.6459,64,2026-06-07T20:44:50
20639,pool:gen_007,dqn,2,-0.6311,2.5618,64,2026-06-07T20:44:52
20640,dqn,self,2,-0.7920,2.3266,64,2026-06-07T20:44:54
20641,self,dqn,2,-0.5445,2.4256,64,2026-06-07T20:44:56
20642,dqn,pool:gen_005,2,-0.6558,2.4999,64,2026-06-07T20:44:58
20643,random,dqn,2,-0.5692,2.9207,64,2026-06-07T20:45:00
20644,dqn,self,2,-0.3836,2.2895,64,2026-06-07T20:45:01
20645,self,dqn,2,-0.8538,2.8959,64,2026-06-07T20:45:03
20646,dqn,self,2,-0.4578,2.3638,64,2026-06-07T20:45:06
20647,heuristic,dqn,2,-0.6063,3.5518,64,2026-06-07T20:45:08
20648,dqn,self,1,1.6583,-1.9801,64,2026-06-07T20:45:10
20649,pool:gen_008,dqn,2,-1.0766,2.4875,64,2026-06-07T20:45:12
20650,dqn,self,2,-0.6682,2.3761,64,2026-06-07T20:45:14
20651,random,dqn,2,-1.4850,3.6013,64,2026-06-07T20:45:16
20652,dqn,pool:gen_008,1,1.3984,-1.6459,64,2026-06-07T20:45:18
20653,pool:gen_005,dqn,2,-0.5692,2.4009,64,2026-06-07T20:45:20
20654,dqn,self,2,-0.6187,2.3514,64,2026-06-07T20:45:21
20655,self,dqn,2,-0.6558,2.3885,64,2026-06-07T20:45:23
20656,dqn,self,1,1.9182,-2.1286,64,2026-06-07T20:45:25
20657,self,dqn,1,2.4256,-2.2152,64,2026-06-07T20:45:27
20658,dqn,pool:gen_006,1,1.9182,-1.9429,64,2026-06-07T20:45:29
20659,pool:gen_006,dqn,2,-0.5321,2.4751,64,2026-06-07T20:45:31
20660,dqn,self,2,-0.9033,2.8464,64,2026-06-07T20:45:33
20661,pool:gen_008,dqn,1,1.5469,-1.7944,64,2026-06-07T20:45:35
20662,dqn,self,2,-0.6930,2.4999,64,2026-06-07T20:45:37
20663,self,dqn,1,1.7821,-1.8192,64,2026-06-07T20:45:39
20664,dqn,self,2,-0.7301,2.6113,64,2026-06-07T20:45:41
20665,pool:gen_006,dqn,2,-0.5444,2.5742,64,2026-06-07T20:45:43
20666,dqn,pool:gen_005,2,-0.6682,2.7474,64,2026-06-07T20:45:45
20667,heuristic,dqn,2,-0.6063,3.4033,64,2026-06-07T20:45:47
20668,dqn,self,2,-0.5197,2.5989,64,2026-06-07T20:45:49
20669,pool:gen_005,dqn,1,1.6212,-1.6088,64,2026-06-07T20:45:51
20670,dqn,self,2,-0.5940,2.3019,64,2026-06-07T20:45:52
20671,pool:gen_007,dqn,2,-0.9900,2.7598,64,2026-06-07T20:45:55
20672,dqn,pool:gen_006,1,2.2276,-2.1162,64,2026-06-07T20:45:57
20673,self,dqn,2,-0.5073,2.3143,64,2026-06-07T20:45:59
20674,dqn,self,1,1.6583,-1.8316,64,2026-06-07T20:46:00
20675,self,dqn,2,-0.9405,2.5123,64,2026-06-07T20:46:02
20676,dqn,pool:gen_005,2,-0.7425,2.5618,64,2026-06-07T20:46:04
20677,self,dqn,2,-1.1385,3.1682,64,2026-06-07T20:46:06
20678,dqn,self,2,-0.5940,2.4133,64,2026-06-07T20:46:08
20679,heuristic,dqn,2,-0.9899,4.7275,64,2026-06-07T20:46:10
20680,dqn,pool:gen_005,2,-0.5445,2.2029,64,2026-06-07T20:46:12
20681,pool:gen_008,dqn,1,1.5222,-1.7078,64,2026-06-07T20:46:14
20682,dqn,self,1,1.4108,-1.9306,64,2026-06-07T20:46:16
20683,self,dqn,2,-0.7053,2.9330,64,2026-06-07T20:46:18
20684,dqn,self,2,-0.8043,2.4628,64,2026-06-07T20:46:20
20685,self,dqn,2,-0.9033,2.7350,64,2026-06-07T20:46:22
20686,dqn,heuristic,1,3.6384,-2.3760,64,2026-06-07T20:46:23
20687,pool:gen_006,dqn,2,-0.9405,2.7722,64,2026-06-07T20:46:25
20688,dqn,pool:gen_006,1,2.1904,-2.1904,64,2026-06-07T20:46:27
20689,pool:gen_007,dqn,2,-0.7548,2.3638,64,2026-06-07T20:46:29
20690,dqn,self,2,-0.3217,2.4628,64,2026-06-07T20:46:31
20691,self,dqn,1,2.0791,-2.1162,64,2026-06-07T20:46:33
20692,dqn,self,1,1.8068,-1.6088,64,2026-06-07T20:46:35
20693,self,dqn,2,-0.3093,2.5494,64,2026-06-07T20:46:37
20694,dqn,self,2,-1.1014,2.8340,64,2026-06-07T20:46:39
20695,self,dqn,1,1.9801,-1.5098,64,2026-06-07T20:46:41
20696,dqn,self,2,-1.2127,3.1310,64,2026-06-07T20:46:43
20697,self,dqn,1,1.4232,-1.6583,64,2026-06-07T20:46:45
20698,dqn,self,1,1.6831,-1.7697,64,2026-06-07T20:46:46
20699,self,dqn,1,1.6707,-1.8563,64,2026-06-07T20:46:48
20700,dqn,pool:gen_006,1,1.8068,-1.7573,64,2026-06-07T20:46:50
20701,self,dqn,1,1.8934,-1.6707,64,2026-06-07T20:59:00
20702,dqn,random,1,2.1162,-1.7078,64,2026-06-07T20:59:02
20703,pool:gen_005,dqn,1,1.6830,-1.9553,64,2026-06-07T20:59:04
20704,dqn,self,2,-0.8043,2.9083,64,2026-06-07T20:59:07
20705,self,dqn,2,-1.1137,3.0444,64,2026-06-07T20:59:09
20706,dqn,pool:gen_005,2,-0.5321,2.1781,64,2026-06-07T20:59:11
20707,self,dqn,2,-1.0890,2.9207,64,2026-06-07T20:59:13
20708,dqn,pool:gen_007,1,1.7697,-2.0915,64,2026-06-07T20:59:15
20709,self,dqn,2,-0.6435,2.3638,64,2026-06-07T20:59:17
20710,dqn,pool:gen_008,1,1.4232,-1.8068,64,2026-06-07T20:59:20
20711,heuristic,dqn,2,-0.2226,3.7127,64,2026-06-07T20:59:22
20712,dqn,self,2,-0.6682,2.3761,64,2026-06-07T20:59:24
20713,pool:gen_008,dqn,2,-0.9157,2.4256,64,2026-06-07T20:59:26
20714,dqn,self,1,1.7326,-1.8316,64,2026-06-07T20:59:29
20715,heuristic,dqn,2,-0.6929,4.3934,64,2026-06-07T20:59:31
20716,dqn,pool:gen_008,1,1.9306,-2.2276,64,2026-06-07T20:59:33
20717,pool:gen_005,dqn,1,1.6583,-1.8316,64,2026-06-07T20:59:35
20718,dqn,self,1,1.5222,-1.7449,64,2026-06-07T20:59:37
20719,self,dqn,2,-0.8415,2.4999,64,2026-06-07T20:59:40
20720,dqn,self,2,-0.8167,2.7845,64,2026-06-07T20:59:42
20721,pool:gen_006,dqn,2,-0.8786,2.7969,64,2026-06-07T20:59:44
20722,dqn,pool:gen_008,2,-0.6930,2.4628,64,2026-06-07T20:59:46
20723,heuristic,dqn,2,-0.5073,4.1706,64,2026-06-07T20:59:48
20724,dqn,pool:gen_008,2,-0.7177,2.4009,64,2026-06-07T20:59:50
20725,self,dqn,1,1.6336,-1.7821,64,2026-06-07T20:59:52
20726,dqn,self,1,1.7449,-1.9306,64,2026-06-07T20:59:54
20727,self,dqn,1,1.4355,-1.6459,64,2026-06-07T20:59:56
20728,dqn,self,2,-0.8291,2.3266,64,2026-06-07T20:59:58
20729,pool:gen_007,dqn,2,-0.9776,2.7350,64,2026-06-07T21:00:00
20730,dqn,self,2,-0.5816,2.5370,64,2026-06-07T21:00:03
20731,pool:gen_006,dqn,2,-0.8167,2.7474,64,2026-06-07T21:00:04
20732,dqn,self,1,1.7821,-1.9306,64,2026-06-07T21:00:07
20733,pool:gen_006,dqn,2,-0.8662,2.7350,64,2026-06-07T21:00:09
20734,dqn,pool:gen_005,2,-0.8043,2.6113,64,2026-06-07T21:00:11
20735,pool:gen_006,dqn,2,-0.6806,2.5494,64,2026-06-07T21:00:14
20736,dqn,self,1,1.6088,-1.8439,64,2026-06-07T21:00:16
20737,self,dqn,1,1.4479,-1.8935,64,2026-06-07T21:00:18
20738,dqn,self,2,-0.7920,2.7722,64,2026-06-07T21:00:21
20739,self,dqn,2,-0.8043,2.6484,64,2026-06-07T21:00:23
20740,dqn,pool:gen_005,2,-0.7425,2.3761,64,2026-06-07T21:00:25
20741,self,dqn,1,2.1409,-2.2028,64,2026-06-07T21:00:27
20742,dqn,pool:gen_007,1,1.7944,-2.0667,64,2026-06-07T21:00:29
20743,heuristic,dqn,2,-0.8909,4.4924,64,2026-06-07T21:00:32
20744,dqn,self,1,1.3613,-1.7573,64,2026-06-07T21:00:34
20745,pool:gen_006,dqn,2,-0.8538,2.8959,64,2026-06-07T21:00:36
20746,dqn,pool:gen_008,2,-0.6187,2.7969,64,2026-06-07T21:00:38
20747,pool:gen_008,dqn,1,1.5964,-1.8563,64,2026-06-07T21:00:41
20748,dqn,pool:gen_006,1,2.0296,-1.9058,64,2026-06-07T21:00:43
20749,self,dqn,2,-0.7672,2.6855,64,2026-06-07T21:00:46
20750,dqn,self,1,1.6954,-1.9058,64,2026-06-07T21:00:49
20751,self,dqn,2,-0.8786,2.6484,64,2026-06-07T21:00:51
20752,dqn,pool:gen_008,2,-0.5940,2.1905,64,2026-06-07T21:00:53
20753,pool:gen_008,dqn,1,1.5098,-1.5717,64,2026-06-07T21:00:55
20754,dqn,self,1,1.5841,-1.5717,64,2026-06-07T21:00:58
20755,self,dqn,1,1.8192,-1.8192,64,2026-06-07T21:01:00
20756,dqn,self,2,-0.3712,2.5247,64,2026-06-07T21:01:02
20757,pool:gen_008,dqn,2,-0.7053,2.2648,64,2026-06-07T21:01:04
20758,dqn,random,1,1.9924,-2.0914,64,2026-06-07T21:01:06
20759,self,dqn,2,-0.5940,2.3761,64,2026-06-07T21:01:08
20760,dqn,random,1,2.6236,-2.2399,64,2026-06-07T21:01:10
20761,pool:gen_007,dqn,2,-0.9652,2.7474,64,2026-06-07T21:01:12
20762,dqn,random,1,2.9454,-2.4008,64,2026-06-07T21:01:14
20763,pool:gen_006,dqn,2,-0.5073,2.6855,64,2026-06-07T21:01:16
20764,dqn,self,2,-0.7548,2.6608,64,2026-06-07T21:01:18
20765,pool:gen_007,dqn,2,-0.9652,2.7474,64,2026-06-07T21:01:21
20766,dqn,pool:gen_006,1,2.0667,-2.1286,64,2026-06-07T21:01:23
20767,heuristic,dqn,2,-0.5568,3.2672,64,2026-06-07T21:01:25
20768,dqn,self,1,1.6954,-1.8316,64,2026-06-07T21:01:27
20769,self,dqn,1,1.8563,-1.9677,64,2026-06-07T21:01:30
20770,dqn,pool:gen_006,1,1.9429,-1.7326,64,2026-06-07T21:01:32
20771,pool:gen_005,dqn,1,1.6583,-1.9058,64,2026-06-07T21:01:34
20772,dqn,pool:gen_007,2,-0.5321,2.1410,64,2026-06-07T21:01:36
20773,pool:gen_008,dqn,2,-0.6806,2.2895,64,2026-06-07T21:01:38
20774,dqn,self,1,1.8440,-1.4232,64,2026-06-07T21:01:40
20775,self,dqn,1,1.7449,-1.8934,64,2026-06-07T21:01:42
20776,dqn,self,2,-0.4950,2.4752,64,2026-06-07T21:01:44
20777,pool:gen_008,dqn,2,-0.6806,2.2895,64,2026-06-07T21:01:47
20778,dqn,pool:gen_006,1,1.7449,-1.8192,64,2026-06-07T21:01:49
20779,pool:gen_008,dqn,2,-0.7177,2.4380,64,2026-06-07T21:01:51
20780,dqn,self,1,1.8316,-2.0296,64,2026-06-07T21:01:54
20781,self,dqn,2,-0.7920,2.5494,64,2026-06-07T21:01:56
20782,dqn,self,1,1.8811,-1.9058,64,2026-06-07T21:01:58
20783,pool:gen_006,dqn,2,-0.6435,2.7350,64,2026-06-07T21:02:00
20784,dqn,self,2,-0.9405,2.8835,64,2026-06-07T21:02:02
20785,self,dqn,2,-0.5568,2.5247,64,2026-06-07T21:02:04
20786,dqn,self,1,1.7326,-1.8687,64,2026-06-07T21:02:06
20787,self,dqn,2,-0.6682,2.5618,64,2026-06-07T21:02:08
20788,dqn,self,2,-0.9652,2.5989,64,2026-06-07T21:02:11
20789,self,dqn,2,-0.6558,2.9826,64,2026-06-07T21:02:13
20790,dqn,pool:gen_006,1,2.3390,-2.2647,64,2026-06-07T21:02:15
20791,self,dqn,2,-0.7548,2.6237,64,2026-06-07T21:02:17
20792,dqn,random,1,3.0072,-2.4874,64,2026-06-07T21:02:19
20793,random,dqn,2,-1.2498,3.7251,64,2026-06-07T21:02:21
20794,dqn,pool:gen_008,1,1.4727,-1.7573,64,2026-06-07T21:02:24
20795,self,dqn,2,-0.5940,2.4504,64,2026-06-07T21:02:26
20796,dqn,pool:gen_008,1,1.4727,-1.7573,64,2026-06-07T21:02:28
20797,pool:gen_007,dqn,2,-0.7548,2.5494,64,2026-06-07T21:02:31
20798,dqn,self,2,-0.6930,2.4999,64,2026-06-07T21:02:33
20799,self,dqn,2,-0.7796,2.6360,64,2026-06-07T21:02:35
20800,dqn,self,1,1.4727,-1.7573,64,2026-06-07T21:02:38
20801,self,dqn,1,1.5345,-1.5841,64,2026-06-07T21:14:42
20802,dqn,self,2,-0.5940,2.5618,64,2026-06-07T21:14:44
20803,pool:gen_007,dqn,2,-0.8786,2.6113,64,2026-06-07T21:14:46
20804,dqn,self,2,-0.5816,2.3885,64,2026-06-07T21:14:48
20805,pool:gen_007,dqn,2,-0.8538,2.4875,64,2026-06-07T21:14:50
20806,dqn,self,2,-0.9405,2.6979,64,2026-06-07T21:14:52
20807,pool:gen_008,dqn,2,-0.7548,2.5494,64,2026-06-07T21:14:54
20808,dqn,self,1,1.7078,-1.8192,64,2026-06-07T21:14:56
20809,pool:gen_005,dqn,1,1.8316,-1.8811,64,2026-06-07T21:14:58
20810,dqn,self,2,-0.7177,2.4380,64,2026-06-07T21:15:00
20811,self,dqn,2,-0.8291,2.8835,64,2026-06-07T21:15:03
20812,dqn,self,1,1.3860,-1.7697,64,2026-06-07T21:15:05
20813,pool:gen_005,dqn,1,1.6831,-1.6212,64,2026-06-07T21:15:07
20814,dqn,pool:gen_006,1,2.0914,-2.0667,64,2026-06-07T21:15:09
20815,pool:gen_007,dqn,2,-0.8910,2.5989,64,2026-06-07T21:15:11
20816,dqn,self,1,1.4603,-1.7697,64,2026-06-07T21:15:14
20817,self,dqn,2,-0.6682,2.3019,64,2026-06-07T21:15:16
20818,dqn,self,1,1.5964,-1.7821,64,2026-06-07T21:15:18
20819,pool:gen_006,dqn,2,-1.1632,2.9578,64,2026-06-07T21:15:20
20820,dqn,pool:gen_005,2,-0.1856,2.3762,64,2026-06-07T21:15:22
20821,pool:gen_006,dqn,2,-1.1014,2.8712,64,2026-06-07T21:15:24
20822,dqn,pool:gen_006,1,1.8192,-1.7449,64,2026-06-07T21:15:27
20823,pool:gen_008,dqn,1,1.5469,-1.6831,64,2026-06-07T21:15:29
20824,dqn,pool:gen_006,1,1.8811,-1.8316,64,2026-06-07T21:15:31
20825,self,dqn,2,-0.6435,2.6237,64,2026-06-07T21:15:33
20826,dqn,heuristic,1,2.9825,-2.0667,64,2026-06-07T21:15:35
20827,self,dqn,2,-0.7053,2.1905,64,2026-06-07T21:15:37
20828,dqn,heuristic,1,3.6260,-2.1656,64,2026-06-07T21:15:39
20829,pool:gen_006,dqn,2,-1.0642,2.9454,64,2026-06-07T21:15:41
20830,dqn,pool:gen_007,1,2.1533,-2.1162,64,2026-06-07T21:15:43
20831,self,dqn,2,-1.0642,2.8712,64,2026-06-07T21:15:45
20832,dqn,self,2,-0.6558,2.6113,64,2026-06-07T21:15:47
20833,pool:gen_005,dqn,2,-0.5940,2.6360,64,2026-06-07T21:15:49
20834,dqn,pool:gen_007,1,2.0543,-2.0667,64,2026-06-07T21:15:52
20835,heuristic,dqn,2,-0.5568,3.7499,64,2026-06-07T21:15:54
20836,dqn,pool:gen_007,1,1.7944,-1.9553,64,2026-06-07T21:15:56
20837,pool:gen_006,dqn,2,-0.9405,3.1434,64,2026-06-07T21:15:58
20838,dqn,self,2,-1.0890,2.7721,64,2026-06-07T21:16:00
20839,self,dqn,1,1.7697,-1.9058,64,2026-06-07T21:16:02
20840,dqn,self,2,-0.5073,2.3885,64,2026-06-07T21:16:04
20841,self,dqn,2,-0.6311,2.7474,64,2026-06-07T21:16:06
20842,dqn,self,1,1.7449,-1.8563,64,2026-06-07T21:16:08
20843,pool:gen_006,dqn,2,-0.6311,2.5246,64,2026-06-07T21:16:11
20844,dqn,heuristic,1,3.3909,-1.9924,64,2026-06-07T21:16:13
20845,pool:gen_005,dqn,1,1.4603,-1.6954,64,2026-06-07T21:16:15
20846,dqn,self,2,-1.0395,2.8588,64,2026-06-07T21:16:18
20847,pool:gen_008,dqn,2,-0.6063,2.2895,64,2026-06-07T21:16:20
20848,dqn,pool:gen_007,1,1.9553,-2.0172,64,2026-06-07T21:16:22
20849,pool:gen_008,dqn,2,-0.6930,2.4256,64,2026-06-07T21:16:25
20850,dqn,pool:gen_008,2,-0.7301,2.3885,64,2026-06-07T21:16:27
20851,self,dqn,1,1.8439,-2.0543,64,2026-06-07T21:16:29
20852,dqn,self,1,1.6088,-1.7326,64,2026-06-07T21:16:32
20853,self,dqn,1,1.4850,-1.5593,64,2026-06-07T21:16:34
20854,dqn,pool:gen_008,2,-0.5816,2.3514,64,2026-06-07T21:16:36
20855,pool:gen_006,dqn,2,-0.7672,2.6855,64,2026-06-07T21:16:38
20856,dqn,pool:gen_006,1,2.0419,-1.9677,64,2026-06-07T21:16:41
20857,heuristic,dqn,2,-0.4454,3.0816,64,2026-06-07T21:16:43
20858,dqn,pool:gen_007,1,1.8563,-1.9677,64,2026-06-07T21:16:45
20859,pool:gen_007,dqn,2,-0.7548,2.6608,64,2026-06-07T21:16:47
20860,dqn,self,1,1.6707,-1.7449,64,2026-06-07T21:16:49
20861,pool:gen_005,dqn,2,-0.6187,2.7227,64,2026-06-07T21:16:51
20862,dqn,self,2,-0.6187,2.7227,64,2026-06-07T21:16:53
20863,self,dqn,2,-0.7425,2.5618,64,2026-06-07T21:16:55
20864,dqn,pool:gen_006,1,2.0296,-1.9058,64,2026-06-07T21:16:57
20865,self,dqn,1,1.8439,-1.6459,64,2026-06-07T21:16:59
20866,dqn,pool:gen_005,2,-0.3712,2.4133,64,2026-06-07T21:17:01
20867,self,dqn,1,1.6831,-1.8439,64,2026-06-07T21:17:04
20868,dqn,pool:gen_008,1,1.4727,-1.6831,64,2026-06-07T21:17:06
20869,pool:gen_008,dqn,2,-0.6311,2.4504,64,2026-06-07T21:17:08
20870,dqn,pool:gen_005,2,-0.6806,2.8835,64,2026-06-07T21:17:10
20871,heuristic,dqn,2,-1.1013,3.9107,64,2026-06-07T21:17:12
20872,dqn,self,2,-0.5816,2.4256,64,2026-06-07T21:17:15
20873,pool:gen_007,dqn,2,-1.0395,3.1929,64,2026-06-07T21:17:17
20874,dqn,self,2,-0.2351,2.5123,64,2026-06-07T21:17:19
20875,pool:gen_007,dqn,2,-0.9776,2.9949,64,2026-06-07T21:17:21
20876,dqn,pool:gen_007,1,2.4008,-2.3142,64,2026-06-07T21:17:23
20877,pool:gen_008,dqn,1,1.4850,-1.6707,64,2026-06-07T21:17:26
20878,dqn,self,2,-0.5568,2.3390,64,2026-06-07T21:17:28
20879,pool:gen_008,dqn,1,1.5098,-1.7202,64,2026-06-07T21:17:30
20880,dqn,self,1,1.8934,-1.7078,64,2026-06-07T21:17:32
20881,pool:gen_005,dqn,1,1.6954,-1.3860,64,2026-06-07T21:17:34
20882,dqn,pool:gen_007,1,2.3018,-2.2276,64,2026-06-07T21:17:37
20883,pool:gen_005,dqn,2,-0.5073,2.6113,64,2026-06-07T21:17:39
20884,dqn,self,1,1.5593,-1.8192,64,2026-06-07T21:17:41
20885,pool:gen_005,dqn,2,-0.7177,2.5123,64,2026-06-07T21:17:43
20886,dqn,self,1,1.8439,-1.7202,64,2026-06-07T21:17:46
20887,self,dqn,2,-0.6187,2.4628,64,2026-06-07T21:17:48
20888,dqn,pool:gen_008,1,1.4727,-1.7202,64,2026-06-07T21:17:50
20889,pool:gen_005,dqn,1,1.6088,-1.5098,64,2026-06-07T21:17:52
20890,dqn,pool:gen_006,1,1.9429,-1.9182,64,2026-06-07T21:17:55
20891,pool:gen_006,dqn,2,-0.9157,3.1682,64,2026-06-07T21:17:57
20892,dqn,self,2,-0.6187,2.4256,64,2026-06-07T21:17:59
20893,self,dqn,2,-0.8043,2.4999,64,2026-06-07T21:18:01
20894,dqn,self,2,-0.5197,2.5618,64,2026-06-07T21:18:03
20895,self,dqn,2,-0.6311,2.3019,64,2026-06-07T21:18:05
20896,dqn,pool:gen_006,1,1.8811,-1.9429,64,2026-06-07T21:18:06
20897,self,dqn,2,-0.3588,2.3514,64,2026-06-07T21:18:09
20898,dqn,self,2,-0.6930,2.6113,64,2026-06-07T21:18:11
20899,pool:gen_008,dqn,2,-0.6682,2.4133,64,2026-06-07T21:18:13
20900,dqn,pool:gen_007,1,2.0172,-1.9924,64,2026-06-07T21:18:15
20901,self,dqn,2,-0.8539,2.4133,64,2026-06-07T21:30:26
20902,dqn,self,1,1.6088,-1.5469,64,2026-06-07T21:30:28
20903,pool:gen_007,dqn,2,-0.9776,2.8835,64,2026-06-07T21:30:30
20904,dqn,random,1,2.8711,-2.2894,64,2026-06-07T21:30:32
20905,heuristic,dqn,2,-0.5568,3.2301,64,2026-06-07T21:30:34
20906,dqn,self,1,1.6954,-2.0172,64,2026-06-07T21:30:36
20907,heuristic,dqn,2,-0.5073,3.0939,64,2026-06-07T21:30:37
20908,dqn,pool:gen_007,1,2.0296,-2.1657,64,2026-06-07T21:30:39
20909,pool:gen_005,dqn,2,-0.8043,2.6855,64,2026-06-07T21:30:42
20910,dqn,pool:gen_007,1,2.4132,-2.3761,64,2026-06-07T21:30:44
20911,self,dqn,1,1.6212,-1.8316,64,2026-06-07T21:30:46
20912,dqn,self,1,1.8068,-1.9058,64,2026-06-07T21:30:48
20913,self,dqn,1,1.4727,-1.5717,64,2026-06-07T21:30:50
20914,dqn,heuristic,1,2.7350,-1.7201,64,2026-06-07T21:30:52
20915,self,dqn,1,1.9306,-1.8563,64,2026-06-07T21:30:54
20916,dqn,pool:gen_007,1,2.0419,-2.0791,64,2026-06-07T21:30:57
20917,heuristic,dqn,2,-0.9033,3.9974,64,2026-06-07T21:30:59
20918,dqn,pool:gen_006,1,2.1286,-2.1409,64,2026-06-07T21:31:01
20919,self,dqn,2,-0.9652,2.9702,64,2026-06-07T21:31:03
20920,dqn,self,2,-0.8538,2.5989,64,2026-06-07T21:31:05
20921,pool:gen_005,dqn,1,1.6707,-1.7821,64,2026-06-07T21:31:07
20922,dqn,self,1,1.6212,-1.7573,64,2026-06-07T21:31:09
20923,pool:gen_007,dqn,2,-1.0642,3.0197,64,2026-06-07T21:31:11
20924,dqn,self,1,1.5345,-1.7326,64,2026-06-07T21:31:14
20925,pool:gen_005,dqn,1,1.6336,-1.4108,64,2026-06-07T21:31:16
20926,dqn,self,1,1.7449,-1.8563,64,2026-06-07T21:31:18
20927,self,dqn,1,1.7697,-1.6088,64,2026-06-07T21:31:20
20928,dqn,random,1,2.4503,-2.2276,64,2026-06-07T21:31:22
20929,pool:gen_006,dqn,2,-0.8662,2.7722,64,2026-06-07T21:31:24
20930,dqn,pool:gen_007,1,2.1533,-2.2647,64,2026-06-07T21:31:27
20931,self,dqn,1,1.7202,-1.8811,64,2026-06-07T21:31:29
20932,dqn,pool:gen_007,1,2.3266,-2.3142,64,2026-06-07T21:31:31
20933,pool:gen_006,dqn,2,-0.7301,2.7227,64,2026-06-07T21:31:33
20934,dqn,self,1,1.8687,-1.8811,64,2026-06-07T21:31:35
20935,pool:gen_005,dqn,2,-0.5321,2.6979,64,2026-06-07T21:31:38
20936,dqn,pool:gen_006,1,2.0296,-1.8687,64,2026-06-07T21:31:40
20937,pool:gen_005,dqn,2,-0.5568,2.4133,64,2026-06-07T21:31:42
20938,dqn,pool:gen_007,1,2.0419,-2.1905,64,2026-06-07T21:31:44
20939,self,dqn,1,1.8439,-1.7573,64,2026-06-07T21:31:46
20940,dqn,heuristic,1,2.6360,-1.8563,64,2026-06-07T21:31:48
20941,self,dqn,1,1.7573,-1.9553,64,2026-06-07T21:31:50
20942,dqn,heuristic,1,2.8340,-1.9553,64,2026-06-07T21:31:52
20943,pool:gen_005,dqn,2,-0.8910,2.6360,64,2026-06-07T21:31:54
20944,dqn,pool:gen_005,2,-0.4455,2.3390,64,2026-06-07T21:31:56
20945,self,dqn,1,1.4603,-1.7697,64,2026-06-07T21:31:59
20946,dqn,self,2,-0.8415,2.3885,64,2026-06-07T21:32:01
20947,pool:gen_007,dqn,2,-1.0271,2.5370,64,2026-06-07T21:32:03
20948,dqn,self,2,-0.4207,2.4752,64,2026-06-07T21:32:05
20949,self,dqn,2,-0.4702,2.5370,64,2026-06-07T21:32:07
20950,dqn,self,1,1.5222,-1.5964,64,2026-06-07T21:32:09
20951,heuristic,dqn,2,-0.7301,3.5023,64,2026-06-07T21:32:11
20952,dqn,pool:gen_007,1,2.1657,-2.3266,64,2026-06-07T21:32:13
20953,self,dqn,1,1.5469,-1.7573,64,2026-06-07T21:32:16
20954,dqn,self,2,-0.8043,2.6113,64,2026-06-07T21:32:18
20955,self,dqn,1,1.6707,-2.0048,64,2026-06-07T21:32:20
20956,dqn,self,2,-0.7301,2.2400,64,2026-06-07T21:32:22
20957,pool:gen_008,dqn,1,1.8811,-2.0172,64,2026-06-07T21:32:24
20958,dqn,pool:gen_005,2,-0.7053,2.7845,64,2026-06-07T21:32:26
20959,pool:gen_005,dqn,1,1.6459,-1.7326,64,2026-06-07T21:32:28
20960,dqn,pool:gen_008,1,1.5098,-1.6831,64,2026-06-07T21:32:30
20961,self,dqn,2,-0.6187,2.4256,64,2026-06-07T21:32:32
20962,dqn,pool:gen_007,1,1.6335,-2.0048,64,2026-06-07T21:32:34
20963,pool:gen_005,dqn,1,1.4355,-1.6831,64,2026-06-07T21:32:37
20964,dqn,pool:gen_007,1,1.5964,-2.0048,64,2026-06-07T21:32:39
20965,pool:gen_006,dqn,2,-1.0271,3.2424,64,2026-06-07T21:32:41
20966,dqn,pool:gen_007,1,1.7821,-2.0791,64,2026-06-07T21:32:43
20967,pool:gen_005,dqn,1,1.5098,-1.6459,64,2026-06-07T21:32:45
20968,dqn,self,1,1.6707,-1.7078,64,2026-06-07T21:32:47
20969,pool:gen_008,dqn,1,1.7202,-1.7697,64,2026-06-07T21:32:49
20970,dqn,pool:gen_006,1,2.2895,-2.0914,64,2026-06-07T21:32:51
20971,self,dqn,1,2.0172,-2.0667,64,2026-06-07T21:32:53
20972,dqn,self,2,-0.5568,2.4875,64,2026-06-07T21:32:55
20973,self,dqn,1,1.9182,-2.0172,64,2026-06-07T21:32:57
20974,dqn,pool:gen_006,1,2.0543,-1.9924,64,2026-06-07T21:32:59
20975,pool:gen_007,dqn,2,-0.6063,2.2524,64,2026-06-07T21:33:00
20976,dqn,self,1,1.4108,-1.6707,64,2026-06-07T21:33:02
20977,pool:gen_006,dqn,2,-0.8291,2.8093,64,2026-06-07T21:33:04
20978,dqn,random,1,2.9701,-2.5617,64,2026-06-07T21:33:06
20979,pool:gen_008,dqn,1,1.7944,-1.8439,64,2026-06-07T21:33:08
20980,dqn,pool:gen_005,2,-0.8662,2.8093,64,2026-06-07T21:33:10
20981,self,dqn,1,1.9429,-1.8811,64,2026-06-07T21:33:12
20982,dqn,pool:gen_006,1,2.1533,-2.1162,64,2026-06-07T21:33:14
20983,self,dqn,1,1.4603,-1.6583,64,2026-06-07T21:33:16
20984,dqn,pool:gen_005,2,-0.6435,2.3266,64,2026-06-07T21:33:18
20985,pool:gen_007,dqn,2,-0.8415,2.4256,64,2026-06-07T21:33:21
20986,dqn,pool:gen_007,1,1.9306,-1.9677,64,2026-06-07T21:33:23
20987,random,dqn,2,-0.9157,3.2053,64,2026-06-07T21:33:25
20988,dqn,pool:gen_005,2,-0.6063,2.5123,64,2026-06-07T21:33:27
20989,pool:gen_007,dqn,2,-0.7672,2.6484,64,2026-06-07T21:33:29
20990,dqn,pool:gen_005,2,-0.5940,2.3761,64,2026-06-07T21:33:31
20991,pool:gen_008,dqn,1,1.9306,-1.6335,64,2026-06-07T21:33:33
20992,dqn,pool:gen_006,1,2.1038,-1.7944,64,2026-06-07T21:33:35
20993,random,dqn,2,-1.1137,3.2301,64,2026-06-07T21:33:37
20994,dqn,pool:gen_005,2,-0.8415,2.6113,64,2026-06-07T21:33:39
20995,self,dqn,1,1.5717,-1.6583,64,2026-06-07T21:33:41
20996,dqn,self,1,1.5841,-1.6088,64,2026-06-07T21:33:43
20997,self,dqn,1,1.7326,-1.8687,64,2026-06-07T21:33:45
20998,dqn,random,1,1.7820,-2.0791,64,2026-06-07T21:33:46
20999,heuristic,dqn,2,-0.1856,2.4133,64,2026-06-07T21:33:48
21000,dqn,pool:gen_007,1,1.6212,-1.9058,64,2026-06-07T21:33:50
21001,pool:gen_008,dqn,1,1.7326,-1.5345,64,2026-06-07T21:45:39
21002,dqn,pool:gen_009,2,-0.6063,2.5865,64,2026-06-07T21:45:42
21003,pool:gen_009,dqn,1,1.6830,-1.9182,64,2026-06-07T21:45:43
21004,dqn,pool:gen_006,1,2.0667,-2.0543,64,2026-06-07T21:45:45
21005,pool:gen_006,dqn,2,-0.5073,2.6113,64,2026-06-07T21:45:47
21006,dqn,pool:gen_009,1,1.6088,-1.6954,64,2026-06-07T21:45:49
21007,pool:gen_006,dqn,2,-0.6806,2.7350,64,2026-06-07T21:45:51
21008,dqn,pool:gen_005,2,-0.6311,2.4504,64,2026-06-07T21:45:53
21009,pool:gen_006,dqn,2,-0.8786,2.7969,64,2026-06-07T21:45:54
21010,dqn,self,2,-0.9033,2.6979,64,2026-06-07T21:45:57
21011,random,dqn,2,-0.8291,3.0692,64,2026-06-07T21:45:58
21012,dqn,pool:gen_007,1,1.6212,-1.8316,64,2026-06-07T21:46:00
21013,pool:gen_007,dqn,2,-0.6063,2.4380,64,2026-06-07T21:46:02
21014,dqn,self,1,2.7102,-2.4875,64,2026-06-07T21:46:04
21015,pool:gen_009,dqn,1,1.6831,-1.7697,64,2026-06-07T21:46:06
21016,dqn,pool:gen_009,2,-0.9528,2.7969,64,2026-06-07T21:46:08
21017,random,dqn,2,-0.9900,3.0939,64,2026-06-07T21:46:09
21018,dqn,heuristic,1,1.6336,-1.5593,64,2026-06-07T21:46:11
21019,self,dqn,1,1.6583,-1.6831,64,2026-06-07T21:46:13
21020,dqn,pool:gen_006,1,1.5222,-1.7078,64,2026-06-07T21:46:15
21021,pool:gen_007,dqn,2,-0.6930,2.5741,64,2026-06-07T21:46:17
21022,dqn,pool:gen_008,2,-0.7425,2.7474,64,2026-06-07T21:46:19
21023,self,dqn,1,1.5717,-1.9553,64,2026-06-07T21:46:21
21024,dqn,pool:gen_007,1,1.6088,-1.7697,64,2026-06-07T21:46:23
21025,pool:gen_007,dqn,2,-0.8415,2.5741,64,2026-06-07T21:46:25
21026,dqn,self,1,2.0419,-2.1533,64,2026-06-07T21:46:27
21027,self,dqn,2,-0.9776,2.5494,64,2026-06-07T21:46:29
21028,dqn,self,2,-0.8910,2.6732,64,2026-06-07T21:46:31
21029,self,dqn,1,1.6583,-1.5345,64,2026-06-07T21:46:32
21030,dqn,pool:gen_009,2,-1.0271,3.0197,64,2026-06-07T21:46:35
21031,pool:gen_008,dqn,1,1.8934,-1.8934,64,2026-06-07T21:46:36
21032,dqn,pool:gen_005,2,-0.6311,2.3761,64,2026-06-07T21:46:38
21033,pool:gen_009,dqn,2,-0.7053,2.4504,64,2026-06-07T21:46:40
21034,dqn,self,2,-0.6806,2.5123,64,2026-06-07T21:46:42
21035,pool:gen_005,dqn,1,1.8687,-1.8811,64,2026-06-07T21:46:44
21036,dqn,pool:gen_007,1,1.7202,-1.8811,64,2026-06-07T21:46:46
21037,self,dqn,1,1.7697,-1.7573,64,2026-06-07T21:46:48
21038,dqn,pool:gen_007,1,1.6335,-1.8192,64,2026-06-07T21:46:50
21039,pool:gen_007,dqn,2,-0.6806,2.5865,64,2026-06-07T21:46:52
21040,dqn,self,1,2.0667,-2.2028,64,2026-06-07T21:46:54
21041,self,dqn,1,2.2647,-2.2647,64,2026-06-07T21:46:55
21042,dqn,self,1,1.6212,-1.3860,64,2026-06-07T21:46:57
21043,self,dqn,1,1.8811,-1.8687,64,2026-06-07T21:46:59
21044,dqn,self,2,-0.5568,2.3019,64,2026-06-07T21:47:01
21045,pool:gen_007,dqn,2,-0.8415,2.8712,64,2026-06-07T21:47:03
21046,dqn,pool:gen_008,2,-0.7796,2.8217,64,2026-06-07T21:47:05
21047,self,dqn,1,1.3984,-1.6088,64,2026-06-07T21:47:07
21048,dqn,self,2,-0.8910,2.7103,64,2026-06-07T21:47:09
21049,pool:gen_009,dqn,2,-0.6930,2.3143,64,2026-06-07T21:47:11
21050,dqn,self,2,-0.7920,2.2895,64,2026-06-07T21:47:13
21051,pool:gen_007,dqn,1,1.6088,-1.6954,64,2026-06-07T21:47:15
21052,dqn,random,1,1.4727,-1.7202,64,2026-06-07T21:47:17
21053,pool:gen_008,dqn,1,1.7573,-1.8811,64,2026-06-07T21:47:18
21054,dqn,pool:gen_007,2,-0.6063,2.5123,64,2026-06-07T21:47:20
21055,pool:gen_005,dqn,1,1.8439,-1.9058,64,2026-06-07T21:47:23
21056,dqn,pool:gen_005,2,-0.8910,2.8217,64,2026-06-07T21:47:25
21057,pool:gen_005,dqn,1,1.8192,-1.7078,64,2026-06-07T21:47:27
21058,dqn,pool:gen_009,1,1.8192,-2.0048,64,2026-06-07T21:47:28
21059,self,dqn,1,1.8192,-2.1162,64,2026-06-07T21:47:30
21060,dqn,pool:gen_006,1,1.6088,-1.5469,64,2026-06-07T21:47:32
21061,heuristic,dqn,2,-0.6682,2.8588,64,2026-06-07T21:47:34
21062,dqn,self,2,-0.6311,2.8588,64,2026-06-07T21:47:36
21063,self,dqn,1,1.9801,-1.9553,64,2026-06-07T21:47:38
21064,dqn,pool:gen_006,1,1.7944,-1.6583,64,2026-06-07T21:47:40
21065,pool:gen_005,dqn,1,2.4627,-2.4751,64,2026-06-07T21:47:41
21066,dqn,self,1,1.7573,-1.9553,64,2026-06-07T21:47:43
21067,pool:gen_008,dqn,1,1.6088,-1.7697,64,2026-06-07T21:47:45
21068,dqn,pool:gen_009,1,1.4727,-1.6831,64,2026-06-07T21:47:47
21069,pool:gen_007,dqn,1,1.4355,-1.6831,64,2026-06-07T21:47:49
21070,dqn,self,1,1.6954,-1.6088,64,2026-06-07T21:47:51
21071,pool:gen_006,dqn,2,-0.6806,2.6237,64,2026-06-07T21:47:53
21072,dqn,pool:gen_009,1,1.6830,-2.0667,64,2026-06-07T21:47:55
21073,self,dqn,1,1.3737,-1.7078,64,2026-06-07T21:47:57
21074,dqn,random,1,1.7326,-1.9429,64,2026-06-07T21:47:59
21075,self,dqn,1,1.5841,-1.5345,64,2026-06-07T21:48:01
21076,dqn,pool:gen_009,2,-1.0766,3.1558,64,2026-06-07T21:48:03
21077,self,dqn,2,-1.1261,3.0320,64,2026-06-07T21:48:05
21078,dqn,self,2,-0.3712,2.5247,64,2026-06-07T21:48:07
21079,pool:gen_007,dqn,1,1.9306,-1.8934,64,2026-06-07T21:48:09
21080,dqn,self,1,1.3737,-1.6336,64,2026-06-07T21:48:11
21081,self,dqn,1,1.5964,-2.0791,64,2026-06-07T21:48:13
21082,dqn,self,1,1.5717,-1.7697,64,2026-06-07T21:48:15
21083,self,dqn,2,-0.8538,2.5618,64,2026-06-07T21:48:17
21084,dqn,pool:gen_009,1,1.5222,-1.8192,64,2026-06-07T21:48:19
21085,self,dqn,2,-0.5692,2.6237,64,2026-06-07T21:48:21
21086,dqn,self,2,-1.0147,2.7722,64,2026-06-07T21:48:23
21087,self,dqn,2,-0.6063,2.2895,64,2026-06-07T21:48:24
21088,dqn,self,2,-0.4826,2.4504,64,2026-06-07T21:48:26
21089,pool:gen_007,dqn,1,1.5841,-1.6459,64,2026-06-07T21:48:28
21090,dqn,self,1,1.8687,-1.9553,64,2026-06-07T21:48:30
21091,heuristic,dqn,2,-0.5692,3.1434,64,2026-06-07T21:48:32
21092,dqn,heuristic,1,2.3019,-1.5964,64,2026-06-07T21:48:34
21093,self,dqn,1,1.7078,-1.5964,64,2026-06-07T21:48:36
21094,dqn,pool:gen_006,1,1.6707,-1.7821,64,2026-06-07T21:48:38
21095,pool:gen_005,dqn,1,2.2647,-2.1533,64,2026-06-07T21:48:39
21096,dqn,self,2,-0.8415,2.6484,64,2026-06-07T21:48:41
21097,self,dqn,2,-1.4355,3.2424,64,2026-06-07T21:48:43
21098,dqn,pool:gen_009,2,-0.7672,2.4256,64,2026-06-07T21:48:45
21099,pool:gen_005,dqn,1,2.1286,-2.2895,64,2026-06-07T21:48:47
21100,dqn,pool:gen_007,1,1.6831,-1.8811,64,2026-06-07T21:48:49
21101,self,dqn,2,-0.7672,2.4999,64,2026-06-07T22:01:04
21102,dqn,random,1,1.9553,-2.2771,64,2026-06-07T22:01:06
21103,pool:gen_006,dqn,2,-0.7796,2.6360,64,2026-06-07T22:01:08
21104,dqn,self,1,1.3365,-1.7821,64,2026-06-07T22:01:11
21105,self,dqn,2,-0.7425,2.2648,64,2026-06-07T22:01:13
21106,dqn,self,1,1.6088,-1.6212,64,2026-06-07T22:01:15
21107,random,dqn,2,-0.4207,2.6979,64,2026-06-07T22:01:18
21108,dqn,random,1,1.8068,-1.8687,64,2026-06-07T22:01:20
21109,pool:gen_008,dqn,1,1.8563,-1.8192,64,2026-06-07T22:01:22
21110,dqn,self,2,-0.8043,2.4628,64,2026-06-07T22:01:24
21111,self,dqn,2,-0.8662,2.5865,64,2026-06-07T22:01:27
21112,dqn,pool:gen_007,1,1.8439,-1.9801,64,2026-06-07T22:01:29
21113,self,dqn,2,-0.9157,2.7969,64,2026-06-07T22:01:31
21114,dqn,self,2,-1.0890,2.8093,64,2026-06-07T22:01:34
21115,pool:gen_005,dqn,1,1.9677,-1.9677,64,2026-06-07T22:01:36
21116,dqn,pool:gen_007,1,2.1409,-2.0914,64,2026-06-07T22:01:38
21117,self,dqn,1,1.5098,-1.7202,64,2026-06-07T22:01:41
21118,dqn,self,2,-0.7920,2.2895,64,2026-06-07T22:01:43
21119,pool:gen_009,dqn,1,1.7325,-1.9801,64,2026-06-07T22:01:45
21120,dqn,pool:gen_005,2,-0.9776,2.9949,64,2026-06-07T22:01:47
21121,pool:gen_005,dqn,1,2.0296,-2.0172,64,2026-06-07T22:01:49
21122,dqn,self,2,-0.5692,2.5123,64,2026-06-07T22:01:52
21123,pool:gen_007,dqn,2,-0.9033,2.8464,64,2026-06-07T22:01:54
21124,dqn,pool:gen_006,1,1.5964,-1.8563,64,2026-06-07T22:01:56
21125,pool:gen_007,dqn,2,-0.9776,2.9949,64,2026-06-07T22:01:58
21126,dqn,pool:gen_005,2,-1.0395,3.0815,64,2026-06-07T22:02:00
21127,self,dqn,1,1.8439,-1.7944,64,2026-06-07T22:02:02
21128,dqn,pool:gen_005,2,-1.0395,3.0073,64,2026-06-07T22:02:04
21129,heuristic,dqn,2,-0.6806,2.8464,64,2026-06-07T22:02:06
21130,dqn,self,2,-0.5692,2.8464,64,2026-06-07T22:02:08
21131,random,dqn,2,-0.9776,2.8835,64,2026-06-07T22:02:10
21132,dqn,self,1,2.4751,-2.4256,64,2026-06-07T22:02:12
21133,pool:gen_008,dqn,1,1.8811,-1.5717,64,2026-06-07T22:02:14
21134,dqn,pool:gen_006,1,1.4603,-1.6583,64,2026-06-07T22:02:17
21135,self,dqn,2,-0.6311,2.3390,64,2026-06-07T22:02:19
21136,dqn,self,1,1.9058,-2.0296,64,2026-06-07T22:02:21
21137,self,dqn,2,-0.9157,2.3514,64,2026-06-07T22:02:24
21138,dqn,pool:gen_005,2,-0.8786,2.9083,64,2026-06-07T22:02:26
21139,random,dqn,2,-1.0023,3.4528,64,2026-06-07T22:02:27
21140,dqn,pool:gen_007,1,1.8316,-1.9553,64,2026-06-07T22:02:30
21141,pool:gen_008,dqn,1,1.8316,-1.9182,64,2026-06-07T22:02:32
21142,dqn,heuristic,1,1.8687,-1.6212,64,2026-06-07T22:02:34
21143,self,dqn,1,1.8316,-2.0296,64,2026-06-07T22:02:36
21144,dqn,pool:gen_007,1,1.6954,-1.8687,64,2026-06-07T22:02:38
21145,pool:gen_009,dqn,1,1.7202,-1.9925,64,2026-06-07T22:02:40
21146,dqn,self,1,1.3860,-1.6212,64,2026-06-07T22:02:42
21147,self,dqn,1,1.9924,-2.1657,64,2026-06-07T22:02:44
21148,dqn,self,1,1.9058,-1.6583,64,2026-06-07T22:02:47
21149,pool:gen_008,dqn,1,1.7697,-1.6831,64,2026-06-07T22:02:49
21150,dqn,self,1,1.7573,-1.8068,64,2026-06-07T22:02:51
21151,pool:gen_008,dqn,1,2.0172,-1.8068,64,2026-06-07T22:02:53
21152,dqn,self,2,-0.6435,2.5123,64,2026-06-07T22:02:56
21153,self,dqn,1,1.9182,-1.7944,64,2026-06-07T22:02:58
21154,dqn,pool:gen_007,1,1.7821,-1.7821,64,2026-06-07T22:03:00
21155,pool:gen_009,dqn,2,-0.4826,2.4875,64,2026-06-07T22:03:02
21156,dqn,pool:gen_007,1,1.8439,-1.9058,64,2026-06-07T22:03:04
21157,self,dqn,2,-1.1632,2.8835,64,2026-06-07T22:03:06
21158,dqn,self,1,1.6831,-1.8439,64,2026-06-07T22:03:08
21159,pool:gen_007,dqn,1,1.4727,-1.6459,64,2026-06-07T22:03:11
21160,dqn,heuristic,1,1.5964,-1.4479,64,2026-06-07T22:03:13
21161,self,dqn,1,2.1286,-1.9553,64,2026-06-07T22:03:15
21162,dqn,pool:gen_006,2,-0.6187,2.4256,64,2026-06-07T22:03:17
21163,pool:gen_005,dqn,1,1.8316,-1.8439,64,2026-06-07T22:03:19
21164,dqn,self,1,1.6707,-2.0048,64,2026-06-07T22:03:21
21165,self,dqn,1,2.0667,-1.7202,64,2026-06-07T22:03:23
21166,dqn,pool:gen_008,2,-0.7672,2.5741,64,2026-06-07T22:03:25
21167,pool:gen_005,dqn,1,1.9677,-1.8563,64,2026-06-07T22:03:28
21168,dqn,pool:gen_008,2,-0.8538,2.6360,64,2026-06-07T22:03:30
21169,self,dqn,1,1.6831,-1.6583,64,2026-06-07T22:03:32
21170,dqn,self,2,-0.6435,2.4751,64,2026-06-07T22:03:34
21171,self,dqn,1,1.7326,-1.6088,64,2026-06-07T22:03:36
21172,dqn,pool:gen_006,2,-0.5816,2.3885,64,2026-06-07T22:03:38
21173,self,dqn,2,-0.2969,2.5618,64,2026-06-07T22:03:40
21174,dqn,pool:gen_005,2,-0.6930,2.6484,64,2026-06-07T22:03:43
21175,self,dqn,2,-0.9033,3.1063,64,2026-06-07T22:03:45
21176,dqn,self,1,2.2771,-2.2152,64,2026-06-07T22:03:47
21177,self,dqn,1,2.2152,-2.1286,64,2026-06-07T22:03:49
21178,dqn,pool:gen_008,2,-0.7796,2.6732,64,2026-06-07T22:03:52
21179,self,dqn,2,-0.7053,2.5246,64,2026-06-07T22:03:54
21180,dqn,self,2,-1.0271,3.0939,64,2026-06-07T22:03:56
21181,pool:gen_006,dqn,1,1.7078,-1.9306,64,2026-06-07T22:03:58
21182,dqn,self,1,1.5717,-1.9182,64,2026-06-07T22:04:00
21183,pool:gen_009,dqn,1,2.1410,-1.9801,64,2026-06-07T22:04:02
21184,dqn,self,2,-0.7920,2.4751,64,2026-06-07T22:04:04
21185,self,dqn,1,1.5469,-1.8687,64,2026-06-07T22:04:07
21186,dqn,self,1,2.1038,-2.1286,64,2026-06-07T22:04:09
21187,self,dqn,1,2.3390,-1.6335,64,2026-06-07T22:04:11
21188,dqn,pool:gen_005,2,-0.6311,2.6360,64,2026-06-07T22:04:13
21189,self,dqn,1,1.8192,-2.0048,64,2026-06-07T22:04:15
21190,dqn,pool:gen_005,2,-0.6311,2.6360,64,2026-06-07T22:04:17
21191,pool:gen_008,dqn,1,1.5222,-1.7078,64,2026-06-07T22:04:20
21192,dqn,self,1,1.7326,-1.5717,64,2026-06-07T22:04:22
21193,pool:gen_007,dqn,2,-0.6187,2.7598,64,2026-06-07T22:04:24
21194,dqn,self,1,2.0419,-2.0419,64,2026-06-07T22:04:26
21195,pool:gen_008,dqn,1,1.7821,-1.4850,64,2026-06-07T22:04:28
21196,dqn,pool:gen_009,2,-0.7301,3.1311,64,2026-06-07T22:04:31
21197,self,dqn,2,-0.6558,2.6484,64,2026-06-07T22:04:33
21198,dqn,self,1,2.1162,-1.5964,64,2026-06-07T22:04:35
21199,pool:gen_009,dqn,1,2.4008,-2.0914,64,2026-06-07T22:04:37
21200,dqn,self,2,-0.5568,2.6732,64,2026-06-07T22:04:39
21201,pool:gen_005,dqn,1,1.5717,-1.5469,64,2026-06-07T22:17:13
21202,dqn,self,2,-0.8291,2.4751,64,2026-06-07T22:17:15
21203,pool:gen_008,dqn,1,1.8068,-1.7573,64,2026-06-07T22:17:18
21204,dqn,pool:gen_007,1,1.9925,-1.7202,64,2026-06-07T22:17:20
21205,self,dqn,1,1.6459,-1.6954,64,2026-06-07T22:17:22
21206,dqn,self,2,-0.6930,2.5370,64,2026-06-07T22:17:24
21207,pool:gen_005,dqn,1,1.7078,-1.7821,64,2026-06-07T22:17:26
21208,dqn,pool:gen_009,2,-1.0766,3.3414,64,2026-06-07T22:17:28
21209,pool:gen_009,dqn,1,2.4751,-2.2028,64,2026-06-07T22:17:31
21210,dqn,pool:gen_008,2,-0.6187,2.5370,64,2026-06-07T22:17:33
21211,self,dqn,1,1.6336,-1.6336,64,2026-06-07T22:17:35
21212,dqn,pool:gen_009,1,1.9677,-1.7078,64,2026-06-07T22:17:37
21213,self,dqn,2,-0.6806,2.2524,64,2026-06-07T22:17:39
21214,dqn,self,1,1.5345,-1.9182,64,2026-06-07T22:17:42
21215,pool:gen_008,dqn,2,-0.6063,2.6608,64,2026-06-07T22:17:44
21216,dqn,self,2,-0.7796,2.6732,64,2026-06-07T22:17:46
21217,self,dqn,1,1.5964,-1.8192,64,2026-06-07T22:17:48
21218,dqn,pool:gen_006,1,1.6459,-1.7697,64,2026-06-07T22:17:51
21219,self,dqn,1,2.2647,-2.0048,64,2026-06-07T22:17:53
21220,dqn,pool:gen_005,2,-0.5939,2.7474,64,2026-06-07T22:17:55
21221,pool:gen_008,dqn,2,-0.4949,2.5494,64,2026-06-07T22:17:57
21222,dqn,pool:gen_008,1,1.8934,-2.0419,64,2026-06-07T22:17:59
21223,pool:gen_009,dqn,1,2.4380,-2.2771,64,2026-06-07T22:18:01
21224,dqn,random,1,2.4132,-2.1533,64,2026-06-07T22:18:03
21225,pool:gen_005,dqn,1,1.8316,-1.5840,64,2026-06-07T22:18:06
21226,dqn,pool:gen_006,1,1.7449,-1.8192,64,2026-06-07T22:18:08
21227,random,dqn,2,-1.1880,3.1929,64,2026-06-07T22:18:10
21228,dqn,pool:gen_006,2,-0.5816,2.4628,64,2026-06-07T22:18:12
21229,self,dqn,1,1.7573,-1.5840,64,2026-06-07T22:18:14
21230,dqn,self,1,1.4850,-1.9677,64,2026-06-07T22:18:16
21231,pool:gen_005,dqn,1,1.8934,-1.6335,64,2026-06-07T22:18:18
21232,dqn,pool:gen_009,2,-0.3959,2.7227,64,2026-06-07T22:18:21
21233,pool:gen_007,dqn,2,-0.6063,2.5865,64,2026-06-07T22:18:23
21234,dqn,heuristic,1,2.7474,-2.0048,64,2026-06-07T22:18:25
21235,self,dqn,2,-0.3217,2.1286,64,2026-06-07T22:18:27
21236,dqn,self,2,-0.4331,2.3514,64,2026-06-07T22:18:29
21237,self,dqn,2,-0.3217,2.1658,64,2026-06-07T22:18:31
21238,dqn,heuristic,1,1.8811,-1.5345,64,2026-06-07T22:18:33
21239,heuristic,dqn,2,-0.4454,2.8588,64,2026-06-07T22:18:35
21240,dqn,self,2,-0.5568,2.3019,64,2026-06-07T22:18:37
21241,pool:gen_008,dqn,2,-0.7548,2.8093,64,2026-06-07T22:18:39
21242,dqn,self,2,-0.8662,2.7722,64,2026-06-07T22:18:41
21243,pool:gen_009,dqn,1,2.7102,-2.2647,64,2026-06-07T22:18:43
21244,dqn,pool:gen_005,2,-0.4702,2.6113,64,2026-06-07T22:18:46
21245,pool:gen_008,dqn,2,-0.4207,2.6979,64,2026-06-07T22:18:48
21246,dqn,self,1,1.9429,-1.8439,64,2026-06-07T22:18:50
21247,pool:gen_005,dqn,1,1.9429,-1.6954,64,2026-06-07T22:18:52
21248,dqn,self,1,2.2523,-2.3885,64,2026-06-07T22:18:55
21249,self,dqn,1,1.8068,-1.9429,64,2026-06-07T22:18:57
21250,dqn,self,1,1.8192,-2.0420,64,2026-06-07T22:18:59
21251,self,dqn,1,1.7449,-1.8563,64,2026-06-07T22:19:01
21252,dqn,self,1,1.9429,-1.6954,64,2026-06-07T22:19:03
21253,self,dqn,2,-0.4455,2.2276,64,2026-06-07T22:19:05
21254,dqn,self,1,2.1286,-2.0296,64,2026-06-07T22:19:08
21255,heuristic,dqn,2,-0.6063,3.1806,64,2026-06-07T22:19:09
21256,dqn,pool:gen_008,2,-0.5073,2.3143,64,2026-06-07T22:19:11
21257,pool:gen_008,dqn,1,1.8316,-1.9924,64,2026-06-07T22:19:13
21258,dqn,pool:gen_008,1,1.6212,-1.7202,64,2026-06-07T22:19:15
21259,pool:gen_007,dqn,2,-0.8167,2.8217,64,2026-06-07T22:19:17
21260,dqn,pool:gen_007,1,1.9677,-1.9306,64,2026-06-07T22:19:19
21261,self,dqn,2,-0.5816,2.5370,64,2026-06-07T22:19:21
21262,dqn,pool:gen_007,1,2.0543,-1.9182,64,2026-06-07T22:19:23
21263,self,dqn,1,1.9924,-2.1286,64,2026-06-07T22:19:24
21264,dqn,self,2,-0.4949,2.6608,64,2026-06-07T22:19:27
21265,random,dqn,2,-0.8291,2.7350,64,2026-06-07T22:19:28
21266,dqn,self,1,1.7944,-1.6583,64,2026-06-07T22:19:30
21267,self,dqn,1,1.8439,-1.9058,64,2026-06-07T22:19:32
21268,dqn,pool:gen_005,2,-0.7425,2.7845,64,2026-06-07T22:19:34
21269,pool:gen_007,dqn,2,-0.5568,2.5989,64,2026-06-07T22:19:36
21270,dqn,pool:gen_005,2,-0.6930,2.7598,64,2026-06-07T22:19:38
21271,self,dqn,1,1.5593,-1.8935,64,2026-06-07T22:19:40
21272,dqn,pool:gen_008,1,1.5346,-1.5469,64,2026-06-07T22:19:42
21273,pool:gen_009,dqn,1,1.8192,-1.9306,64,2026-06-07T22:19:44
21274,dqn,self,1,1.5840,-1.8316,64,2026-06-07T22:19:46
21275,self,dqn,1,1.5593,-1.8192,64,2026-06-07T22:19:47
21276,dqn,self,2,-0.3588,2.4257,64,2026-06-07T22:19:50
21277,heuristic,dqn,2,-0.8167,3.3043,64,2026-06-07T22:19:51
21278,dqn,pool:gen_009,2,-0.8167,2.5989,64,2026-06-07T22:19:53
21279,pool:gen_007,dqn,2,-0.7425,2.5989,64,2026-06-07T22:19:55
21280,dqn,self,1,1.6459,-1.7697,64,2026-06-07T22:19:57
21281,pool:gen_006,dqn,1,1.4727,-1.6459,64,2026-06-07T22:19:59
21282,dqn,self,1,1.9306,-1.9677,64,2026-06-07T22:20:01
21283,self,dqn,1,2.0791,-2.2276,64,2026-06-07T22:20:03
21284,dqn,self,2,-0.7672,2.4628,64,2026-06-07T22:20:05
21285,pool:gen_009,dqn,1,1.7573,-1.6954,64,2026-06-07T22:20:07
21286,dqn,pool:gen_008,2,-0.6187,2.4999,64,2026-06-07T22:20:09
21287,self,dqn,2,-0.5940,2.3019,64,2026-06-07T22:20:11
21288,dqn,pool:gen_009,1,1.6459,-1.6212,64,2026-06-07T22:20:13
21289,pool:gen_006,dqn,1,1.5717,-1.8811,64,2026-06-07T22:20:15
21290,dqn,self,1,2.0543,-1.9553,64,2026-06-07T22:20:17
21291,random,dqn,2,-0.8167,2.7103,64,2026-06-07T22:20:18
21292,dqn,self,1,2.3637,-2.2399,64,2026-06-07T22:20:21
21293,pool:gen_007,dqn,2,-0.5568,2.8217,64,2026-06-07T22:20:23
21294,dqn,pool:gen_005,2,-0.4331,2.5742,64,2026-06-07T22:20:24
21295,pool:gen_008,dqn,1,1.5841,-1.6459,64,2026-06-07T22:20:26
21296,dqn,self,2,-0.9652,2.4133,64,2026-06-07T22:20:28
21297,pool:gen_009,dqn,1,1.9553,-1.8316,64,2026-06-07T22:20:30
21298,dqn,self,1,1.8316,-2.1410,64,2026-06-07T22:20:32
21299,self,dqn,1,1.7326,-1.7573,64,2026-06-07T22:20:34
21300,dqn,random,2,-0.8291,2.3638,64,2026-06-07T22:20:36
21301,pool:gen_005,dqn,1,1.8316,-1.7697,64,2026-06-07T22:32:33
21302,dqn,self,1,1.9801,-1.6954,64,2026-06-07T22:32:35
21303,self,dqn,1,1.5964,-1.5964,64,2026-06-07T22:32:37
21304,dqn,self,1,1.5841,-1.6088,64,2026-06-07T22:32:39
21305,pool:gen_008,dqn,1,1.6336,-1.7821,64,2026-06-07T22:32:41
21306,dqn,self,1,1.8563,-1.8192,64,2026-06-07T22:32:43
21307,pool:gen_007,dqn,1,1.5964,-1.4479,64,2026-06-07T22:32:45
21308,dqn,self,2,-0.7672,2.4628,64,2026-06-07T22:32:47
21309,self,dqn,2,-0.4826,2.5618,64,2026-06-07T22:32:49
21310,dqn,pool:gen_005,2,-0.3959,2.6113,64,2026-06-07T22:32:50
21311,self,dqn,2,-0.5321,2.4380,64,2026-06-07T22:32:53
21312,dqn,self,1,2.1038,-2.2400,64,2026-06-07T22:32:54
21313,self,dqn,1,1.5469,-1.6831,64,2026-06-07T22:32:56
21314,dqn,self,1,1.3489,-1.6583,64,2026-06-07T22:32:58
21315,pool:gen_008,dqn,1,1.7449,-1.6707,64,2026-06-07T22:33:00
21316,dqn,heuristic,1,1.8563,-1.1880,64,2026-06-07T22:33:02
21317,self,dqn,2,-0.7672,2.5370,64,2026-06-07T22:33:04
21318,dqn,pool:gen_005,2,-0.3464,2.5494,64,2026-06-07T22:33:06
21319,self,dqn,2,-0.7425,2.6360,64,2026-06-07T22:33:08
21320,dqn,self,2,-0.6187,2.6855,64,2026-06-07T22:33:10
21321,self,dqn,2,-0.5568,2.4133,64,2026-06-07T22:33:12
21322,dqn,pool:gen_007,1,1.8068,-1.6088,64,2026-06-07T22:33:14
21323,pool:gen_006,dqn,1,1.6583,-1.7202,64,2026-06-07T22:33:16
21324,dqn,pool:gen_007,2,-0.4702,2.6855,64,2026-06-07T22:33:18
21325,pool:gen_009,dqn,1,1.7449,-1.6336,64,2026-06-07T22:33:19
21326,dqn,self,2,-0.5073,2.4999,64,2026-06-07T22:33:21
21327,self,dqn,1,1.6831,-1.4727,64,2026-06-07T22:33:24
21328,dqn,self,2,-0.3836,2.7350,64,2026-06-07T22:33:26
21329,pool:gen_008,dqn,1,1.7944,-1.9553,64,2026-06-07T22:33:28
21330,dqn,self,1,1.7944,-1.9553,64,2026-06-07T22:33:29
21331,self,dqn,1,1.4355,-1.8316,64,2026-06-07T22:33:32
21332,dqn,pool:gen_009,2,-0.4578,2.5494,64,2026-06-07T22:33:34
21333,pool:gen_005,dqn,1,1.9924,-2.0914,64,2026-06-07T22:33:35
21334,dqn,self,2,-0.3959,2.4628,64,2026-06-07T22:33:37
21335,pool:gen_007,dqn,1,1.8192,-1.7078,64,2026-06-07T22:33:39
21336,dqn,self,2,-0.9157,2.6484,64,2026-06-07T22:33:41
21337,pool:gen_006,dqn,1,1.7202,-1.6954,64,2026-06-07T22:33:43
21338,dqn,pool:gen_007,1,1.7078,-1.5593,64,2026-06-07T22:33:44
21339,random,dqn,2,-0.6435,2.5494,64,2026-06-07T22:33:46
21340,dqn,pool:gen_007,1,1.7078,-1.5593,64,2026-06-07T22:33:49
21341,pool:gen_007,dqn,1,1.6336,-1.7449,64,2026-06-07T22:33:50
21342,dqn,pool:gen_005,2,-0.5321,2.6237,64,2026-06-07T22:33:52
21343,self,dqn,1,1.9677,-2.0048,64,2026-06-07T22:33:55
21344,dqn,pool:gen_005,2,-0.5321,2.6237,64,2026-06-07T22:33:56
21345,pool:gen_005,dqn,1,1.8316,-1.6954,64,2026-06-07T22:33:58
21346,dqn,pool:gen_005,2,-0.2969,2.4875,64,2026-06-07T22:34:00
21347,self,dqn,2,-0.5692,2.6237,64,2026-06-07T22:34:02
21348,dqn,pool:gen_009,2,-0.9528,3.2053,64,2026-06-07T22:34:04
21349,pool:gen_006,dqn,1,1.8811,-1.9429,64,2026-06-07T22:34:06
21350,dqn,pool:gen_009,2,-0.5816,2.5370,64,2026-06-07T22:34:08
21351,self,dqn,2,-0.6063,2.4380,64,2026-06-07T22:34:10
21352,dqn,pool:gen_007,1,1.8935,-1.4850,64,2026-06-07T22:34:12
21353,self,dqn,1,1.8687,-1.9553,64,2026-06-07T22:34:14
21354,dqn,self,1,2.0419,-2.2276,64,2026-06-07T22:34:16
21355,self,dqn,2,-0.6187,2.4256,64,2026-06-07T22:34:18
21356,dqn,self,1,1.5098,-1.7573,64,2026-06-07T22:34:20
21357,self,dqn,1,1.6583,-1.7944,64,2026-06-07T22:34:22
21358,dqn,self,2,-0.6930,2.4999,64,2026-06-07T22:34:24
21359,pool:gen_005,dqn,1,1.9058,-1.7326,64,2026-06-07T22:34:26
21360,dqn,self,1,1.5345,-1.7326,64,2026-06-07T22:34:28
21361,heuristic,dqn,2,-0.2722,2.8836,64,2026-06-07T22:34:30
21362,dqn,self,2,-0.7672,2.7598,64,2026-06-07T22:34:32
21363,pool:gen_005,dqn,1,2.5246,-2.0419,64,2026-06-07T22:34:34
21364,dqn,pool:gen_007,2,-0.5940,2.5618,64,2026-06-07T22:34:35
21365,self,dqn,1,1.8192,-1.7078,64,2026-06-07T22:34:37
21366,dqn,self,2,-0.5197,2.3761,64,2026-06-07T22:34:39
21367,self,dqn,1,1.8563,-1.7449,64,2026-06-07T22:34:41
21368,dqn,pool:gen_007,1,1.6212,-1.5345,64,2026-06-07T22:34:43
21369,self,dqn,2,-0.6558,2.8712,64,2026-06-07T22:34:45
21370,dqn,pool:gen_007,2,-0.4826,2.4875,64,2026-06-07T22:34:47
21371,random,dqn,2,-0.3959,2.4999,64,2026-06-07T22:34:49
21372,dqn,pool:gen_007,2,-0.3341,2.5618,64,2026-06-07T22:34:51
21373,self,dqn,1,2.9454,-2.4751,64,2026-06-07T22:34:53
21374,dqn,heuristic,2,-0.6558,2.9454,64,2026-06-07T22:34:54
21375,self,dqn,1,1.7449,-2.0420,64,2026-06-07T22:34:56
21376,dqn,pool:gen_005,2,-0.5321,2.6237,64,2026-06-07T22:34:58
21377,heuristic,dqn,2,-0.6063,2.9207,64,2026-06-07T22:35:00
21378,dqn,pool:gen_005,2,-0.5816,2.6484,64,2026-06-07T22:35:02
21379,pool:gen_007,dqn,2,-0.6930,2.6484,64,2026-06-07T22:35:04
21380,dqn,pool:gen_005,2,-0.7919,3.1806,64,2026-06-07T22:35:06
21381,self,dqn,2,-0.7920,2.5494,64,2026-06-07T22:35:08
21382,dqn,pool:gen_008,2,-0.6063,2.4751,64,2026-06-07T22:35:09
21383,pool:gen_006,dqn,1,1.8068,-1.8316,64,2026-06-07T22:35:12
21384,dqn,pool:gen_009,2,-0.7177,2.8093,64,2026-06-07T22:35:13
21385,self,dqn,2,-0.5568,2.3019,64,2026-06-07T22:35:15
21386,dqn,heuristic,1,1.8439,-1.4974,64,2026-06-07T22:35:17
21387,self,dqn,1,1.6088,-1.7326,64,2026-06-07T22:35:19
21388,dqn,pool:gen_005,2,-0.7301,3.0197,64,2026-06-07T22:35:21
21389,self,dqn,1,1.7944,-1.6954,64,2026-06-07T22:35:23
21390,dqn,self,1,1.6088,-1.6212,64,2026-06-07T22:35:25
21391,self,dqn,1,1.7202,-1.6954,64,2026-06-07T22:35:27
21392,dqn,self,2,-0.7548,2.3638,64,2026-06-07T22:35:29
21393,pool:gen_007,dqn,1,1.4974,-1.7697,64,2026-06-07T22:35:31
21394,dqn,self,1,1.7202,-1.9925,64,2026-06-07T22:35:33
21395,pool:gen_008,dqn,1,1.9924,-1.8316,64,2026-06-07T22:35:35
21396,dqn,pool:gen_007,2,-0.6806,2.4380,64,2026-06-07T22:35:37
21397,random,dqn,1,1.5469,-1.6459,64,2026-06-07T22:35:39
21398,dqn,self,2,-1.1509,2.9330,64,2026-06-07T22:35:41
21399,pool:gen_006,dqn,1,1.4850,-1.7449,64,2026-06-07T22:35:43
21400,dqn,self,2,-0.9157,2.4256,64,2026-06-07T22:35:45
21401,self,dqn,2,-0.7548,2.5865,64,2026-06-07T22:47:40
21402,dqn,pool:gen_006,2,-0.9033,2.6608,64,2026-06-07T22:47:41
21403,pool:gen_007,dqn,1,1.7697,-1.8316,64,2026-06-07T22:47:43
21404,dqn,self,1,2.0667,-1.9801,64,2026-06-07T22:47:45
21405,pool:gen_005,dqn,2,-0.3836,2.1410,64,2026-06-07T22:47:47
21406,dqn,self,1,1.5469,-1.7944,64,2026-06-07T22:47:49
21407,self,dqn,1,1.6088,-1.8811,64,2026-06-07T22:47:51
21408,dqn,pool:gen_007,1,1.4727,-1.6459,64,2026-06-07T22:47:53
21409,pool:gen_005,dqn,2,-0.6930,2.5741,64,2026-06-07T22:47:55
21410,dqn,random,2,-0.6558,2.3514,64,2026-06-07T22:47:57
21411,self,dqn,1,1.9182,-1.9801,64,2026-06-07T22:47:58
21412,dqn,self,1,2.0543,-2.0667,64,2026-06-07T22:48:00
21413,pool:gen_006,dqn,1,1.8316,-1.9182,64,2026-06-07T22:48:02
21414,dqn,self,1,2.0667,-1.9801,64,2026-06-07T22:48:04
21415,random,dqn,2,-0.9157,3.3538,64,2026-06-07T22:48:06
21416,dqn,random,1,1.8192,-1.9306,64,2026-06-07T22:48:08
21417,self,dqn,2,-0.2598,2.3019,64,2026-06-07T22:48:10
21418,dqn,pool:gen_009,2,-0.6929,2.9454,64,2026-06-07T22:48:12
21419,pool:gen_005,dqn,1,1.6459,-1.7697,64,2026-06-07T22:48:14
21420,dqn,random,1,1.7697,-1.8316,64,2026-06-07T22:48:16
21421,self,dqn,1,1.3860,-1.6954,64,2026-06-07T22:48:18
21422,dqn,pool:gen_008,2,-0.8910,2.8588,64,2026-06-07T22:48:20
21423,self,dqn,1,1.8316,-1.9182,64,2026-06-07T22:48:22
21424,dqn,pool:gen_006,2,-0.8662,2.6979,64,2026-06-07T22:48:24
21425,pool:gen_005,dqn,1,2.2152,-2.2400,64,2026-06-07T22:48:26
21426,dqn,self,1,1.7573,-1.9182,64,2026-06-07T22:48:28
21427,pool:gen_009,dqn,1,2.2523,-2.2399,64,2026-06-07T22:48:30
21428,dqn,self,2,-0.6806,2.4009,64,2026-06-07T22:48:31
21429,self,dqn,2,-0.5445,2.4628,64,2026-06-07T22:48:34
21430,dqn,pool:gen_005,2,-0.4949,2.6237,64,2026-06-07T22:48:35
21431,self,dqn,1,1.4232,-1.6954,64,2026-06-07T22:48:37
21432,dqn,self,1,1.7326,-1.8316,64,2026-06-07T22:48:39
21433,pool:gen_007,dqn,1,1.7697,-1.8316,64,2026-06-07T22:48:41
21434,dqn,pool:gen_008,2,-0.7796,2.6360,64,2026-06-07T22:48:43
21435,self,dqn,2,-0.4949,2.8093,64,2026-06-07T22:48:45
21436,dqn,pool:gen_009,2,-1.2870,3.1682,64,2026-06-07T22:48:47
21437,self,dqn,2,-0.6063,2.4009,64,2026-06-07T22:48:49
21438,dqn,pool:gen_008,1,1.6088,-1.6954,64,2026-06-07T22:48:51
21439,self,dqn,1,1.8068,-1.9801,64,2026-06-07T22:48:53
21440,dqn,self,1,1.4850,-1.5593,64,2026-06-07T22:48:55
21441,self,dqn,2,-0.6063,2.2524,64,2026-06-07T22:48:57
21442,dqn,random,1,1.9182,-1.9058,64,2026-06-07T22:48:59
21443,pool:gen_007,dqn,2,-0.5940,2.3019,64,2026-06-07T22:49:00
21444,dqn,self,1,1.8192,-1.8934,64,2026-06-07T22:49:02
21445,self,dqn,2,-0.7053,2.8588,64,2026-06-07T22:49:05
21446,dqn,self,1,1.4479,-1.7449,64,2026-06-07T22:49:07
21447,pool:gen_009,dqn,1,2.4008,-2.3513,64,2026-06-07T22:49:08
21448,dqn,pool:gen_007,1,1.5593,-1.7821,64,2026-06-07T22:49:10
21449,self,dqn,2,-0.6187,2.6113,64,2026-06-07T22:49:13
21450,dqn,pool:gen_007,2,-0.8043,2.6113,64,2026-06-07T22:49:14
21451,self,dqn,2,-0.8786,2.7598,64,2026-06-07T22:49:16
21452,dqn,random,2,-0.8167,2.5618,64,2026-06-07T22:49:18
21453,pool:gen_009,dqn,1,1.7449,-1.9306,64,2026-06-07T22:49:20
21454,dqn,self,2,-1.0271,2.6113,64,2026-06-07T22:49:22
21455,pool:gen_005,dqn,1,2.1286,-2.0296,64,2026-06-07T22:49:24
21456,dqn,pool:gen_009,2,-1.0395,2.9702,64,2026-06-07T22:49:26
21457,self,dqn,1,1.9182,-2.0543,64,2026-06-07T22:49:28
21458,dqn,pool:gen_007,2,-0.8662,2.6236,64,2026-06-07T22:49:30
21459,pool:gen_007,dqn,1,1.5840,-1.7944,64,2026-06-07T22:49:31
21460,dqn,pool:gen_008,2,-0.9157,2.7598,64,2026-06-07T22:49:33
21461,self,dqn,1,1.4850,-1.8935,64,2026-06-07T22:49:35
21462,dqn,self,2,-0.7548,2.4751,64,2026-06-07T22:49:37
21463,self,dqn,1,1.7944,-1.9182,64,2026-06-07T22:49:39
21464,dqn,self,1,1.9924,-1.9058,64,2026-06-07T22:49:41
21465,pool:gen_006,dqn,1,1.9182,-1.9801,64,2026-06-07T22:49:43
21466,dqn,pool:gen_006,2,-0.8786,2.6113,64,2026-06-07T22:49:45
21467,self,dqn,1,2.1657,-2.2152,64,2026-06-07T22:49:47
21468,dqn,pool:gen_006,2,-0.8167,2.8217,64,2026-06-07T22:49:49
21469,self,dqn,2,-0.6311,2.5618,64,2026-06-07T22:49:51
21470,dqn,self,1,1.6336,-1.6707,64,2026-06-07T22:49:53
21471,pool:gen_007,dqn,1,1.6583,-1.9058,64,2026-06-07T22:49:55
21472,dqn,self,2,-0.6311,2.5989,64,2026-06-07T22:49:57
21473,self,dqn,2,-0.8167,2.7845,64,2026-06-07T22:49:59
21474,dqn,self,2,-0.5073,2.3885,64,2026-06-07T22:50:01
21475,pool:gen_008,dqn,1,1.9429,-1.8811,64,2026-06-07T22:50:03
21476,dqn,self,2,-0.8538,2.4875,64,2026-06-07T22:50:05
21477,self,dqn,2,-1.1013,2.9825,64,2026-06-07T22:50:07
21478,dqn,self,2,-0.4578,2.5123,64,2026-06-07T22:50:09
21479,self,dqn,2,-0.7548,2.4380,64,2026-06-07T22:50:11
21480,dqn,pool:gen_006,2,-0.7425,2.7845,64,2026-06-07T22:50:13
21481,pool:gen_009,dqn,1,2.3637,-2.2399,64,2026-06-07T22:50:15
21482,dqn,self,1,1.5964,-2.0048,64,2026-06-07T22:50:17
21483,heuristic,dqn,2,-0.5321,2.9949,64,2026-06-07T22:50:18
21484,dqn,self,2,-0.7672,2.4628,64,2026-06-07T22:50:20
21485,pool:gen_006,dqn,1,1.9429,-1.9182,64,2026-06-07T22:50:22
21486,dqn,pool:gen_008,2,-0.8291,2.6236,64,2026-06-07T22:50:24
21487,pool:gen_006,dqn,1,2.0419,-2.0048,64,2026-06-07T22:50:26
21488,dqn,pool:gen_009,1,1.5345,-1.6583,64,2026-06-07T22:50:28
21489,pool:gen_007,dqn,1,1.6459,-1.6954,64,2026-06-07T22:50:30
21490,dqn,self,2,-0.6558,2.6113,64,2026-06-07T22:50:32
21491,pool:gen_009,dqn,1,1.9801,-1.9924,64,2026-06-07T22:50:34
21492,dqn,pool:gen_008,1,1.4479,-1.6707,64,2026-06-07T22:50:36
21493,self,dqn,2,-0.6682,2.5989,64,2026-06-07T22:50:38
21494,dqn,self,2,-0.7301,2.3143,64,2026-06-07T22:50:40
21495,pool:gen_007,dqn,1,1.5964,-1.7449,64,2026-06-07T22:50:42
21496,dqn,self,2,-1.0766,2.7474,64,2026-06-07T22:50:44
21497,pool:gen_006,dqn,1,1.6459,-1.6583,64,2026-06-07T22:50:46
21498,dqn,self,1,1.3489,-1.6954,64,2026-06-07T22:50:48
21499,self,dqn,2,-0.9529,2.3885,64,2026-06-07T22:50:50
21500,dqn,self,1,1.5964,-1.9306,64,2026-06-07T22:50:52
21501,self,dqn,2,-0.7425,2.6360,64,2026-06-07T23:02:55
21502,dqn,pool:gen_009,2,-0.7301,2.6113,64,2026-06-07T23:02:57
21503,pool:gen_006,dqn,1,1.7944,-2.0296,64,2026-06-07T23:02:59
21504,dqn,self,2,-0.5568,2.3390,64,2026-06-07T23:03:01
21505,pool:gen_009,dqn,1,1.8439,-1.8316,64,2026-06-07T23:03:03
21506,dqn,pool:gen_009,2,-0.7425,2.6360,64,2026-06-07T23:03:05
21507,random,dqn,2,-1.0890,3.1806,64,2026-06-07T23:03:07
21508,dqn,self,2,-0.6311,2.3390,64,2026-06-07T23:03:09
21509,pool:gen_008,dqn,1,1.3860,-1.6954,64,2026-06-07T23:03:10
21510,dqn,pool:gen_008,1,1.4355,-1.7573,64,2026-06-07T23:03:12
21511,pool:gen_007,dqn,1,1.6954,-1.7573,64,2026-06-07T23:03:14
21512,dqn,self,2,-0.8043,2.7227,64,2026-06-07T23:03:16
21513,self,dqn,1,1.5964,-2.0791,64,2026-06-07T23:03:18
21514,dqn,pool:gen_007,2,-0.8415,2.4628,64,2026-06-07T23:03:20
21515,pool:gen_006,dqn,1,1.6459,-1.6583,64,2026-06-07T23:03:22
21516,dqn,pool:gen_005,2,-1.0642,3.1682,64,2026-06-07T23:03:24
21517,self,dqn,2,-0.7425,2.6732,64,2026-06-07T23:03:26
21518,dqn,heuristic,1,2.0420,-1.1509,64,2026-06-07T23:03:28
21519,self,dqn,2,-1.0271,3.0197,64,2026-06-07T23:03:30
21520,dqn,self,1,1.9429,-1.9924,64,2026-06-07T23:03:32
21521,pool:gen_009,dqn,1,1.8811,-1.8687,64,2026-06-07T23:03:34
21522,dqn,pool:gen_005,2,-0.8043,2.7598,64,2026-06-07T23:03:36
21523,random,dqn,2,-0.7301,2.7598,64,2026-06-07T23:03:38
21524,dqn,pool:gen_009,2,-0.8786,2.7598,64,2026-06-07T23:03:39
21525,pool:gen_005,dqn,1,2.0172,-2.1038,64,2026-06-07T23:03:41
21526,dqn,pool:gen_007,2,-0.5940,2.4504,64,2026-06-07T23:03:43
21527,pool:gen_006,dqn,1,2.1410,-2.0543,64,2026-06-07T23:03:45
21528,dqn,pool:gen_006,2,-1.1013,3.0939,64,2026-06-07T23:03:47
21529,self,dqn,1,2.1905,-1.8934,64,2026-06-07T23:03:49
21530,dqn,self,2,-0.9900,2.8340,64,2026-06-07T23:03:51
21531,self,dqn,2,-0.4455,2.3761,64,2026-06-07T23:03:53
21532,dqn,self,1,1.6707,-2.0048,64,2026-06-07T23:03:55
21533,heuristic,dqn,2,-0.1113,3.1187,64,2026-06-07T23:03:57
21534,dqn,pool:gen_005,2,-1.0642,3.1311,64,2026-06-07T23:03:59
21535,self,dqn,1,1.7078,-1.5222,64,2026-06-07T23:04:01
21536,dqn,pool:gen_007,2,-0.6806,2.5494,64,2026-06-07T23:04:03
21537,self,dqn,1,1.7078,-1.5593,64,2026-06-07T23:04:05
21538,dqn,pool:gen_009,2,-0.8415,2.7598,64,2026-06-07T23:04:07
21539,self,dqn,2,-0.5568,2.3019,64,2026-06-07T23:04:08
21540,dqn,random,1,2.6731,-2.5246,64,2026-06-07T23:04:10
21541,self,dqn,1,2.3266,-2.3513,64,2026-06-07T23:04:12
21542,dqn,self,1,1.5345,-1.8068,64,2026-06-07T23:04:14
21543,self,dqn,2,-1.0642,2.8712,64,2026-06-07T23:04:16
21544,dqn,pool:gen_009,2,-0.9405,2.8835,64,2026-06-07T23:04:18
21545,self,dqn,2,-1.1014,2.9083,64,2026-06-07T23:04:20
21546,dqn,pool:gen_008,2,-0.8415,2.6113,64,2026-06-07T23:04:22
21547,pool:gen_009,dqn,1,2.0419,-2.0419,64,2026-06-07T23:04:24
21548,dqn,heuristic,2,-0.5816,3.2053,64,2026-06-07T23:04:25
21549,pool:gen_007,dqn,1,1.7449,-1.7449,64,2026-06-07T23:04:28
21550,dqn,self,2,-0.6187,2.3514,64,2026-06-07T23:04:30
21551,self,dqn,2,-0.6930,2.7969,64,2026-06-07T23:04:32
21552,dqn,pool:gen_007,1,1.5717,-1.7697,64,2026-06-07T23:04:33
21553,pool:gen_007,dqn,2,-0.6682,2.3390,64,2026-06-07T23:04:35
21554,dqn,pool:gen_009,2,-0.5940,2.5618,64,2026-06-07T23:04:37
21555,heuristic,dqn,2,-0.1732,2.9454,64,2026-06-07T23:04:39
21556,dqn,random,1,1.8934,-2.0419,64,2026-06-07T23:04:41
21557,self,dqn,1,1.7326,-1.9058,64,2026-06-07T23:04:43
21558,dqn,self,2,-0.7053,2.4133,64,2026-06-07T23:04:45
21559,pool:gen_006,dqn,1,2.1905,-2.0419,64,2026-06-07T23:04:47
21560,dqn,pool:gen_009,2,-1.1508,3.0815,64,2026-06-07T23:04:49
21561,self,dqn,2,-0.6063,2.5494,64,2026-06-07T23:04:51
21562,dqn,self,1,1.8316,-2.1038,64,2026-06-07T23:04:53
21563,pool:gen_005,dqn,1,3.0444,-2.3389,64,2026-06-07T23:04:55
21564,dqn,pool:gen_006,2,-0.9528,2.9825,64,2026-06-07T23:04:56
21565,heuristic,dqn,2,-0.1484,3.0073,64,2026-06-07T23:04:58
21566,dqn,self,2,-0.8415,2.2771,64,2026-06-07T23:05:00
21567,pool:gen_007,dqn,1,1.7573,-1.9182,64,2026-06-07T23:05:02
21568,dqn,self,2,-0.7425,2.5246,64,2026-06-07T23:05:04
21569,self,dqn,2,-0.6806,2.4751,64,2026-06-07T23:05:06
21570,dqn,pool:gen_005,2,-0.7796,3.1187,64,2026-06-07T23:05:07
21571,pool:gen_006,dqn,1,2.1038,-1.9801,64,2026-06-07T23:05:09
21572,dqn,self,2,-0.7548,2.7722,64,2026-06-07T23:05:11
21573,self,dqn,2,-0.6311,2.4504,64,2026-06-07T23:05:13
21574,dqn,pool:gen_005,2,-1.0890,3.3291,64,2026-06-07T23:05:15
21575,pool:gen_005,dqn,1,2.4132,-2.2276,64,2026-06-07T23:05:17
21576,dqn,pool:gen_005,2,-0.9652,3.2301,64,2026-06-07T23:05:19
21577,heuristic,dqn,2,-0.0123,3.1806,64,2026-06-07T23:05:21
21578,dqn,pool:gen_006,2,-0.7920,2.8464,64,2026-06-07T23:05:22
21579,self,dqn,2,-0.9157,2.9083,64,2026-06-07T23:05:25
21580,dqn,self,2,-0.2227,2.7103,64,2026-06-07T23:05:27
21581,self,dqn,1,1.4232,-1.7326,64,2026-06-07T23:05:28
21582,dqn,self,2,-0.6311,2.6360,64,2026-06-07T23:05:30
21583,self,dqn,1,1.7573,-1.6954,64,2026-06-07T23:05:33
21584,dqn,self,1,1.3365,-1.7821,64,2026-06-07T23:05:35
21585,pool:gen_008,dqn,1,1.9429,-2.1781,64,2026-06-07T23:05:37
21586,dqn,pool:gen_007,2,-0.6063,2.6979,64,2026-06-07T23:05:38
21587,self,dqn,2,-0.6187,2.4256,64,2026-06-07T23:05:40
21588,dqn,self,1,1.8068,-1.8316,64,2026-06-07T23:05:42
21589,pool:gen_008,dqn,1,1.9058,-1.9182,64,2026-06-07T23:05:44
21590,dqn,self,1,1.6459,-1.7326,64,2026-06-07T23:05:46
21591,self,dqn,1,1.9429,-2.0296,64,2026-06-07T23:05:48
21592,dqn,pool:gen_009,2,-0.9405,2.9949,64,2026-06-07T23:05:50
21593,self,dqn,2,-0.8662,2.5865,64,2026-06-07T23:05:52
21594,dqn,self,2,-0.5939,2.7474,64,2026-06-07T23:05:54
21595,self,dqn,2,-0.3588,2.7969,64,2026-06-07T23:05:56
21596,dqn,pool:gen_006,2,-0.6930,2.8340,64,2026-06-07T23:05:58
21597,heuristic,dqn,1,1.9182,-1.3118,64,2026-06-07T23:06:00
21598,dqn,self,2,-0.5816,2.2771,64,2026-06-07T23:06:02
21599,pool:gen_006,dqn,1,1.9677,-1.9677,64,2026-06-07T23:06:04
21600,dqn,pool:gen_005,2,-1.1508,3.5271,64,2026-06-07T23:06:06
21601,pool:gen_009,dqn,1,2.4380,-2.3885,64,2026-06-07T23:18:06
21602,dqn,pool:gen_007,2,-0.5445,2.5370,64,2026-06-07T23:18:08
21603,self,dqn,1,1.5222,-1.7821,64,2026-06-07T23:18:10
21604,dqn,random,1,1.4479,-1.8563,64,2026-06-07T23:18:12
21605,self,dqn,2,-0.9528,2.6855,64,2026-06-07T23:18:14
21606,dqn,pool:gen_007,2,-0.5940,2.5989,64,2026-06-07T23:18:16
21607,self,dqn,2,-1.1014,2.7598,64,2026-06-07T23:18:18
21608,dqn,self,2,-0.7548,2.3638,64,2026-06-07T23:18:20
21609,self,dqn,2,-1.4479,3.6384,64,2026-06-07T23:18:22
21610,dqn,pool:gen_005,2,-1.3117,3.7375,64,2026-06-07T23:18:24
21611,pool:gen_005,dqn,1,2.9701,-2.5246,64,2026-06-07T23:18:26
21612,dqn,self,1,1.5717,-1.8811,64,2026-06-07T23:18:28
21613,heuristic,dqn,2,-0.1608,2.9207,64,2026-06-07T23:18:30
21614,dqn,random,2,-1.0271,2.6855,64,2026-06-07T23:18:31
21615,pool:gen_008,dqn,1,1.8563,-1.9677,64,2026-06-07T23:18:34
21616,dqn,pool:gen_005,2,-1.3612,3.7993,64,2026-06-07T23:18:36
21617,pool:gen_008,dqn,1,1.5098,-1.9430,64,2026-06-07T23:18:38
21618,dqn,pool:gen_005,2,-1.2003,3.4404,64,2026-06-07T23:18:39
21619,self,dqn,1,2.0791,-2.3018,64,2026-06-07T23:18:42
21620,dqn,self,2,-0.9034,2.4751,64,2026-06-07T23:18:44
21621,self,dqn,2,-0.7796,2.8217,64,2026-06-07T23:18:46
21622,dqn,self,1,1.5717,-1.8068,64,2026-06-07T23:18:48
21623,self,dqn,1,1.8068,-2.0172,64,2026-06-07T23:18:49
21624,dqn,self,2,-0.7177,2.6979,64,2026-06-07T23:18:52
21625,pool:gen_009,dqn,1,2.4627,-2.4008,64,2026-06-07T23:18:54
21626,dqn,self,2,-0.9900,3.1311,64,2026-06-07T23:18:55
21627,pool:gen_007,dqn,1,1.7078,-1.6707,64,2026-06-07T23:18:57
21628,dqn,self,2,-1.0147,2.7722,64,2026-06-07T23:18:59
21629,pool:gen_008,dqn,1,1.6335,-1.8563,64,2026-06-07T23:19:01
21630,dqn,pool:gen_009,2,-1.1508,3.3786,64,2026-06-07T23:19:03
21631,pool:gen_005,dqn,1,2.6112,-2.4008,64,2026-06-07T23:19:05
21632,dqn,self,1,1.7326,-1.7202,64,2026-06-07T23:19:07
21633,pool:gen_009,dqn,1,2.2771,-2.2152,64,2026-06-07T23:19:09
21634,dqn,self,2,-0.9529,2.4628,64,2026-06-07T23:19:11
21635,pool:gen_008,dqn,1,1.5593,-1.8563,64,2026-06-07T23:19:13
21636,dqn,self,1,1.7326,-1.7944,64,2026-06-07T23:19:15
21637,heuristic,dqn,2,0.0496,3.2796,64,2026-06-07T23:19:17
21638,dqn,pool:gen_009,2,-0.9652,3.0444,64,2026-06-07T23:19:19
21639,self,dqn,1,1.8068,-1.7944,64,2026-06-07T23:19:20
21640,dqn,heuristic,2,0.0249,3.0321,64,2026-06-07T23:19:22
21641,pool:gen_006,dqn,1,1.8934,-1.9306,64,2026-06-07T23:19:24
21642,dqn,pool:gen_009,2,-0.6806,2.9207,64,2026-06-07T23:19:26
21643,self,dqn,2,-0.6435,2.6608,64,2026-06-07T23:19:28
21644,dqn,pool:gen_005,2,-0.8786,2.7969,64,2026-06-07T23:19:30
21645,pool:gen_007,dqn,1,1.6831,-1.4727,64,2026-06-07T23:19:32
21646,dqn,self,1,1.8192,-1.8192,64,2026-06-07T23:19:34
21647,self,dqn,1,1.4603,-1.6954,64,2026-06-07T23:19:36
21648,dqn,pool:gen_006,2,-0.6311,2.7103,64,2026-06-07T23:19:38
21649,self,dqn,1,2.3018,-2.0791,64,2026-06-07T23:19:40
21650,dqn,pool:gen_007,1,1.6336,-1.7449,64,2026-06-07T23:19:42
21651,self,dqn,1,1.7202,-2.1038,64,2026-06-07T23:19:43
21652,dqn,pool:gen_005,2,-1.0395,3.0073,64,2026-06-07T23:19:45
21653,self,dqn,2,-0.5445,2.3143,64,2026-06-07T23:19:47
21654,dqn,pool:gen_009,2,-0.8662,2.9949,64,2026-06-07T23:19:49
21655,pool:gen_009,dqn,1,2.4627,-2.2894,64,2026-06-07T23:19:51
21656,dqn,pool:gen_008,2,-0.6682,2.3019,64,2026-06-07T23:19:53
21657,self,dqn,1,1.6088,-1.7697,64,2026-06-07T23:19:55
21658,dqn,self,2,-0.5321,2.4751,64,2026-06-07T23:19:57
21659,pool:gen_005,dqn,1,2.4008,-2.2399,64,2026-06-07T23:19:59
21660,dqn,self,1,1.8316,-1.7326,64,2026-06-07T23:20:01
21661,self,dqn,2,-0.5816,2.9083,64,2026-06-07T23:20:03
21662,dqn,random,2,-0.8538,2.8217,64,2026-06-07T23:20:05
21663,self,dqn,2,-0.6682,2.3019,64,2026-06-07T23:20:07
21664,dqn,pool:gen_008,2,-1.4602,3.4404,64,2026-06-07T23:20:09
21665,random,dqn,2,-0.6311,2.1905,64,2026-06-07T23:20:10
21666,dqn,random,2,-1.1261,2.8835,64,2026-06-07T23:20:12
21667,pool:gen_005,dqn,1,2.3637,-2.1657,64,2026-06-07T23:20:14
21668,dqn,self,2,-0.5939,2.8588,64,2026-06-07T23:20:16
21669,self,dqn,2,-0.8043,2.4999,64,2026-06-07T23:20:18
21670,dqn,self,1,1.5222,-1.5964,64,2026-06-07T23:20:20
21671,pool:gen_007,dqn,1,1.6583,-1.7202,64,2026-06-07T23:20:22
21672,dqn,pool:gen_006,2,-1.0271,2.9825,64,2026-06-07T23:20:24
21673,pool:gen_005,dqn,1,2.8216,-2.3389,64,2026-06-07T23:20:26
21674,dqn,pool:gen_006,2,-1.0395,2.8959,64,2026-06-07T23:20:28
21675,self,dqn,2,-0.7548,2.7722,64,2026-06-07T23:20:30
21676,dqn,pool:gen_005,2,-1.1880,3.2301,64,2026-06-07T23:20:32
21677,pool:gen_007,dqn,1,1.9801,-2.1038,64,2026-06-07T23:20:34
21678,dqn,pool:gen_008,2,-0.9157,2.6484,64,2026-06-07T23:20:36
21679,pool:gen_005,dqn,1,2.5988,-2.2276,64,2026-06-07T23:20:38
21680,dqn,pool:gen_005,2,-1.1756,3.4281,64,2026-06-07T23:20:40
21681,self,dqn,1,1.6831,-1.6212,64,2026-06-07T23:20:42
21682,dqn,pool:gen_009,2,-1.1756,3.3538,64,2026-06-07T23:20:44
21683,self,dqn,1,2.3514,-1.6954,64,2026-06-07T23:20:46
21684,dqn,self,1,1.5345,-1.6583,64,2026-06-07T23:20:48
21685,self,dqn,1,1.6831,-1.5098,64,2026-06-07T23:20:50
21686,dqn,pool:gen_005,2,-0.8538,3.1929,64,2026-06-07T23:20:52
21687,random,dqn,2,-0.8291,3.1063,64,2026-06-07T23:20:53
21688,dqn,self,2,-0.8538,2.8588,64,2026-06-07T23:20:55
21689,self,dqn,2,-0.8291,2.5865,64,2026-06-07T23:20:58
21690,dqn,pool:gen_009,2,-1.1632,3.5147,64,2026-06-07T23:20:59
21691,self,dqn,1,1.5964,-1.8192,64,2026-06-07T23:21:01
21692,dqn,pool:gen_006,2,-0.4578,2.3266,64,2026-06-07T23:21:03
21693,pool:gen_005,dqn,1,2.8587,-2.4874,64,2026-06-07T23:21:05
21694,dqn,pool:gen_008,2,-0.9157,2.7598,64,2026-06-07T23:21:07
21695,pool:gen_008,dqn,1,1.7202,-1.9925,64,2026-06-07T23:21:09
21696,dqn,pool:gen_008,2,-1.0890,2.8093,64,2026-06-07T23:21:11
21697,pool:gen_008,dqn,1,2.0543,-2.0296,64,2026-06-07T23:21:13
21698,dqn,self,1,2.6112,-2.4380,64,2026-06-07T23:21:15
21699,self,dqn,1,2.0172,-1.9553,64,2026-06-07T23:21:17
21700,dqn,heuristic,1,2.6236,-1.7202,64,2026-06-07T23:21:19
21701,self,dqn,2,-0.4331,2.4256,64,2026-06-07T23:33:41
21702,dqn,pool:gen_007,2,-0.8291,2.5865,64,2026-06-07T23:33:43
21703,self,dqn,2,-0.5816,2.4628,64,2026-06-07T23:33:46
21704,dqn,pool:gen_007,2,-0.7920,2.5494,64,2026-06-07T23:33:48
21705,pool:gen_007,dqn,1,1.8439,-1.9801,64,2026-06-07T23:33:50
21706,dqn,self,1,1.8563,-1.9677,64,2026-06-07T23:33:53
21707,self,dqn,2,-0.5445,2.2771,64,2026-06-07T23:33:55
21708,dqn,random,2,-0.8291,2.4751,64,2026-06-07T23:33:58
21709,self,dqn,1,1.6459,-1.8811,64,2026-06-07T23:34:00
21710,dqn,self,2,-1.0395,2.7103,64,2026-06-07T23:34:03
21711,random,dqn,1,1.5469,-1.7573,64,2026-06-07T23:34:05
21712,dqn,pool:gen_005,2,-1.3241,3.8365,64,2026-06-07T23:34:08
21713,pool:gen_008,dqn,1,1.8934,-2.0419,64,2026-06-07T23:34:10
21714,dqn,heuristic,1,2.1410,-0.9405,64,2026-06-07T23:34:12
21715,self,dqn,2,-0.6435,2.5494,64,2026-06-07T23:34:15
21716,dqn,self,2,-0.8662,2.8093,64,2026-06-07T23:34:17
21717,self,dqn,1,1.5840,-1.7573,64,2026-06-07T23:34:19
21718,dqn,pool:gen_009,2,-1.3488,3.5518,64,2026-06-07T23:34:22
21719,pool:gen_009,dqn,1,2.0791,-1.9677,64,2026-06-07T23:34:24
21720,dqn,self,2,-0.5445,2.5370,64,2026-06-07T23:34:26
21721,pool:gen_007,dqn,1,1.7202,-1.8068,64,2026-06-07T23:34:29
21722,dqn,self,2,-0.6311,2.4133,64,2026-06-07T23:34:31
21723,self,dqn,2,-0.8415,2.2771,64,2026-06-07T23:34:34
21724,dqn,pool:gen_006,2,-0.8291,2.7350,64,2026-06-07T23:34:36
21725,pool:gen_005,dqn,1,3.0196,-2.4008,64,2026-06-07T23:34:38
21726,dqn,pool:gen_008,2,-1.0519,2.7722,64,2026-06-07T23:34:40
21727,self,dqn,1,1.6088,-1.8811,64,2026-06-07T23:34:43
21728,dqn,pool:gen_008,2,-0.9529,2.5741,64,2026-06-07T23:34:44
21729,pool:gen_009,dqn,1,3.0196,-2.2894,64,2026-06-07T23:34:46
21730,dqn,self,2,-0.5940,2.4875,64,2026-06-07T23:34:48
21731,self,dqn,2,-1.0766,2.7103,64,2026-06-07T23:34:50
21732,dqn,pool:gen_007,2,-0.5816,2.5742,64,2026-06-07T23:34:51
21733,self,dqn,1,1.8439,-1.7944,64,2026-06-07T23:34:53
21734,dqn,pool:gen_009,2,-1.1385,3.4652,64,2026-06-07T23:34:54
21735,pool:gen_006,dqn,1,2.1286,-2.1409,64,2026-06-07T23:34:56
21736,dqn,pool:gen_005,2,-1.2993,4.0097,64,2026-06-07T23:34:57
21737,random,dqn,1,2.0914,-2.2152,64,2026-06-07T23:34:59
21738,dqn,self,1,1.5593,-2.0420,64,2026-06-07T23:35:00
21739,pool:gen_008,dqn,1,1.8192,-1.9306,64,2026-06-07T23:35:02
21740,dqn,self,2,-0.8662,2.5123,64,2026-06-07T23:35:04
21741,random,dqn,1,1.9801,-1.7325,64,2026-06-07T23:35:06
21742,dqn,random,1,1.7944,-1.6954,64,2026-06-07T23:35:08
21743,self,dqn,1,1.8192,-1.8192,64,2026-06-07T23:35:10
21744,dqn,self,1,1.5593,-1.8935,64,2026-06-07T23:35:12
21745,self,dqn,1,1.4355,-1.7202,64,2026-06-07T23:35:14
21746,dqn,pool:gen_005,2,-0.9405,3.1063,64,2026-06-07T23:35:16
21747,self,dqn,1,1.7078,-1.8192,64,2026-06-07T23:35:18
21748,dqn,self,2,-0.5816,2.4999,64,2026-06-07T23:35:20
21749,self,dqn,1,1.4232,-1.8811,64,2026-06-07T23:35:22
21750,dqn,self,1,2.2895,-2.3142,64,2026-06-07T23:35:24
21751,self,dqn,1,2.3142,-2.2152,64,2026-06-07T23:35:26
21752,dqn,self,1,1.5964,-1.7078,64,2026-06-07T23:35:28
21753,self,dqn,2,-0.4331,2.8341,64,2026-06-07T23:35:30
21754,dqn,pool:gen_009,2,-1.1385,3.3909,64,2026-06-07T23:35:32
21755,pool:gen_005,dqn,1,2.9701,-2.5246,64,2026-06-07T23:35:34
21756,dqn,pool:gen_008,2,-1.0766,2.9702,64,2026-06-07T23:35:36
21757,pool:gen_007,dqn,1,1.9677,-2.0419,64,2026-06-07T23:35:38
21758,dqn,pool:gen_008,2,-0.7672,2.9454,64,2026-06-07T23:35:40
21759,pool:gen_009,dqn,1,2.2647,-2.0048,64,2026-06-07T23:35:42
21760,dqn,pool:gen_006,2,-1.1261,3.1806,64,2026-06-07T23:35:44
21761,pool:gen_006,dqn,1,2.1162,-2.0419,64,2026-06-07T23:35:46
21762,dqn,self,2,-0.8291,2.6236,64,2026-06-07T23:35:48
21763,pool:gen_008,dqn,1,1.8563,-1.9677,64,2026-06-07T23:35:50
21764,dqn,heuristic,1,1.9553,-1.1261,64,2026-06-07T23:35:52
21765,self,dqn,1,1.6954,-1.7944,64,2026-06-07T23:35:54
21766,dqn,self,1,1.6088,-1.9553,64,2026-06-07T23:35:56
21767,pool:gen_009,dqn,1,1.9553,-2.0543,64,2026-06-07T23:35:58
21768,dqn,pool:gen_008,2,-1.0519,2.7350,64,2026-06-07T23:36:00
21769,self,dqn,2,-0.9900,2.6855,64,2026-06-07T23:36:03
21770,dqn,pool:gen_007,2,-0.8662,2.7350,64,2026-06-07T23:36:05
21771,random,dqn,2,-0.6187,2.6855,64,2026-06-07T23:36:07
21772,dqn,pool:gen_006,2,-0.8786,2.6855,64,2026-06-07T23:36:09
21773,pool:gen_008,dqn,1,1.8439,-1.9429,64,2026-06-07T23:36:11
21774,dqn,self,1,1.5469,-2.0172,64,2026-06-07T23:36:13
21775,pool:gen_006,dqn,1,2.4627,-2.2523,64,2026-06-07T23:36:15
21776,dqn,pool:gen_005,2,-1.0147,3.4776,64,2026-06-07T23:36:17
21777,pool:gen_006,dqn,1,2.4627,-2.3266,64,2026-06-07T23:36:19
21778,dqn,self,1,1.3860,-1.9182,64,2026-06-07T23:36:21
21779,pool:gen_008,dqn,1,1.8192,-2.0048,64,2026-06-07T23:36:23
21780,dqn,self,1,1.5469,-1.6831,64,2026-06-07T23:36:25
21781,self,dqn,1,1.3737,-1.5964,64,2026-06-07T23:36:28
21782,dqn,pool:gen_008,2,-0.7672,2.3885,64,2026-06-07T23:36:30
21783,pool:gen_007,dqn,1,2.0048,-2.0419,64,2026-06-07T23:36:32
21784,dqn,self,1,1.5345,-1.6954,64,2026-06-07T23:36:34
21785,self,dqn,1,1.5717,-1.6583,64,2026-06-07T23:36:36
21786,dqn,self,2,-0.9157,2.9083,64,2026-06-07T23:36:38
21787,pool:gen_009,dqn,1,2.3513,-2.2523,64,2026-06-07T23:36:40
21788,dqn,pool:gen_007,2,-0.7053,2.4504,64,2026-06-07T23:36:42
21789,self,dqn,1,1.7944,-1.9924,64,2026-06-07T23:36:44
21790,dqn,pool:gen_006,2,-0.6682,2.4504,64,2026-06-07T23:36:47
21791,pool:gen_007,dqn,1,1.9677,-1.9677,64,2026-06-07T23:36:49
21792,dqn,pool:gen_007,2,-0.9157,2.6855,64,2026-06-07T23:36:51
21793,pool:gen_007,dqn,1,1.9058,-1.9553,64,2026-06-07T23:36:53
21794,dqn,pool:gen_008,2,-1.1632,3.0692,64,2026-06-07T23:36:54
21795,heuristic,dqn,2,-0.0370,3.0073,64,2026-06-07T23:36:56
21796,dqn,random,1,1.5222,-1.7078,64,2026-06-07T23:36:58
21797,pool:gen_007,dqn,1,1.5222,-1.8192,64,2026-06-07T23:37:00
21798,dqn,pool:gen_008,2,-0.9900,2.7969,64,2026-06-07T23:37:03
21799,heuristic,dqn,1,2.3390,-1.1509,64,2026-06-07T23:37:05
21800,dqn,pool:gen_009,2,-0.9776,3.1063,64,2026-06-07T23:37:07
21801,pool:gen_008,dqn,1,1.8068,-1.9429,64,2026-06-07T23:49:27
21802,dqn,self,1,1.6459,-1.5841,64,2026-06-07T23:49:29
21803,pool:gen_009,dqn,1,2.1410,-2.0172,64,2026-06-07T23:49:31
21804,dqn,self,2,-0.6806,2.4380,64,2026-06-07T23:49:33
21805,self,dqn,2,-0.9405,2.8093,64,2026-06-07T23:49:35
21806,dqn,self,1,1.7078,-2.1162,64,2026-06-07T23:49:37
21807,self,dqn,1,1.4974,-1.5098,64,2026-06-07T23:49:39
21808,dqn,pool:gen_006,1,1.6212,-1.5717,64,2026-06-07T23:49:41
21809,pool:gen_006,dqn,1,1.9182,-1.9801,64,2026-06-07T23:49:43
21810,dqn,self,1,1.5222,-1.8935,64,2026-06-07T23:49:45
21811,pool:gen_008,dqn,1,1.7944,-1.9924,64,2026-06-07T23:49:47
21812,dqn,pool:gen_008,2,-0.7425,2.5246,64,2026-06-07T23:49:49
21813,heuristic,dqn,1,2.2028,-1.6954,64,2026-06-07T23:49:51
21814,dqn,heuristic,2,-0.6434,3.1806,64,2026-06-07T23:49:53
21815,pool:gen_007,dqn,1,1.7944,-1.9553,64,2026-06-07T23:49:55
21816,dqn,self,2,-0.8786,2.9083,64,2026-06-07T23:49:57
21817,pool:gen_008,dqn,1,2.1162,-2.1905,64,2026-06-07T23:49:59
21818,dqn,pool:gen_009,2,-1.1261,3.2548,64,2026-06-07T23:50:01
21819,self,dqn,1,1.9182,-1.9801,64,2026-06-07T23:50:03
21820,dqn,pool:gen_006,2,-0.8043,2.5370,64,2026-06-07T23:50:06
21821,heuristic,dqn,1,2.2523,-1.6088,64,2026-06-07T23:50:07
21822,dqn,pool:gen_008,2,-0.8291,2.5123,64,2026-06-07T23:50:10
21823,pool:gen_005,dqn,1,2.6731,-2.5617,64,2026-06-07T23:50:12
21824,dqn,pool:gen_006,2,-0.9033,2.8093,64,2026-06-07T23:50:14
21825,self,dqn,2,-0.7053,2.7845,64,2026-06-07T23:50:16
21826,dqn,pool:gen_006,2,-0.9776,2.8464,64,2026-06-07T23:50:18
21827,pool:gen_005,dqn,1,2.5617,-2.3389,64,2026-06-07T23:50:20
21828,dqn,pool:gen_007,2,-0.7301,2.6484,64,2026-06-07T23:50:22
21829,self,dqn,1,1.2746,-1.8440,64,2026-06-07T23:50:25
21830,dqn,pool:gen_006,2,-0.9405,2.8093,64,2026-06-07T23:50:27
21831,pool:gen_009,dqn,1,2.1162,-2.0048,64,2026-06-07T23:50:29
21832,dqn,pool:gen_006,2,-0.8786,2.7227,64,2026-06-07T23:50:32
21833,self,dqn,1,1.6583,-1.6459,64,2026-06-07T23:50:34
21834,dqn,self,2,-0.8415,2.7227,64,2026-06-07T23:50:36
21835,pool:gen_008,dqn,1,1.5345,-1.7697,64,2026-06-07T23:50:38
21836,dqn,pool:gen_005,2,-1.1756,3.1310,64,2026-06-07T23:50:40
21837,self,dqn,1,1.5222,-1.9306,64,2026-06-07T23:50:42
21838,dqn,pool:gen_005,2,-1.2498,3.3909,64,2026-06-07T23:50:44
21839,pool:gen_009,dqn,1,2.1905,-1.7820,64,2026-06-07T23:50:46
21840,dqn,self,1,1.6088,-1.5098,64,2026-06-07T23:50:48
21841,pool:gen_007,dqn,1,1.7821,-1.6707,64,2026-06-07T23:50:50
21842,dqn,self,2,-0.3959,2.4999,64,2026-06-07T23:50:52
21843,pool:gen_005,dqn,1,2.3761,-2.2647,64,2026-06-07T23:50:54
21844,dqn,self,2,-0.5692,2.7722,64,2026-06-07T23:50:56
21845,pool:gen_007,dqn,1,1.6583,-1.7944,64,2026-06-07T23:50:58
21846,dqn,self,2,-0.9157,2.5370,64,2026-06-07T23:51:00
21847,pool:gen_006,dqn,1,1.6954,-1.8687,64,2026-06-07T23:51:02
21848,dqn,self,1,2.3761,-2.2647,64,2026-06-07T23:51:04
21849,self,dqn,1,1.4850,-1.9306,64,2026-06-07T23:51:07
21850,dqn,heuristic,1,2.2276,-1.0766,64,2026-06-07T23:51:08
21851,self,dqn,1,1.5964,-1.7821,64,2026-06-07T23:51:10
21852,dqn,self,1,2.2276,-2.0791,64,2026-06-07T23:51:13
21853,pool:gen_007,dqn,1,1.6583,-1.7944,64,2026-06-07T23:51:14
21854,dqn,pool:gen_009,2,-0.8415,2.9454,64,2026-06-07T23:51:16
21855,pool:gen_007,dqn,1,1.8811,-1.9801,64,2026-06-07T23:51:19
21856,dqn,self,1,1.7078,-1.7821,64,2026-06-07T23:51:21
21857,self,dqn,1,1.4727,-1.5717,64,2026-06-07T23:51:23
21858,dqn,pool:gen_009,2,-0.7920,2.8835,64,2026-06-07T23:51:25
21859,heuristic,dqn,2,-0.0989,2.8712,64,2026-06-07T23:51:27
21860,dqn,pool:gen_008,2,-0.8043,2.4999,64,2026-06-07T23:51:29
21861,self,dqn,2,-0.9157,3.3909,64,2026-06-07T23:51:30
21862,dqn,pool:gen_006,2,-0.7177,2.5865,64,2026-06-07T23:51:32
21863,self,dqn,2,-0.6806,2.5865,64,2026-06-07T23:51:34
21864,dqn,pool:gen_009,2,-1.0395,3.1187,64,2026-06-07T23:51:36
21865,pool:gen_007,dqn,1,2.0172,-2.0296,64,2026-06-07T23:51:38
21866,dqn,pool:gen_009,2,-0.9405,2.9949,64,2026-06-07T23:51:40
21867,self,dqn,1,1.9677,-2.1533,64,2026-06-07T23:51:43
21868,dqn,pool:gen_009,2,-0.8167,2.6732,64,2026-06-07T23:51:45
21869,self,dqn,2,-0.5321,2.6237,64,2026-06-07T23:51:47
21870,dqn,random,1,2.4751,-2.0543,64,2026-06-07T23:51:48
21871,self,dqn,2,-0.6558,2.3143,64,2026-06-07T23:51:51
21872,dqn,self,2,-1.3984,3.2053,64,2026-06-07T23:51:53
21873,self,dqn,2,-0.3588,2.1286,64,2026-06-07T23:51:55
21874,dqn,self,2,-0.7920,2.6979,64,2026-06-07T23:51:57
21875,heuristic,dqn,2,0.1486,2.9702,64,2026-06-07T23:51:59
21876,dqn,self,2,-1.3984,3.3909,64,2026-06-07T23:52:01
21877,pool:gen_007,dqn,1,1.7944,-1.8439,64,2026-06-07T23:52:03
21878,dqn,pool:gen_006,2,-0.8167,2.7474,64,2026-06-07T23:52:05
21879,self,dqn,1,1.4727,-1.8687,64,2026-06-07T23:52:07
21880,dqn,pool:gen_008,2,-0.6930,2.3514,64,2026-06-07T23:52:09
21881,pool:gen_009,dqn,1,2.2276,-2.1162,64,2026-06-07T23:52:11
21882,dqn,self,2,-0.4950,2.4380,64,2026-06-07T23:52:13
21883,self,dqn,1,1.9801,-2.1781,64,2026-06-07T23:52:15
21884,dqn,pool:gen_005,2,-0.7672,2.6484,64,2026-06-07T23:52:18
21885,self,dqn,2,-0.6806,2.3266,64,2026-06-07T23:52:20
21886,dqn,pool:gen_006,2,-0.7672,2.6855,64,2026-06-07T23:52:22
21887,heuristic,dqn,1,2.1534,-1.2994,64,2026-06-07T23:52:24
21888,dqn,pool:gen_008,2,-1.0519,2.6608,64,2026-06-07T23:52:26
21889,pool:gen_007,dqn,1,1.8068,-1.9058,64,2026-06-07T23:52:27
21890,dqn,pool:gen_005,2,-1.0890,3.1063,64,2026-06-07T23:52:30
21891,self,dqn,1,1.5964,-1.5222,64,2026-06-07T23:52:32
21892,dqn,self,1,2.0048,-1.8563,64,2026-06-07T23:52:34
21893,heuristic,dqn,2,-0.3464,2.9578,64,2026-06-07T23:52:36
21894,dqn,self,2,-0.8043,2.7598,64,2026-06-07T23:52:38
21895,self,dqn,1,1.7449,-1.9677,64,2026-06-07T23:52:40
21896,dqn,pool:gen_007,2,-0.6558,2.4999,64,2026-06-07T23:52:42
21897,pool:gen_008,dqn,1,1.6459,-1.9925,64,2026-06-07T23:52:44
21898,dqn,pool:gen_005,2,-0.7920,2.9578,64,2026-06-07T23:52:46
21899,pool:gen_006,dqn,1,1.8687,-1.8811,64,2026-06-07T23:52:48
21900,dqn,pool:gen_007,1,1.6459,-1.6583,64,2026-06-07T23:52:50
21901,pool:gen_006,dqn,1,1.9182,-1.9058,64,2026-06-08T00:05:33
21902,dqn,self,1,1.9801,-1.8811,64,2026-06-08T00:05:36
21903,pool:gen_009,dqn,1,1.9801,-1.8811,64,2026-06-08T00:05:38
21904,dqn,pool:gen_009,2,-0.8415,2.8712,64,2026-06-08T00:05:40
21905,pool:gen_006,dqn,1,1.8563,-1.8934,64,2026-06-08T00:05:42
21906,dqn,heuristic,1,1.8811,-1.3489,64,2026-06-08T00:05:44
21907,pool:gen_005,dqn,1,2.4380,-2.2399,64,2026-06-08T00:05:46
21908,dqn,self,2,-0.7053,2.4133,64,2026-06-08T00:05:48
21909,self,dqn,1,1.6336,-1.7078,64,2026-06-08T00:05:50
21910,dqn,pool:gen_005,2,-0.8291,3.0692,64,2026-06-08T00:05:52
21911,self,dqn,1,3.0939,-2.4751,64,2026-06-08T00:05:54
21912,dqn,self,1,2.0915,-1.8068,64,2026-06-08T00:05:56
21913,pool:gen_008,dqn,1,1.5469,-1.9801,64,2026-06-08T00:05:58
21914,dqn,self,1,2.2895,-2.0914,64,2026-06-08T00:06:01
21915,self,dqn,1,1.5964,-1.8934,64,2026-06-08T00:06:03
21916,dqn,pool:gen_005,2,-0.7672,2.7227,64,2026-06-08T00:06:05
21917,self,dqn,2,-0.7920,2.7722,64,2026-06-08T00:06:07
21918,dqn,self,2,-0.5940,2.6360,64,2026-06-08T00:06:09
21919,pool:gen_006,dqn,1,1.6336,-1.7078,64,2026-06-08T00:06:11
21920,dqn,pool:gen_008,2,-1.1509,2.9702,64,2026-06-08T00:06:14
21921,pool:gen_006,dqn,2,-0.5073,2.4628,64,2026-06-08T00:06:16
21922,dqn,self,2,-0.8043,2.7598,64,2026-06-08T00:06:18
21923,self,dqn,2,-0.6930,2.2771,64,2026-06-08T00:06:20
21924,dqn,pool:gen_008,2,-0.9529,2.6113,64,2026-06-08T00:06:23
21925,self,dqn,2,-0.6806,2.3266,64,2026-06-08T00:06:25
21926,dqn,self,2,-0.5197,2.3390,64,2026-06-08T00:06:27
21927,self,dqn,2,-1.0023,2.8959,64,2026-06-08T00:06:29
21928,dqn,pool:gen_008,2,-0.8539,2.4504,64,2026-06-08T00:06:31
21929,pool:gen_008,dqn,1,1.6954,-1.7202,64,2026-06-08T00:06:34
21930,dqn,pool:gen_006,2,-1.0023,2.9702,64,2026-06-08T00:06:36
21931,self,dqn,1,1.5717,-1.9182,64,2026-06-08T00:06:38
21932,dqn,pool:gen_008,2,-1.0024,2.7103,64,2026-06-08T00:06:40
21933,self,dqn,1,1.7944,-1.8439,64,2026-06-08T00:06:42
21934,dqn,self,1,1.6335,-2.0048,64,2026-06-08T00:06:44
21935,pool:gen_009,dqn,1,2.3142,-2.2523,64,2026-06-08T00:06:46
21936,dqn,self,2,-0.8910,3.0073,64,2026-06-08T00:06:48
21937,pool:gen_008,dqn,1,1.9429,-1.9553,64,2026-06-08T00:06:50
21938,dqn,heuristic,2,-0.7301,2.5741,64,2026-06-08T00:06:52
21939,pool:gen_005,dqn,1,1.9429,-2.0296,64,2026-06-08T00:06:54
21940,dqn,self,2,-0.9776,2.6236,64,2026-06-08T00:06:57
21941,self,dqn,2,-0.8415,2.3885,64,2026-06-08T00:06:59
21942,dqn,self,2,-0.8415,2.6113,64,2026-06-08T00:07:01
21943,pool:gen_005,dqn,1,2.0048,-2.0791,64,2026-06-08T00:07:03
21944,dqn,pool:gen_008,2,-0.7548,2.5865,64,2026-06-08T00:07:05
21945,self,dqn,2,-0.6187,2.3885,64,2026-06-08T00:07:08
21946,dqn,self,2,-0.8662,2.6608,64,2026-06-08T00:07:10
21947,pool:gen_008,dqn,1,1.7944,-1.8068,64,2026-06-08T00:07:12
21948,dqn,random,2,-0.2846,2.2771,64,2026-06-08T00:07:14
21949,self,dqn,1,1.5840,-1.7202,64,2026-06-08T00:07:16
21950,dqn,random,1,1.5717,-1.7697,64,2026-06-08T00:07:18
21951,heuristic,dqn,2,0.1362,3.2177,64,2026-06-08T00:07:20
21952,dqn,pool:gen_008,2,-0.8786,2.5370,64,2026-06-08T00:07:22
21953,heuristic,dqn,2,0.1239,2.9455,64,2026-06-08T00:07:23
21954,dqn,self,1,1.4108,-1.7449,64,2026-06-08T00:07:26
21955,pool:gen_006,dqn,1,2.0914,-2.1409,64,2026-06-08T00:07:28
21956,dqn,self,2,-0.6435,2.3638,64,2026-06-08T00:07:30
21957,pool:gen_008,dqn,1,1.7944,-1.8068,64,2026-06-08T00:07:32
21958,dqn,pool:gen_009,2,-0.9900,3.0568,64,2026-06-08T00:07:34
21959,pool:gen_008,dqn,1,2.0667,-2.0172,64,2026-06-08T00:07:36
21960,dqn,pool:gen_006,2,-0.8415,2.7598,64,2026-06-08T00:07:38
21961,pool:gen_007,dqn,1,1.6707,-1.9306,64,2026-06-08T00:07:40
21962,dqn,pool:gen_007,2,-0.5692,2.3266,64,2026-06-08T00:07:42
21963,self,dqn,2,-0.5073,2.4999,64,2026-06-08T00:07:44
21964,dqn,pool:gen_007,2,-0.7177,2.4751,64,2026-06-08T00:07:46
21965,self,dqn,1,1.4727,-1.6831,64,2026-06-08T00:07:48
21966,dqn,heuristic,2,-0.4702,2.6113,64,2026-06-08T00:07:51
21967,self,dqn,2,-0.6063,2.2524,64,2026-06-08T00:07:53
21968,dqn,heuristic,2,-0.1237,3.0692,64,2026-06-08T00:07:55
21969,pool:gen_008,dqn,1,2.0667,-1.7573,64,2026-06-08T00:07:57
21970,dqn,pool:gen_008,2,-0.8662,2.6979,64,2026-06-08T00:07:59
21971,self,dqn,1,1.7449,-1.8563,64,2026-06-08T00:08:01
21972,dqn,self,1,2.3142,-2.1038,64,2026-06-08T00:08:04
21973,pool:gen_006,dqn,1,2.2152,-2.1657,64,2026-06-08T00:08:06
21974,dqn,pool:gen_005,2,-1.1880,3.4157,64,2026-06-08T00:08:08
21975,self,dqn,2,-0.4578,2.3638,64,2026-06-08T00:08:10
21976,dqn,pool:gen_007,1,1.4603,-1.5469,64,2026-06-08T00:08:12
21977,random,dqn,2,-0.6187,2.4999,64,2026-06-08T00:08:14
21978,dqn,heuristic,1,2.0172,-0.9529,64,2026-06-08T00:08:16
21979,pool:gen_009,dqn,1,2.0791,-1.9677,64,2026-06-08T00:08:18
21980,dqn,pool:gen_009,2,-0.8538,2.8588,64,2026-06-08T00:08:20
21981,random,dqn,2,-0.6682,2.3019,64,2026-06-08T00:08:22
21982,dqn,pool:gen_006,2,-0.6930,2.6113,64,2026-06-08T00:08:24
21983,random,dqn,2,-0.5816,3.0939,64,2026-06-08T00:08:26
21984,dqn,random,1,1.7573,-1.8439,64,2026-06-08T00:08:29
21985,self,dqn,1,1.7202,-1.6212,64,2026-06-08T00:08:31
21986,dqn,self,2,-0.5445,2.4628,64,2026-06-08T00:08:33
21987,self,dqn,1,1.3860,-1.7326,64,2026-06-08T00:08:35
21988,dqn,self,1,1.5964,-1.8934,64,2026-06-08T00:08:37
21989,self,dqn,1,1.6707,-1.7078,64,2026-06-08T00:08:40
21990,dqn,pool:gen_008,2,-0.8291,2.6608,64,2026-06-08T00:08:42
21991,pool:gen_005,dqn,1,2.4132,-2.0419,64,2026-06-08T00:08:44
21992,dqn,pool:gen_007,2,-0.4826,2.2648,64,2026-06-08T00:08:46
21993,random,dqn,2,-0.7548,2.7722,64,2026-06-08T00:08:48
21994,dqn,self,2,-0.5197,2.5618,64,2026-06-08T00:08:50
21995,self,dqn,2,-0.6187,2.3885,64,2026-06-08T00:08:52
21996,dqn,pool:gen_006,2,-0.9900,2.7598,64,2026-06-08T00:08:54
21997,heuristic,dqn,2,-0.3835,3.0321,64,2026-06-08T00:08:56
21998,dqn,pool:gen_008,2,-0.8662,2.6236,64,2026-06-08T00:08:58
21999,pool:gen_008,dqn,1,1.5840,-1.7202,64,2026-06-08T00:09:00
22000,dqn,pool:gen_009,2,-1.0395,3.0815,64,2026-06-08T00:09:02
22001,pool:gen_006,dqn,1,2.0172,-1.9182,64,2026-06-08T00:21:50
22002,dqn,pool:gen_007,1,1.5469,-1.6831,64,2026-06-08T00:21:52
22003,self,dqn,1,1.4232,-1.6954,64,2026-06-08T00:21:55
22004,dqn,self,2,-0.7425,2.4504,64,2026-06-08T00:21:57
22005,pool:gen_009,dqn,1,2.3142,-2.1038,64,2026-06-08T00:21:59
22006,dqn,pool:gen_008,2,-0.9281,2.7845,64,2026-06-08T00:22:01
22007,self,dqn,1,2.0419,-1.9306,64,2026-06-08T00:22:04
22008,dqn,self,1,1.7573,-1.9925,64,2026-06-08T00:22:06
22009,self,dqn,2,-0.6187,2.6855,64,2026-06-08T00:22:08
22010,dqn,self,1,1.7326,-1.9058,64,2026-06-08T00:22:10
22011,self,dqn,2,-1.0395,3.1929,64,2026-06-08T00:22:12
22012,dqn,self,2,-0.3465,2.1039,64,2026-06-08T00:22:14
22013,self,dqn,2,-0.8415,3.0939,64,2026-06-08T00:22:16
22014,dqn,pool:gen_006,2,-0.7920,2.5494,64,2026-06-08T00:22:18
22015,self,dqn,2,-0.5321,2.2895,64,2026-06-08T00:22:20
22016,dqn,pool:gen_009,2,-1.0147,3.3662,64,2026-06-08T00:22:22
22017,heuristic,dqn,2,0.2971,2.8960,64,2026-06-08T00:22:25
22018,dqn,pool:gen_007,2,-0.3712,2.2648,64,2026-06-08T00:22:27
22019,self,dqn,1,1.5717,-1.7697,64,2026-06-08T00:22:29
22020,dqn,self,1,1.8811,-1.6830,64,2026-06-08T00:22:31
22021,self,dqn,2,-0.2969,2.4875,64,2026-06-08T00:22:33
22022,dqn,pool:gen_008,2,-0.7425,2.4504,64,2026-06-08T00:22:36
22023,pool:gen_005,dqn,1,1.9306,-1.9677,64,2026-06-08T00:22:38
22024,dqn,pool:gen_007,2,-0.7177,2.4380,64,2026-06-08T00:22:40
22025,pool:gen_008,dqn,1,1.3737,-1.7078,64,2026-06-08T00:22:42
22026,dqn,self,2,-1.0890,2.8835,64,2026-06-08T00:22:45
22027,self,dqn,2,-0.5197,2.3390,64,2026-06-08T00:22:47
22028,dqn,self,2,-0.9652,2.8217,64,2026-06-08T00:22:49
22029,pool:gen_010,dqn,2,-0.4578,2.6237,64,2026-06-08T00:22:51
22030,dqn,pool:gen_009,2,-0.5692,2.5865,64,2026-06-08T00:22:53
22031,pool:gen_005,dqn,1,2.2647,-2.1162,64,2026-06-08T00:22:55
22032,dqn,pool:gen_005,2,-0.9528,2.9454,64,2026-06-08T00:22:57
22033,self,dqn,1,1.5345,-1.9553,64,2026-06-08T00:23:00
22034,dqn,pool:gen_006,2,-0.6806,2.5494,64,2026-06-08T00:23:02
22035,pool:gen_009,dqn,1,1.8934,-1.8934,64,2026-06-08T00:23:04
22036,dqn,self,2,-0.9405,2.7350,64,2026-06-08T00:23:06
22037,pool:gen_006,dqn,1,1.7573,-1.7697,64,2026-06-08T00:23:08
22038,dqn,pool:gen_007,2,-0.6558,2.4256,64,2026-06-08T00:23:10
22039,self,dqn,2,-0.6558,2.7227,64,2026-06-08T00:23:12
22040,dqn,self,2,-0.5568,2.4504,64,2026-06-08T00:23:15
22041,pool:gen_007,dqn,1,1.6707,-1.7078,64,2026-06-08T00:23:17
22042,dqn,self,2,-0.4702,2.3514,64,2026-06-08T00:23:19
22043,self,dqn,1,1.4603,-1.8811,64,2026-06-08T00:23:21
22044,dqn,random,2,-0.7920,2.5865,64,2026-06-08T00:23:23
22045,self,dqn,2,-0.8291,2.4380,64,2026-06-08T00:23:25
22046,dqn,self,2,-0.6682,2.4875,64,2026-06-08T00:23:28
22047,pool:gen_008,dqn,1,1.7078,-2.0420,64,2026-06-08T00:23:30
22048,dqn,self,2,-0.7053,2.5246,64,2026-06-08T00:23:32
22049,heuristic,dqn,2,-0.2103,3.3910,64,2026-06-08T00:23:33
22050,dqn,self,2,-0.7177,2.6979,64,2026-06-08T00:23:36
22051,pool:gen_005,dqn,1,1.8687,-1.9182,64,2026-06-08T00:23:38
22052,dqn,heuristic,1,3.0073,-1.4107,64,2026-06-08T00:23:40
22053,self,dqn,1,1.6583,-1.6831,64,2026-06-08T00:23:42
22054,dqn,self,1,1.4108,-1.8935,64,2026-06-08T00:23:44
22055,heuristic,dqn,1,1.6336,-1.5593,64,2026-06-08T00:23:46
22056,dqn,pool:gen_007,2,-0.5444,2.6113,64,2026-06-08T00:23:48
22057,self,dqn,1,1.7573,-2.0296,64,2026-06-08T00:23:50
22058,dqn,pool:gen_008,1,1.3737,-1.7078,64,2026-06-08T00:23:52
22059,pool:gen_009,dqn,2,-0.4454,2.4504,64,2026-06-08T00:23:54
22060,dqn,heuristic,1,2.4009,-1.3118,64,2026-06-08T00:23:57
22061,self,dqn,1,2.0296,-2.0914,64,2026-06-08T00:23:59
22062,dqn,heuristic,2,0.0001,3.1187,64,2026-06-08T00:24:01
22063,self,dqn,1,1.6088,-1.7697,64,2026-06-08T00:24:03
22064,dqn,pool:gen_010,1,1.5593,-1.8192,64,2026-06-08T00:24:05
22065,pool:gen_008,dqn,1,1.4974,-1.6954,64,2026-06-08T00:24:07
22066,dqn,pool:gen_006,2,-0.7177,2.4380,64,2026-06-08T00:24:09
22067,self,dqn,2,-0.6682,2.4133,64,2026-06-08T00:24:11
22068,dqn,pool:gen_007,2,-0.8167,2.6360,64,2026-06-08T00:24:13
22069,pool:gen_010,dqn,2,-0.7920,2.5865,64,2026-06-08T00:24:15
22070,dqn,pool:gen_010,1,1.6707,-1.7821,64,2026-06-08T00:24:17
22071,pool:gen_008,dqn,1,1.6830,-1.9553,64,2026-06-08T00:24:20
22072,dqn,self,2,-0.8415,2.3885,64,2026-06-08T00:24:22
22073,pool:gen_007,dqn,1,1.6212,-1.8316,64,2026-06-08T00:24:24
22074,dqn,pool:gen_005,2,-0.8786,2.7227,64,2026-06-08T00:24:26
22075,self,dqn,2,-0.8044,2.3514,64,2026-06-08T00:24:29
22076,dqn,self,2,-0.8043,2.7969,64,2026-06-08T00:24:31
22077,self,dqn,1,1.4108,-1.8935,64,2026-06-08T00:24:33
22078,dqn,self,2,-0.8043,2.5741,64,2026-06-08T00:24:35
22079,pool:gen_006,dqn,1,1.4974,-1.7326,64,2026-06-08T00:24:38
22080,dqn,random,1,1.9306,-1.8934,64,2026-06-08T00:24:40
22081,self,dqn,1,1.3737,-1.6336,64,2026-06-08T00:24:42
22082,dqn,pool:gen_008,2,-0.7425,2.2648,64,2026-06-08T00:24:44
22083,pool:gen_007,dqn,1,1.4603,-1.7697,64,2026-06-08T00:24:46
22084,dqn,self,2,-0.5940,2.4504,64,2026-06-08T00:24:48
22085,self,dqn,1,1.8068,-1.9429,64,2026-06-08T00:24:50
22086,dqn,pool:gen_006,1,1.4727,-1.6831,64,2026-06-08T00:24:52
22087,pool:gen_006,dqn,2,-0.6311,2.3761,64,2026-06-08T00:24:54
22088,dqn,self,2,-0.6558,2.3143,64,2026-06-08T00:24:56
22089,self,dqn,1,1.5345,-1.6954,64,2026-06-08T00:24:59
22090,dqn,heuristic,2,-0.2722,2.8464,64,2026-06-08T00:25:00
22091,heuristic,dqn,2,-0.2227,2.7846,64,2026-06-08T00:25:03
22092,dqn,self,1,1.4974,-1.6954,64,2026-06-08T00:25:05
22093,pool:gen_008,dqn,1,1.6583,-1.9429,64,2026-06-08T00:25:07
22094,dqn,self,1,1.5222,-1.9677,64,2026-06-08T00:25:09
22095,self,dqn,1,1.6707,-1.7821,64,2026-06-08T00:25:12
22096,dqn,self,2,-0.3836,2.3638,64,2026-06-08T00:25:14
22097,self,dqn,1,1.9058,-1.8439,64,2026-06-08T00:25:16
22098,dqn,pool:gen_007,2,-0.3341,2.2276,64,2026-06-08T00:25:18
22099,pool:gen_007,dqn,2,-0.6682,2.3761,64,2026-06-08T00:25:20
22100,dqn,heuristic,1,2.0296,-1.4603,64,2026-06-08T00:25:22
22101,pool:gen_008,dqn,1,1.6459,-1.9553,64,2026-06-08T00:38:05
22102,dqn,pool:gen_005,2,-0.9405,2.8093,64,2026-06-08T00:38:07
22103,pool:gen_009,dqn,1,1.6088,-1.6583,64,2026-06-08T00:38:09
22104,dqn,self,2,-1.2622,2.9702,64,2026-06-08T00:38:12
22105,pool:gen_007,dqn,2,-0.6311,2.3019,64,2026-06-08T00:38:14
22106,dqn,self,2,-0.6682,2.6360,64,2026-06-08T00:38:16
22107,self,dqn,1,1.6459,-1.9553,64,2026-06-08T00:38:18
22108,dqn,pool:gen_008,2,-0.8043,2.4256,64,2026-06-08T00:38:20
22109,self,dqn,2,-1.0518,2.9207,64,2026-06-08T00:38:23
22110,dqn,pool:gen_005,2,-0.9157,2.7969,64,2026-06-08T00:38:25
22111,pool:gen_010,dqn,2,-0.8662,2.7722,64,2026-06-08T00:38:27
22112,dqn,heuristic,1,2.2152,-1.5717,64,2026-06-08T00:38:29
22113,pool:gen_006,dqn,1,1.4850,-1.7449,64,2026-06-08T00:38:31
22114,dqn,pool:gen_008,2,-0.7672,2.4628,64,2026-06-08T00:38:33
22115,pool:gen_007,dqn,1,1.3984,-1.6459,64,2026-06-08T00:38:35
22116,dqn,self,2,-0.9776,2.5865,64,2026-06-08T00:38:38
22117,self,dqn,2,-0.7672,2.3885,64,2026-06-08T00:38:40
22118,dqn,self,1,1.8192,-1.8934,64,2026-06-08T00:38:42
22119,self,dqn,1,1.4232,-1.5841,64,2026-06-08T00:38:44
22120,dqn,random,1,2.0419,-1.8563,64,2026-06-08T00:38:46
22121,pool:gen_009,dqn,1,1.6212,-1.6831,64,2026-06-08T00:38:48
22122,dqn,self,2,-0.6806,2.5494,64,2026-06-08T00:38:51
22123,pool:gen_007,dqn,1,1.5098,-1.6831,64,2026-06-08T00:38:53
22124,dqn,pool:gen_006,2,-0.7920,2.5494,64,2026-06-08T00:38:55
22125,pool:gen_009,dqn,1,1.6335,-1.7821,64,2026-06-08T00:38:57
22126,dqn,self,2,-0.7672,2.3885,64,2026-06-08T00:38:59
22127,pool:gen_006,dqn,1,1.5469,-1.8687,64,2026-06-08T00:39:01
22128,dqn,pool:gen_005,2,-1.0147,2.8835,64,2026-06-08T00:39:04
22129,pool:gen_008,dqn,1,1.6088,-1.8811,64,2026-06-08T00:39:06
22130,dqn,pool:gen_008,2,-0.8291,2.5123,64,2026-06-08T00:39:08
22131,self,dqn,1,2.1038,-2.1657,64,2026-06-08T00:39:10
22132,dqn,pool:gen_008,2,-0.9405,2.6979,64,2026-06-08T00:39:12
22133,self,dqn,2,-0.4826,2.4133,64,2026-06-08T00:39:14
22134,dqn,pool:gen_008,2,-0.9281,2.8217,64,2026-06-08T00:39:16
22135,pool:gen_007,dqn,2,-0.8415,2.4999,64,2026-06-08T00:39:19
22136,dqn,pool:gen_010,1,1.4355,-1.9058,64,2026-06-08T00:39:21
22137,self,dqn,2,-0.7425,2.4875,64,2026-06-08T00:39:23
22138,dqn,self,1,1.3737,-1.8192,64,2026-06-08T00:39:25
22139,self,dqn,1,1.4850,-1.5593,64,2026-06-08T00:39:27
22140,dqn,self,2,-0.8167,2.8588,64,2026-06-08T00:39:30
22141,pool:gen_009,dqn,1,1.7821,-1.8192,64,2026-06-08T00:39:32
22142,dqn,self,2,-0.7301,2.4256,64,2026-06-08T00:39:34
22143,pool:gen_006,dqn,1,1.3365,-1.8192,64,2026-06-08T00:39:36
22144,dqn,pool:gen_006,1,1.6583,-1.7573,64,2026-06-08T00:39:38
22145,self,dqn,2,-0.8291,2.9578,64,2026-06-08T00:39:40
22146,dqn,self,1,1.5964,-1.4479,64,2026-06-08T00:39:43
22147,pool:gen_006,dqn,1,1.5717,-1.9182,64,2026-06-08T00:39:45
22148,dqn,heuristic,2,-0.1608,2.8464,64,2026-06-08T00:39:47
22149,pool:gen_007,dqn,1,1.3860,-1.7326,64,2026-06-08T00:39:49
22150,dqn,self,2,-1.0395,2.8959,64,2026-06-08T00:39:51
22151,self,dqn,2,-0.6063,2.3638,64,2026-06-08T00:39:54
22152,dqn,pool:gen_008,2,-1.0395,2.7845,64,2026-06-08T00:39:56
22153,pool:gen_009,dqn,2,-0.6435,2.4009,64,2026-06-08T00:39:58
22154,dqn,self,2,-0.6063,2.6608,64,2026-06-08T00:40:00
22155,random,dqn,2,-0.9528,3.2424,64,2026-06-08T00:40:02
22156,dqn,random,1,1.5841,-1.5717,64,2026-06-08T00:40:04
22157,self,dqn,2,-1.0890,3.2548,64,2026-06-08T00:40:06
22158,dqn,self,1,1.3613,-1.7573,64,2026-06-08T00:40:08
22159,pool:gen_007,dqn,1,1.4850,-1.7449,64,2026-06-08T00:40:10
22160,dqn,self,1,1.7697,-1.7944,64,2026-06-08T00:40:12
22161,self,dqn,2,-0.8415,2.6113,64,2026-06-08T00:40:15
22162,dqn,self,2,-0.6930,2.6855,64,2026-06-08T00:40:17
22163,random,dqn,2,-0.7920,2.6608,64,2026-06-08T00:40:19
22164,dqn,self,2,-0.7548,2.4751,64,2026-06-08T00:40:21
22165,pool:gen_006,dqn,1,1.8687,-1.9182,64,2026-06-08T00:40:23
22166,dqn,pool:gen_005,2,-0.8786,2.9083,64,2026-06-08T00:40:25
22167,self,dqn,1,1.3365,-1.8192,64,2026-06-08T00:40:28
22168,dqn,self,1,1.4727,-1.8687,64,2026-06-08T00:40:30
22169,self,dqn,2,-0.8291,2.9207,64,2026-06-08T00:40:32
22170,dqn,self,1,1.3613,-1.7573,64,2026-06-08T00:40:34
22171,self,dqn,1,1.7573,-1.9182,64,2026-06-08T00:40:36
22172,dqn,self,2,-0.7796,2.2648,64,2026-06-08T00:40:39
22173,self,dqn,1,1.5964,-1.8192,64,2026-06-08T00:40:41
22174,dqn,pool:gen_008,2,-0.9652,2.7474,64,2026-06-08T00:40:43
22175,self,dqn,2,-0.6930,2.4256,64,2026-06-08T00:40:45
22176,dqn,self,2,-0.7425,2.7845,64,2026-06-08T00:40:48
22177,heuristic,dqn,1,2.1657,-1.5469,64,2026-06-08T00:40:50
22178,dqn,self,2,-0.7796,2.6732,64,2026-06-08T00:40:52
22179,self,dqn,2,-1.0023,2.8588,64,2026-06-08T00:40:54
22180,dqn,self,2,-0.7548,2.8835,64,2026-06-08T00:40:56
22181,pool:gen_006,dqn,1,2.0048,-2.0791,64,2026-06-08T00:40:58
22182,dqn,pool:gen_006,2,-0.6930,2.5370,64,2026-06-08T00:41:00
22183,self,dqn,2,-0.6806,2.6237,64,2026-06-08T00:41:02
22184,dqn,pool:gen_009,2,-1.0271,2.9454,64,2026-06-08T00:41:05
22185,self,dqn,2,-0.9776,2.6979,64,2026-06-08T00:41:07
22186,dqn,pool:gen_005,2,-1.1137,3.1187,64,2026-06-08T00:41:09
22187,pool:gen_007,dqn,2,-0.6311,2.6732,64,2026-06-08T00:41:11
22188,dqn,self,2,-0.7920,2.7722,64,2026-06-08T00:41:13
22189,random,dqn,2,-0.8415,2.5741,64,2026-06-08T00:41:15
22190,dqn,self,1,1.7821,-2.0420,64,2026-06-08T00:41:17
22191,pool:gen_009,dqn,1,2.0048,-2.1533,64,2026-06-08T00:41:19
22192,dqn,self,2,-0.5940,2.5246,64,2026-06-08T00:41:22
22193,heuristic,dqn,1,2.0172,-1.6954,64,2026-06-08T00:41:24
22194,dqn,pool:gen_005,2,-1.0642,3.0568,64,2026-06-08T00:41:26
22195,pool:gen_007,dqn,1,1.5345,-1.8068,64,2026-06-08T00:41:28
22196,dqn,self,2,-0.7920,2.5123,64,2026-06-08T00:41:30
22197,self,dqn,2,-0.6311,2.4504,64,2026-06-08T00:41:33
22198,dqn,pool:gen_010,1,1.6707,-1.5593,64,2026-06-08T00:41:35
22199,pool:gen_006,dqn,1,1.7573,-1.9182,64,2026-06-08T00:41:37
22200,dqn,pool:gen_007,1,1.4479,-1.5964,64,2026-06-08T00:41:39
22201,self,dqn,1,2.3266,-2.2028,64,2026-06-08T00:54:31
22202,dqn,self,2,-1.1385,2.9825,64,2026-06-08T00:54:33
22203,self,dqn,2,-0.5197,2.4133,64,2026-06-08T00:54:36
22204,dqn,self,2,-0.7177,2.2895,64,2026-06-08T00:54:38
22205,self,dqn,1,1.3118,-1.7697,64,2026-06-08T00:54:40
22206,dqn,heuristic,1,1.8563,-1.2623,64,2026-06-08T00:54:42
22207,self,dqn,2,-1.0890,2.8835,64,2026-06-08T00:54:44
22208,dqn,self,1,1.6212,-1.7573,64,2026-06-08T00:54:46
22209,pool:gen_009,dqn,1,2.2028,-2.2152,64,2026-06-08T00:54:48
22210,dqn,pool:gen_008,2,-0.6682,2.5246,64,2026-06-08T00:54:51
22211,random,dqn,2,-1.0147,2.9949,64,2026-06-08T00:54:53
22212,dqn,pool:gen_010,1,1.5222,-1.7449,64,2026-06-08T00:54:55
22213,heuristic,dqn,2,-0.1113,2.7846,64,2026-06-08T00:54:57
22214,dqn,self,2,-0.7920,2.2895,64,2026-06-08T00:54:59
22215,pool:gen_007,dqn,1,1.5717,-1.6954,64,2026-06-08T00:55:01
22216,dqn,pool:gen_005,2,-0.7053,3.0073,64,2026-06-08T00:55:03
22217,self,dqn,1,1.5593,-1.6336,64,2026-06-08T00:55:05
22218,dqn,pool:gen_009,2,-1.0766,3.1187,64,2026-06-08T00:55:07
22219,self,dqn,2,-0.9033,2.9207,64,2026-06-08T00:55:09
22220,dqn,self,1,1.6212,-1.6088,64,2026-06-08T00:55:11
22221,self,dqn,2,-0.5321,2.5494,64,2026-06-08T00:55:14
22222,dqn,pool:gen_007,1,1.5717,-1.6954,64,2026-06-08T00:55:16
22223,self,dqn,2,-0.5940,2.1162,64,2026-06-08T00:55:18
22224,dqn,self,1,1.7449,-1.4108,64,2026-06-08T00:55:20
22225,pool:gen_009,dqn,1,2.1904,-2.3018,64,2026-06-08T00:55:23
22226,dqn,self,1,1.7078,-1.6707,64,2026-06-08T00:55:25
22227,random,dqn,2,-0.6435,2.6237,64,2026-06-08T00:55:27
22228,dqn,pool:gen_009,2,-1.2251,3.0444,64,2026-06-08T00:55:29
22229,pool:gen_008,dqn,1,1.7944,-1.8811,64,2026-06-08T00:55:31
22230,dqn,heuristic,1,1.9801,-1.2128,64,2026-06-08T00:55:33
22231,self,dqn,2,-0.7177,2.5123,64,2026-06-08T00:55:35
22232,dqn,self,2,-0.3712,2.4133,64,2026-06-08T00:55:37
22233,self,dqn,1,1.5346,-1.4727,64,2026-06-08T00:55:39
22234,dqn,self,2,-0.6930,2.8712,64,2026-06-08T00:55:41
22235,pool:gen_007,dqn,1,1.7573,-1.9553,64,2026-06-08T00:55:44
22236,dqn,pool:gen_007,2,-0.7796,2.6360,64,2026-06-08T00:55:46
22237,self,dqn,1,1.8316,-1.9553,64,2026-06-08T00:55:48
22238,dqn,self,2,-0.8662,2.4009,64,2026-06-08T00:55:50
22239,pool:gen_006,dqn,1,1.8192,-2.1533,64,2026-06-08T00:55:52
22240,dqn,pool:gen_007,2,-0.5568,2.4875,64,2026-06-08T00:55:55
22241,pool:gen_009,dqn,1,1.8192,-1.9306,64,2026-06-08T00:55:57
22242,dqn,pool:gen_010,1,1.8934,-1.7449,64,2026-06-08T00:55:59
22243,self,dqn,2,-0.6435,2.2153,64,2026-06-08T00:56:01
22244,dqn,random,1,1.8811,-1.5345,64,2026-06-08T00:56:03
22245,heuristic,dqn,2,-0.0123,2.5123,64,2026-06-08T00:56:05
22246,dqn,self,1,1.7573,-1.6583,64,2026-06-08T00:56:08
22247,self,dqn,2,-0.5692,2.5494,64,2026-06-08T00:56:10
22248,dqn,pool:gen_008,2,-1.0024,2.5246,64,2026-06-08T00:56:12
22249,pool:gen_006,dqn,1,2.2771,-2.1409,64,2026-06-08T00:56:14
22250,dqn,pool:gen_007,1,1.6583,-1.8687,64,2026-06-08T00:56:16
22251,pool:gen_008,dqn,1,1.5964,-2.0791,64,2026-06-08T00:56:18
22252,dqn,pool:gen_005,2,-1.1385,3.4281,64,2026-06-08T00:56:21
22253,pool:gen_010,dqn,2,-0.9900,2.7969,64,2026-06-08T00:56:23
22254,dqn,self,2,-0.4207,2.4009,64,2026-06-08T00:56:25
22255,self,dqn,2,-1.1385,2.9083,64,2026-06-08T00:56:27
22256,dqn,random,1,2.0296,-1.9801,64,2026-06-08T00:56:29
22257,self,dqn,1,1.5469,-1.8316,64,2026-06-08T00:56:32
22258,dqn,pool:gen_008,2,-1.0395,2.5246,64,2026-06-08T00:56:34
22259,random,dqn,2,-0.6682,2.8217,64,2026-06-08T00:56:36
22260,dqn,pool:gen_009,2,-1.0519,2.8093,64,2026-06-08T00:56:38
22261,pool:gen_009,dqn,1,1.8068,-2.1286,64,2026-06-08T00:56:40
22262,dqn,self,2,-0.6930,2.4999,64,2026-06-08T00:56:42
22263,self,dqn,1,1.4108,-1.6707,64,2026-06-08T00:56:44
22264,dqn,self,2,-0.7425,2.4504,64,2026-06-08T00:56:47
22265,heuristic,dqn,1,1.8440,-1.4232,64,2026-06-08T00:56:49
22266,dqn,self,2,-0.6682,2.2276,64,2026-06-08T00:56:51
22267,self,dqn,2,-0.6063,2.4380,64,2026-06-08T00:56:53
22268,dqn,pool:gen_010,1,1.8934,-1.8934,64,2026-06-08T00:56:55
22269,self,dqn,1,2.3637,-2.1657,64,2026-06-08T00:56:58
22270,dqn,pool:gen_007,2,-0.7548,2.5865,64,2026-06-08T00:56:59
22271,pool:gen_007,dqn,1,1.8439,-1.9429,64,2026-06-08T00:57:02
22272,dqn,self,1,1.8687,-1.9553,64,2026-06-08T00:57:04
22273,random,dqn,1,2.1286,-1.8811,64,2026-06-08T00:57:06
22274,dqn,pool:gen_005,2,-0.8538,3.0073,64,2026-06-08T00:57:08
22275,pool:gen_007,dqn,1,1.8439,-1.9058,64,2026-06-08T00:57:10
22276,dqn,self,2,-0.7796,2.5989,64,2026-06-08T00:57:12
22277,self,dqn,1,1.4850,-1.8935,64,2026-06-08T00:57:14
22278,dqn,self,2,-0.8167,2.5246,64,2026-06-08T00:57:17
22279,self,dqn,2,-1.0519,2.7722,64,2026-06-08T00:57:19
22280,dqn,self,2,-0.6930,2.4999,64,2026-06-08T00:57:21
22281,pool:gen_006,dqn,1,2.1162,-2.1162,64,2026-06-08T00:57:24
22282,dqn,self,2,-0.9281,2.5989,64,2026-06-08T00:57:26
22283,self,dqn,1,1.4603,-1.9182,64,2026-06-08T00:57:28
22284,dqn,self,2,-0.7053,2.2648,64,2026-06-08T00:57:30
22285,self,dqn,2,-0.2474,2.5370,64,2026-06-08T00:57:33
22286,dqn,heuristic,2,-0.3217,2.9083,64,2026-06-08T00:57:35
22287,pool:gen_009,dqn,1,1.9429,-2.1410,64,2026-06-08T00:57:37
22288,dqn,self,2,-0.4950,2.2524,64,2026-06-08T00:57:39
22289,heuristic,dqn,2,-0.0247,2.9083,64,2026-06-08T00:57:41
22290,dqn,self,2,-0.5568,2.6732,64,2026-06-08T00:57:43
22291,pool:gen_009,dqn,1,1.8563,-2.1533,64,2026-06-08T00:57:45
22292,dqn,self,2,-0.6063,2.4751,64,2026-06-08T00:57:47
22293,pool:gen_007,dqn,1,1.6583,-1.8316,64,2026-06-08T00:57:50
22294,dqn,pool:gen_010,1,1.6583,-1.6831,64,2026-06-08T00:57:52
22295,self,dqn,2,-0.8043,2.4256,64,2026-06-08T00:57:54
22296,dqn,pool:gen_009,2,-0.8786,2.7969,64,2026-06-08T00:57:56
22297,pool:gen_008,dqn,1,1.7449,-2.1533,64,2026-06-08T00:57:58
22298,dqn,pool:gen_009,2,-1.1385,2.9083,64,2026-06-08T00:58:00
22299,pool:gen_009,dqn,1,2.0791,-2.3018,64,2026-06-08T00:58:03
22300,dqn,pool:gen_007,2,-0.6063,2.4009,64,2026-06-08T00:58:05
22301,pool:gen_005,dqn,1,2.2400,-2.0667,64,2026-06-08T01:11:05
22302,dqn,self,1,1.5717,-1.6583,64,2026-06-08T01:11:07
22303,self,dqn,2,-0.7548,2.4751,64,2026-06-08T01:11:09
22304,dqn,self,2,-0.6311,2.5246,64,2026-06-08T01:11:11
22305,self,dqn,2,-0.5692,2.6237,64,2026-06-08T01:11:14
22306,dqn,pool:gen_010,1,1.8811,-2.0172,64,2026-06-08T01:11:16
22307,self,dqn,2,-0.7796,2.4133,64,2026-06-08T01:11:18
22308,dqn,pool:gen_009,2,-1.0890,2.9207,64,2026-06-08T01:11:20
22309,self,dqn,1,1.6583,-1.7944,64,2026-06-08T01:11:22
22310,dqn,pool:gen_007,2,-0.6930,2.4628,64,2026-06-08T01:11:24
22311,pool:gen_007,dqn,1,1.6459,-1.9182,64,2026-06-08T01:11:26
22312,dqn,self,2,-0.6187,2.1658,64,2026-06-08T01:11:28
22313,self,dqn,2,-0.5940,2.3019,64,2026-06-08T01:11:31
22314,dqn,pool:gen_009,2,-1.1137,2.7845,64,2026-06-08T01:11:33
22315,self,dqn,1,1.4355,-1.6459,64,2026-06-08T01:11:35
22316,dqn,self,2,-0.6806,2.6237,64,2026-06-08T01:11:37
22317,pool:gen_007,dqn,2,-0.5568,2.4133,64,2026-06-08T01:11:39
22318,dqn,self,1,1.4355,-1.6831,64,2026-06-08T01:11:42
22319,pool:gen_010,dqn,2,-0.8786,2.8712,64,2026-06-08T01:11:44
22320,dqn,pool:gen_008,2,-1.0147,2.7350,64,2026-06-08T01:11:46
22321,pool:gen_007,dqn,1,1.7573,-1.9182,64,2026-06-08T01:11:48
22322,dqn,pool:gen_006,2,-0.9405,2.7350,64,2026-06-08T01:11:50
22323,pool:gen_010,dqn,2,-0.8291,2.7722,64,2026-06-08T01:11:52
22324,dqn,pool:gen_005,2,-1.0271,3.0939,64,2026-06-08T01:11:54
22325,pool:gen_005,dqn,1,2.2771,-2.0667,64,2026-06-08T01:11:56
22326,dqn,random,1,1.7821,-1.8192,64,2026-06-08T01:11:59
22327,self,dqn,2,-0.5692,2.5123,64,2026-06-08T01:12:01
22328,dqn,pool:gen_006,2,-0.6930,2.1657,64,2026-06-08T01:12:03
22329,pool:gen_007,dqn,1,1.6583,-1.9801,64,2026-06-08T01:12:05
22330,dqn,self,2,-1.1137,3.1558,64,2026-06-08T01:12:07
22331,pool:gen_010,dqn,2,-0.5568,2.4875,64,2026-06-08T01:12:09
22332,dqn,heuristic,1,1.9182,-1.3118,64,2026-06-08T01:12:11
22333,pool:gen_010,dqn,2,-0.9405,2.8835,64,2026-06-08T01:12:13
22334,dqn,self,2,-0.4083,2.3390,64,2026-06-08T01:12:16
22335,self,dqn,1,1.8811,-2.1286,64,2026-06-08T01:12:18
22336,dqn,self,2,-0.9776,2.7722,64,2026-06-08T01:12:20
22337,pool:gen_006,dqn,1,1.4479,-1.8192,64,2026-06-08T01:12:22
22338,dqn,self,1,1.2623,-1.7078,64,2026-06-08T01:12:24
22339,self,dqn,1,1.4974,-1.6583,64,2026-06-08T01:12:27
22340,dqn,pool:gen_006,1,1.4232,-1.5841,64,2026-06-08T01:12:29
22341,self,dqn,1,1.7821,-1.8192,64,2026-06-08T01:12:31
22342,dqn,pool:gen_006,1,1.6583,-1.9429,64,2026-06-08T01:12:33
22343,pool:gen_010,dqn,2,-1.0395,3.0815,64,2026-06-08T01:12:36
22344,dqn,pool:gen_007,1,1.5345,-1.7697,64,2026-06-08T01:12:38
22345,pool:gen_006,dqn,1,1.5593,-1.9306,64,2026-06-08T01:12:40
22346,dqn,self,2,-1.1261,3.1806,64,2026-06-08T01:12:42
22347,pool:gen_005,dqn,1,2.4256,-2.2523,64,2026-06-08T01:12:44
22348,dqn,self,1,1.5222,-1.6707,64,2026-06-08T01:12:47
22349,pool:gen_009,dqn,1,2.0172,-2.0667,64,2026-06-08T01:12:49
22350,dqn,self,1,2.2152,-2.1286,64,2026-06-08T01:12:51
22351,self,dqn,2,-0.3712,2.5247,64,2026-06-08T01:12:53
22352,dqn,pool:gen_009,2,-0.7425,2.7103,64,2026-06-08T01:12:55
22353,pool:gen_007,dqn,2,-0.6930,2.6855,64,2026-06-08T01:12:57
22354,dqn,pool:gen_006,2,-0.7672,2.4628,64,2026-06-08T01:12:59
22355,pool:gen_008,dqn,1,1.7449,-2.0791,64,2026-06-08T01:13:01
22356,dqn,self,1,1.5717,-1.6583,64,2026-06-08T01:13:04
22357,pool:gen_006,dqn,1,1.7821,-1.8934,64,2026-06-08T01:13:06
22358,dqn,pool:gen_007,1,1.5964,-1.6336,64,2026-06-08T01:13:08
22359,pool:gen_010,dqn,2,-0.8538,2.9330,64,2026-06-08T01:13:10
22360,dqn,pool:gen_007,1,1.7202,-1.6954,64,2026-06-08T01:13:12
22361,self,dqn,2,-0.6311,2.6360,64,2026-06-08T01:13:14
22362,dqn,self,2,-0.9652,3.1558,64,2026-06-08T01:13:16
22363,random,dqn,2,-0.8043,3.0197,64,2026-06-08T01:13:19
22364,dqn,self,1,2.1286,-1.9182,64,2026-06-08T01:13:21
22365,self,dqn,1,1.7202,-1.7697,64,2026-06-08T01:13:23
22366,dqn,self,1,1.5222,-1.7449,64,2026-06-08T01:13:25
22367,pool:gen_007,dqn,2,-0.6435,2.5123,64,2026-06-08T01:13:27
22368,dqn,self,1,1.6459,-1.7326,64,2026-06-08T01:13:29
22369,self,dqn,2,-0.8910,2.7103,64,2026-06-08T01:13:31
22370,dqn,self,1,1.9182,-2.0172,64,2026-06-08T01:13:33
22371,heuristic,dqn,2,-0.0370,2.7846,64,2026-06-08T01:13:35
22372,dqn,random,1,2.0296,-1.7202,64,2026-06-08T01:13:37
22373,self,dqn,1,1.8439,-1.7573,64,2026-06-08T01:13:39
22374,dqn,self,2,-0.6930,2.4999,64,2026-06-08T01:13:42
22375,self,dqn,2,-0.7920,2.5865,64,2026-06-08T01:13:44
22376,dqn,self,2,-0.8415,2.8340,64,2026-06-08T01:13:46
22377,pool:gen_006,dqn,1,1.7078,-1.8563,64,2026-06-08T01:13:48
22378,dqn,pool:gen_006,2,-0.6187,2.3514,64,2026-06-08T01:13:51
22379,pool:gen_007,dqn,2,-0.8662,3.0692,64,2026-06-08T01:13:53
22380,dqn,self,1,1.8687,-1.9182,64,2026-06-08T01:13:55
22381,random,dqn,2,-0.3712,2.6732,64,2026-06-08T01:13:57
22382,dqn,self,1,1.5593,-1.7449,64,2026-06-08T01:14:00
22383,pool:gen_005,dqn,1,2.2400,-2.1409,64,2026-06-08T01:14:02
22384,dqn,pool:gen_010,1,1.7202,-1.9182,64,2026-06-08T01:14:04
22385,pool:gen_008,dqn,1,1.4727,-1.6088,64,2026-06-08T01:14:06
22386,dqn,self,1,1.6583,-1.4603,64,2026-06-08T01:14:09
22387,random,dqn,2,-1.2375,3.3291,64,2026-06-08T01:14:11
22388,dqn,self,2,-0.7920,2.5123,64,2026-06-08T01:14:14
22389,pool:gen_007,dqn,2,-0.6682,2.6732,64,2026-06-08T01:14:16
22390,dqn,self,2,-0.5197,2.4875,64,2026-06-08T01:14:18
22391,pool:gen_010,dqn,2,-0.8662,2.8093,64,2026-06-08T01:14:20
22392,dqn,self,1,1.5840,-1.9058,64,2026-06-08T01:14:23
22393,random,dqn,2,-0.8786,3.2053,64,2026-06-08T01:14:25
22394,dqn,pool:gen_008,2,-0.6682,2.3761,64,2026-06-08T01:14:27
22395,self,dqn,2,-0.9281,2.7103,64,2026-06-08T01:14:29
22396,dqn,self,1,1.5345,-1.9182,64,2026-06-08T01:14:31
22397,pool:gen_008,dqn,1,1.5593,-1.7821,64,2026-06-08T01:14:33
22398,dqn,pool:gen_010,1,1.8316,-1.9553,64,2026-06-08T01:14:35
22399,self,dqn,1,1.6954,-1.7202,64,2026-06-08T01:14:37
22400,dqn,pool:gen_009,2,-1.1137,2.8959,64,2026-06-08T01:14:40
22401,pool:gen_006,dqn,2,-0.4331,2.4256,64,2026-06-08T01:29:47
22402,dqn,pool:gen_008,1,1.7697,-1.7573,64,2026-06-08T01:29:53
22403,self,dqn,2,-0.5568,2.4133,64,2026-06-08T01:29:59
22404,dqn,pool:gen_005,2,-1.0890,3.2177,64,2026-06-08T01:30:05
22405,random,dqn,2,-0.9033,2.8464,64,2026-06-08T01:30:10
22406,dqn,self,1,1.9553,-1.9058,64,2026-06-08T01:30:16
22407,self,dqn,1,1.5222,-1.5222,64,2026-06-08T01:30:23
22408,dqn,pool:gen_010,1,1.6707,-1.7821,64,2026-06-08T01:30:28
22409,pool:gen_006,dqn,1,1.6954,-1.7573,64,2026-06-08T01:30:35
22410,dqn,pool:gen_006,1,1.6336,-1.7821,64,2026-06-08T01:30:41
22411,self,dqn,1,1.9306,-2.1162,64,2026-06-08T01:30:47
22412,dqn,pool:gen_007,1,2.0914,-2.1038,64,2026-06-08T01:30:54
22413,random,dqn,2,-0.8909,3.5642,64,2026-06-08T01:31:00
22414,dqn,self,1,1.5593,-1.8192,64,2026-06-08T01:31:06
22415,random,dqn,2,-1.1261,3.2177,64,2026-06-08T01:31:12
22416,dqn,self,2,-1.0024,2.4504,64,2026-06-08T01:31:18
22417,pool:gen_005,dqn,1,1.9430,-1.5840,64,2026-06-08T01:31:25
22418,dqn,pool:gen_009,2,-1.1261,3.1063,64,2026-06-08T01:31:30
22419,pool:gen_010,dqn,2,-0.4702,2.4999,64,2026-06-08T01:31:37
22420,dqn,self,1,1.7202,-1.6954,64,2026-06-08T01:31:44
22421,pool:gen_010,dqn,2,-0.6435,2.5494,64,2026-06-08T01:31:50
22422,dqn,pool:gen_006,2,-0.4950,2.4752,64,2026-06-08T01:31:56
22423,pool:gen_005,dqn,1,2.3142,-1.8068,64,2026-06-08T01:32:02
22424,dqn,self,2,-0.6187,2.7969,64,2026-06-08T01:32:08
22425,pool:gen_009,dqn,1,2.3390,-2.1904,64,2026-06-08T01:32:14
22426,dqn,pool:gen_006,1,1.7202,-1.7326,64,2026-06-08T01:32:21
22427,self,dqn,2,-0.7053,2.5246,64,2026-06-08T01:32:28
22428,dqn,pool:gen_007,1,1.5345,-1.6954,64,2026-06-08T01:32:33
22429,self,dqn,2,-1.0395,3.0073,64,2026-06-08T01:32:39
22430,dqn,self,1,1.3737,-1.8563,64,2026-06-08T01:32:46
22431,random,dqn,2,-0.5692,2.6608,64,2026-06-08T01:32:51
22432,dqn,self,1,1.7449,-1.8563,64,2026-06-08T01:32:58
22433,self,dqn,1,1.8934,-1.8563,64,2026-06-08T01:33:04
22434,dqn,heuristic,1,2.0667,-1.2375,64,2026-06-08T01:33:10
22435,pool:gen_010,dqn,2,-0.6929,2.9454,64,2026-06-08T01:33:16
22436,dqn,pool:gen_007,1,1.8192,-1.9677,64,2026-06-08T01:33:23
22437,pool:gen_010,dqn,2,-0.7920,2.8835,64,2026-06-08T01:33:35
22438,dqn,self,2,-0.6063,2.7722,64,2026-06-08T01:33:44
22439,random,dqn,2,-1.6582,3.8365,64,2026-06-08T01:33:51
22440,dqn,self,1,1.8068,-2.0543,64,2026-06-08T01:33:58
22441,self,dqn,1,1.9924,-2.1286,64,2026-06-08T01:34:06
22442,dqn,pool:gen_005,2,-0.5321,3.0321,64,2026-06-08T01:34:12
22443,pool:gen_006,dqn,2,-0.3959,2.5370,64,2026-06-08T01:34:18
22444,dqn,self,1,1.6707,-1.8563,64,2026-06-08T01:34:26
22445,self,dqn,2,-0.6187,2.4256,64,2026-06-08T01:34:34
22446,dqn,pool:gen_006,2,-0.7672,2.6484,64,2026-06-08T01:34:41
22447,pool:gen_005,dqn,1,2.1905,-2.0419,64,2026-06-08T01:34:49
22448,dqn,pool:gen_008,1,1.9058,-1.8439,64,2026-06-08T01:34:56
22449,self,dqn,2,-0.8786,2.7969,64,2026-06-08T01:35:04
22450,dqn,self,1,1.6831,-1.8068,64,2026-06-08T01:35:11
22451,pool:gen_007,dqn,2,-0.7301,2.6113,64,2026-06-08T01:35:18
22452,dqn,self,1,1.7573,-2.1781,64,2026-06-08T01:35:26
22453,pool:gen_008,dqn,2,-0.4083,2.4504,64,2026-06-08T01:35:34
22454,dqn,pool:gen_010,1,1.7573,-1.9182,64,2026-06-08T01:35:41
22455,self,dqn,1,1.4479,-1.6336,64,2026-06-08T01:35:49
22456,dqn,self,2,-0.4826,2.4133,64,2026-06-08T01:35:56
22457,pool:gen_009,dqn,1,1.7078,-1.9306,64,2026-06-08T01:36:03
22458,dqn,self,2,-0.8043,2.4999,64,2026-06-08T01:36:11
22459,pool:gen_010,dqn,2,-0.7177,2.8464,64,2026-06-08T01:36:18
22460,dqn,self,2,-0.8043,2.8340,64,2026-06-08T01:36:26
22461,pool:gen_008,dqn,2,-0.6682,2.4504,64,2026-06-08T01:36:33
22462,dqn,self,2,-0.6311,2.4133,64,2026-06-08T01:36:40
22463,random,dqn,2,-0.8910,3.0073,64,2026-06-08T01:36:46
22464,dqn,self,1,1.4232,-1.9553,64,2026-06-08T01:36:54
22465,self,dqn,2,-0.8662,2.4009,64,2026-06-08T01:37:01
22466,dqn,pool:gen_008,1,1.5469,-1.7944,64,2026-06-08T01:37:08
22467,pool:gen_007,dqn,2,-0.9652,2.8959,64,2026-06-08T01:37:15
22468,dqn,pool:gen_005,2,-0.7177,3.1063,64,2026-06-08T01:37:22
22469,self,dqn,1,1.6707,-1.8934,64,2026-06-08T01:37:29
22470,dqn,pool:gen_006,2,-0.5444,2.6113,64,2026-06-08T01:37:36
22471,self,dqn,1,1.9924,-1.9058,64,2026-06-08T01:37:44
22472,dqn,self,2,-0.7301,2.5370,64,2026-06-08T01:37:51
22473,pool:gen_008,dqn,2,-0.7796,2.5246,64,2026-06-08T01:38:02
22474,dqn,self,2,-0.7796,2.5618,64,2026-06-08T01:38:10
22475,heuristic,dqn,2,-0.9775,4.3686,64,2026-06-08T01:38:15
22476,dqn,self,1,1.6088,-1.8811,64,2026-06-08T01:38:23
22477,self,dqn,2,-0.6435,2.5123,64,2026-06-08T01:38:30
22478,dqn,self,2,-0.8538,2.8217,64,2026-06-08T01:38:38
22479,self,dqn,1,1.4727,-1.8316,64,2026-06-08T01:38:45
22480,dqn,pool:gen_006,1,1.6707,-1.7078,64,2026-06-08T01:38:53
22481,self,dqn,1,1.7944,-1.9553,64,2026-06-08T01:39:00
22482,dqn,self,2,-0.3341,2.7103,64,2026-06-08T01:39:06
22483,self,dqn,2,-1.2994,3.2672,64,2026-06-08T01:39:13
22484,dqn,pool:gen_006,1,1.7326,-1.4232,64,2026-06-08T01:39:19
22485,self,dqn,2,-0.6930,2.7598,64,2026-06-08T01:39:25
22486,dqn,pool:gen_006,2,-0.4331,2.5370,64,2026-06-08T01:39:32
22487,self,dqn,1,2.1162,-2.1905,64,2026-06-08T01:39:38
22488,dqn,self,1,2.3390,-2.0791,64,2026-06-08T01:39:44
22489,self,dqn,2,-0.8291,2.5123,64,2026-06-08T01:39:51
22490,dqn,pool:gen_009,2,-1.1632,2.9949,64,2026-06-08T01:39:57
22491,pool:gen_006,dqn,2,-0.4578,2.5865,64,2026-06-08T01:40:03
22492,dqn,pool:gen_009,2,-0.9405,2.8835,64,2026-06-08T01:40:09
22493,pool:gen_009,dqn,1,1.9553,-1.9801,64,2026-06-08T01:40:15
22494,dqn,pool:gen_008,2,-0.6063,2.5494,64,2026-06-08T01:40:22
22495,pool:gen_009,dqn,1,2.1286,-2.1409,64,2026-06-08T01:40:27
22496,dqn,pool:gen_009,2,-0.9157,2.7969,64,2026-06-08T01:40:33
22497,self,dqn,2,-0.9281,2.5989,64,2026-06-08T01:40:40
22498,dqn,pool:gen_006,1,1.5964,-1.5593,64,2026-06-08T01:40:46
22499,pool:gen_007,dqn,2,-1.0518,2.9949,64,2026-06-08T01:40:52
22500,dqn,self,2,-0.6558,2.4628,64,2026-06-08T01:40:58
22501,pool:gen_010,dqn,2,-0.4331,2.5742,64,2026-06-08T02:03:46
22502,dqn,self,2,-0.6311,2.5246,64,2026-06-08T02:03:56
22503,self,dqn,1,1.6459,-1.6954,64,2026-06-08T02:04:05
22504,dqn,self,1,1.9306,-2.0048,64,2026-06-08T02:04:14
22505,pool:gen_006,dqn,2,-0.4331,2.3885,64,2026-06-08T02:04:23
22506,dqn,heuristic,1,3.4528,-1.9305,64,2026-06-08T02:04:32
22507,self,dqn,2,-0.6682,2.1905,64,2026-06-08T02:04:40
22508,dqn,pool:gen_006,1,1.9677,-1.5222,64,2026-06-08T02:04:51
22509,self,dqn,1,1.8068,-1.8687,64,2026-06-08T02:05:03
22510,dqn,self,1,1.6707,-2.0791,64,2026-06-08T02:05:13
22511,pool:gen_010,dqn,2,-0.7920,2.8093,64,2026-06-08T02:05:25
22512,dqn,random,1,2.9454,-2.2523,64,2026-06-08T02:05:36
22513,self,dqn,2,-0.8415,2.4999,64,2026-06-08T02:05:45
22514,dqn,self,1,1.6335,-1.8934,64,2026-06-08T02:05:57
22515,pool:gen_009,dqn,1,2.1038,-2.1286,64,2026-06-08T02:06:09
22516,dqn,pool:gen_006,1,1.6831,-1.5098,64,2026-06-08T02:06:19
22517,self,dqn,1,1.7697,-2.0172,64,2026-06-08T02:06:30
22518,dqn,heuristic,1,2.9330,-1.8563,64,2026-06-08T02:06:39
22519,pool:gen_007,dqn,2,-0.9776,2.7350,64,2026-06-08T02:06:51
22520,dqn,self,2,-0.7548,2.6979,64,2026-06-08T02:07:02
22521,pool:gen_007,dqn,2,-0.9033,2.6608,64,2026-06-08T02:07:12
22522,dqn,self,1,1.5964,-1.7821,64,2026-06-08T02:07:20
22523,pool:gen_008,dqn,2,-0.8910,2.6731,64,2026-06-08T02:07:28
22524,dqn,pool:gen_010,1,2.3266,-2.2771,64,2026-06-08T02:07:37
22525,pool:gen_010,dqn,2,-0.7672,2.6484,64,2026-06-08T02:07:44
22526,dqn,self,1,1.8316,-1.6954,64,2026-06-08T02:07:52
22527,self,dqn,2,-0.7177,2.7350,64,2026-06-08T02:08:00
22528,dqn,pool:gen_006,1,1.7078,-1.7449,64,2026-06-08T02:08:07
22529,self,dqn,1,1.9429,-2.0296,64,2026-06-08T02:08:14
22530,dqn,heuristic,1,2.6236,-1.3489,64,2026-06-08T02:08:21
22531,random,dqn,2,-0.3836,2.5494,64,2026-06-08T02:08:29
22532,dqn,self,2,-0.7177,2.4009,64,2026-06-08T02:08:37
22533,pool:gen_007,dqn,2,-0.8415,2.7598,64,2026-06-08T02:08:44
22534,dqn,pool:gen_007,1,1.7202,-1.8068,64,2026-06-08T02:08:51
22535,pool:gen_006,dqn,2,-0.5197,2.4504,64,2026-06-08T02:08:59
22536,dqn,pool:gen_010,1,1.4974,-1.5469,64,2026-06-08T02:09:07
22537,pool:gen_005,dqn,1,2.3513,-1.9924,64,2026-06-08T02:09:14
22538,dqn,pool:gen_008,1,1.5469,-1.8316,64,2026-06-08T02:09:23
22539,self,dqn,1,1.7202,-1.7326,64,2026-06-08T02:09:31
22540,dqn,pool:gen_008,1,1.7202,-1.9553,64,2026-06-08T02:09:38
22541,self,dqn,1,1.6335,-1.8563,64,2026-06-08T02:09:46
22542,dqn,pool:gen_007,1,2.2276,-2.4503,64,2026-06-08T02:09:54
22543,pool:gen_007,dqn,2,-0.8910,2.8588,64,2026-06-08T02:10:01
22544,dqn,self,2,-0.9405,2.6608,64,2026-06-08T02:10:13
22545,pool:gen_010,dqn,2,-0.5816,2.5370,64,2026-06-08T02:10:24
22546,dqn,pool:gen_005,2,-0.5692,3.0692,64,2026-06-08T02:10:34
22547,self,dqn,1,1.5345,-1.7326,64,2026-06-08T02:10:47
22548,dqn,pool:gen_008,1,1.7202,-1.8068,64,2026-06-08T02:10:57
22549,self,dqn,2,-0.6806,2.5865,64,2026-06-08T02:11:10
22550,dqn,pool:gen_008,1,1.4603,-1.8439,64,2026-06-08T02:11:19
22551,random,dqn,2,-0.8910,3.1929,64,2026-06-08T02:11:28
22552,dqn,heuristic,2,-0.0742,2.9702,64,2026-06-08T02:11:36
22553,self,dqn,1,2.0296,-2.0172,64,2026-06-08T02:11:43
22554,dqn,random,1,2.5370,-2.2894,64,2026-06-08T02:11:49
22555,pool:gen_007,dqn,2,-1.2251,3.1558,64,2026-06-08T02:11:57
22556,dqn,pool:gen_006,1,1.5964,-1.4850,64,2026-06-08T02:12:05
22557,self,dqn,1,1.8563,-1.9677,64,2026-06-08T02:12:13
22558,dqn,pool:gen_008,1,1.5964,-2.0048,64,2026-06-08T02:12:21
22559,pool:gen_009,dqn,1,2.0914,-2.1409,64,2026-06-08T02:12:27
22560,dqn,self,2,-0.5197,2.7474,64,2026-06-08T02:12:35
22561,pool:gen_005,dqn,1,2.0420,-1.8563,64,2026-06-08T02:12:43
22562,dqn,pool:gen_008,1,1.4603,-1.8811,64,2026-06-08T02:12:51
22563,pool:gen_007,dqn,2,-1.2127,3.1310,64,2026-06-08T02:12:59
22564,dqn,self,2,-0.3712,2.6360,64,2026-06-08T02:13:06
22565,self,dqn,2,-0.6930,2.4999,64,2026-06-08T02:13:14
22566,dqn,self,1,1.8811,-1.8316,64,2026-06-08T02:13:20
22567,self,dqn,2,-0.7920,2.8464,64,2026-06-08T02:13:28
22568,dqn,self,2,-0.8167,2.7845,64,2026-06-08T02:13:36
22569,pool:gen_010,dqn,1,1.7326,-1.9429,64,2026-06-08T02:13:44
22570,dqn,self,2,-0.5692,2.3266,64,2026-06-08T02:13:51
22571,pool:gen_008,dqn,2,-0.8910,2.5618,64,2026-06-08T02:14:00
22572,dqn,self,1,1.7821,-1.8192,64,2026-06-08T02:14:08
22573,self,dqn,2,-1.0519,2.5123,64,2026-06-08T02:14:16
22574,dqn,pool:gen_010,2,-0.7548,2.4009,64,2026-06-08T02:14:23
22575,random,dqn,1,1.7697,-1.8687,64,2026-06-08T02:14:30
22576,dqn,random,1,2.2523,-2.3513,64,2026-06-08T02:14:38
22577,pool:gen_010,dqn,1,1.7821,-1.8563,64,2026-06-08T02:14:46
22578,dqn,self,2,-0.8043,2.4628,64,2026-06-08T02:14:53
22579,self,dqn,1,1.3489,-1.6583,64,2026-06-08T02:15:01
22580,dqn,pool:gen_010,1,1.4355,-1.7202,64,2026-06-08T02:15:09
22581,pool:gen_006,dqn,1,1.6583,-1.6459,64,2026-06-08T02:15:16
22582,dqn,pool:gen_007,1,2.1904,-2.3761,64,2026-06-08T02:15:24
22583,self,dqn,1,1.7820,-2.0791,64,2026-06-08T02:15:31
22584,dqn,pool:gen_005,2,-0.8043,2.9454,64,2026-06-08T02:15:39
22585,pool:gen_010,dqn,1,1.5717,-1.5469,64,2026-06-08T02:15:47
22586,dqn,self,2,-0.8291,2.2524,64,2026-06-08T02:15:56
22587,self,dqn,2,-0.6435,2.4751,64,2026-06-08T02:16:04
22588,dqn,pool:gen_007,1,2.1657,-2.3266,64,2026-06-08T02:16:12
22589,pool:gen_006,dqn,2,-0.7425,2.7845,64,2026-06-08T02:16:20
22590,dqn,self,2,-0.7301,2.3885,64,2026-06-08T02:16:28
22591,pool:gen_008,dqn,2,-0.7053,2.4133,64,2026-06-08T02:16:36
22592,dqn,pool:gen_007,1,2.2895,-2.1657,64,2026-06-08T02:16:44
22593,pool:gen_008,dqn,2,-0.6930,2.4628,64,2026-06-08T02:16:54
22594,dqn,self,2,-0.9652,2.9702,64,2026-06-08T02:17:03
22595,self,dqn,1,1.5222,-1.8935,64,2026-06-08T02:17:12
22596,dqn,pool:gen_010,2,-0.7053,2.6732,64,2026-06-08T02:17:20
22597,self,dqn,1,1.8316,-1.9553,64,2026-06-08T02:17:30
22598,dqn,pool:gen_008,1,1.4108,-1.8192,64,2026-06-08T02:17:42
22599,self,dqn,2,-0.8415,2.6855,64,2026-06-08T02:17:54
22600,dqn,self,1,1.4974,-1.5098,64,2026-06-08T02:18:05
22601,self,dqn,2,-0.4826,2.3390,64,2026-06-08T02:39:51
22602,dqn,pool:gen_007,1,2.2894,-2.3885,64,2026-06-08T02:39:58
22603,self,dqn,2,-0.9900,2.9083,64,2026-06-08T02:40:04
22604,dqn,self,2,-0.5073,2.4628,64,2026-06-08T02:40:10
22605,pool:gen_009,dqn,1,2.4380,-2.3885,64,2026-06-08T02:40:17
22606,dqn,pool:gen_009,2,-1.0147,2.7722,64,2026-06-08T02:40:23
22607,self,dqn,1,1.5593,-1.6707,64,2026-06-08T02:40:29
22608,dqn,pool:gen_010,2,-0.5073,2.4256,64,2026-06-08T02:40:36
22609,pool:gen_009,dqn,1,2.4256,-2.2523,64,2026-06-08T02:40:42
22610,dqn,self,1,1.8563,-1.8934,64,2026-06-08T02:40:48
22611,self,dqn,2,-1.0147,2.9207,64,2026-06-08T02:40:54
22612,dqn,self,2,-0.4826,2.4875,64,2026-06-08T02:41:02
22613,pool:gen_010,dqn,1,1.8068,-1.9058,64,2026-06-08T02:41:08
22614,dqn,pool:gen_010,2,-0.6435,2.4009,64,2026-06-08T02:41:14
22615,self,dqn,2,-0.7548,2.5494,64,2026-06-08T02:41:20
22616,dqn,self,2,-0.7796,2.5618,64,2026-06-08T02:41:27
22617,self,dqn,2,-0.6558,2.3514,64,2026-06-08T02:41:35
22618,dqn,self,1,1.3365,-1.7449,64,2026-06-08T02:41:41
22619,random,dqn,2,-1.0271,3.4652,64,2026-06-08T02:41:47
22620,dqn,self,2,-0.7796,2.1534,64,2026-06-08T02:41:53
22621,pool:gen_006,dqn,2,-0.5816,2.5742,64,2026-06-08T02:41:59
22622,dqn,self,2,-1.0024,2.7103,64,2026-06-08T02:42:05
22623,self,dqn,2,-0.7548,2.6979,64,2026-06-08T02:42:12
22624,dqn,pool:gen_008,2,-0.6806,2.1781,64,2026-06-08T02:42:18
22625,pool:gen_006,dqn,2,-0.7053,2.7103,64,2026-06-08T02:42:24
22626,dqn,pool:gen_010,2,-0.7920,2.5865,64,2026-06-08T02:42:31
22627,pool:gen_006,dqn,2,-0.6311,2.7474,64,2026-06-08T02:42:37
22628,dqn,pool:gen_005,2,-0.8291,3.1434,64,2026-06-08T02:42:43
22629,self,dqn,1,1.8316,-2.1038,64,2026-06-08T02:42:53
22630,dqn,self,1,1.6707,-2.0048,64,2026-06-08T02:43:00
22631,self,dqn,1,1.8439,-2.0543,64,2026-06-08T02:43:07
22632,dqn,random,2,-0.5692,2.6979,64,2026-06-08T02:43:13
22633,self,dqn,2,-0.7301,2.3514,64,2026-06-08T02:43:19
22634,dqn,pool:gen_007,1,2.1286,-2.2895,64,2026-06-08T02:43:26
22635,pool:gen_008,dqn,1,1.5222,-1.7821,64,2026-06-08T02:43:33
22636,dqn,random,1,2.2895,-2.2399,64,2026-06-08T02:43:39
22637,self,dqn,2,-0.4950,2.4009,64,2026-06-08T02:43:45
22638,dqn,heuristic,1,1.8192,-1.2994,64,2026-06-08T02:43:51
22639,self,dqn,1,1.8068,-1.6831,64,2026-06-08T02:43:58
22640,dqn,pool:gen_010,1,1.5841,-1.5717,64,2026-06-08T02:44:04
22641,pool:gen_010,dqn,2,-0.4083,2.4875,64,2026-06-08T02:44:10
22642,dqn,self,1,1.7202,-1.8811,64,2026-06-08T02:44:17
22643,self,dqn,2,-0.6187,2.4628,64,2026-06-08T02:44:24
22644,dqn,pool:gen_008,2,-0.7301,2.4256,64,2026-06-08T02:44:30
22645,pool:gen_008,dqn,1,1.4727,-1.7944,64,2026-06-08T02:44:39
22646,dqn,random,1,2.2152,-2.0172,64,2026-06-08T02:44:47
22647,pool:gen_008,dqn,1,1.3860,-1.6212,64,2026-06-08T02:44:55
22648,dqn,pool:gen_010,1,1.5717,-1.5841,64,2026-06-08T02:45:04
22649,pool:gen_008,dqn,1,1.4974,-1.8439,64,2026-06-08T02:45:13
22650,dqn,self,1,1.7697,-1.9429,64,2026-06-08T02:45:21
22651,pool:gen_008,dqn,1,1.5222,-1.8935,64,2026-06-08T02:45:29
22652,dqn,self,2,-0.6187,2.2029,64,2026-06-08T02:45:37
22653,self,dqn,2,-0.6558,2.4628,64,2026-06-08T02:45:45
22654,dqn,pool:gen_007,1,1.9182,-1.8687,64,2026-06-08T02:45:55
22655,self,dqn,2,-0.6187,2.3514,64,2026-06-08T02:46:04
22656,dqn,self,2,-0.5692,2.4009,64,2026-06-08T02:46:11
22657,self,dqn,1,2.0296,-2.2771,64,2026-06-08T02:46:18
22658,dqn,self,2,-0.7672,2.5370,64,2026-06-08T02:46:26
22659,self,dqn,1,1.7449,-1.8563,64,2026-06-08T02:46:38
22660,dqn,pool:gen_010,2,-0.5197,2.4875,64,2026-06-08T02:46:49
22661,pool:gen_010,dqn,2,-0.4826,2.6360,64,2026-06-08T02:46:57
22662,dqn,self,2,-1.0271,2.8340,64,2026-06-08T02:47:05
22663,pool:gen_007,dqn,2,-1.0147,2.9949,64,2026-06-08T02:47:16
22664,dqn,self,1,2.6112,-2.3266,64,2026-06-08T02:47:28
22665,self,dqn,1,1.5593,-1.8935,64,2026-06-08T02:47:38
22666,dqn,pool:gen_009,2,-0.7177,2.4380,64,2026-06-08T02:47:53
22667,pool:gen_009,dqn,1,1.4727,-1.6459,64,2026-06-08T02:48:07
22668,dqn,random,1,2.1905,-1.8563,64,2026-06-08T02:48:22
22669,self,dqn,2,-0.8786,2.7969,64,2026-06-08T02:48:29
22670,dqn,pool:gen_007,1,2.1286,-2.3266,64,2026-06-08T02:48:37
22671,pool:gen_006,dqn,2,-0.7177,2.8093,64,2026-06-08T02:48:51
22672,dqn,pool:gen_006,1,1.8934,-1.8192,64,2026-06-08T02:49:01
22673,self,dqn,1,1.4355,-1.7202,64,2026-06-08T02:49:09
22674,dqn,pool:gen_006,1,1.9306,-1.8563,64,2026-06-08T02:49:21
22675,random,dqn,2,-0.9900,2.7598,64,2026-06-08T02:49:29
22676,dqn,self,1,1.5840,-1.9430,64,2026-06-08T02:49:39
22677,self,dqn,1,2.3142,-2.3266,64,2026-06-08T02:49:48
22678,dqn,pool:gen_010,2,-0.6682,2.5618,64,2026-06-08T02:49:57
22679,pool:gen_009,dqn,1,1.7821,-1.9677,64,2026-06-08T02:50:05
22680,dqn,pool:gen_009,2,-1.2004,2.9949,64,2026-06-08T02:50:12
22681,pool:gen_009,dqn,1,2.0791,-2.2647,64,2026-06-08T02:50:23
22682,dqn,pool:gen_007,1,2.3142,-2.1781,64,2026-06-08T02:50:34
22683,self,dqn,1,1.8563,-1.8934,64,2026-06-08T02:50:42
22684,dqn,self,1,2.0296,-1.9801,64,2026-06-08T02:50:51
22685,pool:gen_005,dqn,1,2.3142,-2.1038,64,2026-06-08T02:50:59
22686,dqn,random,1,2.0543,-2.1781,64,2026-06-08T02:51:07
22687,pool:gen_009,dqn,1,2.1533,-2.3018,64,2026-06-08T02:51:14
22688,dqn,pool:gen_010,1,1.7697,-1.7944,64,2026-06-08T02:51:22
22689,pool:gen_008,dqn,1,1.4974,-1.8439,64,2026-06-08T02:51:30
22690,dqn,pool:gen_007,1,2.2523,-2.3885,64,2026-06-08T02:51:38
22691,pool:gen_009,dqn,1,1.5964,-1.6336,64,2026-06-08T02:51:45
22692,dqn,self,1,1.6954,-2.0172,64,2026-06-08T02:51:54
22693,self,dqn,1,1.5345,-1.7697,64,2026-06-08T02:52:02
22694,dqn,self,1,1.5964,-1.9677,64,2026-06-08T02:52:11
22695,self,dqn,1,1.5345,-2.0296,64,2026-06-08T02:52:19
22696,dqn,self,1,1.5222,-1.8192,64,2026-06-08T02:52:27
22697,self,dqn,2,-0.4702,2.4999,64,2026-06-08T02:52:37
22698,dqn,pool:gen_007,1,2.3390,-2.3761,64,2026-06-08T02:52:46
22699,self,dqn,2,-1.1385,2.6484,64,2026-06-08T02:52:55
22700,dqn,random,1,1.7697,-1.7202,64,2026-06-08T02:53:03
22701,pool:gen_009,dqn,1,2.0172,-1.9553,64,2026-06-08T03:14:13
22702,dqn,pool:gen_010,1,1.6707,-1.5593,64,2026-06-08T03:14:20
22703,random,dqn,2,-0.5816,2.5370,64,2026-06-08T03:14:27
22704,dqn,self,1,1.9306,-1.8934,64,2026-06-08T03:14:36
22705,self,dqn,1,2.1905,-2.0419,64,2026-06-08T03:14:46
22706,dqn,pool:gen_005,2,-0.7053,2.9702,64,2026-06-08T03:15:00
22707,self,dqn,1,1.5469,-1.9430,64,2026-06-08T03:15:09
22708,dqn,self,2,-0.9157,2.6855,64,2026-06-08T03:15:18
22709,pool:gen_007,dqn,2,-1.2870,3.0939,64,2026-06-08T03:15:27
22710,dqn,pool:gen_005,2,-0.7424,3.0073,64,2026-06-08T03:15:38
22711,random,dqn,2,-0.4702,2.9454,64,2026-06-08T03:15:52
22712,dqn,self,1,2.3390,-2.4132,64,2026-06-08T03:16:01
22713,pool:gen_010,dqn,1,1.6707,-1.7078,64,2026-06-08T03:16:10
22714,dqn,self,2,-0.9281,2.7103,64,2026-06-08T03:16:20
22715,pool:gen_009,dqn,1,1.7202,-1.8068,64,2026-06-08T03:16:27
22716,dqn,self,1,1.4232,-1.8440,64,2026-06-08T03:16:35
22717,self,dqn,1,1.5222,-1.7449,64,2026-06-08T03:16:44
22718,dqn,self,1,1.5840,-1.8316,64,2026-06-08T03:16:52
22719,pool:gen_006,dqn,2,-0.6806,2.5865,64,2026-06-08T03:17:04
22720,dqn,heuristic,1,2.7969,-1.7696,64,2026-06-08T03:17:13
22721,self,dqn,1,1.4727,-1.8316,64,2026-06-08T03:17:21
22722,dqn,self,2,-0.9652,2.6731,64,2026-06-08T03:17:29
22723,self,dqn,2,-0.7548,2.9578,64,2026-06-08T03:17:37
22724,dqn,self,1,1.8316,-1.9182,64,2026-06-08T03:17:45
22725,pool:gen_008,dqn,1,1.3860,-1.9553,64,2026-06-08T03:17:53
22726,dqn,self,1,1.5840,-1.6831,64,2026-06-08T03:18:02
22727,self,dqn,2,-0.6435,2.5123,64,2026-06-08T03:18:10
22728,dqn,self,1,1.8439,-2.0172,64,2026-06-08T03:18:19
22729,self,dqn,1,1.3613,-1.6459,64,2026-06-08T03:18:29
22730,dqn,self,2,-0.7796,2.9330,64,2026-06-08T03:18:37
22731,pool:gen_006,dqn,1,1.4850,-1.4851,64,2026-06-08T03:18:46
22732,dqn,self,2,-0.5073,2.3885,64,2026-06-08T03:18:55
22733,self,dqn,1,1.6830,-1.8811,64,2026-06-08T03:19:04
22734,dqn,self,1,2.0296,-1.9058,64,2026-06-08T03:19:13
22735,self,dqn,1,1.5717,-1.9553,64,2026-06-08T03:19:21
22736,dqn,heuristic,1,1.7573,-1.4355,64,2026-06-08T03:19:29
22737,pool:gen_010,dqn,2,-0.7301,2.7598,64,2026-06-08T03:19:39
22738,dqn,self,1,1.6583,-1.7573,64,2026-06-08T03:19:48
22739,pool:gen_006,dqn,2,-0.5073,2.5742,64,2026-06-08T03:19:58
22740,dqn,heuristic,1,2.4009,-1.7573,64,2026-06-08T03:20:06
22741,pool:gen_006,dqn,2,-0.8291,2.7722,64,2026-06-08T03:20:15
22742,dqn,heuristic,1,2.7103,-1.7078,64,2026-06-08T03:20:23
22743,pool:gen_009,dqn,1,1.6831,-1.7697,64,2026-06-08T03:20:33
22744,dqn,self,1,1.7326,-1.7202,64,2026-06-08T03:20:41
22745,pool:gen_009,dqn,2,-0.4578,2.4752,64,2026-06-08T03:20:50
22746,dqn,self,1,1.5840,-1.6831,64,2026-06-08T03:21:02
22747,self,dqn,1,1.5098,-1.8687,64,2026-06-08T03:21:10
22748,dqn,pool:gen_005,2,-0.7053,2.7474,64,2026-06-08T03:21:19
22749,heuristic,dqn,2,-0.4826,2.7845,64,2026-06-08T03:21:26
22750,dqn,pool:gen_008,1,1.4603,-1.8439,64,2026-06-08T03:21:36
22751,pool:gen_010,dqn,2,-0.5073,2.5742,64,2026-06-08T03:21:45
22752,dqn,self,1,1.7449,-1.8934,64,2026-06-08T03:21:54
22753,self,dqn,1,1.5841,-1.5717,64,2026-06-08T03:22:06
22754,dqn,pool:gen_010,1,1.5222,-1.6707,64,2026-06-08T03:22:15
22755,self,dqn,1,1.7697,-2.0543,64,2026-06-08T03:22:22
22756,dqn,self,2,-0.6311,2.2648,64,2026-06-08T03:22:24
22757,self,dqn,2,-0.8539,2.3019,64,2026-06-08T03:22:26
22758,dqn,pool:gen_005,2,-0.5197,2.5989,64,2026-06-08T03:22:28
22759,heuristic,dqn,2,-0.3093,3.5890,64,2026-06-08T03:22:30
22760,dqn,self,1,1.5469,-1.8316,64,2026-06-08T03:22:32
22761,pool:gen_006,dqn,2,-0.6435,2.4380,64,2026-06-08T03:22:34
22762,dqn,pool:gen_010,2,-0.5568,2.4133,64,2026-06-08T03:22:36
22763,self,dqn,1,1.8439,-2.1286,64,2026-06-08T03:22:38
22764,dqn,pool:gen_008,1,1.3860,-1.6583,64,2026-06-08T03:22:40
22765,heuristic,dqn,1,1.7202,-1.3984,64,2026-06-08T03:22:42
22766,dqn,self,1,1.6088,-1.9553,64,2026-06-08T03:22:44
22767,self,dqn,1,1.8563,-2.1162,64,2026-06-08T03:22:45
22768,dqn,heuristic,1,2.5989,-1.7449,64,2026-06-08T03:22:47
22769,self,dqn,1,2.0914,-2.1038,64,2026-06-08T03:22:49
22770,dqn,pool:gen_010,1,1.5593,-1.7078,64,2026-06-08T03:22:51
22771,pool:gen_006,dqn,2,-0.7425,2.6360,64,2026-06-08T03:22:53
22772,dqn,pool:gen_006,1,1.9306,-1.9677,64,2026-06-08T03:22:56
22773,self,dqn,1,1.5469,-1.7573,64,2026-06-08T03:22:58
22774,dqn,self,2,-0.7548,2.4751,64,2026-06-08T03:23:00
22775,self,dqn,1,1.9429,-1.8439,64,2026-06-08T03:23:02
22776,dqn,self,2,-0.6558,3.1682,64,2026-06-08T03:23:04
22777,random,dqn,2,-1.7077,4.2696,64,2026-06-08T03:23:06
22778,dqn,self,1,1.6831,-1.6212,64,2026-06-08T03:23:09
22779,pool:gen_007,dqn,2,-1.1632,3.4033,64,2026-06-08T03:23:11
22780,dqn,pool:gen_008,1,1.3118,-1.6954,64,2026-06-08T03:23:13
22781,pool:gen_010,dqn,2,-0.8043,2.8340,64,2026-06-08T03:23:15
22782,dqn,self,1,1.7078,-1.8563,64,2026-06-08T03:23:17
22783,self,dqn,2,-0.5073,2.5742,64,2026-06-08T03:23:20
22784,dqn,self,2,-0.6682,2.4875,64,2026-06-08T03:23:22
22785,pool:gen_009,dqn,1,1.5345,-1.6212,64,2026-06-08T03:23:23
22786,dqn,random,1,2.0914,-1.9924,64,2026-06-08T03:23:25
22787,self,dqn,1,1.6336,-1.5964,64,2026-06-08T03:23:27
22788,dqn,self,1,1.6707,-1.9677,64,2026-06-08T03:23:29
22789,self,dqn,1,1.7573,-2.0296,64,2026-06-08T03:23:31
22790,dqn,self,1,1.4479,-1.7449,64,2026-06-08T03:23:33
22791,pool:gen_010,dqn,2,-0.8786,2.8340,64,2026-06-08T03:23:36
22792,dqn,pool:gen_006,1,1.7078,-1.8563,64,2026-06-08T03:23:38
22793,self,dqn,1,1.7697,-1.9429,64,2026-06-08T03:23:39
22794,dqn,pool:gen_009,2,-0.7301,2.6113,64,2026-06-08T03:23:41
22795,random,dqn,2,-1.1013,3.2796,64,2026-06-08T03:23:43
22796,dqn,pool:gen_010,1,2.0543,-2.2523,64,2026-06-08T03:23:45
22797,pool:gen_006,dqn,2,-0.7425,2.6360,64,2026-06-08T03:23:47
22798,dqn,self,1,1.8563,-2.1162,64,2026-06-08T03:23:49
22799,pool:gen_006,dqn,2,-0.6435,2.4380,64,2026-06-08T03:23:51
22800,dqn,random,1,1.8316,-2.1038,64,2026-06-08T03:23:53
22801,self,dqn,2,-0.6682,2.4875,64,2026-06-08T03:35:40
22802,dqn,self,2,-0.8662,2.6236,64,2026-06-08T03:35:42
22803,self,dqn,1,1.7202,-1.8439,64,2026-06-08T03:35:44
22804,dqn,self,1,1.6831,-1.7697,64,2026-06-08T03:35:46
22805,random,dqn,2,-1.1880,3.4899,64,2026-06-08T03:35:48
22806,dqn,pool:gen_010,1,2.0048,-2.1905,64,2026-06-08T03:35:50
22807,pool:gen_010,dqn,2,-1.3365,3.3786,64,2026-06-08T03:35:52
22808,dqn,pool:gen_008,2,-0.8291,2.5123,64,2026-06-08T03:35:54
22809,self,dqn,1,1.9677,-2.0791,64,2026-06-08T03:35:56
22810,dqn,pool:gen_007,1,2.1905,-2.1533,64,2026-06-08T03:35:58
22811,self,dqn,2,-0.6063,2.3266,64,2026-06-08T03:36:01
22812,dqn,pool:gen_009,2,-0.8910,2.5246,64,2026-06-08T03:36:02
22813,self,dqn,1,1.8934,-1.6707,64,2026-06-08T03:36:04
22814,dqn,self,2,-0.6187,2.5370,64,2026-06-08T03:36:06
22815,pool:gen_008,dqn,1,1.5717,-1.8811,64,2026-06-08T03:36:08
22816,dqn,self,2,-0.5445,2.3885,64,2026-06-08T03:36:10
22817,self,dqn,1,1.5098,-1.6831,64,2026-06-08T03:36:12
22818,dqn,pool:gen_008,2,-0.7548,2.5123,64,2026-06-08T03:36:14
22819,pool:gen_009,dqn,1,1.8068,-2.0915,64,2026-06-08T03:36:16
22820,dqn,pool:gen_010,1,2.2523,-2.0543,64,2026-06-08T03:36:18
22821,pool:gen_009,dqn,1,1.8192,-2.0420,64,2026-06-08T03:36:20
22822,dqn,pool:gen_010,1,1.7449,-1.6707,64,2026-06-08T03:36:22
22823,self,dqn,1,1.6335,-2.0420,64,2026-06-08T03:36:24
22824,dqn,self,1,1.4974,-1.9553,64,2026-06-08T03:36:26
22825,self,dqn,1,1.3737,-1.6336,64,2026-06-08T03:36:28
22826,dqn,heuristic,1,2.5494,-1.6459,64,2026-06-08T03:36:30
22827,pool:gen_009,dqn,1,1.6831,-1.8068,64,2026-06-08T03:36:32
22828,dqn,pool:gen_008,2,-0.6063,2.4009,64,2026-06-08T03:36:34
22829,pool:gen_010,dqn,2,-1.0271,2.8712,64,2026-06-08T03:36:36
22830,dqn,self,2,-0.7053,2.4875,64,2026-06-08T03:36:38
22831,pool:gen_008,dqn,1,1.5964,-1.6707,64,2026-06-08T03:36:40
22832,dqn,self,1,1.4108,-1.7821,64,2026-06-08T03:36:42
22833,self,dqn,2,-1.0766,2.6360,64,2026-06-08T03:36:44
22834,dqn,self,1,1.4479,-1.8563,64,2026-06-08T03:36:46
22835,self,dqn,1,2.2523,-2.0172,64,2026-06-08T03:36:48
22836,dqn,pool:gen_010,1,2.0172,-2.0667,64,2026-06-08T03:36:50
22837,self,dqn,1,1.5469,-1.8687,64,2026-06-08T03:36:52
22838,dqn,pool:gen_010,1,1.8563,-1.6707,64,2026-06-08T03:36:54
22839,pool:gen_010,dqn,2,-0.7301,2.7969,64,2026-06-08T03:36:56
22840,dqn,self,2,-0.4702,2.3885,64,2026-06-08T03:36:58
22841,pool:gen_010,dqn,2,-0.7920,2.9578,64,2026-06-08T03:37:00
22842,dqn,self,1,1.7944,-1.7326,64,2026-06-08T03:37:02
22843,pool:gen_008,dqn,1,1.6212,-1.4974,64,2026-06-08T03:37:03
22844,dqn,self,1,1.6212,-1.6831,64,2026-06-08T03:37:05
22845,self,dqn,1,1.3860,-1.8068,64,2026-06-08T03:37:07
22846,dqn,heuristic,1,3.1805,-2.0914,64,2026-06-08T03:37:09
22847,pool:gen_006,dqn,2,-0.5939,2.7845,64,2026-06-08T03:37:11
22848,dqn,self,1,1.4727,-1.6088,64,2026-06-08T03:37:13
22849,pool:gen_010,dqn,2,-0.7177,2.8093,64,2026-06-08T03:37:15
22850,dqn,self,1,1.4974,-1.9182,64,2026-06-08T03:37:17
22851,self,dqn,2,-0.8662,2.3266,64,2026-06-08T03:37:19
22852,dqn,self,1,1.5840,-1.7944,64,2026-06-08T03:37:21
22853,pool:gen_010,dqn,2,-0.7177,2.8093,64,2026-06-08T03:37:23
22854,dqn,pool:gen_010,1,1.8439,-1.9429,64,2026-06-08T03:37:25
22855,pool:gen_009,dqn,1,1.8192,-1.6707,64,2026-06-08T03:37:27
22856,dqn,self,2,-0.5197,2.3761,64,2026-06-08T03:37:29
22857,self,dqn,1,1.4727,-1.6831,64,2026-06-08T03:37:31
22858,dqn,self,2,-1.0147,2.8464,64,2026-06-08T03:37:33
22859,pool:gen_010,dqn,2,-0.6311,2.7103,64,2026-06-08T03:37:35
22860,dqn,self,2,-0.2846,2.4257,64,2026-06-08T03:37:37
22861,pool:gen_008,dqn,1,1.6459,-1.9182,64,2026-06-08T03:37:39
22862,dqn,self,1,1.5098,-1.8316,64,2026-06-08T03:37:41
22863,pool:gen_009,dqn,1,1.5717,-1.6954,64,2026-06-08T03:37:43
22864,dqn,pool:gen_007,1,2.4256,-2.3637,64,2026-06-08T03:37:45
22865,random,dqn,2,-0.8291,2.8464,64,2026-06-08T03:37:47
22866,dqn,pool:gen_005,1,1.9058,-1.8811,64,2026-06-08T03:37:49
22867,pool:gen_006,dqn,1,1.5469,-1.4232,64,2026-06-08T03:37:51
22868,dqn,pool:gen_007,1,2.5617,-2.4503,64,2026-06-08T03:37:53
22869,pool:gen_009,dqn,2,-0.5692,2.4380,64,2026-06-08T03:37:55
22870,dqn,self,2,-0.6311,2.3019,64,2026-06-08T03:37:57
22871,pool:gen_010,dqn,2,-0.7796,2.8588,64,2026-06-08T03:37:59
22872,dqn,self,2,-0.6558,2.5742,64,2026-06-08T03:38:01
22873,self,dqn,1,1.6088,-1.5841,64,2026-06-08T03:38:03
22874,dqn,self,1,1.8563,-1.9677,64,2026-06-08T03:38:05
22875,self,dqn,2,-0.4949,2.6237,64,2026-06-08T03:38:07
22876,dqn,self,1,1.6459,-1.9182,64,2026-06-08T03:38:09
22877,pool:gen_009,dqn,1,1.7078,-1.9677,64,2026-06-08T03:38:11
22878,dqn,self,1,1.4727,-1.6831,64,2026-06-08T03:38:13
22879,self,dqn,2,-0.9900,2.5741,64,2026-06-08T03:38:15
22880,dqn,pool:gen_010,1,2.2647,-2.1904,64,2026-06-08T03:38:17
22881,pool:gen_005,dqn,2,-0.9157,2.8340,64,2026-06-08T03:38:19
22882,dqn,pool:gen_007,1,1.9924,-2.1286,64,2026-06-08T03:38:21
22883,pool:gen_008,dqn,2,-0.5197,2.4504,64,2026-06-08T03:38:23
22884,dqn,self,2,-1.2004,3.0692,64,2026-06-08T03:38:25
22885,self,dqn,2,-0.4950,2.3266,64,2026-06-08T03:38:27
22886,dqn,self,1,1.4603,-1.7326,64,2026-06-08T03:38:29
22887,self,dqn,2,-0.6558,2.4256,64,2026-06-08T03:38:31
22888,dqn,pool:gen_007,1,1.9553,-2.0172,64,2026-06-08T03:38:33
22889,self,dqn,1,1.5222,-1.8192,64,2026-06-08T03:38:35
22890,dqn,self,1,1.6088,-1.8439,64,2026-06-08T03:38:38
22891,pool:gen_009,dqn,1,1.5717,-1.7326,64,2026-06-08T03:38:40
22892,dqn,self,1,1.3613,-1.8316,64,2026-06-08T03:38:42
22893,pool:gen_010,dqn,2,-0.8291,2.9949,64,2026-06-08T03:38:44
22894,dqn,pool:gen_006,1,2.2028,-1.8811,64,2026-06-08T03:38:46
22895,self,dqn,1,1.6954,-1.7202,64,2026-06-08T03:38:47
22896,dqn,pool:gen_006,1,2.0296,-1.7573,64,2026-06-08T03:38:50
22897,pool:gen_007,dqn,2,-0.7796,2.6360,64,2026-06-08T03:38:52
22898,dqn,heuristic,1,3.8241,-2.4132,64,2026-06-08T03:38:53
22899,random,dqn,2,-1.4602,3.8860,64,2026-06-08T03:38:55
22900,dqn,self,1,1.5469,-1.7202,64,2026-06-08T03:38:57
22901,self,dqn,1,1.5222,-1.8192,64,2026-06-08T03:52:30
22902,dqn,self,1,2.1286,-2.0296,64,2026-06-08T03:52:37
22903,self,dqn,1,1.5964,-2.0048,64,2026-06-08T03:52:43
22904,dqn,pool:gen_009,2,-0.7548,2.6608,64,2026-06-08T03:52:49
22905,pool:gen_007,dqn,1,1.7944,-1.9553,64,2026-06-08T03:52:55
22906,dqn,pool:gen_007,1,1.6336,-1.5593,64,2026-06-08T03:53:01
22907,self,dqn,1,2.4627,-1.8810,64,2026-06-08T03:53:07
22908,dqn,random,1,2.4380,-2.2399,64,2026-06-08T03:53:12
22909,self,dqn,1,1.4108,-1.6336,64,2026-06-08T03:53:19
22910,dqn,pool:gen_005,1,1.8934,-1.9677,64,2026-06-08T03:53:25
22911,self,dqn,1,1.5717,-2.0296,64,2026-06-08T03:53:31
22912,dqn,pool:gen_007,2,-0.5321,2.4380,64,2026-06-08T03:53:38
22913,self,dqn,1,1.6212,-1.6831,64,2026-06-08T03:53:48
22914,dqn,self,2,-0.8415,2.6855,64,2026-06-08T03:54:32
22915,pool:gen_009,dqn,1,2.1657,-2.2523,64,2026-06-08T03:54:43
22916,dqn,pool:gen_008,1,1.7449,-1.9677,64,2026-06-08T03:54:52
22917,self,dqn,2,-0.5445,2.4628,64,2026-06-08T03:55:02
22918,dqn,self,2,-1.0395,2.7474,64,2026-06-08T03:55:11
22919,heuristic,dqn,2,-0.8786,3.7251,64,2026-06-08T03:55:19
22920,dqn,pool:gen_006,1,1.7449,-1.5964,64,2026-06-08T03:55:33
22921,pool:gen_005,dqn,2,-0.7425,2.6732,64,2026-06-08T03:55:47
22922,dqn,self,1,1.4727,-1.6459,64,2026-06-08T03:55:56
22923,pool:gen_007,dqn,2,-0.9529,2.6113,64,2026-06-08T03:56:08
22924,dqn,pool:gen_007,1,1.6583,-1.7573,64,2026-06-08T03:56:19
22925,heuristic,dqn,2,-0.9280,4.3810,64,2026-06-08T03:56:28
22926,dqn,heuristic,1,3.6384,-2.1904,64,2026-06-08T03:56:39
22927,self,dqn,2,-0.6558,2.6484,64,2026-06-08T03:56:53
22928,dqn,pool:gen_006,1,2.0667,-1.9429,64,2026-06-08T03:57:04
22929,pool:gen_007,dqn,2,-0.6063,2.4009,64,2026-06-08T03:57:16
22930,dqn,self,2,-0.7796,2.6732,64,2026-06-08T03:57:28
22931,pool:gen_009,dqn,1,1.7449,-1.7449,64,2026-06-08T03:57:43
22932,dqn,self,2,-0.6930,2.6484,64,2026-06-08T03:57:57
22933,self,dqn,1,2.1286,-1.9924,64,2026-06-08T03:58:11
22934,dqn,self,2,-0.6435,2.4751,64,2026-06-08T03:58:20
22935,self,dqn,2,-0.6806,2.7722,64,2026-06-08T03:58:30
22936,dqn,pool:gen_005,1,1.9801,-1.9924,64,2026-06-08T03:58:47
22937,self,dqn,2,-0.6930,2.4628,64,2026-06-08T03:59:00
22938,dqn,random,1,2.5246,-2.1904,64,2026-06-08T03:59:10
22939,self,dqn,2,-1.0642,2.9454,64,2026-06-08T03:59:20
22940,dqn,pool:gen_006,1,1.7202,-1.5840,64,2026-06-08T03:59:38
22941,pool:gen_010,dqn,2,-0.7177,3.2548,64,2026-06-08T03:59:48
22942,dqn,self,1,1.6088,-1.6954,64,2026-06-08T04:00:00
22943,heuristic,dqn,2,-0.8414,3.9107,64,2026-06-08T04:00:08
22944,dqn,pool:gen_008,1,1.5840,-1.7944,64,2026-06-08T04:00:18
22945,pool:gen_010,dqn,2,-1.0766,3.1187,64,2026-06-08T04:00:35
22946,dqn,self,2,-0.8538,2.6732,64,2026-06-08T04:00:45
22947,self,dqn,2,-0.7548,2.5865,64,2026-06-08T04:00:56
22948,dqn,pool:gen_005,1,1.8934,-2.1162,64,2026-06-08T04:01:06
22949,pool:gen_007,dqn,2,-0.5073,2.4256,64,2026-06-08T04:01:19
22950,dqn,pool:gen_008,1,1.9429,-1.9182,64,2026-06-08T04:01:28
22951,self,dqn,2,-0.7053,2.5246,64,2026-06-08T04:01:37
22952,dqn,pool:gen_006,1,2.1038,-1.9058,64,2026-06-08T04:01:51
22953,random,dqn,2,-0.9900,3.1682,64,2026-06-08T04:02:01
22954,dqn,random,1,2.4132,-1.9677,64,2026-06-08T04:02:13
22955,self,dqn,2,-0.5816,2.3143,64,2026-06-08T04:02:21
22956,dqn,pool:gen_009,2,-0.5816,2.3514,64,2026-06-08T04:02:36
22957,pool:gen_007,dqn,2,-0.4826,2.4504,64,2026-06-08T04:02:56
22958,dqn,pool:gen_010,1,2.1657,-1.8811,64,2026-06-08T04:03:08
22959,pool:gen_008,dqn,2,-0.8538,2.6360,64,2026-06-08T04:03:21
22960,dqn,self,1,1.5098,-1.7573,64,2026-06-08T04:03:41
22961,heuristic,dqn,2,-0.8414,3.5023,64,2026-06-08T04:03:51
22962,dqn,pool:gen_005,1,2.0048,-2.1162,64,2026-06-08T04:04:02
22963,self,dqn,1,1.8934,-2.0048,64,2026-06-08T04:04:12
22964,dqn,pool:gen_008,1,1.7326,-1.9058,64,2026-06-08T04:04:21
22965,pool:gen_009,dqn,1,1.5469,-1.6088,64,2026-06-08T04:04:40
22966,dqn,pool:gen_005,1,2.1162,-2.0048,64,2026-06-08T04:04:51
22967,self,dqn,2,-0.5940,2.3761,64,2026-06-08T04:05:02
22968,dqn,pool:gen_009,2,-0.5197,2.4133,64,2026-06-08T04:05:13
22969,pool:gen_009,dqn,1,1.6212,-1.5345,64,2026-06-08T04:05:33
22970,dqn,self,2,-0.4331,2.5742,64,2026-06-08T04:05:47
22971,self,dqn,2,-0.7177,2.4380,64,2026-06-08T04:05:59
22972,dqn,self,1,1.4974,-1.8439,64,2026-06-08T04:06:14
22973,self,dqn,2,-0.3588,2.4628,64,2026-06-08T04:06:27
22974,dqn,pool:gen_005,1,2.2894,-2.3885,64,2026-06-08T04:06:39
22975,heuristic,dqn,2,-1.1013,4.2077,64,2026-06-08T04:06:49
22976,dqn,self,1,1.6707,-1.8934,64,2026-06-08T04:06:59
22977,self,dqn,1,1.4850,-1.7821,64,2026-06-08T04:07:08
22978,dqn,self,1,1.7078,-1.9306,64,2026-06-08T04:07:24
22979,pool:gen_008,dqn,2,-0.8786,2.6855,64,2026-06-08T04:07:33
22980,dqn,pool:gen_008,1,1.4603,-1.7697,64,2026-06-08T04:07:45
22981,pool:gen_009,dqn,2,-0.4578,2.5123,64,2026-06-08T04:07:53
22982,dqn,random,1,2.2771,-1.8811,64,2026-06-08T04:08:03
22983,pool:gen_006,dqn,2,-0.6311,2.6732,64,2026-06-08T04:08:14
22984,dqn,self,2,-0.6558,2.7227,64,2026-06-08T04:08:30
22985,self,dqn,1,1.5098,-1.6088,64,2026-06-08T04:08:42
22986,dqn,heuristic,1,2.4380,-1.6088,64,2026-06-08T04:08:51
22987,self,dqn,1,1.4603,-1.7326,64,2026-06-08T04:09:00
22988,dqn,self,2,-0.7053,2.3019,64,2026-06-08T04:09:09
22989,pool:gen_007,dqn,2,-0.7548,2.9207,64,2026-06-08T04:09:23
22990,dqn,pool:gen_007,1,2.1533,-1.9306,64,2026-06-08T04:09:32
22991,pool:gen_009,dqn,1,1.6459,-1.6583,64,2026-06-08T04:09:41
22992,dqn,self,1,1.3984,-1.6831,64,2026-06-08T04:09:50
22993,self,dqn,2,-0.9157,2.6484,64,2026-06-08T04:09:59
22994,dqn,pool:gen_010,1,2.0914,-2.3266,64,2026-06-08T04:10:08
22995,self,dqn,1,1.5346,-1.5841,64,2026-06-08T04:10:18
22996,dqn,self,1,1.5593,-1.7078,64,2026-06-08T04:10:40
22997,pool:gen_010,dqn,2,-1.0147,3.2548,64,2026-06-08T04:10:53
22998,dqn,pool:gen_008,1,1.6088,-1.9553,64,2026-06-08T04:11:08
22999,pool:gen_007,dqn,2,-0.7053,2.4504,64,2026-06-08T04:11:23
23000,dqn,pool:gen_006,1,2.2647,-2.0791,64,2026-06-08T04:11:38
23001,pool:gen_011,dqn,1,2.0172,-1.9182,64,2026-06-08T13:26:53
23002,dqn,self,1,1.6831,-1.7697,64,2026-06-08T13:26:55
23003,pool:gen_007,dqn,2,-0.7177,2.7722,64,2026-06-08T13:26:57
23004,dqn,pool:gen_011,1,2.1286,-1.9553,64,2026-06-08T13:26:59
23005,self,dqn,2,-0.7796,2.1905,64,2026-06-08T13:27:02
23006,dqn,self,1,1.5345,-1.9925,64,2026-06-08T13:27:04
23007,self,dqn,2,-0.4454,2.4133,64,2026-06-08T13:27:06
23008,dqn,self,1,1.6707,-1.8192,64,2026-06-08T13:27:08
23009,self,dqn,2,-0.6930,2.7598,64,2026-06-08T13:27:10
23010,dqn,self,1,1.5840,-1.7202,64,2026-06-08T13:27:12
23011,random,dqn,2,-1.1385,3.3167,64,2026-06-08T13:27:14
23012,dqn,pool:gen_008,1,1.6830,-2.0667,64,2026-06-08T13:27:16
23013,self,dqn,2,-0.7796,2.4133,64,2026-06-08T13:27:18
23014,dqn,self,2,-0.9281,2.4875,64,2026-06-08T13:27:20
23015,self,dqn,1,1.3365,-1.8563,64,2026-06-08T13:27:23
23016,dqn,pool:gen_011,1,1.6459,-1.6954,64,2026-06-08T13:27:24
23017,self,dqn,1,1.6707,-1.8934,64,2026-06-08T13:27:27
23018,dqn,self,2,-0.5816,2.5742,64,2026-06-08T13:27:29
23019,pool:gen_010,dqn,2,-1.0642,3.0568,64,2026-06-08T13:27:30
23020,dqn,self,1,1.5469,-1.8316,64,2026-06-08T13:27:32
23021,pool:gen_011,dqn,1,2.0543,-1.9182,64,2026-06-08T13:27:35
23022,dqn,pool:gen_009,2,-0.7920,2.6237,64,2026-06-08T13:27:36
23023,self,dqn,1,1.8192,-1.7821,64,2026-06-08T13:27:38
23024,dqn,self,1,1.7202,-1.8811,64,2026-06-08T13:27:40
23025,self,dqn,2,-0.4949,2.5865,64,2026-06-08T13:27:42
23026,dqn,self,2,-0.6558,2.7227,64,2026-06-08T13:27:44
23027,self,dqn,draw,0.3837,0.3465,64,2026-06-08T13:27:46
23028,dqn,random,1,3.0072,-2.4132,64,2026-06-08T13:27:48
23029,self,dqn,1,1.5841,-1.4974,64,2026-06-08T13:27:50
23030,dqn,pool:gen_009,2,-0.6682,2.5989,64,2026-06-08T13:27:52
23031,self,dqn,1,1.5469,-1.7944,64,2026-06-08T13:27:54
23032,dqn,pool:gen_006,1,2.0172,-1.9182,64,2026-06-08T13:27:56
23033,pool:gen_008,dqn,2,-0.8910,2.3761,64,2026-06-08T13:27:58
23034,dqn,self,1,1.4232,-1.8440,64,2026-06-08T13:28:00
23035,self,dqn,2,-0.9281,2.8217,64,2026-06-08T13:28:02
23036,dqn,pool:gen_010,1,2.2771,-1.9553,64,2026-06-08T13:28:04
23037,pool:gen_008,dqn,2,-0.7301,2.3885,64,2026-06-08T13:28:06
23038,dqn,self,1,1.5345,-1.7697,64,2026-06-08T13:28:08
23039,self,dqn,1,1.7821,-1.8934,64,2026-06-08T13:28:10
23040,dqn,pool:gen_008,1,1.3365,-1.8192,64,2026-06-08T13:28:12
23041,self,dqn,1,1.5717,-1.9553,64,2026-06-08T13:28:14
23042,dqn,pool:gen_005,1,1.9306,-2.1533,64,2026-06-08T13:28:16
23043,pool:gen_008,dqn,2,-0.7672,2.4999,64,2026-06-08T13:28:19
23044,dqn,self,1,1.6212,-1.7944,64,2026-06-08T13:28:21
23045,self,dqn,2,-0.4950,2.3638,64,2026-06-08T13:28:23
23046,dqn,self,1,1.8316,-1.8811,64,2026-06-08T13:28:25
23047,self,dqn,2,-0.7920,2.6608,64,2026-06-08T13:28:27
23048,dqn,self,2,-0.7177,2.3266,64,2026-06-08T13:28:29
23049,pool:gen_010,dqn,2,-1.3612,3.2424,64,2026-06-08T13:28:31
23050,dqn,pool:gen_008,1,1.6335,-1.8934,64,2026-06-08T13:28:33
23051,self,dqn,1,2.2152,-2.2400,64,2026-06-08T13:28:35
23052,dqn,pool:gen_009,2,-0.9652,2.9330,64,2026-06-08T13:28:37
23053,heuristic,dqn,2,-0.2969,2.9702,64,2026-06-08T13:28:39
23054,dqn,pool:gen_011,2,-0.6682,2.5989,64,2026-06-08T13:28:41
23055,self,dqn,1,1.3737,-1.6707,64,2026-06-08T13:28:43
23056,dqn,self,1,1.3613,-1.8316,64,2026-06-08T13:28:45
23057,pool:gen_007,dqn,2,-0.5445,2.4999,64,2026-06-08T13:28:47
23058,dqn,pool:gen_011,2,-0.6930,2.7598,64,2026-06-08T13:28:49
23059,random,dqn,2,-0.9652,3.3043,64,2026-06-08T13:28:50
23060,dqn,self,2,-0.7920,2.7350,64,2026-06-08T13:28:52
23061,self,dqn,2,-0.4454,2.5618,64,2026-06-08T13:28:54
23062,dqn,pool:gen_008,1,1.6212,-1.9058,64,2026-06-08T13:28:56
23063,pool:gen_008,dqn,2,-0.9652,2.4875,64,2026-06-08T13:28:58
23064,dqn,pool:gen_005,1,2.0914,-2.2523,64,2026-06-08T13:29:00
23065,pool:gen_010,dqn,2,-0.8167,2.6360,64,2026-06-08T13:29:02
23066,dqn,heuristic,1,3.6508,-2.4750,64,2026-06-08T13:29:04
23067,pool:gen_007,dqn,2,-0.5692,2.5865,64,2026-06-08T13:29:06
23068,dqn,self,2,-0.8786,2.2771,64,2026-06-08T13:29:08
23069,pool:gen_010,dqn,2,-1.0147,3.1063,64,2026-06-08T13:29:10
23070,dqn,pool:gen_005,1,2.1904,-2.3018,64,2026-06-08T13:29:12
23071,pool:gen_008,dqn,2,-0.7796,2.4133,64,2026-06-08T13:29:14
23072,dqn,self,2,-0.6682,2.3390,64,2026-06-08T13:29:16
23073,self,dqn,1,1.9677,-1.9677,64,2026-06-08T13:29:18
23074,dqn,self,1,1.6459,-1.8068,64,2026-06-08T13:29:20
23075,pool:gen_011,dqn,1,1.8068,-1.9801,64,2026-06-08T13:29:22
23076,dqn,pool:gen_009,1,1.7202,-1.8811,64,2026-06-08T13:29:24
23077,pool:gen_011,dqn,1,1.7821,-1.9677,64,2026-06-08T13:29:26
23078,dqn,heuristic,1,2.7474,-1.6706,64,2026-06-08T13:29:28
23079,self,dqn,2,-0.3836,2.6237,64,2026-06-08T13:29:30
23080,dqn,self,2,-0.6435,2.5123,64,2026-06-08T13:29:32
23081,self,dqn,2,-1.0024,2.5989,64,2026-06-08T13:29:34
23082,dqn,self,2,-0.8662,2.3266,64,2026-06-08T13:29:36
23083,self,dqn,2,-0.8415,2.6113,64,2026-06-08T13:29:38
23084,dqn,pool:gen_011,2,-0.8167,2.9330,64,2026-06-08T13:29:40
23085,self,dqn,1,1.4974,-1.7326,64,2026-06-08T13:29:42
23086,dqn,pool:gen_009,1,1.4850,-1.5964,64,2026-06-08T13:29:44
23087,random,dqn,2,-0.9900,3.0939,64,2026-06-08T13:29:46
23088,dqn,pool:gen_005,1,1.9924,-2.2028,64,2026-06-08T13:29:48
23089,pool:gen_008,dqn,2,-0.7177,2.3266,64,2026-06-08T13:29:50
23090,dqn,heuristic,1,2.9701,-1.7078,64,2026-06-08T13:29:52
23091,pool:gen_011,dqn,1,1.5593,-1.8563,64,2026-06-08T13:29:54
23092,dqn,self,1,1.5469,-1.9430,64,2026-06-08T13:29:56
23093,pool:gen_011,dqn,1,1.4850,-1.8192,64,2026-06-08T13:29:58
23094,dqn,self,2,-0.6435,2.2524,64,2026-06-08T13:30:00
23095,pool:gen_009,dqn,2,-0.7672,2.3885,64,2026-06-08T13:30:02
23096,dqn,pool:gen_008,1,1.7449,-1.9306,64,2026-06-08T13:30:04
23097,pool:gen_008,dqn,2,-0.9652,2.4504,64,2026-06-08T13:30:06
23098,dqn,self,1,1.4974,-1.8439,64,2026-06-08T13:30:08
23099,self,dqn,1,1.5345,-1.9925,64,2026-06-08T13:30:10
23100,dqn,pool:gen_011,1,2.0296,-1.7202,64,2026-06-08T13:30:12
23101,self,dqn,2,-0.4578,2.4009,64,2026-06-08T13:54:35
23102,dqn,self,2,-0.4083,2.4133,64,2026-06-08T13:54:48
23103,pool:gen_010,dqn,2,-0.6187,2.5742,64,2026-06-08T13:55:01
23104,dqn,pool:gen_009,1,1.8316,-1.8439,64,2026-06-08T13:55:13
23105,pool:gen_008,dqn,2,-0.8167,2.3390,64,2026-06-08T13:55:23
23106,dqn,pool:gen_010,1,2.0791,-1.7449,64,2026-06-08T13:55:34
23107,self,dqn,2,-0.7920,2.6979,64,2026-06-08T13:55:46
23108,dqn,self,2,-0.6063,2.3266,64,2026-06-08T13:55:56
23109,pool:gen_009,dqn,2,-0.4454,2.5247,64,2026-06-08T13:56:06
23110,dqn,pool:gen_009,1,1.8192,-1.7821,64,2026-06-08T13:56:17
23111,self,dqn,2,-0.4578,2.2524,64,2026-06-08T13:56:31
23112,dqn,self,1,1.8934,-1.7821,64,2026-06-08T13:56:43
23113,self,dqn,1,2.0419,-2.0791,64,2026-06-08T13:56:54
23114,dqn,pool:gen_006,1,2.0667,-1.7944,64,2026-06-08T13:57:06
23115,pool:gen_007,dqn,2,-0.7301,2.7598,64,2026-06-08T13:57:17
23116,dqn,self,2,-0.7920,2.6237,64,2026-06-08T13:57:29
23117,pool:gen_007,dqn,2,-0.8910,2.8588,64,2026-06-08T13:57:40
23118,dqn,self,1,1.9677,-1.8563,64,2026-06-08T13:57:51
23119,pool:gen_010,dqn,2,-0.6435,2.7722,64,2026-06-08T13:58:03
23120,dqn,pool:gen_008,1,1.5345,-1.9553,64,2026-06-08T13:58:14
23121,pool:gen_006,dqn,2,-0.6682,2.4133,64,2026-06-08T13:58:26
23122,dqn,pool:gen_007,1,1.7697,-1.7202,64,2026-06-08T13:58:37
23123,pool:gen_007,dqn,2,-0.5816,2.4999,64,2026-06-08T13:58:48
23124,dqn,self,1,1.5469,-1.8316,64,2026-06-08T13:58:58
23125,self,dqn,2,-1.0147,2.8093,64,2026-06-08T13:59:10
23126,dqn,pool:gen_008,1,1.7202,-1.9553,64,2026-06-08T13:59:21
23127,pool:gen_005,dqn,1,1.5345,-1.7326,64,2026-06-08T13:59:32
23128,dqn,pool:gen_009,1,1.3860,-1.6212,64,2026-06-08T13:59:45
23129,pool:gen_011,dqn,2,-0.7920,2.4009,64,2026-06-08T13:59:56
23130,dqn,self,2,-0.5073,2.4999,64,2026-06-08T14:00:07
23131,self,dqn,2,-0.4454,2.7845,64,2026-06-08T14:00:19
23132,dqn,pool:gen_006,1,1.9553,-1.8687,64,2026-06-08T14:00:29
23133,self,dqn,1,1.6954,-1.7202,64,2026-06-08T14:00:40
23134,dqn,self,1,1.5098,-1.7944,64,2026-06-08T14:00:53
23135,self,dqn,1,1.7078,-1.8563,64,2026-06-08T14:01:03
23136,dqn,self,2,-0.6435,2.3638,64,2026-06-08T14:01:14
23137,self,dqn,2,-0.7053,2.3390,64,2026-06-08T14:01:27
23138,dqn,self,2,-0.4702,2.5742,64,2026-06-08T14:01:39
23139,self,dqn,2,-1.0518,2.9207,64,2026-06-08T14:01:54
23140,dqn,self,2,-0.8167,2.4133,64,2026-06-08T14:02:07
23141,self,dqn,2,-0.5321,2.2153,64,2026-06-08T14:02:19
23142,dqn,self,1,2.2523,-2.2771,64,2026-06-08T14:02:30
23143,heuristic,dqn,2,-0.6310,3.6756,64,2026-06-08T14:02:39
23144,dqn,pool:gen_009,2,-0.5692,2.4380,64,2026-06-08T14:02:51
23145,self,dqn,1,1.6831,-1.7326,64,2026-06-08T14:03:00
23146,dqn,random,1,3.3414,-2.1904,64,2026-06-08T14:03:11
23147,self,dqn,1,1.5964,-1.6707,64,2026-06-08T14:03:21
23148,dqn,pool:gen_010,1,2.1905,-2.1162,64,2026-06-08T14:03:33
23149,self,dqn,1,1.5717,-1.8439,64,2026-06-08T14:03:44
23150,dqn,self,2,-0.5445,2.4256,64,2026-06-08T14:03:57
23151,pool:gen_008,dqn,2,-0.9529,2.4999,64,2026-06-08T14:04:08
23152,dqn,pool:gen_006,1,1.5098,-1.6831,64,2026-06-08T14:04:19
23153,pool:gen_011,dqn,1,1.7449,-1.5593,64,2026-06-08T14:04:29
23154,dqn,pool:gen_009,1,1.8439,-1.7944,64,2026-06-08T14:04:40
23155,pool:gen_007,dqn,2,-0.5692,2.5494,64,2026-06-08T14:04:51
23156,dqn,pool:gen_008,1,1.7573,-1.9924,64,2026-06-08T14:05:02
23157,pool:gen_008,dqn,2,-0.9529,2.4999,64,2026-06-08T14:05:20
23158,dqn,pool:gen_007,1,1.5346,-1.5098,64,2026-06-08T14:05:34
23159,self,dqn,2,-0.6063,2.5865,64,2026-06-08T14:05:46
23160,dqn,pool:gen_008,1,1.5964,-1.9306,64,2026-06-08T14:05:57
23161,self,dqn,1,1.4850,-1.5593,64,2026-06-08T14:06:12
23162,dqn,pool:gen_011,1,1.5593,-1.5593,64,2026-06-08T14:06:26
23163,random,dqn,2,-1.0023,3.3043,64,2026-06-08T14:06:29
23164,dqn,pool:gen_009,1,1.8316,-1.9924,64,2026-06-08T14:06:31
23165,pool:gen_011,dqn,1,1.7449,-1.7821,64,2026-06-08T14:06:33
23166,dqn,pool:gen_008,1,1.6954,-1.8687,64,2026-06-08T14:06:36
23167,self,dqn,1,1.9801,-2.0667,64,2026-06-08T14:06:38
23168,dqn,self,1,1.5840,-1.8316,64,2026-06-08T14:06:40
23169,self,dqn,2,-0.4950,2.3638,64,2026-06-08T14:06:42
23170,dqn,self,2,-0.5940,2.3019,64,2026-06-08T14:06:44
23171,heuristic,dqn,2,-0.8786,3.5766,64,2026-06-08T14:06:46
23172,dqn,self,2,-0.8043,2.5741,64,2026-06-08T14:06:49
23173,pool:gen_009,dqn,2,-0.4207,2.6979,64,2026-06-08T14:06:52
23174,dqn,pool:gen_006,1,1.6954,-1.6459,64,2026-06-08T14:06:54
23175,self,dqn,2,-0.7053,2.3390,64,2026-06-08T14:06:57
23176,dqn,self,2,-0.8662,2.5123,64,2026-06-08T14:06:59
23177,self,dqn,1,1.4727,-1.7573,64,2026-06-08T14:07:01
23178,dqn,pool:gen_008,1,1.8687,-1.9182,64,2026-06-08T14:07:04
23179,pool:gen_007,dqn,1,1.6707,-1.8192,64,2026-06-08T14:07:06
23180,dqn,self,1,1.3860,-1.8068,64,2026-06-08T14:07:09
23181,self,dqn,1,1.3613,-1.7573,64,2026-06-08T14:07:11
23182,dqn,pool:gen_010,1,2.2523,-2.1286,64,2026-06-08T14:07:13
23183,pool:gen_010,dqn,2,-0.6806,2.8835,64,2026-06-08T14:07:16
23184,dqn,self,2,-0.7920,2.6608,64,2026-06-08T14:07:18
23185,pool:gen_005,dqn,2,-0.3341,2.4133,64,2026-06-08T14:07:20
23186,dqn,self,2,-0.4578,2.4752,64,2026-06-08T14:07:22
23187,pool:gen_008,dqn,2,-0.7548,2.3638,64,2026-06-08T14:07:25
23188,dqn,pool:gen_008,1,1.5469,-1.8316,64,2026-06-08T14:07:27
23189,self,dqn,1,1.8563,-2.0419,64,2026-06-08T14:07:30
23190,dqn,self,1,1.9801,-2.1410,64,2026-06-08T14:07:33
23191,pool:gen_011,dqn,1,1.7821,-2.0048,64,2026-06-08T14:07:37
23192,dqn,self,2,-0.9157,3.0939,64,2026-06-08T14:07:40
23193,self,dqn,2,-0.7177,2.5494,64,2026-06-08T14:07:43
23194,dqn,pool:gen_007,1,1.5222,-1.5222,64,2026-06-08T14:07:47
23195,self,dqn,2,-0.9157,2.6484,64,2026-06-08T14:07:49
23196,dqn,pool:gen_009,1,1.5469,-1.6831,64,2026-06-08T14:07:52
23197,self,dqn,2,-0.8043,2.4256,64,2026-06-08T14:07:55
23198,dqn,self,1,1.6707,-1.5964,64,2026-06-08T14:07:57
23199,self,dqn,2,-0.7177,2.4009,64,2026-06-08T14:08:00
23200,dqn,pool:gen_010,1,2.2523,-1.9801,64,2026-06-08T14:08:02
23201,random,dqn,2,-0.9157,3.5023,64,2026-06-08T14:19:41
23202,dqn,pool:gen_009,1,1.6212,-1.8316,64,2026-06-08T14:19:43
23203,heuristic,dqn,2,-0.9899,3.9107,64,2026-06-08T14:19:45
23204,dqn,pool:gen_009,1,1.6459,-1.8439,64,2026-06-08T14:19:47
23205,self,dqn,2,-0.5692,2.4009,64,2026-06-08T14:19:49
23206,dqn,random,1,2.3885,-2.2523,64,2026-06-08T14:19:51
23207,self,dqn,2,-0.8167,2.7845,64,2026-06-08T14:19:53
23208,dqn,self,2,-0.9157,2.4999,64,2026-06-08T14:19:55
23209,self,dqn,2,-0.9033,2.7350,64,2026-06-08T14:19:57
23210,dqn,self,1,1.7449,-1.6336,64,2026-06-08T14:19:59
23211,pool:gen_010,dqn,2,-1.3860,3.4404,64,2026-06-08T14:20:01
23212,dqn,pool:gen_010,1,2.3390,-2.3390,64,2026-06-08T14:20:03
23213,pool:gen_010,dqn,2,-1.1632,3.5518,64,2026-06-08T14:20:05
23214,dqn,self,1,1.9058,-1.8439,64,2026-06-08T14:20:07
23215,random,dqn,2,-0.6187,3.0568,64,2026-06-08T14:20:09
23216,dqn,self,1,1.7326,-1.9429,64,2026-06-08T14:20:11
23217,self,dqn,2,-0.4455,2.1905,64,2026-06-08T14:20:13
23218,dqn,self,2,-0.3959,2.3143,64,2026-06-08T14:20:15
23219,random,dqn,2,-1.4107,4.1582,64,2026-06-08T14:20:18
23220,dqn,pool:gen_011,2,-0.8415,2.7969,64,2026-06-08T14:20:19
23221,self,dqn,1,1.8563,-1.8934,64,2026-06-08T14:20:21
23222,dqn,heuristic,1,2.6731,-2.0419,64,2026-06-08T14:20:23
23223,self,dqn,1,1.9058,-2.1038,64,2026-06-08T14:20:26
23224,dqn,pool:gen_005,1,2.1286,-2.1038,64,2026-06-08T14:20:27
23225,self,dqn,2,-0.8538,2.8959,64,2026-06-08T14:20:30
23226,dqn,pool:gen_011,2,-0.8538,2.5989,64,2026-06-08T14:20:32
23227,pool:gen_009,dqn,2,-0.9281,2.5246,64,2026-06-08T14:20:34
23228,dqn,pool:gen_011,1,1.7326,-1.8687,64,2026-06-08T14:20:36
23229,self,dqn,2,-0.8662,2.5494,64,2026-06-08T14:20:38
23230,dqn,self,1,1.7697,-1.7944,64,2026-06-08T14:20:40
23231,pool:gen_005,dqn,2,-0.6558,2.5370,64,2026-06-08T14:20:42
23232,dqn,pool:gen_010,1,1.5345,-1.6212,64,2026-06-08T14:20:44
23233,self,dqn,1,1.8316,-1.9924,64,2026-06-08T14:20:46
23234,dqn,self,1,1.5840,-2.0543,64,2026-06-08T14:20:48
23235,pool:gen_011,dqn,2,-0.9405,2.8093,64,2026-06-08T14:20:50
23236,dqn,self,2,-0.5692,2.4751,64,2026-06-08T14:20:52
23237,heuristic,dqn,2,-0.6063,3.7746,64,2026-06-08T14:20:54
23238,dqn,self,2,-0.7920,2.6237,64,2026-06-08T14:20:56
23239,pool:gen_011,dqn,2,-0.8415,2.7969,64,2026-06-08T14:20:58
23240,dqn,self,1,1.4479,-1.6336,64,2026-06-08T14:21:00
23241,self,dqn,2,-0.8415,2.5741,64,2026-06-08T14:21:02
23242,dqn,pool:gen_006,1,1.8934,-1.8192,64,2026-06-08T14:21:04
23243,pool:gen_010,dqn,2,-1.0271,3.3167,64,2026-06-08T14:21:06
23244,dqn,self,2,-0.5568,2.3019,64,2026-06-08T14:21:08
23245,pool:gen_005,dqn,2,-1.1632,2.8835,64,2026-06-08T14:21:10
23246,dqn,self,2,-1.0518,2.9207,64,2026-06-08T14:21:13
23247,self,dqn,2,-0.8662,2.9578,64,2026-06-08T14:21:15
23248,dqn,self,1,1.7326,-1.9058,64,2026-06-08T14:21:16
23249,pool:gen_009,dqn,2,-0.7920,2.6979,64,2026-06-08T14:21:18
23250,dqn,self,2,-1.1509,2.7103,64,2026-06-08T14:21:20
23251,pool:gen_008,dqn,2,-0.7548,2.8464,64,2026-06-08T14:21:22
23252,dqn,self,1,2.0048,-1.7078,64,2026-06-08T14:21:24
23253,pool:gen_011,dqn,2,-0.9900,2.6113,64,2026-06-08T14:21:26
23254,dqn,pool:gen_007,1,2.4132,-2.1533,64,2026-06-08T14:21:29
23255,self,dqn,1,1.9677,-2.2647,64,2026-06-08T14:21:31
23256,dqn,self,2,-0.5816,2.5742,64,2026-06-08T14:21:33
23257,pool:gen_005,dqn,2,-0.8291,2.5865,64,2026-06-08T14:21:35
23258,dqn,self,1,1.2623,-1.8563,64,2026-06-08T14:21:37
23259,self,dqn,2,-0.6806,2.5123,64,2026-06-08T14:21:39
23260,dqn,self,1,1.4974,-1.6583,64,2026-06-08T14:21:41
23261,pool:gen_009,dqn,2,-0.6682,2.7103,64,2026-06-08T14:21:43
23262,dqn,self,1,1.7078,-1.7078,64,2026-06-08T14:21:45
23263,self,dqn,2,-0.5197,2.5989,64,2026-06-08T14:21:47
23264,dqn,pool:gen_008,1,2.1410,-2.0172,64,2026-06-08T14:21:49
23265,pool:gen_011,dqn,2,-0.5940,2.4133,64,2026-06-08T14:21:51
23266,dqn,heuristic,1,2.7969,-1.7696,64,2026-06-08T14:21:53
23267,self,dqn,2,-0.8538,2.5618,64,2026-06-08T14:21:55
23268,dqn,pool:gen_009,1,1.5222,-1.8192,64,2026-06-08T14:21:57
23269,self,dqn,1,1.7821,-1.9306,64,2026-06-08T14:21:59
23270,dqn,pool:gen_010,1,1.8192,-1.9677,64,2026-06-08T14:22:01
23271,self,dqn,2,-1.0271,2.7226,64,2026-06-08T14:22:03
23272,dqn,self,1,1.6583,-1.8316,64,2026-06-08T14:22:05
23273,self,dqn,1,1.5840,-1.8316,64,2026-06-08T14:22:08
23274,dqn,self,2,-0.8538,2.7103,64,2026-06-08T14:22:10
23275,pool:gen_008,dqn,2,-0.8415,2.6855,64,2026-06-08T14:22:12
23276,dqn,self,1,2.1904,-2.2276,64,2026-06-08T14:22:13
23277,self,dqn,2,-0.9776,2.6608,64,2026-06-08T14:22:16
23278,dqn,pool:gen_005,1,1.6212,-1.9058,64,2026-06-08T14:22:18
23279,pool:gen_011,dqn,1,1.7326,-1.8316,64,2026-06-08T14:22:20
23280,dqn,self,1,1.7697,-1.6831,64,2026-06-08T14:22:22
23281,pool:gen_009,dqn,2,-0.6063,2.5123,64,2026-06-08T14:22:24
23282,dqn,self,2,-0.6063,2.4751,64,2026-06-08T14:22:26
23283,pool:gen_010,dqn,2,-1.0147,2.6236,64,2026-06-08T14:22:28
23284,dqn,self,1,1.4974,-1.8439,64,2026-06-08T14:22:30
23285,pool:gen_008,dqn,2,-0.5940,2.2648,64,2026-06-08T14:22:32
23286,dqn,self,2,-0.6311,2.7845,64,2026-06-08T14:22:34
23287,self,dqn,1,1.4355,-1.8687,64,2026-06-08T14:22:36
23288,dqn,pool:gen_010,1,1.9801,-1.7697,64,2026-06-08T14:22:38
23289,pool:gen_009,dqn,2,-0.6930,2.6484,64,2026-06-08T14:22:40
23290,dqn,self,1,1.5717,-1.7326,64,2026-06-08T14:22:42
23291,heuristic,dqn,2,-0.8785,3.9850,64,2026-06-08T14:22:44
23292,dqn,pool:gen_009,1,1.6088,-1.8068,64,2026-06-08T14:22:46
23293,pool:gen_010,dqn,2,-0.7796,2.7474,64,2026-06-08T14:22:48
23294,dqn,self,2,-0.7672,2.3885,64,2026-06-08T14:22:50
23295,self,dqn,1,1.4603,-1.6212,64,2026-06-08T14:22:52
23296,dqn,pool:gen_009,1,1.4108,-1.7821,64,2026-06-08T14:22:54
23297,pool:gen_008,dqn,2,-0.6682,2.3390,64,2026-06-08T14:22:56
23298,dqn,self,1,1.8192,-1.8192,64,2026-06-08T14:22:58
23299,pool:gen_010,dqn,2,-0.7548,2.8835,64,2026-06-08T14:23:00
23300,dqn,pool:gen_008,1,1.4232,-1.7697,64,2026-06-08T14:23:02
23301,pool:gen_010,dqn,2,-0.9652,2.7845,64,2026-06-08T14:34:28
23302,dqn,pool:gen_005,1,1.5717,-1.9182,64,2026-06-08T14:34:30
23303,pool:gen_007,dqn,2,-0.7177,2.5494,64,2026-06-08T14:34:32
23304,dqn,pool:gen_007,1,1.4974,-1.5469,64,2026-06-08T14:34:35
23305,pool:gen_007,dqn,2,-0.5445,2.3514,64,2026-06-08T14:34:37
23306,dqn,self,1,1.7326,-1.9801,64,2026-06-08T14:34:39
23307,self,dqn,1,1.8192,-1.9677,64,2026-06-08T14:34:42
23308,dqn,self,2,-0.7672,2.4999,64,2026-06-08T14:34:44
23309,self,dqn,2,-0.8291,3.0321,64,2026-06-08T14:34:46
23310,dqn,heuristic,1,3.3909,-2.3637,64,2026-06-08T14:34:48
23311,pool:gen_010,dqn,2,-0.8291,2.9207,64,2026-06-08T14:34:51
23312,dqn,pool:gen_011,2,-0.4578,2.4380,64,2026-06-08T14:34:53
23313,random,dqn,2,-0.9528,2.7598,64,2026-06-08T14:34:55
23314,dqn,pool:gen_011,1,1.6831,-1.6954,64,2026-06-08T14:34:58
23315,pool:gen_007,dqn,2,-1.0890,2.8464,64,2026-06-08T14:35:00
23316,dqn,self,1,1.6954,-2.0543,64,2026-06-08T14:35:02
23317,heuristic,dqn,2,-1.0023,3.6013,64,2026-06-08T14:35:05
23318,dqn,self,1,1.3613,-1.6088,64,2026-06-08T14:35:07
23319,random,dqn,2,-1.1632,3.4404,64,2026-06-08T14:35:09
23320,dqn,pool:gen_010,1,1.7449,-1.7821,64,2026-06-08T14:35:11
23321,self,dqn,1,1.8563,-2.1533,64,2026-06-08T14:35:13
23322,dqn,random,1,3.1558,-2.5988,64,2026-06-08T14:35:16
23323,pool:gen_008,dqn,2,-0.6311,2.7474,64,2026-06-08T14:35:18
23324,dqn,self,1,1.8316,-1.9553,64,2026-06-08T14:35:20
23325,pool:gen_008,dqn,1,1.5222,-1.6336,64,2026-06-08T14:35:23
23326,dqn,self,2,-0.6063,2.5123,64,2026-06-08T14:35:25
23327,random,dqn,2,-1.1756,3.1310,64,2026-06-08T14:35:27
23328,dqn,pool:gen_007,1,1.6707,-1.8563,64,2026-06-08T14:35:29
23329,self,dqn,2,-1.0395,2.7474,64,2026-06-08T14:35:32
23330,dqn,pool:gen_006,1,1.6212,-1.7202,64,2026-06-08T14:35:34
23331,heuristic,dqn,2,-0.5816,3.3167,64,2026-06-08T14:35:37
23332,dqn,self,1,1.5593,-1.5593,64,2026-06-08T14:35:39
23333,self,dqn,1,1.4727,-1.7202,64,2026-06-08T14:35:41
23334,dqn,heuristic,1,3.0568,-1.8068,64,2026-06-08T14:35:43
23335,pool:gen_008,dqn,2,-0.8291,2.6979,64,2026-06-08T14:35:46
23336,dqn,heuristic,1,2.7102,-2.0419,64,2026-06-08T14:35:48
23337,pool:gen_011,dqn,1,1.6088,-1.6954,64,2026-06-08T14:35:50
23338,dqn,self,1,1.7078,-1.9306,64,2026-06-08T14:35:52
23339,random,dqn,2,-0.6311,2.8217,64,2026-06-08T14:35:54
23340,dqn,self,1,1.6707,-2.0048,64,2026-06-08T14:35:57
23341,heuristic,dqn,2,-0.8414,3.6137,64,2026-06-08T14:35:59
23342,dqn,pool:gen_010,1,2.3142,-2.2523,64,2026-06-08T14:36:01
23343,self,dqn,1,1.6335,-1.8563,64,2026-06-08T14:36:03
23344,dqn,pool:gen_008,1,1.8439,-1.7573,64,2026-06-08T14:36:06
23345,pool:gen_008,dqn,2,-0.6063,2.6979,64,2026-06-08T14:36:08
23346,dqn,self,1,1.6583,-1.6459,64,2026-06-08T14:36:10
23347,self,dqn,2,-0.7548,2.6979,64,2026-06-08T14:36:13
23348,dqn,heuristic,1,2.6236,-1.6088,64,2026-06-08T14:36:15
23349,pool:gen_007,dqn,2,-0.8167,2.8217,64,2026-06-08T14:36:18
23350,dqn,pool:gen_007,1,1.4355,-1.6831,64,2026-06-08T14:36:20
23351,pool:gen_006,dqn,1,1.6088,-1.6583,64,2026-06-08T14:36:23
23352,dqn,self,2,-0.5816,2.3885,64,2026-06-08T14:36:25
23353,self,dqn,1,1.5098,-1.7944,64,2026-06-08T14:36:27
23354,dqn,heuristic,1,2.2771,-1.5840,64,2026-06-08T14:36:29
23355,heuristic,dqn,2,-0.5939,3.6385,64,2026-06-08T14:36:32
23356,dqn,random,1,2.1781,-2.1286,64,2026-06-08T14:36:34
23357,pool:gen_007,dqn,2,-1.0024,2.5618,64,2026-06-08T14:36:37
23358,dqn,self,2,-0.7301,2.2400,64,2026-06-08T14:36:39
23359,random,dqn,2,-1.0394,3.7127,64,2026-06-08T14:36:41
23360,dqn,self,2,-0.6930,2.6484,64,2026-06-08T14:36:43
23361,pool:gen_007,dqn,2,-0.8415,2.6484,64,2026-06-08T14:36:46
23362,dqn,pool:gen_008,1,1.7573,-1.7697,64,2026-06-08T14:36:48
23363,self,dqn,1,1.5840,-1.8687,64,2026-06-08T14:36:51
23364,dqn,self,2,-0.8910,2.7103,64,2026-06-08T14:36:53
23365,pool:gen_008,dqn,2,-0.7053,2.5246,64,2026-06-08T14:36:56
23366,dqn,pool:gen_006,1,1.7078,-1.9677,64,2026-06-08T14:36:58
23367,self,dqn,2,-0.5073,2.5742,64,2026-06-08T14:37:01
23368,dqn,self,2,-0.8167,2.5989,64,2026-06-08T14:37:03
23369,self,dqn,2,-0.6806,2.7722,64,2026-06-08T14:37:05
23370,dqn,self,1,1.5840,-1.9430,64,2026-06-08T14:37:07
23371,self,dqn,1,1.6831,-1.8439,64,2026-06-08T14:37:09
23372,dqn,heuristic,1,3.0073,-2.0048,64,2026-06-08T14:37:11
23373,pool:gen_010,dqn,2,-1.0519,2.7350,64,2026-06-08T14:37:14
23374,dqn,self,1,1.7078,-1.8934,64,2026-06-08T14:37:17
23375,self,dqn,2,-0.8043,2.6855,64,2026-06-08T14:37:19
23376,dqn,pool:gen_008,2,-0.8044,2.3143,64,2026-06-08T14:37:22
23377,self,dqn,1,1.4355,-1.7202,64,2026-06-08T14:37:24
23378,dqn,self,2,-0.5692,2.9578,64,2026-06-08T14:37:26
23379,pool:gen_008,dqn,1,1.4603,-1.7697,64,2026-06-08T14:37:29
23380,dqn,pool:gen_011,2,-1.0519,2.8093,64,2026-06-08T14:37:32
23381,self,dqn,2,-0.5568,2.3390,64,2026-06-08T14:37:34
23382,dqn,pool:gen_005,2,-0.2227,2.3762,64,2026-06-08T14:37:36
23383,self,dqn,1,1.5840,-1.8316,64,2026-06-08T14:37:39
23384,dqn,self,2,-0.6806,2.2153,64,2026-06-08T14:37:41
23385,self,dqn,2,-0.5321,2.6237,64,2026-06-08T14:37:44
23386,dqn,pool:gen_007,1,1.7326,-1.7944,64,2026-06-08T14:37:46
23387,self,dqn,1,1.3860,-1.7326,64,2026-06-08T14:37:49
23388,dqn,pool:gen_009,1,1.5345,-1.7697,64,2026-06-08T14:37:51
23389,pool:gen_011,dqn,2,-0.5940,2.1534,64,2026-06-08T14:37:54
23390,dqn,self,2,-0.7053,2.5618,64,2026-06-08T14:37:56
23391,self,dqn,1,1.4479,-1.8192,64,2026-06-08T14:37:59
23392,dqn,self,2,-1.0271,2.6855,64,2026-06-08T14:38:01
23393,pool:gen_008,dqn,2,-0.7177,2.3638,64,2026-06-08T14:38:03
23394,dqn,random,1,2.5617,-2.0791,64,2026-06-08T14:38:06
23395,pool:gen_006,dqn,1,1.5098,-1.6831,64,2026-06-08T14:38:08
23396,dqn,self,2,-0.9157,2.8712,64,2026-06-08T14:38:10
23397,pool:gen_009,dqn,2,-0.9157,2.6113,64,2026-06-08T14:38:13
23398,dqn,self,2,-0.8043,2.7227,64,2026-06-08T14:38:15
23399,random,dqn,2,-0.9281,3.0444,64,2026-06-08T14:38:17
23400,dqn,pool:gen_010,1,2.0914,-2.1038,64,2026-06-08T14:38:20
23401,pool:gen_010,dqn,2,-0.8415,2.9454,64,2026-06-08T14:49:36
23402,dqn,pool:gen_008,1,1.6583,-1.9058,64,2026-06-08T14:49:38
23403,self,dqn,2,-0.6063,2.3266,64,2026-06-08T14:49:40
23404,dqn,self,2,-0.9900,3.0939,64,2026-06-08T14:49:42
23405,self,dqn,2,-0.8167,3.0444,64,2026-06-08T14:49:44
23406,dqn,pool:gen_008,1,1.6459,-1.8439,64,2026-06-08T14:49:46
23407,pool:gen_009,dqn,2,-0.9157,2.6113,64,2026-06-08T14:49:48
23408,dqn,random,1,2.5865,-2.4627,64,2026-06-08T14:49:50
23409,random,dqn,2,-1.3488,3.9602,64,2026-06-08T14:49:52
23410,dqn,heuristic,1,1.7821,-1.5964,64,2026-06-08T14:49:54
23411,pool:gen_008,dqn,2,-0.7920,2.5865,64,2026-06-08T14:49:56
23412,dqn,self,1,1.5098,-1.7944,64,2026-06-08T14:49:58
23413,pool:gen_008,dqn,2,-0.9157,2.4256,64,2026-06-08T14:50:01
23414,dqn,random,1,2.7226,-2.5122,64,2026-06-08T14:50:02
23415,pool:gen_007,dqn,2,-1.0147,2.7350,64,2026-06-08T14:50:04
23416,dqn,self,1,1.6212,-1.9430,64,2026-06-08T14:50:07
23417,self,dqn,2,-0.7301,2.9826,64,2026-06-08T14:50:09
23418,dqn,pool:gen_006,1,1.8316,-1.8439,64,2026-06-08T14:50:11
23419,pool:gen_010,dqn,2,-0.7920,2.8093,64,2026-06-08T14:50:13
23420,dqn,self,2,-0.6558,2.3143,64,2026-06-08T14:50:22
23421,self,dqn,2,-0.6435,2.3266,64,2026-06-08T14:50:30
23422,dqn,pool:gen_009,1,2.0667,-2.1657,64,2026-06-08T14:50:41
23423,random,dqn,2,-1.0518,2.9207,64,2026-06-08T14:50:51
23424,dqn,self,1,1.6088,-1.6954,64,2026-06-08T14:51:01
23425,self,dqn,2,-0.8910,2.7845,64,2026-06-08T14:51:11
23426,dqn,pool:gen_008,1,1.5717,-1.8068,64,2026-06-08T14:51:22
23427,pool:gen_011,dqn,2,-0.5940,2.2648,64,2026-06-08T14:51:32
23428,dqn,pool:gen_011,2,-1.0766,3.0073,64,2026-06-08T14:51:42
23429,self,dqn,1,2.0667,-2.1657,64,2026-06-08T14:51:52
23430,dqn,self,1,1.5593,-1.7449,64,2026-06-08T14:52:02
23431,self,dqn,1,1.7449,-2.0048,64,2026-06-08T14:52:14
23432,dqn,self,1,1.4479,-1.8563,64,2026-06-08T14:52:26
23433,self,dqn,1,1.8440,-1.3118,64,2026-06-08T14:52:36
23434,dqn,pool:gen_011,2,-1.2746,3.0692,64,2026-06-08T14:52:47
23435,random,dqn,2,-0.8415,2.9454,64,2026-06-08T14:52:55
23436,dqn,pool:gen_010,1,2.1904,-2.2276,64,2026-06-08T14:53:04
23437,self,dqn,2,-0.6558,2.4628,64,2026-06-08T14:53:14
23438,dqn,self,2,-0.3960,2.2029,64,2026-06-08T14:53:25
23439,random,dqn,2,-1.3983,3.7993,64,2026-06-08T14:53:34
23440,dqn,pool:gen_010,1,1.8934,-1.9306,64,2026-06-08T14:53:44
23441,self,dqn,1,1.4479,-1.6336,64,2026-06-08T14:53:57
23442,dqn,pool:gen_005,1,1.7449,-1.6707,64,2026-06-08T14:54:11
23443,random,dqn,2,-1.0890,3.1806,64,2026-06-08T14:54:23
23444,dqn,pool:gen_010,1,2.2276,-2.1904,64,2026-06-08T14:54:38
23445,heuristic,dqn,2,-0.6805,3.8489,64,2026-06-08T14:54:51
23446,dqn,self,1,1.8811,-2.1286,64,2026-06-08T14:55:02
23447,self,dqn,1,2.0914,-2.1409,64,2026-06-08T14:55:16
23448,dqn,self,2,-0.7672,2.7227,64,2026-06-08T14:55:28
23449,pool:gen_009,dqn,2,-0.9900,2.8712,64,2026-06-08T14:55:40
23450,dqn,self,1,1.8068,-1.8687,64,2026-06-08T14:55:53
23451,self,dqn,1,2.1904,-2.2647,64,2026-06-08T14:56:02
23452,dqn,pool:gen_007,1,1.9677,-2.0791,64,2026-06-08T14:56:19
23453,self,dqn,1,1.5840,-2.0172,64,2026-06-08T14:56:33
23454,dqn,pool:gen_007,1,1.6707,-1.9677,64,2026-06-08T14:56:49
23455,pool:gen_007,dqn,2,-0.9776,2.7350,64,2026-06-08T14:57:06
23456,dqn,pool:gen_006,1,1.6088,-1.9925,64,2026-06-08T14:57:18
23457,pool:gen_005,dqn,1,1.6583,-1.8316,64,2026-06-08T14:57:25
23458,dqn,pool:gen_007,1,1.5964,-2.0048,64,2026-06-08T14:57:31
23459,pool:gen_008,dqn,2,-0.8910,2.7103,64,2026-06-08T14:57:38
23460,dqn,random,1,2.5122,-2.3513,64,2026-06-08T14:57:49
23461,self,dqn,1,1.5222,-1.5593,64,2026-06-08T14:58:00
23462,dqn,pool:gen_011,2,-1.0395,2.7845,64,2026-06-08T14:58:11
23463,pool:gen_007,dqn,2,-1.0766,2.8217,64,2026-06-08T14:58:21
23464,dqn,pool:gen_006,1,1.7325,-1.9801,64,2026-06-08T14:58:34
23465,self,dqn,1,1.5840,-1.9430,64,2026-06-08T14:58:49
23466,dqn,pool:gen_007,1,1.6954,-1.9429,64,2026-06-08T14:59:01
23467,self,dqn,1,1.8316,-2.0667,64,2026-06-08T14:59:14
23468,dqn,pool:gen_011,2,-0.5197,2.3390,64,2026-06-08T14:59:24
23469,pool:gen_009,dqn,2,-1.1385,2.9454,64,2026-06-08T14:59:36
23470,dqn,self,1,1.6954,-1.5345,64,2026-06-08T14:59:50
23471,pool:gen_010,dqn,2,-1.0518,3.2177,64,2026-06-08T15:00:03
23472,dqn,random,1,2.9577,-2.6483,64,2026-06-08T15:00:15
23473,self,dqn,2,-0.8167,2.7474,64,2026-06-08T15:00:27
23474,dqn,pool:gen_007,1,2.0791,-2.1905,64,2026-06-08T15:00:40
23475,pool:gen_007,dqn,2,-1.0766,2.8217,64,2026-06-08T15:00:52
23476,dqn,self,2,-0.8415,2.8340,64,2026-06-08T15:01:08
23477,pool:gen_011,dqn,1,1.5222,-1.7078,64,2026-06-08T15:01:21
23478,dqn,pool:gen_010,1,2.4008,-2.1657,64,2026-06-08T15:01:35
23479,self,dqn,1,1.5593,-1.7821,64,2026-06-08T15:01:47
23480,dqn,self,2,-0.7053,2.3019,64,2026-06-08T15:02:00
23481,self,dqn,1,1.7078,-1.7078,64,2026-06-08T15:02:14
23482,dqn,self,1,1.9058,-2.1410,64,2026-06-08T15:02:30
23483,pool:gen_008,dqn,2,-0.8538,2.5989,64,2026-06-08T15:02:42
23484,dqn,self,1,1.9058,-1.6954,64,2026-06-08T15:02:54
23485,self,dqn,1,1.4355,-1.6831,64,2026-06-08T15:03:08
23486,dqn,pool:gen_006,1,1.9182,-2.0915,64,2026-06-08T15:03:18
23487,self,dqn,2,-0.6682,2.3019,64,2026-06-08T15:03:29
23488,dqn,self,2,-0.7177,2.4009,64,2026-06-08T15:03:39
23489,pool:gen_010,dqn,2,-0.8662,2.7350,64,2026-06-08T15:03:54
23490,dqn,self,1,1.5841,-1.5717,64,2026-06-08T15:04:08
23491,pool:gen_007,dqn,2,-1.0766,2.7845,64,2026-06-08T15:04:20
23492,dqn,self,1,1.4479,-1.6707,64,2026-06-08T15:04:32
23493,pool:gen_011,dqn,2,-0.6187,2.3514,64,2026-06-08T15:04:45
23494,dqn,pool:gen_006,1,1.8192,-2.1162,64,2026-06-08T15:04:56
23495,pool:gen_008,dqn,2,-0.9033,2.5865,64,2026-06-08T15:05:06
23496,dqn,self,1,1.5469,-1.7944,64,2026-06-08T15:05:19
23497,self,dqn,1,1.4850,-1.5964,64,2026-06-08T15:05:31
23498,dqn,self,1,1.9553,-1.7573,64,2026-06-08T15:05:45
23499,self,dqn,1,1.6212,-1.6459,64,2026-06-08T15:05:55
23500,dqn,pool:gen_009,1,2.0419,-2.3761,64,2026-06-08T15:06:05
23501,pool:gen_006,dqn,2,-0.9157,2.5741,64,2026-06-08T15:28:45
23502,dqn,pool:gen_010,1,2.2647,-2.0048,64,2026-06-08T15:28:53
23503,pool:gen_007,dqn,2,-0.8786,2.6113,64,2026-06-08T15:29:03
23504,dqn,heuristic,1,2.1410,-1.5345,64,2026-06-08T15:29:12
23505,pool:gen_009,dqn,2,-1.1632,2.9578,64,2026-06-08T15:29:21
23506,dqn,self,1,1.5964,-1.7821,64,2026-06-08T15:29:29
23507,self,dqn,2,-0.7920,2.3266,64,2026-06-08T15:29:38
23508,dqn,self,2,-0.7053,2.5618,64,2026-06-08T15:29:45
23509,pool:gen_007,dqn,2,-0.9776,2.6236,64,2026-06-08T15:29:54
23510,dqn,pool:gen_005,2,-0.6187,2.2400,64,2026-06-08T15:30:02
23511,self,dqn,2,-0.9405,2.4009,64,2026-06-08T15:30:10
23512,dqn,pool:gen_006,1,1.8316,-1.9553,64,2026-06-08T15:30:18
23513,pool:gen_008,dqn,2,-0.7672,2.4256,64,2026-06-08T15:30:26
23514,dqn,pool:gen_005,1,1.9429,-2.0667,64,2026-06-08T15:30:34
23515,pool:gen_010,dqn,2,-0.8786,3.0197,64,2026-06-08T15:30:44
23516,dqn,self,2,-0.7672,2.5741,64,2026-06-08T15:30:52
23517,pool:gen_007,dqn,2,-0.7053,2.5246,64,2026-06-08T15:31:01
23518,dqn,pool:gen_010,1,1.9306,-1.8563,64,2026-06-08T15:31:10
23519,self,dqn,2,-0.6682,2.5618,64,2026-06-08T15:31:20
23520,dqn,self,2,-0.7425,2.4875,64,2026-06-08T15:31:29
23521,self,dqn,2,-0.7920,2.5123,64,2026-06-08T15:31:37
23522,dqn,self,1,1.7821,-1.8934,64,2026-06-08T15:31:46
23523,self,dqn,2,-0.6806,2.5865,64,2026-06-08T15:31:55
23524,dqn,self,2,-0.6558,2.3514,64,2026-06-08T15:32:03
23525,self,dqn,1,1.7078,-1.7078,64,2026-06-08T15:32:11
23526,dqn,self,1,1.7449,-1.7821,64,2026-06-08T15:32:19
23527,self,dqn,2,-0.6806,2.6608,64,2026-06-08T15:32:27
23528,dqn,pool:gen_009,1,1.8811,-2.1286,64,2026-06-08T15:32:34
23529,pool:gen_009,dqn,2,-0.8043,2.7227,64,2026-06-08T15:32:41
23530,dqn,pool:gen_011,2,-0.9157,2.7227,64,2026-06-08T15:32:47
23531,pool:gen_008,dqn,2,-0.7796,2.5618,64,2026-06-08T15:32:54
23532,dqn,self,1,1.6830,-1.9182,64,2026-06-08T15:33:01
23533,pool:gen_007,dqn,2,-0.6806,2.6237,64,2026-06-08T15:33:08
23534,dqn,random,1,2.0667,-1.7944,64,2026-06-08T15:33:14
23535,heuristic,dqn,2,-0.2722,3.3662,64,2026-06-08T15:33:20
23536,dqn,self,1,1.3489,-1.6583,64,2026-06-08T15:33:27
23537,random,dqn,2,-1.1880,2.8588,64,2026-06-08T15:33:33
23538,dqn,self,2,-0.4454,2.5989,64,2026-06-08T15:33:39
23539,self,dqn,1,1.4974,-1.7697,64,2026-06-08T15:33:46
23540,dqn,self,1,1.7944,-2.0296,64,2026-06-08T15:33:53
23541,self,dqn,1,1.3984,-1.7202,64,2026-06-08T15:34:00
23542,dqn,pool:gen_010,1,2.0048,-1.8934,64,2026-06-08T15:34:06
23543,pool:gen_009,dqn,2,-0.6682,2.5246,64,2026-06-08T15:34:14
23544,dqn,self,1,1.7326,-1.6459,64,2026-06-08T15:34:20
23545,self,dqn,1,1.6459,-1.7697,64,2026-06-08T15:34:27
23546,dqn,self,1,1.7573,-2.0667,64,2026-06-08T15:34:33
23547,pool:gen_007,dqn,2,-0.8662,2.8464,64,2026-06-08T15:34:41
23548,dqn,pool:gen_008,1,1.8068,-2.0172,64,2026-06-08T15:34:48
23549,pool:gen_009,dqn,2,-0.5692,2.4380,64,2026-06-08T15:34:55
23550,dqn,pool:gen_010,1,1.6954,-1.7573,64,2026-06-08T15:35:02
23551,self,dqn,1,1.3860,-1.8068,64,2026-06-08T15:35:09
23552,dqn,self,1,1.6707,-1.9306,64,2026-06-08T15:35:16
23553,pool:gen_006,dqn,2,-0.9652,2.5989,64,2026-06-08T15:35:24
23554,dqn,random,1,2.7845,-2.5246,64,2026-06-08T15:35:30
23555,pool:gen_011,dqn,1,1.6831,-1.8068,64,2026-06-08T15:35:36
23556,dqn,pool:gen_010,1,1.9429,-2.1038,64,2026-06-08T15:35:43
23557,self,dqn,1,1.6088,-2.0296,64,2026-06-08T15:35:50
23558,dqn,self,1,1.9801,-2.2152,64,2026-06-08T15:35:58
23559,pool:gen_011,dqn,1,1.5222,-1.7078,64,2026-06-08T15:36:05
23560,dqn,pool:gen_007,1,1.6088,-1.9182,64,2026-06-08T15:36:10
23561,self,dqn,1,2.0419,-2.2276,64,2026-06-08T15:36:17
23562,dqn,self,2,-1.1261,2.9207,64,2026-06-08T15:36:25
23563,self,dqn,2,-0.8291,2.5865,64,2026-06-08T15:36:34
23564,dqn,pool:gen_009,1,1.9801,-2.2152,64,2026-06-08T15:36:41
23565,pool:gen_009,dqn,2,-0.9405,2.6236,64,2026-06-08T15:36:48
23566,dqn,heuristic,1,3.3414,-1.9305,64,2026-06-08T15:36:56
23567,pool:gen_007,dqn,2,-1.0271,2.7969,64,2026-06-08T15:37:04
23568,dqn,random,1,2.7969,-2.2523,64,2026-06-08T15:37:12
23569,pool:gen_011,dqn,1,1.8563,-1.8934,64,2026-06-08T15:37:20
23570,dqn,self,2,-0.5445,2.2771,64,2026-06-08T15:37:29
23571,self,dqn,1,1.6954,-2.0172,64,2026-06-08T15:37:36
23572,dqn,pool:gen_007,1,1.8934,-1.9306,64,2026-06-08T15:37:42
23573,pool:gen_008,dqn,2,-0.6682,2.5246,64,2026-06-08T15:37:49
23574,dqn,random,1,2.6855,-2.4379,64,2026-06-08T15:37:55
23575,self,dqn,1,1.7202,-1.5469,64,2026-06-08T15:38:02
23576,dqn,self,2,-0.6806,2.4751,64,2026-06-08T15:38:09
23577,random,dqn,2,-0.9281,3.0816,64,2026-06-08T15:38:15
23578,dqn,pool:gen_010,1,2.6607,-2.2399,64,2026-06-08T15:38:22
23579,heuristic,dqn,2,-0.5073,3.3538,64,2026-06-08T15:38:30
23580,dqn,pool:gen_009,1,1.8934,-2.0419,64,2026-06-08T15:39:01
23581,pool:gen_009,dqn,2,-1.1261,3.0320,64,2026-06-08T15:39:11
23582,dqn,self,1,1.7325,-2.0915,64,2026-06-08T15:39:18
23583,pool:gen_009,dqn,2,-0.9157,2.6484,64,2026-06-08T15:39:24
23584,dqn,pool:gen_009,1,1.8934,-2.0419,64,2026-06-08T15:39:31
23585,self,dqn,2,-0.4950,2.2153,64,2026-06-08T15:39:38
23586,dqn,pool:gen_009,1,2.2276,-2.2647,64,2026-06-08T15:39:45
23587,heuristic,dqn,2,-0.7672,3.9479,64,2026-06-08T15:39:50
23588,dqn,heuristic,1,3.1063,-2.0172,64,2026-06-08T15:39:56
23589,pool:gen_005,dqn,2,-0.8910,2.6360,64,2026-06-08T15:40:04
23590,dqn,self,1,1.7944,-1.9924,64,2026-06-08T15:40:10
23591,pool:gen_007,dqn,2,-0.7796,2.8588,64,2026-06-08T15:40:16
23592,dqn,random,1,1.9677,-2.1162,64,2026-06-08T15:40:23
23593,pool:gen_005,dqn,1,1.7449,-1.8934,64,2026-06-08T15:40:29
23594,dqn,pool:gen_009,1,2.1781,-2.2771,64,2026-06-08T15:40:35
23595,pool:gen_006,dqn,2,-0.6435,2.6237,64,2026-06-08T15:40:42
23596,dqn,random,1,1.6954,-1.9058,64,2026-06-08T15:40:48
23597,pool:gen_010,dqn,2,-0.6558,2.7969,64,2026-06-08T15:40:54
23598,dqn,pool:gen_011,2,-0.6311,2.4875,64,2026-06-08T15:41:01
23599,pool:gen_008,dqn,2,-0.6682,2.4875,64,2026-06-08T15:41:07
23600,dqn,self,1,1.8687,-1.9182,64,2026-06-08T15:41:16
23601,random,dqn,2,-0.9157,2.9083,64,2026-06-08T15:56:13
23602,dqn,heuristic,1,3.1310,-2.0667,64,2026-06-08T15:56:15
23603,self,dqn,1,1.5345,-1.7326,64,2026-06-08T15:56:18
23604,dqn,pool:gen_006,2,-0.5568,2.2276,64,2026-06-08T15:56:20
23605,heuristic,dqn,2,-0.6929,3.9479,64,2026-06-08T15:56:22
23606,dqn,heuristic,1,2.7721,-1.6830,64,2026-06-08T15:56:24
23607,pool:gen_007,dqn,2,-0.9405,2.9949,64,2026-06-08T15:56:26
23608,dqn,self,1,1.6583,-1.8316,64,2026-06-08T15:56:29
23609,pool:gen_009,dqn,2,-0.9776,2.8464,64,2026-06-08T15:56:31
23610,dqn,self,1,2.0419,-2.2276,64,2026-06-08T15:56:34
23611,self,dqn,2,-0.9157,2.9083,64,2026-06-08T15:56:36
23612,dqn,pool:gen_009,1,2.1162,-2.1162,64,2026-06-08T15:56:38
23613,pool:gen_008,dqn,2,-0.5692,2.2895,64,2026-06-08T15:56:41
23614,dqn,self,2,-0.2227,2.8588,64,2026-06-08T15:56:43
23615,self,dqn,1,1.4108,-1.5593,64,2026-06-08T15:56:46
23616,dqn,heuristic,1,1.8563,-1.5222,64,2026-06-08T15:56:48
23617,self,dqn,1,1.7202,-1.9553,64,2026-06-08T15:56:51
23618,dqn,pool:gen_010,1,1.9924,-2.0543,64,2026-06-08T15:56:53
23619,pool:gen_008,dqn,1,1.3489,-1.6954,64,2026-06-08T15:56:56
23620,dqn,pool:gen_011,1,1.4355,-1.7573,64,2026-06-08T15:56:58
23621,pool:gen_011,dqn,1,1.4727,-1.7202,64,2026-06-08T15:57:01
23622,dqn,self,1,2.0667,-2.1286,64,2026-06-08T15:57:03
23623,pool:gen_007,dqn,2,-0.6930,2.5370,64,2026-06-08T15:57:05
23624,dqn,self,1,1.7078,-1.8563,64,2026-06-08T15:57:08
23625,self,dqn,2,-0.7920,2.5865,64,2026-06-08T15:57:10
23626,dqn,self,1,1.4355,-1.7202,64,2026-06-08T15:57:13
23627,pool:gen_011,dqn,1,1.4850,-1.8192,64,2026-06-08T15:57:15
23628,dqn,self,2,-0.9652,2.6360,64,2026-06-08T15:57:18
23629,pool:gen_009,dqn,2,-0.8043,2.5370,64,2026-06-08T15:57:20
23630,dqn,pool:gen_006,2,-0.8291,2.4009,64,2026-06-08T15:57:23
23631,pool:gen_007,dqn,2,-1.0147,2.8093,64,2026-06-08T15:57:25
23632,dqn,pool:gen_008,2,-0.8786,2.5370,64,2026-06-08T15:57:27
23633,self,dqn,2,-0.5816,2.5370,64,2026-06-08T15:57:30
23634,dqn,pool:gen_005,2,-0.6311,2.4133,64,2026-06-08T15:57:32
23635,pool:gen_011,dqn,2,-0.6187,2.4628,64,2026-06-08T15:57:34
23636,dqn,self,2,-0.5197,2.3390,64,2026-06-08T15:57:37
23637,pool:gen_010,dqn,2,-0.9528,2.6484,64,2026-06-08T15:57:39
23638,dqn,heuristic,1,2.8835,-1.8687,64,2026-06-08T15:57:41
23639,pool:gen_011,dqn,1,1.4727,-1.7944,64,2026-06-08T15:57:44
23640,dqn,self,2,-0.9405,2.7722,64,2026-06-08T15:57:46
23641,self,dqn,1,1.5840,-1.8687,64,2026-06-08T15:57:48
23642,dqn,pool:gen_008,2,-0.8167,2.4504,64,2026-06-08T15:57:51
23643,self,dqn,2,-0.4083,2.3390,64,2026-06-08T15:57:53
23644,dqn,self,2,-0.6311,2.2648,64,2026-06-08T15:57:55
23645,pool:gen_005,dqn,1,1.9058,-1.8439,64,2026-06-08T15:57:57
23646,dqn,self,2,-0.1237,2.3267,64,2026-06-08T15:58:00
23647,random,dqn,2,-0.7548,3.2177,64,2026-06-08T15:58:02
23648,dqn,self,1,2.0048,-1.8934,64,2026-06-08T15:58:04
23649,pool:gen_009,dqn,1,1.3118,-1.6583,64,2026-06-08T15:58:06
23650,dqn,heuristic,1,2.6855,-1.6211,64,2026-06-08T15:58:08
23651,self,dqn,2,-0.6311,2.6732,64,2026-06-08T15:58:11
23652,dqn,pool:gen_010,1,1.8192,-2.0048,64,2026-06-08T15:58:13
23653,self,dqn,2,-0.4331,2.4628,64,2026-06-08T15:58:15
23654,dqn,pool:gen_010,1,1.9058,-1.8439,64,2026-06-08T15:58:18
23655,self,dqn,2,-0.4331,2.4256,64,2026-06-08T15:58:20
23656,dqn,self,2,-0.6435,2.6237,64,2026-06-08T15:58:22
23657,pool:gen_006,dqn,1,1.7697,-1.7944,64,2026-06-08T15:58:25
23658,dqn,pool:gen_005,1,1.5098,-1.7944,64,2026-06-08T15:58:27
23659,random,dqn,2,-1.0518,3.3291,64,2026-06-08T15:58:30
23660,dqn,pool:gen_011,2,-0.6930,2.3885,64,2026-06-08T15:58:33
23661,pool:gen_007,dqn,2,-0.7548,2.6979,64,2026-06-08T15:58:35
23662,dqn,self,1,2.0915,-1.9182,64,2026-06-08T15:58:37
23663,pool:gen_006,dqn,1,1.5222,-1.5964,64,2026-06-08T15:58:39
23664,dqn,self,2,-0.4702,2.3143,64,2026-06-08T15:58:42
23665,pool:gen_009,dqn,1,1.8811,-1.9429,64,2026-06-08T15:58:44
23666,dqn,random,1,2.7721,-2.2771,64,2026-06-08T15:58:46
23667,self,dqn,1,1.5098,-1.6831,64,2026-06-08T15:58:48
23668,dqn,pool:gen_006,1,1.7326,-1.9058,64,2026-06-08T15:58:50
23669,self,dqn,2,-0.3959,2.4999,64,2026-06-08T15:58:52
23670,dqn,self,2,-0.8291,2.9578,64,2026-06-08T15:58:54
23671,self,dqn,1,1.4479,-1.7449,64,2026-06-08T15:58:56
23672,dqn,pool:gen_011,1,1.4479,-1.7821,64,2026-06-08T15:58:59
23673,pool:gen_007,dqn,2,-0.7425,2.6732,64,2026-06-08T15:59:01
23674,dqn,self,2,-0.6187,2.2771,64,2026-06-08T15:59:03
23675,pool:gen_010,dqn,2,-0.8662,2.8835,64,2026-06-08T15:59:05
23676,dqn,self,2,-0.7920,2.3638,64,2026-06-08T15:59:07
23677,pool:gen_008,dqn,2,-0.9033,2.6979,64,2026-06-08T15:59:09
23678,dqn,self,1,1.6212,-1.6831,64,2026-06-08T15:59:11
23679,self,dqn,1,1.3489,-1.6954,64,2026-06-08T15:59:14
23680,dqn,self,1,1.5841,-1.6459,64,2026-06-08T15:59:16
23681,self,dqn,1,1.4355,-1.7202,64,2026-06-08T15:59:18
23682,dqn,pool:gen_009,1,1.6707,-1.7821,64,2026-06-08T15:59:20
23683,self,dqn,2,-0.3341,2.3390,64,2026-06-08T15:59:22
23684,dqn,pool:gen_011,2,-0.6682,2.5246,64,2026-06-08T15:59:25
23685,pool:gen_011,dqn,1,1.6212,-1.9058,64,2026-06-08T15:59:27
23686,dqn,self,1,1.5222,-1.5964,64,2026-06-08T15:59:29
23687,self,dqn,1,1.6583,-1.9058,64,2026-06-08T15:59:31
23688,dqn,self,2,-0.8415,2.5370,64,2026-06-08T15:59:33
23689,pool:gen_009,dqn,1,1.5593,-1.8563,64,2026-06-08T15:59:35
23690,dqn,self,2,-0.7301,2.7227,64,2026-06-08T15:59:37
23691,pool:gen_008,dqn,1,1.4727,-1.7202,64,2026-06-08T15:59:40
23692,dqn,self,1,2.0914,-2.1781,64,2026-06-08T15:59:42
23693,pool:gen_010,dqn,2,-1.0271,3.0568,64,2026-06-08T15:59:44
23694,dqn,self,1,1.7697,-1.8316,64,2026-06-08T15:59:46
23695,heuristic,dqn,2,-0.6311,3.0073,64,2026-06-08T15:59:48
23696,dqn,pool:gen_008,1,1.4603,-1.5469,64,2026-06-08T15:59:51
23697,pool:gen_005,dqn,1,1.7449,-2.0048,64,2026-06-08T15:59:53
23698,dqn,self,2,-0.4331,2.4999,64,2026-06-08T15:59:54
23699,pool:gen_005,dqn,1,1.7449,-2.0048,64,2026-06-08T15:59:57
23700,dqn,pool:gen_006,1,1.9058,-1.9182,64,2026-06-08T15:59:59
23701,self,dqn,2,-0.3959,2.5742,64,2026-06-08T16:12:50
23702,dqn,pool:gen_009,2,-0.5321,2.1039,64,2026-06-08T16:12:52
23703,pool:gen_007,dqn,2,-1.0518,2.8835,64,2026-06-08T16:12:54
23704,dqn,self,1,1.9801,-2.1038,64,2026-06-08T16:12:56
23705,pool:gen_008,dqn,1,1.5098,-1.7202,64,2026-06-08T16:12:58
23706,dqn,pool:gen_011,2,-0.6930,2.3885,64,2026-06-08T16:13:00
23707,heuristic,dqn,2,-0.7053,3.8241,64,2026-06-08T16:13:02
23708,dqn,pool:gen_010,1,2.1038,-1.9429,64,2026-06-08T16:13:04
23709,self,dqn,1,1.5098,-1.8687,64,2026-06-08T16:13:06
23710,dqn,random,2,-0.9405,2.5865,64,2026-06-08T16:13:08
23711,self,dqn,1,1.6335,-1.8934,64,2026-06-08T16:13:11
23712,dqn,pool:gen_008,2,-0.7177,2.4009,64,2026-06-08T16:13:13
23713,pool:gen_009,dqn,1,1.9553,-1.9058,64,2026-06-08T16:13:15
23714,dqn,pool:gen_009,2,-0.6311,2.4133,64,2026-06-08T16:13:17
23715,self,dqn,1,1.4232,-1.6954,64,2026-06-08T16:13:19
23716,dqn,self,2,-0.7301,2.4999,64,2026-06-08T16:13:21
23717,pool:gen_007,dqn,2,-0.7920,2.7722,64,2026-06-08T16:13:23
23718,dqn,pool:gen_008,2,-0.9034,2.4751,64,2026-06-08T16:13:26
23719,heuristic,dqn,2,-0.4454,2.8217,64,2026-06-08T16:13:28
23720,dqn,self,1,2.1162,-2.1905,64,2026-06-08T16:13:30
23721,self,dqn,1,1.7449,-2.0791,64,2026-06-08T16:13:32
23722,dqn,self,1,1.5717,-1.9182,64,2026-06-08T16:13:34
23723,pool:gen_007,dqn,2,-0.8043,2.7598,64,2026-06-08T16:13:36
23724,dqn,heuristic,1,2.0667,-1.5345,64,2026-06-08T16:13:38
23725,pool:gen_011,dqn,1,1.5345,-1.8439,64,2026-06-08T16:13:40
23726,dqn,pool:gen_008,2,-1.0519,2.7350,64,2026-06-08T16:13:42
23727,pool:gen_009,dqn,1,2.0915,-1.9553,64,2026-06-08T16:13:44
23728,dqn,random,1,1.9429,-1.9553,64,2026-06-08T16:13:46
23729,pool:gen_008,dqn,1,1.7325,-2.1286,64,2026-06-08T16:13:49
23730,dqn,pool:gen_007,1,1.9306,-1.7449,64,2026-06-08T16:13:50
23731,pool:gen_008,dqn,1,1.4974,-1.8439,64,2026-06-08T16:13:53
23732,dqn,pool:gen_008,2,-1.0642,2.7226,64,2026-06-08T16:13:55
23733,self,dqn,2,-0.6063,2.5494,64,2026-06-08T16:13:57
23734,dqn,self,1,1.3984,-1.7944,64,2026-06-08T16:13:59
23735,heuristic,dqn,2,-0.4578,2.5494,64,2026-06-08T16:14:01
23736,dqn,self,1,1.9924,-2.0914,64,2026-06-08T16:14:04
23737,self,dqn,1,1.3737,-1.8192,64,2026-06-08T16:14:06
23738,dqn,self,2,-0.6435,2.4380,64,2026-06-08T16:14:08
23739,pool:gen_008,dqn,1,1.3613,-1.7202,64,2026-06-08T16:14:10
23740,dqn,random,1,2.3018,-2.1533,64,2026-06-08T16:14:12
23741,heuristic,dqn,2,-0.5816,2.8712,64,2026-06-08T16:14:14
23742,dqn,self,2,-0.6311,2.4875,64,2026-06-08T16:14:16
23743,self,dqn,1,1.3242,-1.7945,64,2026-06-08T16:14:19
23744,dqn,self,1,1.4479,-1.5593,64,2026-06-08T16:14:21
23745,self,dqn,1,1.8811,-1.9801,64,2026-06-08T16:14:23
23746,dqn,pool:gen_008,2,-0.8786,2.4999,64,2026-06-08T16:14:25
23747,pool:gen_011,dqn,1,1.4974,-1.8439,64,2026-06-08T16:14:27
23748,dqn,pool:gen_006,1,1.4850,-1.6707,64,2026-06-08T16:14:29
23749,pool:gen_011,dqn,1,2.3885,-2.4008,64,2026-06-08T16:14:31
23750,dqn,pool:gen_009,2,-1.0023,2.8588,64,2026-06-08T16:14:34
23751,pool:gen_010,dqn,2,-0.5321,2.8093,64,2026-06-08T16:14:36
23752,dqn,pool:gen_008,2,-0.8291,2.6608,64,2026-06-08T16:14:38
23753,pool:gen_010,dqn,2,-0.4826,2.5618,64,2026-06-08T16:14:40
23754,dqn,self,2,-0.8662,2.6236,64,2026-06-08T16:14:42
23755,heuristic,dqn,2,-0.3836,2.9207,64,2026-06-08T16:14:44
23756,dqn,self,2,-0.5073,2.5370,64,2026-06-08T16:14:46
23757,pool:gen_009,dqn,1,2.0791,-2.1905,64,2026-06-08T16:14:48
23758,dqn,self,2,-0.8662,2.7350,64,2026-06-08T16:14:50
23759,pool:gen_011,dqn,1,1.5840,-1.8687,64,2026-06-08T16:14:52
23760,dqn,self,1,1.5717,-1.8068,64,2026-06-08T16:14:54
23761,self,dqn,2,-0.8291,2.5494,64,2026-06-08T16:14:57
23762,dqn,pool:gen_011,2,-0.9157,2.4999,64,2026-06-08T16:14:59
23763,pool:gen_011,dqn,1,1.6459,-1.9182,64,2026-06-08T16:15:01
23764,dqn,self,2,-1.0271,2.9825,64,2026-06-08T16:15:03
23765,heuristic,dqn,2,-0.3217,2.8712,64,2026-06-08T16:15:05
23766,dqn,pool:gen_008,1,1.5964,-1.8192,64,2026-06-08T16:15:07
23767,self,dqn,2,-0.7177,2.4009,64,2026-06-08T16:15:09
23768,dqn,pool:gen_008,2,-1.0395,2.6731,64,2026-06-08T16:15:11
23769,pool:gen_009,dqn,1,1.8934,-2.0419,64,2026-06-08T16:15:13
23770,dqn,pool:gen_006,1,1.6459,-1.6583,64,2026-06-08T16:15:16
23771,self,dqn,2,-0.4331,2.3143,64,2026-06-08T16:15:18
23772,dqn,self,1,1.8316,-1.9553,64,2026-06-08T16:15:20
23773,pool:gen_010,dqn,2,-0.6682,2.8959,64,2026-06-08T16:15:22
23774,dqn,self,1,1.4974,-1.5841,64,2026-06-08T16:15:24
23775,pool:gen_007,dqn,2,-0.5073,2.3514,64,2026-06-08T16:15:26
23776,dqn,pool:gen_007,1,1.7202,-1.6954,64,2026-06-08T16:15:29
23777,self,dqn,2,-0.7796,2.6732,64,2026-06-08T16:15:31
23778,dqn,self,2,-0.6311,2.5618,64,2026-06-08T16:15:33
23779,pool:gen_007,dqn,2,-0.8291,2.4009,64,2026-06-08T16:15:35
23780,dqn,self,2,-0.8291,2.7722,64,2026-06-08T16:15:37
23781,pool:gen_011,dqn,1,2.0667,-2.0914,64,2026-06-08T16:15:39
23782,dqn,pool:gen_011,2,-0.9281,2.8588,64,2026-06-08T16:15:41
23783,self,dqn,2,-0.4702,2.6855,64,2026-06-08T16:15:44
23784,dqn,pool:gen_008,2,-0.9033,2.5865,64,2026-06-08T16:15:46
23785,pool:gen_010,dqn,2,-0.9281,2.7474,64,2026-06-08T16:15:48
23786,dqn,self,1,1.5345,-1.7697,64,2026-06-08T16:15:50
23787,self,dqn,1,1.4974,-1.8811,64,2026-06-08T16:15:52
23788,dqn,pool:gen_009,2,-0.6187,2.4628,64,2026-06-08T16:15:54
23789,self,dqn,1,1.8316,-2.0667,64,2026-06-08T16:15:56
23790,dqn,pool:gen_010,1,1.8316,-1.9924,64,2026-06-08T16:15:58
23791,self,dqn,2,-0.7425,2.2648,64,2026-06-08T16:16:00
23792,dqn,self,1,1.9801,-2.1410,64,2026-06-08T16:16:02
23793,heuristic,dqn,2,-0.1484,2.7474,64,2026-06-08T16:16:04
23794,dqn,pool:gen_007,1,1.5345,-1.8068,64,2026-06-08T16:16:06
23795,pool:gen_011,dqn,1,2.2399,-2.3637,64,2026-06-08T16:16:08
23796,dqn,random,2,-0.5692,2.5123,64,2026-06-08T16:16:10
23797,self,dqn,2,-0.6558,2.3143,64,2026-06-08T16:16:13
23798,dqn,self,2,-0.9405,2.7722,64,2026-06-08T16:16:15
23799,self,dqn,1,1.7944,-2.0296,64,2026-06-08T16:16:17
23800,dqn,pool:gen_010,1,1.8192,-2.0048,64,2026-06-08T16:16:19
23801,pool:gen_009,dqn,1,1.5222,-1.8192,64,2026-06-08T16:29:15
23802,dqn,pool:gen_006,1,1.5717,-1.8811,64,2026-06-08T16:29:18
23803,pool:gen_007,dqn,2,-0.7796,2.3761,64,2026-06-08T16:29:20
23804,dqn,pool:gen_010,1,1.5593,-1.8192,64,2026-06-08T16:29:22
23805,self,dqn,2,-0.6682,2.7845,64,2026-06-08T16:29:24
23806,dqn,pool:gen_009,2,-1.0642,2.8340,64,2026-06-08T16:29:26
23807,self,dqn,1,1.6707,-1.7078,64,2026-06-08T16:29:29
23808,dqn,pool:gen_008,2,-0.5197,2.7103,64,2026-06-08T16:29:31
23809,random,dqn,2,-1.2251,3.3043,64,2026-06-08T16:29:33
23810,dqn,self,1,2.0914,-2.2152,64,2026-06-08T16:29:35
23811,pool:gen_007,dqn,2,-0.9900,2.6484,64,2026-06-08T16:29:38
23812,dqn,self,1,1.5593,-1.5593,64,2026-06-08T16:29:40
23813,pool:gen_010,dqn,2,-1.0395,2.8588,64,2026-06-08T16:29:42
23814,dqn,self,1,1.7325,-2.0172,64,2026-06-08T16:29:44
23815,heuristic,dqn,2,-0.3836,2.8093,64,2026-06-08T16:29:47
23816,dqn,self,1,1.6707,-1.8192,64,2026-06-08T16:29:49
23817,pool:gen_010,dqn,2,-1.0271,2.7598,64,2026-06-08T16:29:52
23818,dqn,self,2,-0.8043,2.5370,64,2026-06-08T16:29:54
23819,self,dqn,2,-0.8043,2.9083,64,2026-06-08T16:29:57
23820,dqn,self,1,1.4850,-2.0048,64,2026-06-08T16:29:59
23821,pool:gen_006,dqn,1,1.6212,-1.7944,64,2026-06-08T16:30:02
23822,dqn,self,2,-0.5321,2.4380,64,2026-06-08T16:30:04
23823,self,dqn,1,1.4727,-1.6831,64,2026-06-08T16:30:06
23824,dqn,pool:gen_005,2,-1.1756,2.9083,64,2026-06-08T16:30:09
23825,pool:gen_011,dqn,1,2.0296,-2.2400,64,2026-06-08T16:30:11
23826,dqn,pool:gen_009,2,-0.7548,2.5865,64,2026-06-08T16:30:13
23827,pool:gen_010,dqn,2,-0.8167,2.7103,64,2026-06-08T16:30:15
23828,dqn,pool:gen_006,1,1.8068,-1.9058,64,2026-06-08T16:30:17
23829,self,dqn,2,-0.5816,2.4628,64,2026-06-08T16:30:19
23830,dqn,self,1,2.1657,-1.8811,64,2026-06-08T16:30:21
23831,self,dqn,1,1.6954,-1.8316,64,2026-06-08T16:30:23
23832,dqn,self,2,-0.5197,2.4133,64,2026-06-08T16:30:25
23833,self,dqn,1,1.5964,-1.5593,64,2026-06-08T16:30:28
23834,dqn,pool:gen_008,1,1.6583,-1.4232,64,2026-06-08T16:30:29
23835,self,dqn,1,1.4850,-1.5593,64,2026-06-08T16:30:32
23836,dqn,pool:gen_007,1,1.7573,-1.7697,64,2026-06-08T16:30:34
23837,self,dqn,2,-0.6558,2.2771,64,2026-06-08T16:30:36
23838,dqn,pool:gen_007,1,1.7573,-1.7697,64,2026-06-08T16:30:38
23839,self,dqn,2,-0.8538,2.6360,64,2026-06-08T16:30:40
23840,dqn,self,1,1.8934,-2.0791,64,2026-06-08T16:30:42
23841,self,dqn,1,1.3984,-1.7944,64,2026-06-08T16:30:44
23842,dqn,self,1,1.7078,-1.8192,64,2026-06-08T16:30:46
23843,pool:gen_005,dqn,1,2.3761,-2.4132,64,2026-06-08T16:30:48
23844,dqn,self,2,-0.6311,2.5246,64,2026-06-08T16:30:51
23845,heuristic,dqn,2,-0.7301,3.2053,64,2026-06-08T16:30:52
23846,dqn,self,2,-0.4331,2.7227,64,2026-06-08T16:30:55
23847,pool:gen_008,dqn,2,-0.6682,2.4133,64,2026-06-08T16:30:57
23848,dqn,self,2,-0.3588,2.2400,64,2026-06-08T16:31:00
23849,self,dqn,1,2.2400,-1.9924,64,2026-06-08T16:31:02
23850,dqn,pool:gen_011,2,-1.0395,2.8588,64,2026-06-08T16:31:05
23851,self,dqn,2,-0.9281,2.7474,64,2026-06-08T16:31:07
23852,dqn,pool:gen_008,1,1.7697,-1.9058,64,2026-06-08T16:31:09
23853,pool:gen_009,dqn,1,1.5098,-1.7573,64,2026-06-08T16:31:11
23854,dqn,pool:gen_011,2,-0.9281,2.7845,64,2026-06-08T16:31:13
23855,self,dqn,2,-0.8786,2.8712,64,2026-06-08T16:31:16
23856,dqn,pool:gen_011,2,-1.0890,3.0692,64,2026-06-08T16:31:18
23857,self,dqn,1,1.9801,-2.1410,64,2026-06-08T16:31:20
23858,dqn,self,2,-0.3341,2.5247,64,2026-06-08T16:31:23
23859,pool:gen_007,dqn,2,-0.9900,2.6484,64,2026-06-08T16:31:25
23860,dqn,pool:gen_010,1,1.7326,-1.8687,64,2026-06-08T16:31:27
23861,random,dqn,2,-1.1261,3.4033,64,2026-06-08T16:31:29
23862,dqn,random,1,1.4850,-1.6707,64,2026-06-08T16:31:32
23863,pool:gen_009,dqn,1,1.8192,-1.9306,64,2026-06-08T16:31:34
23864,dqn,pool:gen_007,1,1.7078,-2.0420,64,2026-06-08T16:31:36
23865,self,dqn,2,-0.1856,2.4875,64,2026-06-08T16:31:39
23866,dqn,self,1,1.6707,-1.5964,64,2026-06-08T16:31:41
23867,pool:gen_007,dqn,2,-0.8786,2.4256,64,2026-06-08T16:31:43
23868,dqn,self,2,-0.6435,2.2153,64,2026-06-08T16:31:45
23869,pool:gen_011,dqn,1,2.1657,-2.0296,64,2026-06-08T16:31:48
23870,dqn,pool:gen_008,2,-0.9529,2.5370,64,2026-06-08T16:31:50
23871,random,dqn,2,-0.7053,3.0816,64,2026-06-08T16:31:52
23872,dqn,self,1,1.6212,-1.6088,64,2026-06-08T16:31:54
23873,pool:gen_007,dqn,2,-0.8786,2.4256,64,2026-06-08T16:31:57
23874,dqn,pool:gen_005,2,-1.0519,2.6608,64,2026-06-08T16:31:59
23875,heuristic,dqn,2,-0.7301,3.3538,64,2026-06-08T16:32:01
23876,dqn,self,1,1.4108,-1.7449,64,2026-06-08T16:32:03
23877,self,dqn,1,1.5098,-1.6088,64,2026-06-08T16:32:05
23878,dqn,self,2,-0.6311,2.4133,64,2026-06-08T16:32:08
23879,pool:gen_009,dqn,1,1.9182,-2.0915,64,2026-06-08T16:32:10
23880,dqn,self,1,1.6831,-1.6212,64,2026-06-08T16:32:13
23881,self,dqn,1,1.7326,-1.6088,64,2026-06-08T16:32:15
23882,dqn,heuristic,1,2.2400,-1.5840,64,2026-06-08T16:32:17
23883,pool:gen_011,dqn,1,2.0791,-2.1533,64,2026-06-08T16:32:19
23884,dqn,pool:gen_010,1,2.0172,-1.9553,64,2026-06-08T16:32:22
23885,pool:gen_007,dqn,2,-1.0766,2.7474,64,2026-06-08T16:32:24
23886,dqn,pool:gen_007,1,1.8811,-2.2028,64,2026-06-08T16:32:26
23887,pool:gen_010,dqn,2,-0.6311,2.5989,64,2026-06-08T16:32:29
23888,dqn,heuristic,1,2.5370,-1.8439,64,2026-06-08T16:32:31
23889,pool:gen_009,dqn,1,2.2152,-2.2028,64,2026-06-08T16:32:33
23890,dqn,pool:gen_010,1,2.1038,-2.0914,64,2026-06-08T16:32:35
23891,self,dqn,2,-0.4578,2.2524,64,2026-06-08T16:32:37
23892,dqn,self,1,1.7697,-1.8316,64,2026-06-08T16:32:40
23893,pool:gen_010,dqn,2,-1.1509,2.9330,64,2026-06-08T16:32:42
23894,dqn,pool:gen_009,2,-1.2622,3.1929,64,2026-06-08T16:32:44
23895,pool:gen_010,dqn,2,-1.1509,2.9330,64,2026-06-08T16:32:47
23896,dqn,pool:gen_011,2,-1.0642,2.9825,64,2026-06-08T16:32:49
23897,self,dqn,1,1.5345,-1.8068,64,2026-06-08T16:32:51
23898,dqn,self,1,2.3761,-1.5221,64,2026-06-08T16:32:54
23899,self,dqn,1,1.4355,-1.7944,64,2026-06-08T16:32:56
23900,dqn,self,2,-0.6806,2.6979,64,2026-06-08T16:32:58
23901,self,dqn,1,1.6707,-1.5593,64,2026-06-08T16:45:17
23902,dqn,self,1,1.7697,-1.7944,64,2026-06-08T16:45:19
23903,pool:gen_007,dqn,2,-1.0766,2.8959,64,2026-06-08T16:45:21
23904,dqn,self,1,1.5717,-1.4727,64,2026-06-08T16:45:23
23905,pool:gen_009,dqn,1,2.4008,-2.4256,64,2026-06-08T16:45:25
23906,dqn,self,1,1.6954,-1.5345,64,2026-06-08T16:45:28
23907,pool:gen_009,dqn,1,2.4008,-2.4256,64,2026-06-08T16:45:30
23908,dqn,pool:gen_009,2,-1.4107,3.3414,64,2026-06-08T16:45:32
23909,self,dqn,1,1.5593,-1.6707,64,2026-06-08T16:45:34
23910,dqn,random,1,2.1162,-1.8192,64,2026-06-08T16:45:36
23911,pool:gen_010,dqn,2,-0.7920,2.6608,64,2026-06-08T16:45:38
23912,dqn,self,1,1.4355,-1.8687,64,2026-06-08T16:45:40
23913,pool:gen_005,dqn,1,2.0296,-2.0172,64,2026-06-08T16:45:43
23914,dqn,self,1,2.1162,-1.8192,64,2026-06-08T16:45:45
23915,pool:gen_011,dqn,1,2.1038,-2.1657,64,2026-06-08T16:45:47
23916,dqn,pool:gen_008,1,1.8439,-1.9801,64,2026-06-08T16:45:49
23917,pool:gen_010,dqn,2,-1.2004,3.0692,64,2026-06-08T16:45:51
23918,dqn,random,1,2.1533,-1.8563,64,2026-06-08T16:45:53
23919,self,dqn,2,-0.7672,2.6113,64,2026-06-08T16:45:56
23920,dqn,pool:gen_010,1,2.1781,-2.3142,64,2026-06-08T16:45:58
23921,self,dqn,2,-0.6187,2.7598,64,2026-06-08T16:46:00
23922,dqn,pool:gen_010,1,1.9182,-1.9429,64,2026-06-08T16:46:03
23923,self,dqn,2,-0.9405,2.7722,64,2026-06-08T16:46:05
23924,dqn,pool:gen_008,1,1.6954,-1.8316,64,2026-06-08T16:46:07
23925,self,dqn,1,1.6212,-1.9058,64,2026-06-08T16:46:09
23926,dqn,self,2,-0.7053,2.4133,64,2026-06-08T16:46:11
23927,pool:gen_011,dqn,1,1.9801,-2.1038,64,2026-06-08T16:46:13
23928,dqn,pool:gen_008,1,1.6459,-1.6212,64,2026-06-08T16:46:15
23929,self,dqn,1,1.7820,-2.0791,64,2026-06-08T16:46:17
23930,dqn,pool:gen_010,1,2.4998,-2.4008,64,2026-06-08T16:46:19
23931,self,dqn,2,-0.8291,2.5123,64,2026-06-08T16:46:21
23932,dqn,pool:gen_007,1,1.7573,-1.8811,64,2026-06-08T16:46:24
23933,self,dqn,1,1.6459,-1.9182,64,2026-06-08T16:46:26
23934,dqn,random,1,2.6607,-2.4627,64,2026-06-08T16:46:28
23935,pool:gen_008,dqn,2,-0.8291,2.7350,64,2026-06-08T16:46:30
23936,dqn,pool:gen_008,1,1.6088,-1.7697,64,2026-06-08T16:46:32
23937,pool:gen_011,dqn,1,2.2276,-2.0791,64,2026-06-08T16:46:34
23938,dqn,self,2,-0.5197,2.5989,64,2026-06-08T16:46:36
23939,pool:gen_007,dqn,2,-0.8538,2.7103,64,2026-06-08T16:46:38
23940,dqn,pool:gen_010,1,2.1904,-2.2647,64,2026-06-08T16:46:41
23941,self,dqn,2,-0.6558,2.3514,64,2026-06-08T16:46:43
23942,dqn,self,2,-1.1880,2.8216,64,2026-06-08T16:46:45
23943,self,dqn,2,-0.5816,2.4999,64,2026-06-08T16:46:47
23944,dqn,heuristic,1,2.0543,-1.6212,64,2026-06-08T16:46:49
23945,pool:gen_006,dqn,2,-0.9405,2.8093,64,2026-06-08T16:46:51
23946,dqn,self,2,-0.7920,2.3638,64,2026-06-08T16:46:54
23947,pool:gen_005,dqn,1,2.0667,-2.2028,64,2026-06-08T16:46:56
23948,dqn,self,1,1.4850,-1.8563,64,2026-06-08T16:46:58
23949,pool:gen_007,dqn,2,-0.8538,2.7103,64,2026-06-08T16:47:00
23950,dqn,self,1,1.5717,-1.9182,64,2026-06-08T16:47:03
23951,pool:gen_009,dqn,1,2.0543,-2.1038,64,2026-06-08T16:47:05
23952,dqn,self,2,-0.7672,2.5370,64,2026-06-08T16:47:07
23953,pool:gen_005,dqn,1,1.9924,-2.1657,64,2026-06-08T16:47:09
23954,dqn,heuristic,1,2.7721,-1.6459,64,2026-06-08T16:47:11
23955,pool:gen_005,dqn,1,1.8563,-2.0791,64,2026-06-08T16:47:14
23956,dqn,pool:gen_009,2,-1.0271,2.8712,64,2026-06-08T16:47:16
23957,self,dqn,2,-0.9033,2.6979,64,2026-06-08T16:47:18
23958,dqn,self,1,1.4727,-1.6088,64,2026-06-08T16:47:20
23959,pool:gen_009,dqn,1,2.1162,-2.2276,64,2026-06-08T16:47:22
23960,dqn,self,1,1.9429,-2.0667,64,2026-06-08T16:47:24
23961,self,dqn,2,-0.5816,2.4256,64,2026-06-08T16:47:27
23962,dqn,pool:gen_008,2,-0.6311,2.1905,64,2026-06-08T16:47:29
23963,self,dqn,2,-0.8786,2.5741,64,2026-06-08T16:47:31
23964,dqn,self,1,2.0791,-2.0419,64,2026-06-08T16:47:33
23965,self,dqn,2,-0.6311,2.4504,64,2026-06-08T16:47:35
23966,dqn,pool:gen_011,2,-0.5321,2.3638,64,2026-06-08T16:47:38
23967,self,dqn,2,-0.8910,2.4133,64,2026-06-08T16:47:40
23968,dqn,self,2,-0.8167,2.8217,64,2026-06-08T16:47:42
23969,self,dqn,1,1.9306,-2.0048,64,2026-06-08T16:47:44
23970,dqn,self,2,-0.7053,2.4875,64,2026-06-08T16:47:47
23971,self,dqn,1,1.3365,-1.6336,64,2026-06-08T16:47:49
23972,dqn,self,2,-0.8910,2.5618,64,2026-06-08T16:47:51
23973,self,dqn,1,1.5593,-1.7078,64,2026-06-08T16:47:53
23974,dqn,heuristic,1,2.7598,-1.4355,64,2026-06-08T16:47:55
23975,self,dqn,1,1.8439,-1.9801,64,2026-06-08T16:47:57
23976,dqn,self,2,-0.8415,2.7598,64,2026-06-08T16:48:00
23977,self,dqn,1,1.6583,-1.5345,64,2026-06-08T16:48:02
23978,dqn,heuristic,1,2.7721,-1.2375,64,2026-06-08T16:48:04
23979,pool:gen_006,dqn,2,-1.0642,2.7969,64,2026-06-08T16:48:06
23980,dqn,pool:gen_006,1,1.8934,-1.9306,64,2026-06-08T16:48:08
23981,self,dqn,2,-0.6806,2.6237,64,2026-06-08T16:48:10
23982,dqn,pool:gen_010,1,1.9801,-2.0667,64,2026-06-08T16:48:12
23983,self,dqn,1,1.4727,-1.5717,64,2026-06-08T16:48:14
23984,dqn,pool:gen_008,1,1.5098,-1.8687,64,2026-06-08T16:48:17
23985,random,dqn,2,-1.1880,3.6385,64,2026-06-08T16:48:19
23986,dqn,pool:gen_011,2,-1.0395,3.1558,64,2026-06-08T16:48:21
23987,pool:gen_009,dqn,1,2.0667,-1.6830,64,2026-06-08T16:48:23
23988,dqn,pool:gen_006,1,1.6088,-1.8068,64,2026-06-08T16:48:25
23989,self,dqn,2,-0.5197,2.3019,64,2026-06-08T16:48:27
23990,dqn,self,1,1.5469,-1.7944,64,2026-06-08T16:48:30
23991,self,dqn,2,-0.9528,2.7227,64,2026-06-08T16:48:32
23992,dqn,pool:gen_009,2,-0.6682,2.9331,64,2026-06-08T16:48:34
23993,pool:gen_007,dqn,2,-0.9033,2.9949,64,2026-06-08T16:48:36
23994,dqn,self,2,-0.9157,2.9825,64,2026-06-08T16:48:38
23995,self,dqn,2,-0.7425,2.4133,64,2026-06-08T16:48:40
23996,dqn,pool:gen_008,1,1.7202,-1.8811,64,2026-06-08T16:48:43
23997,self,dqn,1,1.5222,-1.7449,64,2026-06-08T16:48:45
23998,dqn,self,2,-1.0518,2.9207,64,2026-06-08T16:48:47
23999,self,dqn,2,-0.6187,2.3885,64,2026-06-08T16:48:49
