game_idx,p1_label,p2_label,winner,p1_reward_sum,p2_reward_sum,episode_length,timestamp
24000,dqn,pool:prev_best:run_pts_004,2,-0.6682,2.4875,64,2026-06-09T07:48:19
24001,self,dqn,2,-0.6558,2.5742,64,2026-06-09T08:19:59
24002,dqn,pool:prev_best:run_pts_004,2,-0.7672,2.2400,64,2026-06-09T08:20:02
24003,self,dqn,2,-0.6682,2.4875,64,2026-06-09T08:20:05
24004,dqn,self,2,-1.1137,3.1558,64,2026-06-09T08:20:15
24005,self,dqn,1,1.4603,-1.9925,64,2026-06-09T08:20:23
24006,dqn,self,2,-0.5197,2.5247,64,2026-06-09T08:20:32
24007,pool:gen_001,dqn,1,1.9677,-1.9306,64,2026-06-09T08:20:42
24008,dqn,pool:gen_001,2,-1.0518,2.8464,64,2026-06-09T08:20:50
24009,self,dqn,2,-0.8043,3.0939,64,2026-06-09T08:20:58
24010,dqn,pool:gen_001,2,-0.8538,2.8959,64,2026-06-09T08:21:09
24011,pool:gen_001,dqn,1,2.1286,-2.1038,64,2026-06-09T08:21:19
24012,dqn,self,1,1.4232,-1.8440,64,2026-06-09T08:21:27
24013,pool:gen_001,dqn,1,2.1409,-2.0914,64,2026-06-09T08:21:35
24014,dqn,self,1,1.8315,-2.2895,64,2026-06-09T08:21:45
24015,pool:gen_001,dqn,1,2.3885,-2.3637,64,2026-06-09T08:21:52
24016,dqn,pool:gen_001,2,-0.9528,2.8340,64,2026-06-09T08:21:59
24017,pool:gen_001,dqn,1,2.1162,-2.2647,64,2026-06-09T08:22:08
24018,dqn,self,2,-0.5321,2.2895,64,2026-06-09T08:22:15
24019,self,dqn,1,1.4479,-1.7821,64,2026-06-09T08:22:25
24020,dqn,pool:gen_001,2,-0.9528,2.9454,64,2026-06-09T08:22:33
24021,pool:gen_001,dqn,1,2.1904,-2.4132,64,2026-06-09T08:22:41
24022,dqn,pool:gen_001,2,-0.9776,2.9207,64,2026-06-09T08:22:48
24023,pool:gen_001,dqn,1,1.7202,-1.9182,64,2026-06-09T08:22:56
24024,dqn,pool:gen_001,2,-0.9405,2.8464,64,2026-06-09T08:23:05
24025,self,dqn,2,-0.7177,2.1410,64,2026-06-09T08:23:14
24026,dqn,heuristic,1,1.6459,-1.3984,64,2026-06-09T08:23:22
24027,pool:gen_001,dqn,1,2.1038,-2.3142,64,2026-06-09T08:23:31
24028,dqn,self,1,1.7944,-1.9924,64,2026-06-09T08:23:40
24029,self,dqn,2,-0.8538,2.5246,64,2026-06-09T08:23:52
24030,dqn,self,2,-0.6187,2.9083,64,2026-06-09T08:24:00
24031,self,dqn,1,1.3860,-1.6954,64,2026-06-09T08:24:10
24032,dqn,self,2,-0.4826,2.4875,64,2026-06-09T08:24:21
24033,pool:gen_001,dqn,1,1.5098,-1.6831,64,2026-06-09T08:24:29
24034,dqn,self,1,1.3489,-1.7326,64,2026-06-09T08:25:04
24035,pool:gen_001,dqn,2,-0.7301,2.4999,64,2026-06-09T08:25:13
24036,dqn,pool:gen_001,2,-0.6558,2.4999,64,2026-06-09T08:25:22
24037,self,dqn,2,-0.6311,2.4504,64,2026-06-09T08:25:33
24038,dqn,self,2,-1.0766,2.9330,64,2026-06-09T08:25:44
24039,self,dqn,1,1.6336,-1.7449,64,2026-06-09T08:25:55
24040,dqn,self,1,1.7821,-1.9306,64,2026-06-09T08:26:04
24041,self,dqn,1,1.6954,-2.0172,64,2026-06-09T08:26:14
24042,dqn,self,2,-0.8167,2.2648,64,2026-06-09T08:26:22
24043,self,dqn,2,-0.8662,2.4380,64,2026-06-09T08:26:33
24044,dqn,pool:gen_001,2,-0.5816,2.5742,64,2026-06-09T08:26:43
24045,pool:gen_001,dqn,1,1.7078,-1.7078,64,2026-06-09T08:26:52
24046,dqn,pool:gen_001,2,-0.6435,2.5865,64,2026-06-09T08:27:00
24047,self,dqn,1,1.8811,-1.7573,64,2026-06-09T08:27:09
24048,dqn,pool:gen_001,2,-0.5321,2.6237,64,2026-06-09T08:27:17
24049,self,dqn,2,-0.7796,2.2276,64,2026-06-09T08:27:25
24050,dqn,self,1,2.0296,-2.1657,64,2026-06-09T08:27:33
24051,pool:gen_001,dqn,2,-0.7177,2.5494,64,2026-06-09T08:27:41
24052,dqn,pool:gen_001,1,1.5345,-1.8068,64,2026-06-09T08:27:49
24053,self,dqn,1,2.3390,-2.3390,64,2026-06-09T08:27:58
24054,dqn,self,2,-0.7177,2.5494,64,2026-06-09T08:28:06
24055,self,dqn,1,2.0543,-1.7325,64,2026-06-09T08:28:15
24056,dqn,pool:gen_001,2,-0.6311,2.7103,64,2026-06-09T08:28:22
24057,self,dqn,1,1.6954,-1.9058,64,2026-06-09T08:28:29
24058,dqn,pool:gen_001,1,1.5593,-1.5593,64,2026-06-09T08:28:37
24059,pool:gen_001,dqn,1,1.9801,-2.2895,64,2026-06-09T08:28:46
24060,dqn,pool:gen_001,1,1.5593,-1.5593,64,2026-06-09T08:28:53
24061,pool:gen_001,dqn,1,1.7326,-1.6831,64,2026-06-09T08:29:02
24062,dqn,pool:gen_001,2,-0.4949,2.6237,64,2026-06-09T08:29:09
24063,pool:gen_001,dqn,1,2.1162,-2.1905,64,2026-06-09T08:29:16
24064,dqn,pool:gen_001,2,-0.8291,2.8464,64,2026-06-09T08:29:26
24065,heuristic,dqn,2,-0.3093,3.6632,64,2026-06-09T08:29:37
24066,dqn,self,1,1.5469,-1.9058,64,2026-06-09T08:29:47
24067,self,dqn,2,-0.7425,2.4133,64,2026-06-09T08:29:57
24068,dqn,self,2,-0.7672,2.6113,64,2026-06-09T08:30:08
24069,self,dqn,1,1.6088,-1.8068,64,2026-06-09T08:30:17
24070,dqn,self,1,1.5345,-1.6954,64,2026-06-09T08:30:25
24071,self,dqn,2,-0.7301,3.0568,64,2026-06-09T08:30:32
24072,dqn,pool:gen_001,2,-0.8786,2.8340,64,2026-06-09T08:30:42
24073,self,dqn,2,-0.4454,2.8588,64,2026-06-09T08:30:52
24074,dqn,self,2,-0.6930,2.3514,64,2026-06-09T08:31:02
24075,pool:gen_001,dqn,1,1.9801,-2.1410,64,2026-06-09T08:31:10
24076,dqn,pool:gen_001,2,-0.6063,2.4751,64,2026-06-09T08:31:19
24077,heuristic,dqn,2,-0.0247,2.6856,64,2026-06-09T08:31:27
24078,dqn,pool:gen_001,2,-0.8167,2.6360,64,2026-06-09T08:31:32
24079,pool:gen_001,dqn,1,1.8068,-2.0915,64,2026-06-09T08:31:35
24080,dqn,pool:gen_001,2,-0.8167,2.6360,64,2026-06-09T08:31:38
24081,pool:gen_001,dqn,1,1.9058,-2.0296,64,2026-06-09T08:31:40
24082,dqn,pool:prev_best:run_pts_004,2,-0.8910,2.5989,64,2026-06-09T08:31:42
24083,pool:gen_001,dqn,1,1.6212,-1.6088,64,2026-06-09T08:31:45
24084,dqn,pool:prev_best:run_pts_004,2,-0.6435,2.4751,64,2026-06-09T08:31:47
24085,pool:gen_001,dqn,1,1.5593,-1.7078,64,2026-06-09T08:31:49
24086,dqn,self,2,-0.9528,2.7969,64,2026-06-09T08:31:51
24087,pool:gen_001,dqn,1,1.7325,-1.9801,64,2026-06-09T08:31:54
24088,dqn,self,2,-0.7425,2.7474,64,2026-06-09T08:31:56
24089,self,dqn,2,-0.7548,2.6237,64,2026-06-09T08:31:59
24090,dqn,self,2,-0.8167,2.4875,64,2026-06-09T08:32:01
24091,pool:gen_001,dqn,1,1.3613,-1.7202,64,2026-06-09T08:32:03
24092,dqn,pool:gen_001,1,1.5717,-1.6583,64,2026-06-09T08:32:06
24093,pool:gen_001,dqn,1,1.8068,-1.9801,64,2026-06-09T08:32:09
24094,dqn,pool:gen_001,2,-0.7548,2.5865,64,2026-06-09T08:32:12
24095,self,dqn,2,-0.6311,2.3761,64,2026-06-09T08:32:15
24096,dqn,self,2,-0.8043,2.5370,64,2026-06-09T08:32:18
24097,self,dqn,1,1.5469,-1.7944,64,2026-06-09T08:32:21
24098,dqn,self,2,-0.7301,2.4999,64,2026-06-09T08:32:24
24099,pool:gen_001,dqn,1,1.7697,-1.9429,64,2026-06-09T08:32:26
24100,dqn,pool:gen_001,2,-0.8538,2.6360,64,2026-06-09T08:32:28
24101,pool:gen_001,dqn,1,1.9306,-2.0791,64,2026-06-09T08:53:56
24102,dqn,heuristic,1,2.1534,-1.2994,64,2026-06-09T08:53:58
24103,pool:gen_001,dqn,2,-0.7425,2.3019,64,2026-06-09T08:54:00
24104,dqn,self,2,-0.6558,2.6113,64,2026-06-09T08:54:02
24105,self,dqn,2,-0.4949,2.5123,64,2026-06-09T08:54:04
24106,dqn,self,2,-0.7548,2.5865,64,2026-06-09T08:54:06
24107,pool:gen_001,dqn,1,2.0048,-2.0791,64,2026-06-09T08:54:08
24108,dqn,pool:gen_001,2,-0.9776,2.9207,64,2026-06-09T08:54:10
24109,pool:gen_001,dqn,1,1.9924,-2.1657,64,2026-06-09T08:54:12
24110,dqn,pool:gen_001,2,-1.0271,3.0568,64,2026-06-09T08:54:14
24111,heuristic,dqn,1,2.2895,-1.1261,64,2026-06-09T08:54:16
24112,dqn,pool:gen_001,2,-0.8786,2.6855,64,2026-06-09T08:54:19
24113,self,dqn,2,-0.7301,3.1311,64,2026-06-09T08:54:21
24114,dqn,pool:gen_001,2,-1.0890,3.0320,64,2026-06-09T08:54:23
24115,pool:gen_001,dqn,1,1.9058,-2.1781,64,2026-06-09T08:54:25
24116,dqn,pool:prev_best:run_pts_004,2,-0.8538,2.5618,64,2026-06-09T08:54:28
24117,self,dqn,2,-0.4826,2.3019,64,2026-06-09T08:54:30
24118,dqn,pool:prev_best:run_pts_004,2,-0.7672,2.4999,64,2026-06-09T08:54:32
24119,heuristic,dqn,2,0.0248,2.8836,64,2026-06-09T08:54:34
24120,dqn,self,2,-0.2969,2.7474,64,2026-06-09T08:54:36
24121,self,dqn,2,-0.7920,2.3638,64,2026-06-09T08:54:38
24122,dqn,self,1,1.5717,-1.5841,64,2026-06-09T08:54:40
24123,pool:gen_001,dqn,1,1.6459,-1.9925,64,2026-06-09T08:54:42
24124,dqn,self,2,-0.4950,2.3266,64,2026-06-09T08:54:44
24125,pool:gen_001,dqn,1,1.5345,-1.8068,64,2026-06-09T08:54:46
24126,dqn,self,1,1.4479,-1.7449,64,2026-06-09T08:54:48
24127,pool:prev_best:run_pts_004,dqn,1,1.7078,-1.9677,64,2026-06-09T08:54:51
24128,dqn,pool:gen_001,2,-1.1385,2.9083,64,2026-06-09T08:54:53
24129,self,dqn,2,-0.5445,2.3885,64,2026-06-09T08:54:55
24130,dqn,pool:gen_001,2,-1.1014,2.8712,64,2026-06-09T08:54:57
24131,self,dqn,1,1.7202,-1.8068,64,2026-06-09T08:54:59
24132,dqn,pool:gen_001,2,-0.8291,2.6236,64,2026-06-09T08:55:01
24133,self,dqn,1,1.5840,-1.9801,64,2026-06-09T08:55:03
24134,dqn,self,2,-0.7177,2.2895,64,2026-06-09T08:55:05
24135,pool:gen_001,dqn,1,1.9924,-1.9801,64,2026-06-09T08:55:07
24136,dqn,self,1,1.6212,-1.6831,64,2026-06-09T08:55:09
24137,pool:gen_001,dqn,1,1.7697,-1.8687,64,2026-06-09T08:55:11
24138,dqn,self,1,1.9058,-1.8439,64,2026-06-09T08:55:13
24139,self,dqn,2,-0.6806,2.4380,64,2026-06-09T08:55:16
24140,dqn,pool:prev_best:run_pts_004,2,-1.2622,3.0815,64,2026-06-09T08:55:17
24141,self,dqn,1,1.6088,-1.6954,64,2026-06-09T08:55:20
24142,dqn,self,1,1.8439,-2.0915,64,2026-06-09T08:55:22
24143,pool:gen_001,dqn,1,2.1409,-2.2400,64,2026-06-09T08:55:24
24144,dqn,self,1,1.8811,-2.1286,64,2026-06-09T08:55:26
24145,pool:gen_001,dqn,1,1.6707,-1.8934,64,2026-06-09T08:55:28
24146,dqn,pool:gen_001,2,-0.9776,2.8093,64,2026-06-09T08:55:30
24147,self,dqn,1,1.6088,-2.1781,64,2026-06-09T08:55:33
24148,dqn,self,2,-0.4950,2.4380,64,2026-06-09T08:55:35
24149,pool:gen_001,dqn,1,2.1162,-2.1162,64,2026-06-09T08:55:37
24150,dqn,pool:gen_001,2,-0.9900,3.0568,64,2026-06-09T08:55:39
24151,self,dqn,1,1.6088,-1.7326,64,2026-06-09T08:55:41
24152,dqn,self,1,1.7325,-1.9801,64,2026-06-09T08:55:43
24153,pool:gen_001,dqn,1,2.3761,-2.2647,64,2026-06-09T08:55:45
24154,dqn,self,1,1.7944,-2.1410,64,2026-06-09T08:55:48
24155,self,dqn,1,1.5593,-1.8192,64,2026-06-09T08:55:50
24156,dqn,pool:gen_001,2,-0.9776,2.9949,64,2026-06-09T08:55:52
24157,self,dqn,2,-0.9281,2.5989,64,2026-06-09T08:55:53
24158,dqn,pool:gen_001,2,-1.1880,3.4157,64,2026-06-09T08:55:55
24159,self,dqn,1,1.8192,-2.1905,64,2026-06-09T08:55:57
24160,dqn,pool:prev_best:run_pts_004,2,-1.1880,3.2301,64,2026-06-09T08:55:59
24161,heuristic,dqn,2,-0.2598,3.0444,64,2026-06-09T08:56:00
24162,dqn,pool:prev_best:run_pts_004,2,-0.5816,2.5370,64,2026-06-09T08:56:02
24163,self,dqn,1,2.2028,-2.2152,64,2026-06-09T08:56:04
24164,dqn,pool:gen_001,2,-1.0518,2.8464,64,2026-06-09T08:56:07
24165,self,dqn,1,1.6459,-1.9182,64,2026-06-09T08:56:09
24166,dqn,self,1,1.9553,-1.9801,64,2026-06-09T08:56:11
24167,pool:gen_001,dqn,1,2.3761,-2.3761,64,2026-06-09T08:56:13
24168,dqn,self,1,1.4974,-1.8068,64,2026-06-09T08:56:15
24169,self,dqn,1,1.5098,-1.6088,64,2026-06-09T08:56:17
24170,dqn,pool:gen_001,2,-1.1880,3.1558,64,2026-06-09T08:56:19
24171,self,dqn,1,1.7449,-1.9677,64,2026-06-09T08:56:22
24172,dqn,self,1,1.7202,-2.1410,64,2026-06-09T08:56:24
24173,pool:gen_001,dqn,1,2.3761,-2.3761,64,2026-06-09T08:56:26
24174,dqn,pool:gen_001,2,-1.1756,3.1310,64,2026-06-09T08:56:28
24175,self,dqn,2,-0.5816,2.3514,64,2026-06-09T08:56:30
24176,dqn,heuristic,1,2.0667,-1.6088,64,2026-06-09T08:56:32
24177,pool:gen_001,dqn,1,2.6731,-2.5246,64,2026-06-09T08:56:34
24178,dqn,pool:gen_001,2,-1.1137,3.3043,64,2026-06-09T08:56:37
24179,self,dqn,2,-0.7177,2.2895,64,2026-06-09T08:56:39
24180,dqn,self,2,-0.5073,2.3885,64,2026-06-09T08:56:41
24181,pool:prev_best:run_pts_004,dqn,1,2.1905,-2.0419,64,2026-06-09T08:56:43
24182,dqn,pool:gen_001,2,-1.1013,3.1310,64,2026-06-09T08:56:45
24183,self,dqn,1,1.4232,-1.6583,64,2026-06-09T08:56:48
24184,dqn,pool:gen_001,2,-0.4702,2.7227,64,2026-06-09T08:56:50
24185,self,dqn,1,2.4504,-1.9305,64,2026-06-09T08:56:53
24186,dqn,pool:gen_001,2,-0.4702,2.7598,64,2026-06-09T08:56:55
24187,pool:gen_001,dqn,1,1.9553,-1.9058,64,2026-06-09T08:56:57
24188,dqn,self,1,2.2400,-2.1038,64,2026-06-09T08:56:59
24189,pool:gen_001,dqn,1,1.9306,-1.8563,64,2026-06-09T08:57:01
24190,dqn,pool:gen_001,2,-0.7177,3.0321,64,2026-06-09T08:57:03
24191,pool:gen_001,dqn,1,1.9553,-1.9058,64,2026-06-09T08:57:05
24192,dqn,self,1,1.7326,-1.6088,64,2026-06-09T08:57:08
24193,pool:gen_001,dqn,1,2.4875,-2.3761,64,2026-06-09T08:57:09
24194,dqn,pool:gen_001,2,-1.1880,3.1558,64,2026-06-09T08:57:11
24195,pool:gen_001,dqn,1,2.3885,-2.4008,64,2026-06-09T08:57:14
24196,dqn,pool:gen_001,2,-0.9652,3.1187,64,2026-06-09T08:57:16
24197,pool:gen_001,dqn,1,2.1904,-2.3390,64,2026-06-09T08:57:18
24198,dqn,pool:gen_001,2,-1.0766,3.2301,64,2026-06-09T08:57:20
24199,self,dqn,1,2.2400,-1.9553,64,2026-06-09T08:57:22
24200,dqn,pool:gen_001,2,-0.9157,2.9083,64,2026-06-09T08:57:25
24201,self,dqn,2,-0.3588,2.2771,64,2026-06-09T09:25:23
24202,dqn,self,1,1.7078,-1.9677,64,2026-06-09T09:25:30
24203,pool:gen_001,dqn,1,2.1657,-2.1781,64,2026-06-09T09:25:39
24204,dqn,self,1,1.9306,-2.1533,64,2026-06-09T09:25:47
24205,self,dqn,1,1.6583,-1.6459,64,2026-06-09T09:25:53
24206,dqn,pool:gen_001,2,-1.2251,3.2301,64,2026-06-09T09:25:55
24207,pool:gen_001,dqn,1,1.6830,-2.0667,64,2026-06-09T09:25:57
24208,dqn,self,2,-0.6435,2.5123,64,2026-06-09T09:26:00
24209,self,dqn,2,-0.8415,2.6113,64,2026-06-09T09:26:02
24210,dqn,self,1,1.5841,-1.5717,64,2026-06-09T09:26:04
24211,pool:gen_001,dqn,1,2.4751,-2.3513,64,2026-06-09T09:26:06
24212,dqn,pool:gen_001,2,-1.0890,3.2177,64,2026-06-09T09:26:08
24213,self,dqn,1,2.3637,-2.0172,64,2026-06-09T09:26:10
24214,dqn,pool:prev_best:run_pts_004,2,-1.0890,3.1063,64,2026-06-09T09:26:12
24215,pool:gen_001,dqn,1,2.0791,-2.1533,64,2026-06-09T09:26:14
24216,dqn,pool:gen_001,2,-0.9033,2.9949,64,2026-06-09T09:26:16
24217,pool:gen_001,dqn,1,2.3266,-2.3885,64,2026-06-09T09:26:18
24218,dqn,pool:gen_001,2,-0.9652,3.0444,64,2026-06-09T09:26:20
24219,pool:gen_001,dqn,1,1.9924,-2.1657,64,2026-06-09T09:26:23
24220,dqn,pool:gen_001,2,-0.9033,2.9949,64,2026-06-09T09:26:25
24221,heuristic,dqn,2,0.0496,3.1311,64,2026-06-09T09:26:27
24222,dqn,pool:gen_001,2,-1.0271,3.0568,64,2026-06-09T09:26:29
24223,pool:gen_001,dqn,1,1.9924,-2.1657,64,2026-06-09T09:26:31
24224,dqn,pool:gen_001,2,-1.1508,3.1929,64,2026-06-09T09:26:33
24225,self,dqn,2,-0.7177,2.3638,64,2026-06-09T09:26:35
24226,dqn,pool:gen_001,2,-1.2375,3.2548,64,2026-06-09T09:26:38
24227,pool:gen_001,dqn,1,2.0048,-1.9306,64,2026-06-09T09:26:40
24228,dqn,pool:gen_001,2,-0.8910,2.9702,64,2026-06-09T09:26:42
24229,pool:gen_001,dqn,1,1.9553,-2.0172,64,2026-06-09T09:26:44
24230,dqn,pool:gen_001,2,-1.2127,3.2796,64,2026-06-09T09:26:46
24231,self,dqn,2,-0.5816,2.2771,64,2026-06-09T09:26:48
24232,dqn,self,1,1.6212,-1.6831,64,2026-06-09T09:26:50
24233,pool:gen_001,dqn,1,2.3018,-2.1533,64,2026-06-09T09:26:52
24234,dqn,self,2,-0.6435,2.4751,64,2026-06-09T09:26:55
24235,pool:gen_001,dqn,1,2.0172,-2.0296,64,2026-06-09T09:26:57
24236,dqn,self,2,-0.8167,2.4875,64,2026-06-09T09:26:59
24237,pool:gen_001,dqn,1,2.1162,-2.1533,64,2026-06-09T09:27:01
24238,dqn,pool:gen_001,2,-1.2251,3.0815,64,2026-06-09T09:27:03
24239,pool:gen_001,dqn,1,2.0543,-2.0667,64,2026-06-09T09:27:06
24240,dqn,self,1,1.6212,-2.0543,64,2026-06-09T09:27:08
24241,pool:gen_001,dqn,1,2.1162,-2.1162,64,2026-06-09T09:27:10
24242,dqn,self,1,1.6212,-1.5717,64,2026-06-09T09:27:13
24243,pool:gen_001,dqn,1,2.3142,-2.2895,64,2026-06-09T09:27:15
24244,dqn,heuristic,1,2.0667,-1.6088,64,2026-06-09T09:27:17
24245,pool:gen_001,dqn,1,2.1904,-2.2647,64,2026-06-09T09:27:19
24246,dqn,pool:gen_001,2,-1.1013,3.2796,64,2026-06-09T09:27:21
24247,pool:gen_001,dqn,1,2.4008,-2.2771,64,2026-06-09T09:27:23
24248,dqn,self,2,-0.9033,2.6979,64,2026-06-09T09:27:26
24249,self,dqn,2,-0.7425,2.4875,64,2026-06-09T09:27:28
24250,dqn,pool:gen_001,2,-1.1013,3.2796,64,2026-06-09T09:27:31
24251,pool:gen_001,dqn,1,2.3266,-2.2771,64,2026-06-09T09:27:33
24252,dqn,pool:gen_001,2,-1.1261,3.1063,64,2026-06-09T09:27:36
24253,self,dqn,1,1.5593,-1.8563,64,2026-06-09T09:27:38
24254,dqn,pool:gen_001,2,-1.1509,2.9702,64,2026-06-09T09:27:40
24255,pool:prev_best:run_pts_004,dqn,1,1.7202,-1.8811,64,2026-06-09T09:27:43
24256,dqn,self,1,1.7202,-1.6212,64,2026-06-09T09:27:45
24257,self,dqn,2,-0.6063,2.3638,64,2026-06-09T09:27:48
24258,dqn,pool:gen_001,2,-0.9281,2.8588,64,2026-06-09T09:27:50
24259,pool:gen_001,dqn,1,2.3266,-2.2771,64,2026-06-09T09:27:53
24260,dqn,pool:gen_001,2,-1.1137,2.9330,64,2026-06-09T09:27:55
24261,pool:gen_001,dqn,1,2.4503,-2.2276,64,2026-06-09T09:27:57
24262,dqn,self,2,-0.5692,2.1781,64,2026-06-09T09:28:00
24263,self,dqn,1,2.0791,-2.1533,64,2026-06-09T09:28:02
24264,dqn,self,2,-0.3464,2.6979,64,2026-06-09T09:28:05
24265,self,dqn,1,1.5964,-1.7821,64,2026-06-09T09:28:07
24266,dqn,pool:gen_001,2,-0.9281,2.7845,64,2026-06-09T09:28:09
24267,pool:gen_001,dqn,1,2.0667,-2.2028,64,2026-06-09T09:28:11
24268,dqn,self,2,-0.5444,2.6855,64,2026-06-09T09:28:14
24269,pool:gen_001,dqn,1,1.9801,-2.1038,64,2026-06-09T09:28:16
24270,dqn,self,1,2.3142,-2.3266,64,2026-06-09T09:28:18
24271,self,dqn,1,1.4479,-1.5964,64,2026-06-09T09:28:21
24272,dqn,self,1,1.7821,-1.9677,64,2026-06-09T09:28:23
24273,self,dqn,1,2.0172,-2.1781,64,2026-06-09T09:28:26
24274,dqn,pool:gen_001,2,-0.9405,2.7722,64,2026-06-09T09:28:28
24275,pool:gen_001,dqn,1,1.6088,-1.8439,64,2026-06-09T09:28:30
24276,dqn,pool:gen_001,2,-0.9405,2.7722,64,2026-06-09T09:28:33
24277,pool:gen_001,dqn,1,1.7821,-1.9306,64,2026-06-09T09:28:35
24278,dqn,self,1,1.9058,-1.9924,64,2026-06-09T09:28:37
24279,self,dqn,1,1.7821,-1.8934,64,2026-06-09T09:28:39
24280,dqn,pool:gen_001,2,-0.8538,2.6732,64,2026-06-09T09:28:41
24281,self,dqn,1,1.8687,-2.1781,64,2026-06-09T09:28:44
24282,dqn,pool:gen_001,2,-0.7548,2.5865,64,2026-06-09T09:28:46
24283,pool:gen_001,dqn,1,2.1657,-2.1781,64,2026-06-09T09:28:48
24284,dqn,self,1,1.7821,-1.9677,64,2026-06-09T09:28:51
24285,pool:gen_001,dqn,1,2.0914,-2.1038,64,2026-06-09T09:28:53
24286,dqn,pool:gen_001,2,-0.7425,2.4875,64,2026-06-09T09:28:55
24287,pool:gen_001,dqn,1,1.7697,-1.7202,64,2026-06-09T09:28:58
24288,dqn,self,1,1.8687,-1.9553,64,2026-06-09T09:29:00
24289,self,dqn,1,1.6212,-1.8316,64,2026-06-09T09:29:02
24290,dqn,pool:prev_best:run_pts_004,2,-0.9900,2.9083,64,2026-06-09T09:29:05
24291,pool:gen_001,dqn,1,1.6707,-1.8563,64,2026-06-09T09:29:07
24292,dqn,self,1,1.4974,-1.6212,64,2026-06-09T09:29:10
24293,self,dqn,2,-1.0147,3.0692,64,2026-06-09T09:29:12
24294,dqn,self,2,-0.7425,2.6360,64,2026-06-09T09:29:14
24295,self,dqn,2,-1.1137,2.8217,64,2026-06-09T09:29:17
24296,dqn,self,2,-1.0519,2.5123,64,2026-06-09T09:29:19
24297,pool:gen_001,dqn,1,1.7821,-2.0048,64,2026-06-09T09:29:21
24298,dqn,pool:gen_001,2,-0.7672,2.5370,64,2026-06-09T09:29:24
24299,self,dqn,1,1.6831,-1.6954,64,2026-06-09T09:29:27
24300,dqn,pool:gen_001,2,-0.9281,2.7103,64,2026-06-09T09:29:29
24301,self,dqn,1,1.5964,-1.9306,64,2026-06-09T09:51:33
24302,dqn,self,2,-1.0642,3.0197,64,2026-06-09T09:51:35
24303,pool:gen_001,dqn,1,1.6212,-1.9058,64,2026-06-09T09:51:37
24304,dqn,pool:gen_001,2,-0.9900,2.7226,64,2026-06-09T09:51:39
24305,pool:gen_001,dqn,1,1.7697,-1.9801,64,2026-06-09T09:51:41
24306,dqn,pool:gen_001,2,-0.9157,2.6855,64,2026-06-09T09:51:43
24307,self,dqn,1,1.6954,-1.9058,64,2026-06-09T09:51:45
24308,dqn,pool:gen_001,2,-0.6435,2.2895,64,2026-06-09T09:51:48
24309,self,dqn,2,-1.1385,3.2053,64,2026-06-09T09:51:50
24310,dqn,self,1,2.4503,-2.5246,64,2026-06-09T09:51:52
24311,heuristic,dqn,2,-0.7177,3.1806,64,2026-06-09T09:51:54
24312,dqn,heuristic,1,2.1657,-1.5469,64,2026-06-09T09:51:56
24313,self,dqn,2,-0.3341,2.1163,64,2026-06-09T09:51:58
24314,dqn,self,1,1.5098,-1.6088,64,2026-06-09T09:52:00
24315,self,dqn,2,-0.7301,2.4999,64,2026-06-09T09:52:03
24316,dqn,self,1,1.4974,-1.8068,64,2026-06-09T09:52:05
24317,pool:gen_001,dqn,1,1.3984,-1.7944,64,2026-06-09T09:52:07
24318,dqn,pool:gen_001,2,-0.6682,2.5246,64,2026-06-09T09:52:09
24319,self,dqn,2,-0.5445,2.4999,64,2026-06-09T09:52:11
24320,dqn,pool:gen_001,2,-0.6558,2.5370,64,2026-06-09T09:52:14
24321,self,dqn,2,-0.6930,2.4256,64,2026-06-09T09:52:16
24322,dqn,self,1,1.7325,-2.0172,64,2026-06-09T09:52:19
24323,pool:gen_001,dqn,1,1.8439,-2.0915,64,2026-06-09T09:52:22
24324,dqn,pool:prev_best:run_pts_004,2,-0.5940,2.3390,64,2026-06-09T09:52:25
24325,self,dqn,1,2.0296,-2.2028,64,2026-06-09T09:52:27
24326,dqn,self,1,1.7449,-1.8563,64,2026-06-09T09:52:29
24327,self,dqn,1,2.0667,-2.0543,64,2026-06-09T09:52:31
24328,dqn,heuristic,1,2.0915,-1.3984,64,2026-06-09T09:52:33
24329,self,dqn,1,1.9058,-2.0296,64,2026-06-09T09:52:35
24330,dqn,pool:gen_001,2,-0.7425,2.4504,64,2026-06-09T09:52:37
24331,self,dqn,1,1.9182,-2.0172,64,2026-06-09T09:52:40
24332,dqn,pool:gen_001,2,-0.8415,2.7227,64,2026-06-09T09:52:42
24333,self,dqn,1,1.5964,-1.6707,64,2026-06-09T09:52:44
24334,dqn,heuristic,2,-0.2474,2.7598,64,2026-06-09T09:52:46
24335,self,dqn,1,1.5345,-1.9182,64,2026-06-09T09:52:52
24336,dqn,self,1,1.7326,-1.8687,64,2026-06-09T09:52:55
24337,self,dqn,1,1.5593,-1.9306,64,2026-06-09T09:52:57
24338,dqn,pool:gen_001,2,-0.5940,2.3761,64,2026-06-09T09:52:59
24339,pool:gen_001,dqn,1,1.9058,-2.1410,64,2026-06-09T09:53:02
24340,dqn,self,2,-0.7301,2.5370,64,2026-06-09T09:53:04
24341,pool:gen_001,dqn,1,1.6954,-1.8687,64,2026-06-09T09:53:06
24342,dqn,pool:gen_001,2,-0.6806,2.4380,64,2026-06-09T09:53:08
24343,self,dqn,2,-0.7920,2.6608,64,2026-06-09T09:53:10
24344,dqn,pool:gen_001,1,1.6088,-1.8068,64,2026-06-09T09:53:12
24345,self,dqn,1,1.7820,-2.0791,64,2026-06-09T09:53:15
24346,dqn,self,2,-0.9652,2.8959,64,2026-06-09T09:53:17
24347,pool:gen_001,dqn,1,1.6830,-1.9553,64,2026-06-09T09:53:19
24348,dqn,pool:gen_001,1,1.3860,-1.7697,64,2026-06-09T09:53:21
24349,pool:gen_001,dqn,1,1.6088,-1.9553,64,2026-06-09T09:53:24
24350,dqn,pool:gen_001,2,-0.7053,2.2648,64,2026-06-09T09:53:26
24351,self,dqn,1,1.5345,-1.8068,64,2026-06-09T09:53:28
24352,dqn,self,1,1.5222,-1.8563,64,2026-06-09T09:53:30
24353,self,dqn,1,2.4008,-2.3885,64,2026-06-09T09:53:32
24354,dqn,self,1,1.5345,-1.8439,64,2026-06-09T09:53:34
24355,self,dqn,2,-0.5692,2.3266,64,2026-06-09T09:53:36
24356,dqn,self,2,-0.6558,2.5742,64,2026-06-09T09:53:39
24357,pool:gen_001,dqn,1,1.4727,-1.8316,64,2026-06-09T09:53:41
24358,dqn,heuristic,1,2.3885,-1.2870,64,2026-06-09T09:53:42
24359,self,dqn,1,1.6954,-1.8687,64,2026-06-09T09:53:45
24360,dqn,pool:gen_001,1,1.5964,-1.8934,64,2026-06-09T09:53:47
24361,pool:gen_001,dqn,2,-0.7425,2.4504,64,2026-06-09T09:53:49
24362,dqn,self,2,-1.3117,3.4033,64,2026-06-09T09:53:51
24363,pool:gen_001,dqn,2,-0.5940,2.4133,64,2026-06-09T09:53:53
24364,dqn,self,2,-0.7301,2.4628,64,2026-06-09T09:53:56
24365,pool:gen_001,dqn,2,-0.7177,2.4380,64,2026-06-09T09:53:58
24366,dqn,self,2,-0.4950,2.1410,64,2026-06-09T09:54:00
24367,self,dqn,1,1.3984,-1.8687,64,2026-06-09T09:54:02
24368,dqn,pool:gen_001,1,1.6212,-1.7202,64,2026-06-09T09:54:04
24369,pool:gen_001,dqn,2,-0.5940,2.4504,64,2026-06-09T09:54:07
24370,dqn,self,2,-0.7177,2.4751,64,2026-06-09T09:54:09
24371,self,dqn,1,1.6212,-1.9058,64,2026-06-09T09:54:11
24372,dqn,pool:gen_001,1,1.8563,-1.9306,64,2026-06-09T09:54:13
24373,self,dqn,2,-0.5692,2.4009,64,2026-06-09T09:54:15
24374,dqn,self,2,-0.6063,2.5494,64,2026-06-09T09:54:17
24375,self,dqn,1,1.6212,-1.5345,64,2026-06-09T09:54:20
24376,dqn,self,1,1.2375,-1.8068,64,2026-06-09T09:54:22
24377,self,dqn,1,1.5345,-1.8439,64,2026-06-09T09:54:24
24378,dqn,self,2,-1.0766,2.5989,64,2026-06-09T09:54:26
24379,pool:gen_001,dqn,1,1.7697,-1.7944,64,2026-06-09T09:54:29
24380,dqn,pool:gen_001,1,1.7821,-1.7449,64,2026-06-09T09:54:31
24381,pool:gen_001,dqn,1,1.5717,-1.5469,64,2026-06-09T09:54:33
24382,dqn,pool:gen_001,1,1.5593,-1.5964,64,2026-06-09T09:54:35
24383,pool:gen_001,dqn,1,1.6088,-1.5841,64,2026-06-09T09:54:37
24384,dqn,pool:gen_001,2,-0.5321,2.4380,64,2026-06-09T09:54:39
24385,pool:gen_001,dqn,1,1.5469,-1.6831,64,2026-06-09T09:54:41
24386,dqn,pool:gen_001,1,1.8068,-1.7573,64,2026-06-09T09:54:44
24387,pool:gen_001,dqn,1,1.4232,-1.6583,64,2026-06-09T09:54:46
24388,dqn,pool:prev_best:run_pts_004,1,2.1286,-1.8811,64,2026-06-09T09:54:48
24389,self,dqn,2,-0.8415,3.0568,64,2026-06-09T09:54:50
24390,dqn,pool:gen_001,1,2.0296,-1.9801,64,2026-06-09T09:54:52
24391,self,dqn,1,1.4603,-1.9182,64,2026-06-09T09:54:54
24392,dqn,pool:gen_001,1,2.0296,-1.9801,64,2026-06-09T09:54:57
24393,self,dqn,1,1.7449,-1.9677,64,2026-06-09T09:54:59
24394,dqn,pool:gen_001,1,2.0296,-1.9801,64,2026-06-09T09:55:00
24395,pool:gen_001,dqn,1,1.5964,-1.8563,64,2026-06-09T09:55:02
24396,dqn,pool:gen_001,1,1.6212,-1.6459,64,2026-06-09T09:55:04
24397,pool:gen_001,dqn,1,1.6088,-1.6583,64,2026-06-09T09:55:06
24398,dqn,pool:gen_001,1,1.8934,-1.9677,64,2026-06-09T09:55:08
24399,self,dqn,2,-1.0147,2.6236,64,2026-06-09T09:55:10
24400,dqn,pool:gen_001,1,1.4850,-1.6336,64,2026-06-09T09:55:12
24401,self,dqn,1,2.1038,-1.8316,64,2026-06-09T10:21:09
24402,dqn,pool:gen_001,1,1.6459,-1.6583,64,2026-06-09T10:21:16
24403,self,dqn,1,1.9677,-1.8563,64,2026-06-09T10:21:21
24404,dqn,pool:gen_001,1,1.5345,-1.7326,64,2026-06-09T10:21:27
24405,pool:gen_001,dqn,2,-0.7177,2.3638,64,2026-06-09T10:21:34
24406,dqn,self,1,1.7821,-1.7449,64,2026-06-09T10:21:41
24407,pool:gen_001,dqn,2,-0.7177,2.2895,64,2026-06-09T10:21:47
24408,dqn,self,2,-0.6311,2.4504,64,2026-06-09T10:21:54
24409,self,dqn,2,-0.5197,2.5247,64,2026-06-09T10:22:03
24410,dqn,self,2,-0.4083,2.7103,64,2026-06-09T10:22:11
24411,self,dqn,2,-0.7548,2.5494,64,2026-06-09T10:22:18
24412,dqn,pool:gen_001,1,1.7821,-1.8563,64,2026-06-09T10:22:24
24413,self,dqn,2,-0.7301,2.3885,64,2026-06-09T10:22:32
24414,dqn,pool:gen_001,1,1.6336,-1.7821,64,2026-06-09T10:22:40
24415,heuristic,dqn,2,-0.6806,3.4776,64,2026-06-09T10:22:49
24416,dqn,self,2,-0.5197,2.1905,64,2026-06-09T10:22:57
24417,pool:gen_001,dqn,2,-0.5321,2.3266,64,2026-06-09T10:23:04
24418,dqn,self,1,1.7944,-1.7326,64,2026-06-09T10:23:10
24419,pool:gen_001,dqn,1,1.4727,-1.6088,64,2026-06-09T10:23:16
24420,dqn,pool:gen_001,1,1.8192,-1.8563,64,2026-06-09T10:23:24
24421,pool:gen_001,dqn,1,1.4974,-1.6212,64,2026-06-09T10:23:32
24422,dqn,self,1,1.6707,-1.8192,64,2026-06-09T10:23:41
24423,self,dqn,1,1.7697,-1.6088,64,2026-06-09T10:23:50
24424,dqn,self,1,1.6212,-1.9430,64,2026-06-09T10:23:58
24425,pool:gen_001,dqn,1,1.4355,-1.5346,64,2026-06-09T10:24:06
24426,dqn,pool:gen_001,1,1.7078,-1.5964,64,2026-06-09T10:24:14
24427,pool:gen_001,dqn,2,-0.5692,2.5123,64,2026-06-09T10:24:21
24428,dqn,self,2,-0.8662,2.7722,64,2026-06-09T10:24:29
24429,self,dqn,2,-0.6063,2.5123,64,2026-06-09T10:24:36
24430,dqn,pool:prev_best:run_pts_004,1,1.6707,-1.7078,64,2026-06-09T10:24:43
24431,pool:gen_001,dqn,1,1.8068,-1.5345,64,2026-06-09T10:24:51
24432,dqn,pool:gen_001,1,1.5717,-1.5469,64,2026-06-09T10:25:00
24433,pool:gen_001,dqn,2,-0.6682,2.4504,64,2026-06-09T10:25:09
24434,dqn,pool:gen_001,1,1.6212,-1.4603,64,2026-06-09T10:25:17
24435,self,dqn,1,1.5717,-1.6212,64,2026-06-09T10:25:26
24436,dqn,self,2,-1.0519,2.5494,64,2026-06-09T10:25:33
24437,self,dqn,2,-0.4826,2.5618,64,2026-06-09T10:25:40
24438,dqn,pool:gen_001,1,1.8192,-1.7821,64,2026-06-09T10:25:49
24439,self,dqn,1,1.8192,-1.9306,64,2026-06-09T10:25:57
24440,dqn,pool:gen_001,1,1.6831,-1.7697,64,2026-06-09T10:26:05
24441,pool:gen_001,dqn,2,-0.9157,2.7598,64,2026-06-09T10:26:11
24442,dqn,heuristic,1,2.8093,-1.7944,64,2026-06-09T10:26:17
24443,self,dqn,1,1.3737,-1.6336,64,2026-06-09T10:26:25
24444,dqn,pool:gen_001,1,1.5840,-1.7573,64,2026-06-09T10:26:35
24445,pool:gen_001,dqn,2,-0.8538,2.6732,64,2026-06-09T10:26:43
24446,dqn,self,1,1.5345,-1.6212,64,2026-06-09T10:26:50
24447,heuristic,dqn,2,-0.6063,3.1063,64,2026-06-09T10:26:58
24448,dqn,pool:gen_001,1,1.8316,-1.9182,64,2026-06-09T10:27:06
24449,self,dqn,1,1.5593,-1.5593,64,2026-06-09T10:27:15
24450,dqn,self,1,2.1162,-2.0791,64,2026-06-09T10:27:24
24451,self,dqn,1,2.1038,-2.0914,64,2026-06-09T10:27:32
24452,dqn,self,1,1.9058,-1.7697,64,2026-06-09T10:27:41
24453,pool:gen_001,dqn,2,-0.6682,2.5618,64,2026-06-09T10:27:48
24454,dqn,pool:prev_best:run_pts_004,1,1.9058,-1.9182,64,2026-06-09T10:27:56
24455,self,dqn,1,1.6954,-1.9058,64,2026-06-09T10:28:05
24456,dqn,pool:gen_001,1,2.1533,-2.2276,64,2026-06-09T10:28:13
24457,self,dqn,1,1.6212,-1.8316,64,2026-06-09T10:28:21
24458,dqn,self,1,1.6088,-1.7326,64,2026-06-09T10:28:30
24459,self,dqn,2,-0.9157,2.6113,64,2026-06-09T10:28:36
24460,dqn,pool:gen_001,1,1.9058,-1.9182,64,2026-06-09T10:28:45
24461,self,dqn,1,1.5469,-1.5717,64,2026-06-09T10:28:53
24462,dqn,self,2,-0.3836,2.5123,64,2026-06-09T10:29:00
24463,pool:gen_001,dqn,2,-1.0023,2.8217,64,2026-06-09T10:29:07
24464,dqn,pool:gen_001,1,2.0172,-1.9924,64,2026-06-09T10:29:15
24465,self,dqn,1,1.7325,-2.0915,64,2026-06-09T10:29:23
24466,dqn,pool:gen_001,1,1.9058,-1.9182,64,2026-06-09T10:29:30
24467,self,dqn,1,1.6707,-2.1162,64,2026-06-09T10:29:37
24468,dqn,pool:gen_001,1,2.0296,-2.0543,64,2026-06-09T10:29:45
24469,self,dqn,1,1.6088,-1.6954,64,2026-06-09T10:29:52
24470,dqn,heuristic,1,2.5122,-1.7573,64,2026-06-09T10:30:00
24471,pool:gen_001,dqn,2,-0.9033,2.8093,64,2026-06-09T10:30:08
24472,dqn,pool:gen_001,1,1.8811,-1.9058,64,2026-06-09T10:30:15
24473,self,dqn,1,1.3860,-1.7326,64,2026-06-09T10:30:24
24474,dqn,pool:gen_001,1,2.3761,-2.3761,64,2026-06-09T10:30:31
24475,pool:gen_001,dqn,2,-0.8291,2.7722,64,2026-06-09T10:30:39
24476,dqn,self,1,1.4232,-1.8440,64,2026-06-09T10:30:47
24477,pool:prev_best:run_pts_004,dqn,2,-0.8786,2.7598,64,2026-06-09T10:30:55
24478,dqn,self,1,1.7697,-2.0172,64,2026-06-09T10:31:02
24479,pool:gen_001,dqn,2,-0.7672,2.6484,64,2026-06-09T10:31:10
24480,dqn,pool:gen_001,1,1.7325,-1.9801,64,2026-06-09T10:31:17
24481,self,dqn,1,1.6954,-1.7944,64,2026-06-09T10:31:25
24482,dqn,pool:gen_001,1,1.9182,-2.1286,64,2026-06-09T10:31:34
24483,self,dqn,2,-0.5073,2.5370,64,2026-06-09T10:31:41
24484,dqn,pool:gen_001,1,1.5964,-1.8563,64,2026-06-09T10:31:48
24485,pool:gen_001,dqn,2,-1.0395,3.0073,64,2026-06-09T10:31:56
24486,dqn,self,1,1.6831,-1.5840,64,2026-06-09T10:32:03
24487,self,dqn,1,2.0543,-2.2152,64,2026-06-09T10:32:09
24488,dqn,pool:prev_best:run_pts_004,1,1.6335,-1.8192,64,2026-06-09T10:32:18
24489,self,dqn,1,1.7944,-1.7326,64,2026-06-09T10:32:26
24490,dqn,self,1,1.6336,-1.5964,64,2026-06-09T10:32:34
24491,self,dqn,1,1.9182,-2.1286,64,2026-06-09T10:32:43
24492,dqn,self,1,1.6335,-1.8192,64,2026-06-09T10:32:51
24493,pool:gen_001,dqn,2,-0.8167,2.6360,64,2026-06-09T10:32:59
24494,dqn,self,1,1.7449,-1.5964,64,2026-06-09T10:33:07
24495,self,dqn,2,-0.7053,2.5618,64,2026-06-09T10:33:14
24496,dqn,self,1,1.7821,-2.0420,64,2026-06-09T10:33:21
24497,pool:gen_001,dqn,2,-1.0147,2.8464,64,2026-06-09T10:33:28
24498,dqn,self,2,-0.4949,2.4752,64,2026-06-09T10:33:37
24499,self,dqn,1,1.9801,-2.1038,64,2026-06-09T10:33:43
24500,dqn,pool:gen_001,1,1.8687,-1.9924,64,2026-06-09T10:33:50
24501,self,dqn,2,-0.5816,2.5370,64,2026-06-09T10:57:41
24502,dqn,self,2,-0.6682,2.3390,64,2026-06-09T10:57:44
24503,self,dqn,2,-0.4826,2.3761,64,2026-06-09T10:57:46
24504,dqn,pool:gen_001,1,1.8687,-1.9924,64,2026-06-09T10:57:48
24505,self,dqn,1,2.0419,-2.3018,64,2026-06-09T10:57:50
24506,dqn,self,1,1.5222,-1.9306,64,2026-06-09T10:57:53
24507,pool:gen_001,dqn,2,-0.9652,2.9330,64,2026-06-09T10:57:55
24508,dqn,pool:gen_001,1,1.8934,-1.9677,64,2026-06-09T10:57:57
24509,pool:gen_001,dqn,2,-1.0147,2.8835,64,2026-06-09T10:57:59
24510,dqn,pool:gen_001,1,1.8439,-1.9429,64,2026-06-09T10:58:01
24511,pool:gen_001,dqn,2,-0.9652,2.9330,64,2026-06-09T10:58:03
24512,dqn,heuristic,1,2.5865,-1.8687,64,2026-06-09T10:58:05
24513,self,dqn,2,-0.9776,2.7722,64,2026-06-09T10:58:08
24514,dqn,self,1,1.5345,-1.6954,64,2026-06-09T10:58:10
24515,pool:gen_001,dqn,2,-0.9281,2.8588,64,2026-06-09T10:58:12
24516,dqn,self,2,-0.6311,2.3761,64,2026-06-09T10:58:14
24517,pool:gen_001,dqn,2,-0.5445,2.4999,64,2026-06-09T10:58:17
24518,dqn,self,2,-0.5816,2.5370,64,2026-06-09T10:58:19
24519,pool:gen_001,dqn,2,-0.9405,2.8093,64,2026-06-09T10:58:21
24520,dqn,pool:gen_001,1,1.9553,-1.9801,64,2026-06-09T10:58:23
24521,self,dqn,2,-0.4950,2.4009,64,2026-06-09T10:58:26
24522,dqn,heuristic,1,1.7821,-1.4850,64,2026-06-09T10:58:28
24523,pool:gen_001,dqn,2,-0.6930,2.6113,64,2026-06-09T10:58:30
24524,dqn,pool:gen_001,1,1.8934,-2.0048,64,2026-06-09T10:58:32
24525,self,dqn,2,-0.8786,2.5741,64,2026-06-09T10:58:35
24526,dqn,pool:gen_001,1,1.6583,-1.7202,64,2026-06-09T10:58:37
24527,heuristic,dqn,2,-0.5568,2.8959,64,2026-06-09T10:58:40
24528,dqn,pool:gen_001,1,1.9429,-2.0667,64,2026-06-09T10:58:42
24529,self,dqn,1,1.7697,-1.5345,64,2026-06-09T10:58:44
24530,dqn,self,2,-0.8538,2.8959,64,2026-06-09T10:58:47
24531,self,dqn,1,1.7202,-1.5840,64,2026-06-09T10:58:49
24532,dqn,self,2,-0.7920,2.9949,64,2026-06-09T10:58:51
24533,self,dqn,1,1.5222,-1.9306,64,2026-06-09T10:58:54
24534,dqn,heuristic,1,2.8464,-1.6088,64,2026-06-09T10:58:56
24535,pool:gen_001,dqn,2,-0.8043,2.6855,64,2026-06-09T10:58:58
24536,dqn,pool:gen_001,1,1.6088,-1.6954,64,2026-06-09T10:59:00
24537,pool:gen_001,dqn,2,-0.6558,2.4999,64,2026-06-09T10:59:03
24538,dqn,self,2,-0.4207,2.4752,64,2026-06-09T10:59:05
24539,self,dqn,1,1.8811,-1.9058,64,2026-06-09T10:59:07
24540,dqn,pool:gen_001,1,1.6212,-1.7573,64,2026-06-09T10:59:09
24541,self,dqn,1,1.8934,-2.1905,64,2026-06-09T10:59:11
24542,dqn,pool:gen_001,1,1.7078,-1.8192,64,2026-06-09T10:59:14
24543,self,dqn,2,-0.9281,2.5246,64,2026-06-09T10:59:16
24544,dqn,self,2,-0.4950,2.4009,64,2026-06-09T10:59:18
24545,pool:gen_001,dqn,2,-0.7796,2.5246,64,2026-06-09T10:59:20
24546,dqn,pool:gen_001,1,1.7326,-1.9058,64,2026-06-09T10:59:23
24547,self,dqn,2,-0.7053,2.7103,64,2026-06-09T10:59:25
24548,dqn,heuristic,1,2.5741,-1.6954,64,2026-06-09T10:59:27
24549,self,dqn,1,1.8811,-1.6088,64,2026-06-09T10:59:29
24550,dqn,pool:gen_001,1,1.3984,-1.6831,64,2026-06-09T10:59:32
24551,self,dqn,1,1.5346,-1.5469,64,2026-06-09T10:59:34
24552,dqn,pool:gen_001,1,1.5345,-1.8439,64,2026-06-09T10:59:36
24553,pool:gen_001,dqn,2,-0.6558,2.4628,64,2026-06-09T10:59:38
24554,dqn,pool:gen_001,1,1.4479,-1.7449,64,2026-06-09T10:59:40
24555,pool:gen_001,dqn,1,1.5717,-1.6583,64,2026-06-09T10:59:42
24556,dqn,self,1,1.4479,-1.5964,64,2026-06-09T10:59:45
24557,pool:gen_001,dqn,1,1.4974,-1.6212,64,2026-06-09T10:59:47
24558,dqn,self,2,-0.7920,2.4380,64,2026-06-09T10:59:49
24559,self,dqn,2,-0.9900,2.6113,64,2026-06-09T10:59:51
24560,dqn,self,2,-0.5692,2.6979,64,2026-06-09T10:59:54
24561,pool:gen_001,dqn,2,-0.6806,2.5123,64,2026-06-09T10:59:55
24562,dqn,pool:gen_001,1,1.8563,-1.8934,64,2026-06-09T10:59:58
24563,pool:gen_001,dqn,2,-0.6682,2.5618,64,2026-06-09T11:00:00
24564,dqn,pool:gen_001,1,1.7078,-1.8192,64,2026-06-09T11:00:02
24565,pool:gen_001,dqn,2,-0.8662,2.6979,64,2026-06-09T11:00:04
24566,dqn,self,1,1.8934,-1.7449,64,2026-06-09T11:00:07
24567,self,dqn,2,-0.7920,2.6236,64,2026-06-09T11:00:09
24568,dqn,pool:gen_001,1,1.5469,-1.6088,64,2026-06-09T11:00:11
24569,self,dqn,1,1.7573,-1.9182,64,2026-06-09T11:00:13
24570,dqn,pool:prev_best:run_pts_004,1,1.5840,-1.7573,64,2026-06-09T11:00:16
24571,self,dqn,1,1.8316,-1.7326,64,2026-06-09T11:00:18
24572,dqn,pool:gen_001,1,1.7944,-1.9553,64,2026-06-09T11:00:20
24573,pool:gen_001,dqn,2,-0.6187,2.4628,64,2026-06-09T11:00:22
24574,dqn,pool:gen_001,2,-0.4702,2.4256,64,2026-06-09T11:00:25
24575,self,dqn,1,1.7697,-1.9429,64,2026-06-09T11:00:27
24576,dqn,pool:gen_001,2,-0.6187,2.4256,64,2026-06-09T11:00:29
24577,pool:gen_001,dqn,1,1.4603,-1.5469,64,2026-06-09T11:00:32
24578,dqn,self,2,-0.5692,2.3638,64,2026-06-09T11:00:34
24579,pool:prev_best:run_pts_004,dqn,1,1.4727,-1.5717,64,2026-06-09T11:00:36
24580,dqn,pool:gen_001,1,1.5964,-1.6336,64,2026-06-09T11:00:38
24581,pool:gen_001,dqn,1,1.5098,-1.6459,64,2026-06-09T11:00:40
24582,dqn,pool:gen_001,1,1.5964,-1.7078,64,2026-06-09T11:00:43
24583,self,dqn,2,-0.4702,2.2771,64,2026-06-09T11:00:45
24584,dqn,pool:gen_001,1,1.4108,-1.6336,64,2026-06-09T11:00:47
24585,self,dqn,2,-0.7548,2.5494,64,2026-06-09T11:00:50
24586,dqn,pool:gen_001,1,1.4603,-1.6212,64,2026-06-09T11:00:52
24587,self,dqn,1,1.8316,-2.0667,64,2026-06-09T11:00:55
24588,dqn,pool:gen_001,1,1.4108,-1.5964,64,2026-06-09T11:00:57
24589,self,dqn,1,1.7202,-1.6212,64,2026-06-09T11:00:59
24590,dqn,heuristic,1,2.8959,-2.0419,64,2026-06-09T11:01:01
24591,pool:gen_001,dqn,2,-0.7920,2.5494,64,2026-06-09T11:01:04
24592,dqn,pool:gen_001,1,1.5717,-1.8068,64,2026-06-09T11:01:06
24593,pool:gen_001,dqn,1,1.5593,-1.7078,64,2026-06-09T11:01:08
24594,dqn,self,2,-0.5940,2.5246,64,2026-06-09T11:01:10
24595,pool:gen_001,dqn,1,1.5717,-1.7697,64,2026-06-09T11:01:13
24596,dqn,self,1,1.5098,-1.5346,64,2026-06-09T11:01:15
24597,self,dqn,2,-0.7920,2.4380,64,2026-06-09T11:01:17
24598,dqn,pool:prev_best:run_pts_004,1,1.4603,-1.6212,64,2026-06-09T11:01:19
24599,self,dqn,1,2.0543,-2.0667,64,2026-06-09T11:01:22
24600,dqn,pool:gen_001,2,-0.5692,2.3638,64,2026-06-09T11:01:24
24601,self,dqn,1,1.4232,-1.9182,64,2026-06-09T11:28:30
24602,dqn,self,2,-0.5940,2.4875,64,2026-06-09T11:28:36
24603,self,dqn,2,-0.7425,2.4504,64,2026-06-09T11:28:44
24604,dqn,pool:gen_001,2,-0.6558,2.4999,64,2026-06-09T11:28:51
24605,heuristic,dqn,2,-0.5197,3.1929,64,2026-06-09T11:28:57
24606,dqn,pool:prev_best:run_pts_004,2,-0.6558,2.4256,64,2026-06-09T11:29:08
24607,pool:gen_001,dqn,2,-0.6063,2.7350,64,2026-06-09T11:29:13
24608,dqn,pool:gen_001,2,-0.5073,2.3143,64,2026-06-09T11:29:21
24609,pool:gen_001,dqn,2,-0.5816,2.3885,64,2026-06-09T11:29:29
24610,dqn,pool:gen_001,1,1.4727,-1.6831,64,2026-06-09T11:29:36
24611,self,dqn,1,1.9306,-1.9677,64,2026-06-09T11:29:43
24612,dqn,pool:gen_001,1,1.4727,-1.6831,64,2026-06-09T11:29:45
24613,self,dqn,1,1.5593,-1.7821,64,2026-06-09T11:29:47
24614,dqn,pool:gen_001,1,1.5469,-1.7573,64,2026-06-09T11:29:49
24615,self,dqn,1,1.4974,-1.6954,64,2026-06-09T11:29:52
24616,dqn,self,2,-0.8043,2.5370,64,2026-06-09T11:29:54
24617,pool:gen_001,dqn,1,1.4108,-1.6336,64,2026-06-09T11:29:56
24618,dqn,heuristic,1,2.2647,-1.7820,64,2026-06-09T11:29:58
24619,self,dqn,2,-0.4331,2.5370,64,2026-06-09T11:30:00
24620,dqn,self,1,2.0667,-2.0914,64,2026-06-09T11:30:02
24621,self,dqn,1,1.7821,-1.6707,64,2026-06-09T11:30:04
24622,dqn,self,1,1.5840,-1.7202,64,2026-06-09T11:30:06
24623,pool:gen_001,dqn,1,1.4108,-1.6336,64,2026-06-09T11:30:08
24624,dqn,pool:gen_001,1,1.3613,-1.6831,64,2026-06-09T11:30:11
24625,self,dqn,2,-0.8167,2.5618,64,2026-06-09T11:30:13
24626,dqn,self,2,-0.7425,2.6732,64,2026-06-09T11:30:15
24627,pool:gen_001,dqn,1,1.6088,-1.6954,64,2026-06-09T11:30:17
24628,dqn,pool:gen_001,1,1.3613,-1.6831,64,2026-06-09T11:30:19
24629,self,dqn,1,1.3984,-1.9058,64,2026-06-09T11:30:21
24630,dqn,self,1,1.7078,-2.0048,64,2026-06-09T11:30:23
24631,self,dqn,1,1.6707,-1.7449,64,2026-06-09T11:30:25
24632,dqn,pool:gen_001,2,-0.6682,2.4875,64,2026-06-09T11:30:27
24633,pool:gen_001,dqn,1,1.5840,-1.7944,64,2026-06-09T11:30:29
24634,dqn,self,2,-0.7425,2.7103,64,2026-06-09T11:30:32
24635,self,dqn,2,-0.7053,2.7474,64,2026-06-09T11:30:33
24636,dqn,pool:gen_001,2,-0.6558,2.5370,64,2026-06-09T11:30:35
24637,pool:gen_001,dqn,1,1.8192,-1.8563,64,2026-06-09T11:30:38
24638,dqn,pool:gen_001,2,-0.6435,2.5123,64,2026-06-09T11:30:40
24639,self,dqn,2,-0.7796,2.5246,64,2026-06-09T11:30:42
24640,dqn,self,2,-0.7672,2.2771,64,2026-06-09T11:30:44
24641,self,dqn,2,-0.8662,2.8835,64,2026-06-09T11:30:46
24642,dqn,self,2,-0.8415,2.5741,64,2026-06-09T11:30:48
24643,pool:gen_001,dqn,1,1.5593,-1.7078,64,2026-06-09T11:30:50
24644,dqn,pool:gen_001,1,1.4974,-1.6212,64,2026-06-09T11:30:52
24645,pool:gen_001,dqn,1,1.6459,-1.6954,64,2026-06-09T11:30:54
24646,dqn,self,2,-0.5816,2.4999,64,2026-06-09T11:30:57
24647,self,dqn,2,-0.5940,2.4133,64,2026-06-09T11:30:59
24648,dqn,pool:gen_001,2,-0.5321,2.4380,64,2026-06-09T11:31:01
24649,pool:gen_001,dqn,1,1.5593,-1.7078,64,2026-06-09T11:31:03
24650,dqn,pool:gen_001,2,-0.6311,2.4133,64,2026-06-09T11:31:05
24651,self,dqn,1,1.7078,-1.7821,64,2026-06-09T11:31:07
24652,dqn,self,2,-0.2598,2.3762,64,2026-06-09T11:31:10
24653,pool:gen_001,dqn,1,1.5098,-1.7202,64,2026-06-09T11:31:12
24654,dqn,pool:gen_001,2,-0.6558,2.3514,64,2026-06-09T11:31:14
24655,self,dqn,1,1.6831,-1.8439,64,2026-06-09T11:31:16
24656,dqn,pool:gen_001,1,1.4603,-1.6583,64,2026-06-09T11:31:19
24657,self,dqn,1,1.8687,-1.9553,64,2026-06-09T11:31:21
24658,dqn,self,1,1.8316,-1.9553,64,2026-06-09T11:31:23
24659,pool:gen_001,dqn,1,1.7326,-1.8687,64,2026-06-09T11:31:26
24660,dqn,pool:gen_001,1,1.5345,-1.6583,64,2026-06-09T11:31:28
24661,pool:prev_best:run_pts_004,dqn,2,-0.6558,2.4256,64,2026-06-09T11:31:30
24662,dqn,pool:gen_001,1,1.4727,-1.7202,64,2026-06-09T11:31:33
24663,pool:gen_001,dqn,1,1.4974,-1.7326,64,2026-06-09T11:31:35
24664,dqn,self,2,-0.5940,2.5246,64,2026-06-09T11:31:37
24665,heuristic,dqn,2,-0.9652,3.3414,64,2026-06-09T11:31:40
24666,dqn,self,1,1.7326,-1.6459,64,2026-06-09T11:31:44
24667,pool:gen_001,dqn,1,1.6954,-1.8316,64,2026-06-09T11:31:51
24668,dqn,self,1,1.5345,-1.7326,64,2026-06-09T11:31:58
24669,pool:prev_best:run_pts_004,dqn,1,1.6088,-1.8439,64,2026-06-09T11:32:05
24670,dqn,pool:gen_001,2,-0.6806,2.4751,64,2026-06-09T11:32:13
24671,self,dqn,1,1.9306,-2.1533,64,2026-06-09T11:32:20
24672,dqn,self,2,-0.6930,2.3885,64,2026-06-09T11:32:27
24673,self,dqn,2,-0.6806,2.6608,64,2026-06-09T11:32:33
24674,dqn,self,2,-0.8538,2.8217,64,2026-06-09T11:32:42
24675,pool:gen_001,dqn,1,1.5964,-1.6707,64,2026-06-09T11:32:49
24676,dqn,pool:gen_001,2,-0.6435,2.5123,64,2026-06-09T11:32:55
24677,self,dqn,1,1.6707,-1.6707,64,2026-06-09T11:33:03
24678,dqn,pool:gen_001,1,1.5717,-1.5841,64,2026-06-09T11:33:09
24679,pool:gen_001,dqn,1,1.5222,-1.5593,64,2026-06-09T11:33:17
24680,dqn,pool:gen_001,1,1.5717,-1.4355,64,2026-06-09T11:33:24
24681,pool:prev_best:run_pts_004,dqn,1,1.5840,-1.7202,64,2026-06-09T11:33:32
24682,dqn,pool:gen_001,1,1.6212,-1.6459,64,2026-06-09T11:33:40
24683,pool:gen_001,dqn,2,-0.5568,2.4875,64,2026-06-09T11:33:46
24684,dqn,pool:gen_001,1,1.8811,-1.9058,64,2026-06-09T11:33:53
24685,self,dqn,1,1.6212,-1.5717,64,2026-06-09T11:34:00
24686,dqn,pool:gen_001,2,-0.5445,2.4628,64,2026-06-09T11:34:08
24687,pool:gen_001,dqn,2,-0.5940,2.4133,64,2026-06-09T11:34:15
24688,dqn,pool:gen_001,1,1.5098,-1.6088,64,2026-06-09T11:34:22
24689,self,dqn,1,1.8934,-1.8563,64,2026-06-09T11:34:29
24690,dqn,self,1,1.6212,-1.7202,64,2026-06-09T11:34:36
24691,pool:prev_best:run_pts_004,dqn,2,-0.6806,2.6979,64,2026-06-09T11:34:44
24692,dqn,pool:gen_001,1,1.9182,-2.0543,64,2026-06-09T11:34:51
24693,pool:gen_001,dqn,1,1.4974,-1.5841,64,2026-06-09T11:34:58
24694,dqn,self,2,-0.5692,2.4380,64,2026-06-09T11:35:05
24695,pool:prev_best:run_pts_004,dqn,1,1.4974,-1.5841,64,2026-06-09T11:35:12
24696,dqn,pool:gen_001,1,1.5098,-1.6088,64,2026-06-09T11:35:19
24697,pool:prev_best:run_pts_004,dqn,1,1.8687,-1.6212,64,2026-06-09T11:35:27
24698,dqn,pool:gen_001,1,1.5098,-1.6088,64,2026-06-09T11:35:34
24699,self,dqn,1,1.7821,-1.9677,64,2026-06-09T11:35:40
24700,dqn,self,2,-0.5692,2.3638,64,2026-06-09T11:35:47
24701,pool:gen_001,dqn,2,-0.6311,2.4875,64,2026-06-09T11:57:48
24702,dqn,pool:gen_001,1,1.6088,-1.5469,64,2026-06-09T11:57:50
24703,pool:gen_001,dqn,1,1.8068,-1.7573,64,2026-06-09T11:57:52
24704,dqn,pool:gen_001,1,1.6088,-1.5469,64,2026-06-09T11:57:54
24705,pool:gen_001,dqn,2,-0.5321,2.5494,64,2026-06-09T11:57:56
24706,dqn,pool:gen_001,2,-0.5692,2.6608,64,2026-06-09T11:57:58
24707,self,dqn,1,1.7573,-1.7326,64,2026-06-09T11:58:00
24708,dqn,pool:gen_001,1,1.6212,-1.7944,64,2026-06-09T11:58:03
24709,self,dqn,1,1.8068,-1.9429,64,2026-06-09T11:58:05
24710,dqn,self,2,-1.0642,3.1311,64,2026-06-09T11:58:07
24711,pool:gen_001,dqn,1,1.7078,-1.7078,64,2026-06-09T11:58:09
24712,dqn,self,2,-1.2622,3.5271,64,2026-06-09T11:58:11
24713,pool:gen_001,dqn,2,-0.4949,2.5123,64,2026-06-09T11:58:13
24714,dqn,self,2,-0.5321,2.4751,64,2026-06-09T11:58:15
24715,self,dqn,2,-0.5692,2.3638,64,2026-06-09T11:58:17
24716,dqn,self,1,2.0420,-1.7078,64,2026-06-09T11:58:20
24717,self,dqn,2,-0.4454,2.4504,64,2026-06-09T11:58:22
24718,dqn,self,2,-0.9900,2.6484,64,2026-06-09T11:58:24
24719,pool:gen_001,dqn,1,1.5469,-1.6088,64,2026-06-09T11:58:26
24720,dqn,pool:gen_001,1,1.6831,-1.6954,64,2026-06-09T11:58:28
24721,self,dqn,1,1.8687,-1.8811,64,2026-06-09T11:58:30
24722,dqn,self,1,1.6954,-1.8316,64,2026-06-09T11:58:32
24723,self,dqn,2,-0.7053,2.3019,64,2026-06-09T11:58:35
24724,dqn,pool:gen_001,1,2.0172,-2.0667,64,2026-06-09T11:58:37
24725,self,dqn,1,1.4974,-1.8811,64,2026-06-09T11:58:39
24726,dqn,self,2,-0.8662,2.6236,64,2026-06-09T11:58:42
24727,self,dqn,2,-0.7672,2.6113,64,2026-06-09T11:58:44
24728,dqn,self,1,2.0667,-2.1286,64,2026-06-09T11:58:46
24729,self,dqn,1,1.7821,-1.8563,64,2026-06-09T11:58:48
24730,dqn,pool:gen_001,1,1.9677,-1.8192,64,2026-06-09T11:58:50
24731,self,dqn,1,2.0667,-2.1657,64,2026-06-09T11:58:52
24732,dqn,self,1,1.3984,-1.7202,64,2026-06-09T11:58:54
24733,self,dqn,1,1.7449,-2.0420,64,2026-06-09T11:58:56
24734,dqn,pool:gen_001,1,1.7821,-1.8192,64,2026-06-09T11:58:59
24735,pool:gen_001,dqn,2,-0.4826,2.4504,64,2026-06-09T11:59:01
24736,dqn,self,2,-0.6311,2.3390,64,2026-06-09T11:59:03
24737,pool:gen_001,dqn,2,-0.7796,2.8959,64,2026-06-09T11:59:05
24738,dqn,pool:gen_001,1,1.9429,-1.8068,64,2026-06-09T11:59:07
24739,self,dqn,1,1.3984,-1.8316,64,2026-06-09T11:59:09
24740,dqn,pool:gen_001,1,1.9429,-1.9182,64,2026-06-09T11:59:11
24741,pool:gen_001,dqn,2,-0.8415,2.7969,64,2026-06-09T11:59:13
24742,dqn,self,1,1.9058,-2.1038,64,2026-06-09T11:59:16
24743,pool:gen_001,dqn,2,-0.6558,2.6484,64,2026-06-09T11:59:18
24744,dqn,pool:gen_001,1,1.9058,-1.8811,64,2026-06-09T11:59:20
24745,self,dqn,1,1.8934,-1.6335,64,2026-06-09T11:59:22
24746,dqn,pool:gen_001,1,1.6583,-1.7202,64,2026-06-09T11:59:24
24747,heuristic,dqn,2,-0.2226,3.6385,64,2026-06-09T11:59:26
24748,dqn,pool:prev_best:run_pts_004,1,1.8439,-1.8687,64,2026-06-09T11:59:28
24749,self,dqn,1,1.9058,-1.8068,64,2026-06-09T11:59:31
24750,dqn,heuristic,1,2.8216,-1.3736,64,2026-06-09T11:59:33
24751,pool:gen_001,dqn,2,-0.6063,2.5865,64,2026-06-09T11:59:35
24752,dqn,heuristic,1,2.4751,-1.4974,64,2026-06-09T11:59:37
24753,self,dqn,2,-0.7920,2.5865,64,2026-06-09T11:59:39
24754,dqn,pool:gen_001,1,1.6583,-1.5717,64,2026-06-09T11:59:41
24755,self,dqn,2,-0.7053,2.7103,64,2026-06-09T11:59:44
24756,dqn,pool:gen_001,1,1.6954,-1.7944,64,2026-06-09T11:59:46
24757,pool:gen_001,dqn,2,-0.4702,2.4628,64,2026-06-09T11:59:49
24758,dqn,heuristic,2,-0.3712,3.0073,64,2026-06-09T11:59:50
24759,pool:gen_001,dqn,2,-0.8786,2.8340,64,2026-06-09T11:59:53
24760,dqn,pool:gen_001,1,1.9801,-1.9553,64,2026-06-09T11:59:55
24761,self,dqn,2,-0.7548,2.4009,64,2026-06-09T11:59:57
24762,dqn,pool:gen_001,1,1.8439,-1.9429,64,2026-06-09T11:59:59
24763,pool:gen_001,dqn,1,2.0048,-1.7821,64,2026-06-09T12:00:01
24764,dqn,self,2,-1.1261,2.9949,64,2026-06-09T12:00:04
24765,pool:gen_001,dqn,2,-0.5816,2.5742,64,2026-06-09T12:00:06
24766,dqn,pool:gen_001,1,1.9677,-2.0048,64,2026-06-09T12:00:08
24767,pool:prev_best:run_pts_004,dqn,2,-0.8043,2.8340,64,2026-06-09T12:00:11
24768,dqn,self,1,1.7573,-2.0667,64,2026-06-09T12:00:13
24769,self,dqn,2,-0.4207,2.5865,64,2026-06-09T12:00:15
24770,dqn,pool:gen_001,1,1.6954,-1.6831,64,2026-06-09T12:00:17
24771,pool:gen_001,dqn,2,-0.3712,2.4875,64,2026-06-09T12:00:19
24772,dqn,self,2,-0.4950,2.4009,64,2026-06-09T12:00:22
24773,pool:gen_001,dqn,2,-0.3712,2.4875,64,2026-06-09T12:00:24
24774,dqn,pool:prev_best:run_pts_004,2,-0.3588,2.5370,64,2026-06-09T12:00:26
24775,self,dqn,1,1.6459,-1.6954,64,2026-06-09T12:00:28
24776,dqn,pool:gen_001,1,1.9058,-1.6954,64,2026-06-09T12:00:30
24777,pool:gen_001,dqn,2,-0.4949,2.5865,64,2026-06-09T12:00:32
24778,dqn,pool:gen_001,2,-0.4083,2.4875,64,2026-06-09T12:00:34
24779,pool:prev_best:run_pts_004,dqn,2,-0.4578,2.4380,64,2026-06-09T12:00:36
24780,dqn,self,1,1.7820,-2.0791,64,2026-06-09T12:00:38
24781,pool:gen_001,dqn,2,-0.4207,2.4752,64,2026-06-09T12:00:40
24782,dqn,self,1,2.1781,-2.0914,64,2026-06-09T12:00:42
24783,pool:gen_001,dqn,2,-0.3959,2.5742,64,2026-06-09T12:00:44
24784,dqn,pool:gen_001,2,-0.4083,2.4504,64,2026-06-09T12:00:47
24785,self,dqn,2,-1.0023,2.8588,64,2026-06-09T12:00:49
24786,dqn,self,1,1.5345,-1.9925,64,2026-06-09T12:00:51
24787,self,dqn,1,1.4232,-1.6583,64,2026-06-09T12:00:53
24788,dqn,pool:gen_001,1,1.8934,-1.7449,64,2026-06-09T12:00:55
24789,pool:gen_001,dqn,2,-0.4826,2.5989,64,2026-06-09T12:00:57
24790,dqn,self,1,1.6707,-1.9306,64,2026-06-09T12:01:00
24791,pool:gen_001,dqn,2,-0.5073,2.4999,64,2026-06-09T12:01:02
24792,dqn,self,1,1.7697,-2.0172,64,2026-06-09T12:01:04
24793,self,dqn,2,-0.6558,2.5370,64,2026-06-09T12:01:06
24794,dqn,self,2,-0.7301,2.5370,64,2026-06-09T12:01:08
24795,pool:gen_001,dqn,2,-0.4949,2.6608,64,2026-06-09T12:01:10
24796,dqn,pool:gen_001,2,-0.6187,2.6855,64,2026-06-09T12:01:12
24797,self,dqn,2,-0.6311,2.9702,64,2026-06-09T12:01:14
24798,dqn,pool:gen_001,2,-0.6682,2.6360,64,2026-06-09T12:01:16
24799,heuristic,dqn,2,-0.1855,2.6360,64,2026-06-09T12:01:18
24800,dqn,pool:gen_001,2,-0.6930,2.8340,64,2026-06-09T12:01:20
24801,self,dqn,2,-0.8415,2.8340,64,2026-06-09T12:27:01
24802,dqn,pool:gen_001,2,-0.6930,2.7227,64,2026-06-09T12:27:03
24803,self,dqn,2,-0.7672,2.9083,64,2026-06-09T12:27:05
24804,dqn,pool:gen_001,1,1.5098,-1.5717,64,2026-06-09T12:27:08
24805,self,dqn,2,-0.3836,2.6979,64,2026-06-09T12:27:10
24806,dqn,self,2,-0.6434,3.4033,64,2026-06-09T12:27:12
24807,self,dqn,2,-0.9900,2.5370,64,2026-06-09T12:27:14
24808,dqn,self,1,1.4479,-1.9677,64,2026-06-09T12:27:16
24809,self,dqn,1,1.7697,-1.7944,64,2026-06-09T12:27:18
24810,dqn,pool:gen_001,2,-0.5692,2.4380,64,2026-06-09T12:27:20
24811,pool:gen_001,dqn,1,1.8687,-1.8439,64,2026-06-09T12:27:22
24812,dqn,heuristic,1,2.4380,-1.7202,64,2026-06-09T12:27:24
24813,self,dqn,1,1.7573,-1.6954,64,2026-06-09T12:27:26
24814,dqn,pool:gen_001,2,-0.7177,2.7722,64,2026-06-09T12:27:28
24815,pool:gen_001,dqn,1,1.9058,-1.8811,64,2026-06-09T12:27:30
24816,dqn,self,1,2.2028,-2.1038,64,2026-06-09T12:27:32
24817,pool:gen_001,dqn,1,1.8316,-1.9182,64,2026-06-09T12:27:34
24818,dqn,self,2,-0.3712,2.4133,64,2026-06-09T12:27:37
24819,heuristic,dqn,2,-0.6187,3.1311,64,2026-06-09T12:27:39
24820,dqn,self,2,-0.3959,2.5370,64,2026-06-09T12:27:41
24821,self,dqn,1,1.6707,-1.5593,64,2026-06-09T12:27:43
24822,dqn,self,2,-0.7425,2.3761,64,2026-06-09T12:27:45
24823,self,dqn,1,1.6954,-1.9058,64,2026-06-09T12:27:47
24824,dqn,pool:gen_001,2,-0.9405,3.0320,64,2026-06-09T12:27:50
24825,self,dqn,1,1.8811,-2.1657,64,2026-06-09T12:27:52
24826,dqn,self,1,2.0172,-1.6954,64,2026-06-09T12:27:54
24827,pool:gen_001,dqn,1,2.3513,-2.0667,64,2026-06-09T12:27:56
24828,dqn,pool:gen_001,2,-1.0147,3.1806,64,2026-06-09T12:27:58
24829,self,dqn,2,-0.4454,2.4133,64,2026-06-09T12:28:00
24830,dqn,pool:prev_best:run_pts_004,2,-1.2746,3.4033,64,2026-06-09T12:28:03
24831,heuristic,dqn,2,-0.5073,2.4256,64,2026-06-09T12:28:04
24832,dqn,pool:gen_001,2,-1.3488,3.5147,64,2026-06-09T12:28:06
24833,self,dqn,1,1.4727,-1.9801,64,2026-06-09T12:28:09
24834,dqn,pool:gen_001,2,-1.0642,3.1682,64,2026-06-09T12:28:11
24835,heuristic,dqn,2,-0.4331,2.9083,64,2026-06-09T12:28:13
24836,dqn,pool:gen_001,2,-1.0147,3.0692,64,2026-06-09T12:28:15
24837,self,dqn,1,1.5840,-1.8316,64,2026-06-09T12:28:17
24838,dqn,pool:gen_001,2,-0.9652,3.0816,64,2026-06-09T12:28:19
24839,pool:gen_001,dqn,1,1.9924,-1.9058,64,2026-06-09T12:28:21
24840,dqn,self,1,1.6212,-1.6831,64,2026-06-09T12:28:23
24841,self,dqn,2,-0.7425,2.6732,64,2026-06-09T12:28:26
24842,dqn,pool:gen_001,2,-0.8662,2.9207,64,2026-06-09T12:28:28
24843,self,dqn,2,-0.6435,2.4380,64,2026-06-09T12:28:30
24844,dqn,self,1,1.3984,-1.7944,64,2026-06-09T12:28:33
24845,self,dqn,1,1.5222,-1.8563,64,2026-06-09T12:28:35
24846,dqn,pool:gen_001,2,-0.8415,3.0197,64,2026-06-09T12:28:37
24847,pool:gen_001,dqn,1,2.2399,-2.3637,64,2026-06-09T12:28:39
24848,dqn,pool:gen_001,2,-1.1137,3.0815,64,2026-06-09T12:28:41
24849,self,dqn,2,-0.9652,2.5246,64,2026-06-09T12:28:43
24850,dqn,pool:gen_001,2,-0.7177,2.8464,64,2026-06-09T12:28:45
24851,self,dqn,2,-0.5073,2.3885,64,2026-06-09T12:28:47
24852,dqn,heuristic,1,3.0444,-1.7820,64,2026-06-09T12:28:49
24853,self,dqn,2,-0.9034,2.5123,64,2026-06-09T12:28:51
24854,dqn,pool:gen_001,2,-1.3365,3.4528,64,2026-06-09T12:28:53
24855,self,dqn,2,-0.8538,2.7103,64,2026-06-09T12:28:55
24856,dqn,pool:gen_001,2,-1.4602,3.4404,64,2026-06-09T12:28:57
24857,pool:gen_001,dqn,1,2.1781,-2.0914,64,2026-06-09T12:28:59
24858,dqn,self,1,1.7944,-1.7326,64,2026-06-09T12:29:01
24859,pool:gen_001,dqn,1,2.5370,-2.3637,64,2026-06-09T12:29:03
24860,dqn,pool:gen_001,2,-0.9776,3.1434,64,2026-06-09T12:29:05
24861,pool:gen_001,dqn,1,2.2152,-2.1286,64,2026-06-09T12:29:07
24862,dqn,self,2,-0.6806,2.3638,64,2026-06-09T12:29:09
24863,pool:prev_best:run_pts_004,dqn,1,2.2647,-2.1904,64,2026-06-09T12:29:11
24864,dqn,pool:gen_001,2,-1.2993,3.3786,64,2026-06-09T12:29:13
24865,pool:gen_001,dqn,1,2.0543,-2.1038,64,2026-06-09T12:29:15
24866,dqn,pool:gen_001,2,-1.2993,3.3786,64,2026-06-09T12:29:17
24867,pool:gen_001,dqn,1,2.3513,-2.2523,64,2026-06-09T12:29:19
24868,dqn,pool:gen_001,2,-1.0023,3.2301,64,2026-06-09T12:29:21
24869,pool:gen_001,dqn,1,2.0543,-1.9924,64,2026-06-09T12:29:23
24870,dqn,pool:gen_001,2,-1.1261,3.0320,64,2026-06-09T12:29:25
24871,self,dqn,1,1.7202,-1.8811,64,2026-06-09T12:29:27
24872,dqn,self,2,-0.7425,2.7103,64,2026-06-09T12:29:29
24873,pool:gen_001,dqn,1,2.2152,-2.0172,64,2026-06-09T12:29:31
24874,dqn,pool:gen_001,2,-0.8662,3.0692,64,2026-06-09T12:29:34
24875,heuristic,dqn,2,-0.6682,2.7474,64,2026-06-09T12:29:35
24876,dqn,pool:gen_001,2,-1.0890,3.1063,64,2026-06-09T12:29:37
24877,pool:gen_001,dqn,1,2.3142,-2.2895,64,2026-06-09T12:29:40
24878,dqn,pool:gen_001,2,-0.7425,2.5246,64,2026-06-09T12:29:42
24879,self,dqn,1,1.4603,-1.6954,64,2026-06-09T12:29:44
24880,dqn,heuristic,1,1.8192,-1.7078,64,2026-06-09T12:29:46
24881,self,dqn,1,1.6459,-1.6212,64,2026-06-09T12:29:48
24882,dqn,self,2,-0.4207,2.5865,64,2026-06-09T12:29:50
24883,self,dqn,1,2.1657,-2.1781,64,2026-06-09T12:29:52
24884,dqn,pool:gen_001,2,-1.1508,3.3414,64,2026-06-09T12:29:54
24885,pool:gen_001,dqn,1,2.1038,-2.0172,64,2026-06-09T12:29:56
24886,dqn,pool:gen_001,2,-1.1632,3.1806,64,2026-06-09T12:29:57
24887,self,dqn,2,-0.5073,2.5370,64,2026-06-09T12:30:00
24888,dqn,pool:gen_001,2,-0.9405,3.1063,64,2026-06-09T12:30:01
24889,self,dqn,1,1.4108,-1.6707,64,2026-06-09T12:30:04
24890,dqn,self,1,1.9182,-1.7944,64,2026-06-09T12:30:06
24891,pool:gen_001,dqn,1,1.8563,-1.8934,64,2026-06-09T12:30:08
24892,dqn,pool:gen_001,2,-1.1880,3.2301,64,2026-06-09T12:30:10
24893,self,dqn,1,1.5469,-1.6459,64,2026-06-09T12:30:12
24894,dqn,self,1,1.4974,-1.6212,64,2026-06-09T12:30:15
24895,self,dqn,1,1.5345,-1.9182,64,2026-06-09T12:30:17
24896,dqn,self,2,-1.0642,2.8712,64,2026-06-09T12:30:19
24897,pool:gen_001,dqn,1,2.1781,-2.1657,64,2026-06-09T12:30:21
24898,dqn,pool:prev_best:run_pts_004,2,-1.0271,3.3538,64,2026-06-09T12:30:23
24899,pool:gen_001,dqn,1,2.0296,-2.1286,64,2026-06-09T12:30:25
24900,dqn,self,1,2.0172,-2.1038,64,2026-06-09T12:30:27
24901,pool:gen_001,dqn,1,2.0048,-1.8563,64,2026-06-09T12:52:29
24902,dqn,self,2,-0.6311,2.3390,64,2026-06-09T12:52:31
24903,pool:gen_001,dqn,1,2.4132,-1.9677,64,2026-06-09T12:52:33
24904,dqn,pool:gen_001,2,-1.5097,3.6137,64,2026-06-09T12:52:35
24905,pool:prev_best:run_pts_004,dqn,1,1.9677,-1.6707,64,2026-06-09T12:52:37
24906,dqn,pool:gen_001,2,-1.1508,3.2301,64,2026-06-09T12:52:38
24907,self,dqn,2,-0.5940,2.6360,64,2026-06-09T12:52:40
24908,dqn,self,1,1.5840,-1.7202,64,2026-06-09T12:52:43
24909,self,dqn,1,1.6707,-2.0048,64,2026-06-09T12:52:45
24910,dqn,self,1,1.7821,-1.7078,64,2026-06-09T12:52:46
24911,pool:prev_best:run_pts_004,dqn,1,2.8959,-2.5246,64,2026-06-09T12:52:49
24912,dqn,pool:gen_001,2,-1.3241,3.3909,64,2026-06-09T12:52:51
24913,pool:gen_001,dqn,1,2.6731,-2.1904,64,2026-06-09T12:52:53
24914,dqn,self,1,1.9924,-1.9801,64,2026-06-09T12:52:55
24915,pool:gen_001,dqn,2,-0.6063,2.4751,64,2026-06-09T12:52:56
24916,dqn,heuristic,1,2.3513,-1.8810,64,2026-06-09T12:52:58
24917,pool:prev_best:run_pts_004,dqn,1,2.1781,-1.8687,64,2026-06-09T12:53:00
24918,dqn,self,1,1.6459,-1.7326,64,2026-06-09T12:53:02
24919,self,dqn,2,-0.7425,2.4504,64,2026-06-09T12:53:04
24920,dqn,pool:gen_001,1,1.5717,-1.5098,64,2026-06-09T12:53:06
24921,pool:gen_001,dqn,1,2.0296,-1.6830,64,2026-06-09T12:53:08
24922,dqn,pool:gen_001,2,-0.9776,2.6608,64,2026-06-09T12:53:10
24923,pool:gen_001,dqn,1,1.8068,-1.7573,64,2026-06-09T12:53:12
24924,dqn,self,1,1.3984,-1.7202,64,2026-06-09T12:53:14
24925,self,dqn,1,1.5222,-1.5222,64,2026-06-09T12:53:16
24926,dqn,self,1,1.4974,-1.9925,64,2026-06-09T12:53:18
24927,pool:gen_001,dqn,2,-0.6930,2.5370,64,2026-06-09T12:53:20
24928,dqn,pool:gen_001,2,-0.7672,2.4999,64,2026-06-09T12:53:22
24929,self,dqn,2,-0.6682,2.5246,64,2026-06-09T12:53:24
24930,dqn,self,2,-0.7920,2.7350,64,2026-06-09T12:53:26
24931,pool:prev_best:run_pts_004,dqn,1,1.3984,-1.7944,64,2026-06-09T12:53:28
24932,dqn,self,2,-0.6187,2.4999,64,2026-06-09T12:53:30
24933,pool:gen_001,dqn,1,1.6831,-1.7697,64,2026-06-09T12:53:32
24934,dqn,pool:gen_001,2,-0.8043,2.5370,64,2026-06-09T12:53:34
24935,pool:gen_001,dqn,1,1.4603,-1.8439,64,2026-06-09T12:53:36
24936,dqn,self,2,-0.8539,2.4504,64,2026-06-09T12:53:38
24937,pool:gen_001,dqn,1,1.6335,-1.8563,64,2026-06-09T12:53:40
24938,dqn,self,2,-0.6682,2.5246,64,2026-06-09T12:53:42
24939,self,dqn,1,1.9306,-2.0419,64,2026-06-09T12:53:45
24940,dqn,self,2,-0.7301,2.4628,64,2026-06-09T12:53:47
24941,self,dqn,1,1.2623,-1.7450,64,2026-06-09T12:53:49
24942,dqn,pool:prev_best:run_pts_004,2,-0.7548,2.5123,64,2026-06-09T12:53:51
24943,pool:gen_001,dqn,1,1.3737,-1.7821,64,2026-06-09T12:53:53
24944,dqn,self,1,1.3489,-1.7697,64,2026-06-09T12:53:55
24945,self,dqn,1,1.4355,-1.7202,64,2026-06-09T12:53:57
24946,dqn,pool:gen_001,2,-0.9157,2.3514,64,2026-06-09T12:53:59
24947,pool:gen_001,dqn,1,1.8316,-2.0667,64,2026-06-09T12:54:01
24948,dqn,pool:gen_001,2,-1.0147,2.5494,64,2026-06-09T12:54:03
24949,pool:gen_001,dqn,1,1.6088,-1.8439,64,2026-06-09T12:54:05
24950,dqn,pool:gen_001,2,-0.9405,2.4380,64,2026-06-09T12:54:07
24951,pool:prev_best:run_pts_004,dqn,1,1.6335,-1.9677,64,2026-06-09T12:54:09
24952,dqn,pool:gen_001,2,-0.9405,2.4380,64,2026-06-09T12:54:11
24953,pool:gen_001,dqn,1,1.4355,-1.7573,64,2026-06-09T12:54:13
24954,dqn,self,2,-0.8538,2.7845,64,2026-06-09T12:54:15
24955,pool:gen_001,dqn,1,1.4850,-1.7078,64,2026-06-09T12:54:17
24956,dqn,pool:gen_001,2,-0.8167,2.5246,64,2026-06-09T12:54:19
24957,pool:gen_001,dqn,1,1.7078,-2.0791,64,2026-06-09T12:54:21
24958,dqn,pool:gen_001,2,-0.6682,2.3390,64,2026-06-09T12:54:23
24959,self,dqn,2,-0.5321,2.4751,64,2026-06-09T12:54:25
24960,dqn,pool:prev_best:run_pts_004,2,-0.9652,2.4875,64,2026-06-09T12:54:27
24961,self,dqn,1,1.7944,-1.8811,64,2026-06-09T12:54:29
24962,dqn,self,1,1.8687,-1.9182,64,2026-06-09T12:54:31
24963,self,dqn,1,1.8192,-1.8563,64,2026-06-09T12:54:33
24964,dqn,pool:gen_001,2,-0.9652,2.4875,64,2026-06-09T12:54:35
24965,self,dqn,1,2.5370,-2.2152,64,2026-06-09T12:54:37
24966,dqn,self,1,1.9306,-2.0419,64,2026-06-09T12:54:39
24967,self,dqn,1,1.8563,-1.8563,64,2026-06-09T12:54:41
24968,dqn,pool:gen_001,2,-0.7301,2.3885,64,2026-06-09T12:54:43
24969,pool:gen_001,dqn,1,1.8315,-2.2152,64,2026-06-09T12:54:45
24970,dqn,heuristic,1,2.2276,-1.4108,64,2026-06-09T12:54:47
24971,self,dqn,2,-0.4702,2.2029,64,2026-06-09T12:54:49
24972,dqn,self,2,-0.2350,2.6979,64,2026-06-09T12:54:51
24973,self,dqn,1,1.5593,-1.6336,64,2026-06-09T12:54:54
24974,dqn,pool:gen_001,2,-0.5692,2.2895,64,2026-06-09T12:54:56
24975,pool:gen_001,dqn,1,1.8563,-2.2276,64,2026-06-09T12:54:57
24976,dqn,self,1,1.7821,-1.6707,64,2026-06-09T12:54:59
24977,self,dqn,2,-0.8291,2.6608,64,2026-06-09T12:55:02
24978,dqn,pool:gen_001,2,-0.7177,2.2895,64,2026-06-09T12:55:04
24979,pool:gen_001,dqn,1,1.5840,-1.7573,64,2026-06-09T12:55:05
24980,dqn,pool:gen_001,1,1.5222,-1.8935,64,2026-06-09T12:55:07
24981,self,dqn,2,-0.5940,2.4875,64,2026-06-09T12:55:09
24982,dqn,self,2,-0.7177,2.5494,64,2026-06-09T12:55:11
24983,pool:prev_best:run_pts_004,dqn,2,-0.6187,2.2771,64,2026-06-09T12:55:14
24984,dqn,pool:gen_001,1,1.4603,-1.6212,64,2026-06-09T12:55:16
24985,pool:gen_001,dqn,2,-0.7177,2.3266,64,2026-06-09T12:55:17
24986,dqn,pool:gen_001,2,-0.7920,2.2152,64,2026-06-09T12:55:19
24987,self,dqn,2,-0.6435,2.5494,64,2026-06-09T12:55:22
24988,dqn,pool:gen_001,1,1.5222,-1.7078,64,2026-06-09T12:55:24
24989,self,dqn,1,1.8687,-1.9182,64,2026-06-09T12:55:26
24990,dqn,pool:gen_001,1,1.7697,-1.7573,64,2026-06-09T12:55:28
24991,pool:gen_001,dqn,1,1.7078,-1.8192,64,2026-06-09T12:55:30
24992,dqn,self,1,1.6212,-1.5345,64,2026-06-09T12:55:32
24993,self,dqn,1,1.5345,-1.7326,64,2026-06-09T12:55:34
24994,dqn,heuristic,1,2.3637,-1.5345,64,2026-06-09T12:55:36
24995,self,dqn,1,1.4479,-1.7449,64,2026-06-09T12:55:38
24996,dqn,self,1,1.5345,-1.8068,64,2026-06-09T12:55:40
24997,heuristic,dqn,2,-0.6063,2.7350,64,2026-06-09T12:55:42
24998,dqn,heuristic,1,2.0667,-1.3860,64,2026-06-09T12:55:44
24999,self,dqn,2,-0.6930,2.5741,64,2026-06-09T12:55:46
25000,dqn,self,2,-1.0642,2.6855,64,2026-06-09T12:55:48
25001,pool:gen_002,dqn,1,1.9429,-1.9924,64,2026-06-09T13:21:30
25002,dqn,self,1,2.2152,-2.2028,64,2026-06-09T13:21:35
25003,pool:gen_002,dqn,2,-1.1756,3.0939,64,2026-06-09T13:21:41
25004,dqn,pool:gen_002,1,1.9553,-2.0172,64,2026-06-09T13:21:47
25005,pool:gen_001,dqn,2,-0.4949,2.5865,64,2026-06-09T13:21:52
25006,dqn,pool:gen_001,2,-0.7920,2.5123,64,2026-06-09T13:21:58
25007,self,dqn,1,1.5840,-1.7944,64,2026-06-09T13:22:03
25008,dqn,pool:gen_002,1,1.9801,-2.1410,64,2026-06-09T13:22:08
25009,self,dqn,1,1.5469,-1.5346,64,2026-06-09T13:22:14
25010,dqn,self,1,1.9058,-1.9182,64,2026-06-09T13:22:20
25011,pool:gen_001,dqn,1,1.7573,-1.6954,64,2026-06-09T13:22:25
25012,dqn,self,2,-0.6063,2.7350,64,2026-06-09T13:22:31
25013,self,dqn,1,1.6954,-1.8687,64,2026-06-09T13:22:36
25014,dqn,self,2,-0.5321,2.3638,64,2026-06-09T13:22:42
25015,pool:gen_001,dqn,1,1.6335,-1.8192,64,2026-06-09T13:22:48
25016,dqn,pool:gen_002,1,1.6831,-1.6954,64,2026-06-09T13:22:53
25017,self,dqn,1,1.5840,-1.7202,64,2026-06-09T13:22:58
25018,dqn,self,2,-1.2622,2.8959,64,2026-06-09T13:23:04
25019,self,dqn,1,1.4727,-1.8316,64,2026-06-09T13:23:09
25020,dqn,pool:gen_002,1,1.5840,-1.7202,64,2026-06-09T13:23:15
25021,self,dqn,1,1.5222,-1.7078,64,2026-06-09T13:23:21
25022,dqn,self,1,1.7449,-1.7078,64,2026-06-09T13:23:26
25023,pool:gen_001,dqn,1,1.4974,-1.6954,64,2026-06-09T13:23:32
25024,dqn,self,1,1.6088,-1.5098,64,2026-06-09T13:23:37
25025,self,dqn,1,1.6212,-1.4603,64,2026-06-09T13:23:42
25026,dqn,pool:prev_best:run_pts_004,1,1.5964,-1.5222,64,2026-06-09T13:23:48
25027,pool:gen_001,dqn,2,-0.5940,2.5989,64,2026-06-09T13:23:53
25028,dqn,pool:gen_001,2,-0.6435,2.4380,64,2026-06-09T13:23:58
25029,pool:gen_001,dqn,1,1.4974,-1.6954,64,2026-06-09T13:24:05
25030,dqn,self,2,-0.5940,2.3761,64,2026-06-09T13:24:10
25031,self,dqn,1,2.1162,-2.2647,64,2026-06-09T13:24:15
25032,dqn,pool:gen_002,1,1.3613,-1.6459,64,2026-06-09T13:24:21
25033,self,dqn,2,-0.6930,2.8340,64,2026-06-09T13:24:26
25034,dqn,self,2,-0.8662,2.5494,64,2026-06-09T13:24:32
25035,self,dqn,1,1.6212,-1.8316,64,2026-06-09T13:24:37
25036,dqn,pool:prev_best:run_pts_004,2,-1.2499,3.1310,64,2026-06-09T13:24:43
25037,pool:prev_best:run_pts_004,dqn,1,1.6954,-1.7202,64,2026-06-09T13:24:49
25038,dqn,self,1,2.2647,-2.1162,64,2026-06-09T13:24:55
25039,pool:gen_002,dqn,2,-0.6311,2.5618,64,2026-06-09T13:25:03
25040,dqn,self,1,1.8068,-2.0172,64,2026-06-09T13:25:09
25041,self,dqn,2,-0.4331,2.6113,64,2026-06-09T13:25:14
25042,dqn,self,1,1.8811,-1.9429,64,2026-06-09T13:25:20
25043,pool:gen_001,dqn,1,1.7821,-1.9677,64,2026-06-09T13:25:26
25044,dqn,self,2,-0.6187,2.3885,64,2026-06-09T13:25:31
25045,self,dqn,1,1.7326,-1.7944,64,2026-06-09T13:25:37
25046,dqn,pool:gen_001,2,-0.8786,2.8340,64,2026-06-09T13:25:42
25047,pool:gen_002,dqn,2,-0.5940,2.4875,64,2026-06-09T13:25:47
25048,dqn,self,1,1.6088,-1.6583,64,2026-06-09T13:25:53
25049,pool:gen_002,dqn,2,-0.6682,2.3761,64,2026-06-09T13:25:58
25050,dqn,pool:gen_002,1,1.6335,-1.8563,64,2026-06-09T13:26:04
25051,self,dqn,1,2.1162,-2.1905,64,2026-06-09T13:26:10
25052,dqn,self,1,1.5593,-1.8192,64,2026-06-09T13:26:14
25053,self,dqn,1,1.6583,-1.7202,64,2026-06-09T13:26:20
25054,dqn,self,1,1.5964,-1.5222,64,2026-06-09T13:26:26
25055,pool:gen_001,dqn,1,1.7944,-1.8439,64,2026-06-09T13:26:31
25056,dqn,pool:prev_best:run_pts_004,2,-0.4207,2.4752,64,2026-06-09T13:26:36
25057,pool:gen_002,dqn,2,-0.8043,2.5370,64,2026-06-09T13:26:41
25058,dqn,self,1,1.6583,-1.9430,64,2026-06-09T13:26:47
25059,self,dqn,2,-0.7549,2.2524,64,2026-06-09T13:26:53
25060,dqn,self,1,1.6459,-1.5469,64,2026-06-09T13:26:57
25061,heuristic,dqn,2,0.0249,2.9950,64,2026-06-09T13:27:03
25062,dqn,pool:gen_002,2,-0.7301,2.3885,64,2026-06-09T13:27:08
25063,pool:gen_002,dqn,1,1.4850,-1.8563,64,2026-06-09T13:27:13
25064,dqn,self,2,-0.6806,2.2153,64,2026-06-09T13:27:20
25065,pool:gen_002,dqn,1,1.4355,-1.9801,64,2026-06-09T13:27:26
25066,dqn,pool:gen_002,1,1.4603,-1.8811,64,2026-06-09T13:27:31
25067,heuristic,dqn,1,2.1533,-1.5593,64,2026-06-09T13:27:37
25068,dqn,pool:prev_best:run_pts_004,2,-0.7177,2.6979,64,2026-06-09T13:27:41
25069,pool:gen_001,dqn,1,1.5222,-1.7821,64,2026-06-09T13:27:46
25070,dqn,pool:gen_001,2,-0.8415,2.7598,64,2026-06-09T13:27:52
25071,self,dqn,2,-0.8786,2.6113,64,2026-06-09T13:27:56
25072,dqn,pool:gen_002,1,1.4355,-1.7944,64,2026-06-09T13:28:02
25073,pool:gen_002,dqn,2,-0.8291,2.4009,64,2026-06-09T13:28:07
25074,dqn,self,1,1.8563,-1.8192,64,2026-06-09T13:28:12
25075,pool:gen_002,dqn,2,-0.8291,2.3638,64,2026-06-09T13:28:18
25076,dqn,self,2,-0.8291,2.5865,64,2026-06-09T13:28:23
25077,self,dqn,1,1.4108,-1.7821,64,2026-06-09T13:28:29
25078,dqn,pool:gen_001,2,-0.7177,2.8093,64,2026-06-09T13:28:34
25079,self,dqn,2,-0.7672,2.2771,64,2026-06-09T13:28:39
25080,dqn,pool:gen_001,2,-0.4578,2.4752,64,2026-06-09T13:28:44
25081,pool:gen_001,dqn,1,1.8068,-1.6831,64,2026-06-09T13:28:49
25082,dqn,self,2,-0.5321,2.3638,64,2026-06-09T13:28:54
25083,self,dqn,2,-0.8539,2.2276,64,2026-06-09T13:29:00
25084,dqn,self,2,-0.8538,3.0444,64,2026-06-09T13:29:05
25085,self,dqn,2,-0.8910,2.4504,64,2026-06-09T13:29:11
25086,dqn,pool:gen_002,1,1.4603,-1.7326,64,2026-06-09T13:29:16
25087,pool:gen_002,dqn,1,1.4603,-1.7697,64,2026-06-09T13:29:21
25088,dqn,self,2,-0.4949,2.7722,64,2026-06-09T13:29:27
25089,self,dqn,1,1.5593,-1.6707,64,2026-06-09T13:29:32
25090,dqn,pool:gen_002,2,-0.7548,2.3638,64,2026-06-09T13:29:37
25091,pool:gen_001,dqn,2,-0.7301,2.6855,64,2026-06-09T13:29:43
25092,dqn,self,1,2.6607,-2.3513,64,2026-06-09T13:29:48
25093,self,dqn,2,-0.8415,2.7227,64,2026-06-09T13:29:54
25094,dqn,self,1,1.8316,-1.8811,64,2026-06-09T13:30:00
25095,pool:gen_002,dqn,1,1.5098,-1.9058,64,2026-06-09T13:30:05
25096,dqn,pool:gen_001,2,-0.4454,2.5247,64,2026-06-09T13:30:11
25097,pool:gen_002,dqn,1,1.4108,-1.7821,64,2026-06-09T13:30:19
25098,dqn,pool:gen_002,1,1.4355,-1.7944,64,2026-06-09T13:30:25
25099,self,dqn,1,2.4256,-2.2894,64,2026-06-09T13:30:30
25100,dqn,self,1,1.6335,-2.0420,64,2026-06-09T13:30:35
25101,pool:gen_002,dqn,1,1.7820,-2.2276,64,2026-06-09T13:53:11
25102,dqn,self,1,1.6212,-1.8687,64,2026-06-09T13:53:13
25103,pool:gen_001,dqn,1,1.6831,-1.6212,64,2026-06-09T13:53:15
25104,dqn,heuristic,2,-0.8662,3.5518,64,2026-06-09T13:53:17
25105,pool:gen_002,dqn,1,1.8316,-1.8068,64,2026-06-09T13:53:19
25106,dqn,self,1,1.6707,-1.8192,64,2026-06-09T13:53:21
25107,self,dqn,1,1.7944,-1.5840,64,2026-06-09T13:53:24
25108,dqn,self,2,-0.7548,2.4751,64,2026-06-09T13:53:26
25109,pool:gen_001,dqn,1,1.8068,-1.4974,64,2026-06-09T13:53:28
25110,dqn,pool:gen_002,2,-0.9034,2.4009,64,2026-06-09T13:53:30
25111,pool:gen_001,dqn,2,-0.4578,2.5123,64,2026-06-09T13:53:32
25112,dqn,self,1,1.8934,-2.0048,64,2026-06-09T13:53:34
25113,pool:gen_002,dqn,1,1.4108,-1.9677,64,2026-06-09T13:53:37
25114,dqn,self,1,2.1409,-2.1657,64,2026-06-09T13:53:39
25115,pool:prev_best:run_pts_004,dqn,1,1.8440,-1.4232,64,2026-06-09T13:53:41
25116,dqn,pool:prev_best:run_pts_004,1,1.6212,-1.5345,64,2026-06-09T13:53:43
25117,pool:gen_001,dqn,1,1.8687,-1.4727,64,2026-06-09T13:53:46
25118,dqn,pool:gen_002,2,-0.8044,2.3143,64,2026-06-09T13:53:48
25119,pool:gen_001,dqn,1,2.0543,-1.6212,64,2026-06-09T13:53:50
25120,dqn,pool:gen_001,2,-0.7920,2.9949,64,2026-06-09T13:53:52
25121,pool:gen_001,dqn,1,2.1286,-1.9553,64,2026-06-09T13:53:54
25122,dqn,self,2,-0.5692,2.4380,64,2026-06-09T13:53:56
25123,self,dqn,2,-0.6435,2.4751,64,2026-06-09T13:53:59
25124,dqn,pool:gen_001,2,-0.7177,2.7350,64,2026-06-09T13:54:01
25125,self,dqn,2,-0.7672,2.6113,64,2026-06-09T13:54:03
25126,dqn,self,2,-0.6063,2.5494,64,2026-06-09T13:54:05
25127,pool:gen_002,dqn,1,1.5840,-1.9058,64,2026-06-09T13:54:08
25128,dqn,self,1,1.6583,-1.7944,64,2026-06-09T13:54:10
25129,self,dqn,2,-1.0271,2.8712,64,2026-06-09T13:54:12
25130,dqn,self,2,-0.7053,2.4875,64,2026-06-09T13:54:14
25131,pool:gen_002,dqn,1,1.4727,-1.9058,64,2026-06-09T13:54:17
25132,dqn,pool:gen_002,2,-0.9529,2.4999,64,2026-06-09T13:54:19
25133,pool:gen_002,dqn,1,1.6830,-1.9553,64,2026-06-09T13:54:21
25134,dqn,self,1,1.3613,-1.8316,64,2026-06-09T13:54:24
25135,self,dqn,1,1.4479,-1.7821,64,2026-06-09T13:54:26
25136,dqn,pool:gen_002,2,-0.6558,2.5742,64,2026-06-09T13:54:28
25137,self,dqn,1,1.7449,-1.7821,64,2026-06-09T13:54:30
25138,dqn,self,2,-0.6930,2.7227,64,2026-06-09T13:54:32
25139,self,dqn,1,1.8068,-2.0543,64,2026-06-09T13:54:35
25140,dqn,self,2,-0.6311,2.7103,64,2026-06-09T13:54:36
25141,pool:gen_002,dqn,1,1.4108,-1.8192,64,2026-06-09T13:54:39
25142,dqn,self,2,-0.7177,2.5123,64,2026-06-09T13:54:41
25143,pool:gen_001,dqn,1,2.1162,-1.8563,64,2026-06-09T13:54:43
25144,dqn,pool:gen_002,2,-1.0271,2.4256,64,2026-06-09T13:54:45
25145,pool:gen_002,dqn,1,1.6459,-2.1781,64,2026-06-09T13:54:48
25146,dqn,self,1,1.6954,-2.0543,64,2026-06-09T13:54:50
25147,pool:gen_001,dqn,1,1.6831,-1.4727,64,2026-06-09T13:54:52
25148,dqn,self,2,-0.4578,2.3266,64,2026-06-09T13:54:54
25149,self,dqn,2,-0.7053,2.4504,64,2026-06-09T13:54:56
25150,dqn,pool:gen_001,2,-0.4949,2.5865,64,2026-06-09T13:54:58
25151,self,dqn,1,1.5345,-1.6212,64,2026-06-09T13:55:00
25152,dqn,pool:gen_002,1,1.4355,-1.7944,64,2026-06-09T13:55:02
25153,self,dqn,1,1.7326,-1.7944,64,2026-06-09T13:55:04
25154,dqn,pool:gen_002,1,1.5345,-1.7326,64,2026-06-09T13:55:07
25155,self,dqn,1,1.4727,-1.5717,64,2026-06-09T13:55:09
25156,dqn,self,2,-0.6311,2.1534,64,2026-06-09T13:55:11
25157,self,dqn,1,1.5098,-1.7944,64,2026-06-09T13:55:13
25158,dqn,self,2,-0.6187,2.4256,64,2026-06-09T13:55:15
25159,self,dqn,2,-0.8910,2.4133,64,2026-06-09T13:55:18
25160,dqn,self,1,1.8563,-1.7821,64,2026-06-09T13:55:20
25161,self,dqn,1,1.6459,-1.7326,64,2026-06-09T13:55:22
25162,dqn,pool:gen_002,1,1.4974,-1.5469,64,2026-06-09T13:55:24
25163,self,dqn,2,-0.9900,2.5741,64,2026-06-09T13:55:26
25164,dqn,self,2,-1.1632,2.9949,64,2026-06-09T13:55:28
25165,pool:gen_002,dqn,1,1.8439,-1.7944,64,2026-06-09T13:55:31
25166,dqn,pool:gen_002,2,-0.8786,2.7598,64,2026-06-09T13:55:32
25167,self,dqn,1,1.4974,-1.8068,64,2026-06-09T13:55:35
25168,dqn,pool:gen_001,2,-0.4454,2.6732,64,2026-06-09T13:55:37
25169,self,dqn,2,-0.5445,2.2771,64,2026-06-09T13:55:39
25170,dqn,pool:prev_best:run_pts_004,1,1.5964,-1.6336,64,2026-06-09T13:55:41
25171,pool:gen_002,dqn,1,1.6831,-1.5469,64,2026-06-09T13:55:43
25172,dqn,self,1,1.6459,-1.3984,64,2026-06-09T13:55:45
25173,pool:gen_002,dqn,1,1.7697,-1.4974,64,2026-06-09T13:55:47
25174,dqn,pool:gen_001,1,1.5964,-1.6336,64,2026-06-09T13:55:49
25175,self,dqn,1,1.7202,-1.6212,64,2026-06-09T13:55:52
25176,dqn,pool:gen_001,1,1.5841,-1.5346,64,2026-06-09T13:55:54
25177,pool:gen_001,dqn,2,-0.4454,2.3761,64,2026-06-09T13:55:56
25178,dqn,self,1,2.1038,-2.2400,64,2026-06-09T13:55:58
25179,pool:gen_001,dqn,2,-0.5568,2.4875,64,2026-06-09T13:56:00
25180,dqn,heuristic,1,3.5394,-2.2523,64,2026-06-09T13:56:02
25181,self,dqn,1,1.7326,-1.9801,64,2026-06-09T13:56:04
25182,dqn,self,2,-0.6930,2.4999,64,2026-06-09T13:56:06
25183,self,dqn,1,1.7944,-1.8068,64,2026-06-09T13:56:08
25184,dqn,self,2,-0.8910,2.8588,64,2026-06-09T13:56:11
25185,self,dqn,1,1.6212,-1.7202,64,2026-06-09T13:56:13
25186,dqn,self,2,-0.8167,2.2648,64,2026-06-09T13:56:15
25187,pool:gen_001,dqn,1,1.5469,-1.6088,64,2026-06-09T13:56:17
25188,dqn,self,2,-1.0766,3.0815,64,2026-06-09T13:56:19
25189,pool:gen_001,dqn,1,1.8934,-1.8563,64,2026-06-09T13:56:22
25190,dqn,pool:gen_002,2,-0.7796,2.6732,64,2026-06-09T13:56:24
25191,pool:gen_002,dqn,1,1.7697,-1.9058,64,2026-06-09T13:56:26
25192,dqn,self,2,-1.0642,2.9454,64,2026-06-09T13:56:28
25193,self,dqn,1,1.8316,-1.9553,64,2026-06-09T13:56:30
25194,dqn,self,2,-0.8538,2.8588,64,2026-06-09T13:56:32
25195,pool:gen_002,dqn,1,1.4727,-1.6459,64,2026-06-09T13:56:34
25196,dqn,pool:gen_001,2,-0.8662,2.9949,64,2026-06-09T13:56:37
25197,self,dqn,1,2.4627,-2.2894,64,2026-06-09T13:56:39
25198,dqn,self,1,1.5222,-1.9306,64,2026-06-09T13:56:41
25199,self,dqn,2,-0.7425,2.3390,64,2026-06-09T13:56:43
25200,dqn,self,1,2.0543,-2.1410,64,2026-06-09T13:56:46
25201,pool:gen_001,dqn,1,1.8192,-1.7449,64,2026-06-09T14:26:53
25202,dqn,pool:gen_001,2,-0.6558,2.7598,64,2026-06-09T14:27:00
25203,self,dqn,1,1.9306,-2.1162,64,2026-06-09T14:27:07
25204,dqn,pool:gen_001,2,-0.6806,2.8464,64,2026-06-09T14:27:14
25205,pool:gen_002,dqn,2,-0.6311,2.5246,64,2026-06-09T14:27:21
25206,dqn,pool:gen_002,2,-0.5692,2.4751,64,2026-06-09T14:27:29
25207,self,dqn,1,2.0296,-2.1286,64,2026-06-09T14:27:36
25208,dqn,pool:gen_002,2,-0.7920,2.5123,64,2026-06-09T14:27:43
25209,pool:gen_002,dqn,1,1.6583,-1.8687,64,2026-06-09T14:27:50
25210,dqn,pool:gen_002,2,-0.8043,2.7598,64,2026-06-09T14:27:57
25211,self,dqn,1,1.9182,-1.9801,64,2026-06-09T14:28:03
25212,dqn,self,1,1.8811,-1.9429,64,2026-06-09T14:28:10
25213,self,dqn,1,1.9306,-2.0791,64,2026-06-09T14:28:17
25214,dqn,self,1,2.2523,-2.0914,64,2026-06-09T14:28:24
25215,self,dqn,2,-0.5816,2.2029,64,2026-06-09T14:28:31
25216,dqn,self,1,1.6707,-1.9677,64,2026-06-09T14:28:38
25217,self,dqn,1,1.4974,-1.5841,64,2026-06-09T14:28:44
25218,dqn,self,2,-0.5568,2.4504,64,2026-06-09T14:28:51
25219,self,dqn,1,1.4727,-1.7202,64,2026-06-09T14:28:57
25220,dqn,pool:gen_002,2,-0.7796,2.6360,64,2026-06-09T14:29:05
25221,pool:gen_001,dqn,1,2.0048,-2.1533,64,2026-06-09T14:29:11
25222,dqn,pool:gen_002,2,-0.6682,2.3761,64,2026-06-09T14:29:17
25223,self,dqn,1,1.5469,-1.7944,64,2026-06-09T14:29:26
25224,dqn,self,2,-0.7177,2.2524,64,2026-06-09T14:29:33
25225,pool:gen_001,dqn,1,2.0791,-2.0419,64,2026-06-09T14:29:39
25226,dqn,pool:gen_002,2,-0.7301,2.6113,64,2026-06-09T14:29:46
25227,pool:gen_001,dqn,1,1.9553,-2.0543,64,2026-06-09T14:29:52
25228,dqn,pool:gen_002,2,-0.7301,2.6113,64,2026-06-09T14:29:58
25229,pool:gen_001,dqn,1,1.9182,-2.0915,64,2026-06-09T14:30:05
25230,dqn,pool:gen_002,1,1.3984,-1.6459,64,2026-06-09T14:30:11
25231,self,dqn,2,-0.6806,2.2895,64,2026-06-09T14:30:21
25232,dqn,pool:gen_001,2,-0.8167,2.7474,64,2026-06-09T14:30:32
25233,self,dqn,1,1.9429,-1.9924,64,2026-06-09T14:30:39
25234,dqn,self,2,-0.7177,2.3638,64,2026-06-09T14:30:46
25235,self,dqn,1,1.6831,-1.7326,64,2026-06-09T14:30:53
25236,dqn,self,1,1.7326,-1.7573,64,2026-06-09T14:30:59
25237,pool:gen_002,dqn,1,1.3489,-1.7697,64,2026-06-09T14:31:05
25238,dqn,pool:gen_002,2,-0.6311,2.3019,64,2026-06-09T14:31:11
25239,self,dqn,1,1.6212,-2.0172,64,2026-06-09T14:31:18
25240,dqn,pool:gen_001,2,-0.6806,2.5494,64,2026-06-09T14:31:25
25241,pool:gen_002,dqn,1,1.4355,-1.7202,64,2026-06-09T14:31:31
25242,dqn,pool:gen_002,2,-0.7177,2.4009,64,2026-06-09T14:31:38
25243,pool:gen_002,dqn,1,1.4232,-1.7326,64,2026-06-09T14:31:44
25244,dqn,pool:gen_001,1,1.5717,-1.5841,64,2026-06-09T14:31:51
25245,self,dqn,1,1.4850,-1.7821,64,2026-06-09T14:31:58
25246,dqn,pool:gen_002,2,-0.6311,2.4504,64,2026-06-09T14:32:05
25247,self,dqn,1,1.6583,-1.9801,64,2026-06-09T14:32:12
25248,dqn,self,2,-0.9157,2.3885,64,2026-06-09T14:32:18
25249,self,dqn,1,1.6459,-1.7697,64,2026-06-09T14:32:25
25250,dqn,self,1,1.7821,-2.0420,64,2026-06-09T14:32:32
25251,pool:gen_002,dqn,1,1.5345,-1.8068,64,2026-06-09T14:32:39
25252,dqn,self,1,1.9429,-2.0667,64,2026-06-09T14:32:45
25253,self,dqn,1,1.8934,-1.8192,64,2026-06-09T14:32:51
25254,dqn,self,1,1.7449,-1.8934,64,2026-06-09T14:32:59
25255,pool:gen_002,dqn,1,1.4603,-1.7326,64,2026-06-09T14:33:07
25256,dqn,self,1,1.8811,-1.9801,64,2026-06-09T14:33:14
25257,self,dqn,2,-0.7053,2.3019,64,2026-06-09T14:33:24
25258,dqn,pool:gen_002,1,1.4232,-1.7326,64,2026-06-09T14:33:35
25259,self,dqn,2,-0.5568,2.4504,64,2026-06-09T14:33:43
25260,dqn,self,1,1.6336,-1.5964,64,2026-06-09T14:33:49
25261,pool:gen_001,dqn,1,2.0048,-2.1162,64,2026-06-09T14:33:56
25262,dqn,pool:gen_002,1,1.8563,-2.1533,64,2026-06-09T14:34:03
25263,self,dqn,1,1.8687,-1.8068,64,2026-06-09T14:34:10
25264,dqn,self,1,1.7078,-1.8934,64,2026-06-09T14:34:15
25265,pool:gen_001,dqn,1,2.1409,-2.2028,64,2026-06-09T14:34:21
25266,dqn,self,1,1.5345,-1.8811,64,2026-06-09T14:34:28
25267,pool:gen_002,dqn,1,1.5222,-1.7449,64,2026-06-09T14:34:35
25268,dqn,pool:gen_002,2,-0.7301,2.3514,64,2026-06-09T14:34:41
25269,self,dqn,2,-0.6806,2.6237,64,2026-06-09T14:34:47
25270,dqn,self,2,-0.4331,2.0172,64,2026-06-09T14:34:54
25271,pool:gen_001,dqn,1,2.1286,-1.9182,64,2026-06-09T14:35:00
25272,dqn,pool:gen_001,2,-0.4702,2.6113,64,2026-06-09T14:35:06
25273,pool:gen_001,dqn,1,1.8563,-1.7821,64,2026-06-09T14:35:12
25274,dqn,pool:gen_002,2,-0.6682,2.3390,64,2026-06-09T14:35:19
25275,self,dqn,1,2.2028,-2.1409,64,2026-06-09T14:35:25
25276,dqn,self,1,1.3242,-1.7202,64,2026-06-09T14:35:32
25277,self,dqn,1,1.5964,-1.7821,64,2026-06-09T14:35:39
25278,dqn,self,1,1.8316,-1.8068,64,2026-06-09T14:35:45
25279,pool:gen_001,dqn,1,2.1657,-1.8811,64,2026-06-09T14:35:54
25280,dqn,pool:gen_002,2,-0.7672,2.3514,64,2026-06-09T14:36:01
25281,heuristic,dqn,2,-0.4825,4.1211,64,2026-06-09T14:36:07
25282,dqn,pool:gen_002,2,-0.7301,2.3514,64,2026-06-09T14:36:14
25283,self,dqn,2,-1.0024,2.7103,64,2026-06-09T14:36:22
25284,dqn,pool:gen_002,2,-0.7672,2.3514,64,2026-06-09T14:36:28
25285,pool:gen_001,dqn,1,1.9306,-1.8934,64,2026-06-09T14:36:34
25286,dqn,pool:gen_002,1,1.5345,-1.8811,64,2026-06-09T14:36:36
25287,pool:gen_002,dqn,2,-0.7177,2.3266,64,2026-06-09T14:36:43
25288,dqn,self,2,-0.5940,2.4133,64,2026-06-09T14:36:51
25289,pool:gen_001,dqn,1,1.6583,-1.7202,64,2026-06-09T14:36:58
25290,dqn,pool:gen_002,2,-0.8167,2.4504,64,2026-06-09T14:37:05
25291,self,dqn,2,-0.3836,2.4380,64,2026-06-09T14:37:12
25292,dqn,pool:gen_001,2,-0.7301,2.6484,64,2026-06-09T14:37:18
25293,pool:gen_002,dqn,1,1.5964,-1.9306,64,2026-06-09T14:37:26
25294,dqn,self,2,-0.7177,2.5123,64,2026-06-09T14:37:34
25295,self,dqn,2,-0.4826,2.3390,64,2026-06-09T14:37:41
25296,dqn,self,2,-0.5321,2.3638,64,2026-06-09T14:37:49
25297,pool:gen_001,dqn,1,1.4232,-1.6212,64,2026-06-09T14:37:56
25298,dqn,self,2,-0.6187,2.5370,64,2026-06-09T14:38:07
25299,self,dqn,2,-0.9776,2.9578,64,2026-06-09T14:38:15
25300,dqn,pool:gen_002,2,-0.7548,2.3638,64,2026-06-09T14:38:24
25301,self,dqn,2,-0.7053,2.4875,64,2026-06-09T15:05:14
25302,dqn,self,1,1.7944,-2.1038,64,2026-06-09T15:05:16
25303,pool:gen_001,dqn,1,1.7697,-1.7573,64,2026-06-09T15:05:18
25304,dqn,pool:gen_001,2,-0.7053,2.6732,64,2026-06-09T15:05:20
25305,pool:gen_001,dqn,1,1.7697,-1.7573,64,2026-06-09T15:05:23
25306,dqn,pool:gen_001,2,-0.8415,2.8712,64,2026-06-09T15:05:25
25307,heuristic,dqn,2,-0.0246,3.4652,64,2026-06-09T15:05:28
25308,dqn,self,2,-0.8662,2.5494,64,2026-06-09T15:05:31
25309,self,dqn,2,-0.4578,2.3638,64,2026-06-09T15:07:29
25310,dqn,self,1,1.4603,-1.7697,64,2026-06-09T15:07:36
25311,self,dqn,2,-0.5073,2.4628,64,2026-06-09T15:07:39
25312,dqn,pool:gen_001,2,-0.6558,2.4999,64,2026-06-09T15:07:41
25313,self,dqn,1,1.6459,-1.9182,64,2026-06-09T15:07:44
25314,dqn,self,2,-1.2746,3.1434,64,2026-06-09T15:07:46
25315,pool:gen_001,dqn,2,-0.7053,2.5618,64,2026-06-09T15:07:49
25316,dqn,self,1,1.6707,-1.8934,64,2026-06-09T15:07:51
25317,pool:gen_001,dqn,2,-0.4454,2.5989,64,2026-06-09T15:07:54
25318,dqn,pool:gen_001,1,1.5717,-1.6212,64,2026-06-09T15:07:57
25319,pool:gen_001,dqn,2,-0.7053,2.5618,64,2026-06-09T15:07:59
25320,dqn,pool:gen_001,1,1.5717,-1.6954,64,2026-06-09T15:08:02
25321,self,dqn,1,1.4974,-1.7697,64,2026-06-09T15:08:04
25322,dqn,self,2,-0.9529,2.5741,64,2026-06-09T15:08:07
25323,pool:gen_002,dqn,1,1.3737,-1.7821,64,2026-06-09T15:08:10
25324,dqn,pool:gen_002,2,-0.4702,2.3514,64,2026-06-09T15:08:12
25325,pool:gen_002,dqn,2,-0.6063,2.3266,64,2026-06-09T15:08:14
25326,dqn,pool:gen_002,2,-0.8043,2.5741,64,2026-06-09T15:08:17
25327,pool:prev_best:run_pts_004,dqn,1,1.5964,-1.6707,64,2026-06-09T15:08:20
25328,dqn,self,2,-0.6806,3.0321,64,2026-06-09T15:08:22
25329,self,dqn,1,1.6954,-1.3118,64,2026-06-09T15:08:24
25330,dqn,pool:gen_001,2,-0.4454,2.5618,64,2026-06-09T15:08:26
25331,pool:gen_002,dqn,2,-0.7301,2.4999,64,2026-06-09T15:08:29
25332,dqn,self,2,-0.2103,2.4628,64,2026-06-09T15:08:31
25333,self,dqn,2,-0.5073,2.2771,64,2026-06-09T15:08:34
25334,dqn,self,2,-0.5197,2.3019,64,2026-06-09T15:08:36
25335,pool:gen_002,dqn,2,-0.7301,2.4628,64,2026-06-09T15:08:39
25336,dqn,self,1,1.7078,-1.9677,64,2026-06-09T15:08:41
25337,self,dqn,2,-0.7053,2.5246,64,2026-06-09T15:08:44
25338,dqn,self,2,-0.6435,2.3266,64,2026-06-09T15:08:46
25339,pool:gen_001,dqn,1,1.5840,-1.7573,64,2026-06-09T15:08:48
25340,dqn,self,1,1.4974,-1.7326,64,2026-06-09T15:08:50
25341,pool:gen_001,dqn,2,-0.6063,2.6608,64,2026-06-09T15:08:52
25342,dqn,pool:gen_001,2,-0.5197,2.4504,64,2026-06-09T15:08:54
25343,heuristic,dqn,2,-0.5939,3.7499,64,2026-06-09T15:08:56
25344,dqn,pool:gen_001,2,-0.3712,2.5247,64,2026-06-09T15:08:59
25345,self,dqn,1,2.2028,-2.1409,64,2026-06-09T15:09:01
25346,dqn,self,1,2.1038,-2.2400,64,2026-06-09T15:09:04
25347,pool:prev_best:run_pts_004,dqn,1,1.7449,-1.7821,64,2026-06-09T15:09:06
25348,dqn,pool:gen_001,2,-0.6682,2.7103,64,2026-06-09T15:09:08
25349,heuristic,dqn,2,-0.3712,3.2672,64,2026-06-09T15:09:10
25350,dqn,pool:gen_002,1,1.6088,-1.8068,64,2026-06-09T15:09:13
25351,pool:gen_002,dqn,2,-0.7053,2.4875,64,2026-06-09T15:09:15
25352,dqn,self,2,-0.2969,2.5618,64,2026-06-09T15:09:18
25353,pool:gen_002,dqn,2,-0.8291,2.4751,64,2026-06-09T15:09:20
25354,dqn,heuristic,2,-0.1360,2.9454,64,2026-06-09T15:09:22
25355,self,dqn,2,-0.6930,2.6113,64,2026-06-09T15:09:25
25356,dqn,self,1,1.8811,-1.7573,64,2026-06-09T15:09:27
25357,pool:gen_002,dqn,2,-0.9900,2.7598,64,2026-06-09T15:09:29
25358,dqn,self,1,1.6954,-2.0172,64,2026-06-09T15:09:32
25359,pool:gen_002,dqn,2,-0.7548,2.4380,64,2026-06-09T15:09:34
25360,dqn,self,1,1.7078,-1.7449,64,2026-06-09T15:09:36
25361,pool:gen_002,dqn,2,-0.6311,2.4875,64,2026-06-09T15:09:38
25362,dqn,self,2,-0.4949,2.6237,64,2026-06-09T15:09:40
25363,pool:gen_002,dqn,2,-0.7672,2.5370,64,2026-06-09T15:09:43
25364,dqn,self,2,-0.8291,2.5494,64,2026-06-09T15:09:45
25365,pool:gen_002,dqn,2,-0.8043,2.4999,64,2026-06-09T15:09:47
25366,dqn,pool:gen_001,1,1.7326,-1.7573,64,2026-06-09T15:09:49
25367,pool:prev_best:run_pts_004,dqn,2,-0.5568,2.6360,64,2026-06-09T15:09:51
25368,dqn,pool:gen_001,2,-0.5568,2.4504,64,2026-06-09T15:09:54
25369,pool:gen_002,dqn,2,-1.0147,2.6236,64,2026-06-09T15:09:56
25370,dqn,pool:gen_002,1,1.7326,-1.9058,64,2026-06-09T15:09:58
25371,pool:gen_001,dqn,2,-0.6311,2.6732,64,2026-06-09T15:10:00
25372,dqn,pool:gen_002,1,1.7449,-1.9306,64,2026-06-09T15:10:03
25373,self,dqn,2,-0.6187,2.4628,64,2026-06-09T15:10:05
25374,dqn,pool:prev_best:run_pts_004,1,1.7449,-1.7078,64,2026-06-09T15:10:07
25375,self,dqn,1,1.8315,-2.2152,64,2026-06-09T15:10:10
25376,dqn,pool:gen_002,1,1.8316,-2.0296,64,2026-06-09T15:10:12
25377,pool:gen_002,dqn,2,-0.8415,2.4999,64,2026-06-09T15:10:15
25378,dqn,heuristic,1,2.1781,-1.4231,64,2026-06-09T15:10:17
25379,pool:gen_001,dqn,1,1.6212,-1.4974,64,2026-06-09T15:10:19
25380,dqn,pool:gen_002,1,1.6335,-1.8192,64,2026-06-09T15:10:21
25381,pool:gen_001,dqn,2,-0.6063,2.7722,64,2026-06-09T15:10:23
25382,dqn,pool:gen_001,2,-0.6187,2.6113,64,2026-06-09T15:10:25
25383,self,dqn,2,-0.7177,2.7350,64,2026-06-09T15:10:28
25384,dqn,self,2,-0.7301,2.5741,64,2026-06-09T15:10:30
25385,pool:gen_001,dqn,2,-0.6063,2.5123,64,2026-06-09T15:10:32
25386,dqn,pool:gen_001,1,1.7449,-1.5964,64,2026-06-09T15:10:34
25387,self,dqn,1,1.9306,-2.1162,64,2026-06-09T15:10:36
25388,dqn,pool:gen_001,1,1.5840,-1.6831,64,2026-06-09T15:10:39
25389,self,dqn,2,-0.7796,2.8217,64,2026-06-09T15:10:41
25390,dqn,pool:gen_002,1,1.6212,-1.7944,64,2026-06-09T15:10:43
25391,self,dqn,1,1.5841,-1.6459,64,2026-06-09T15:10:45
25392,dqn,self,1,1.6459,-1.9553,64,2026-06-09T15:10:47
25393,self,dqn,2,-0.6558,2.5742,64,2026-06-09T15:10:49
25394,dqn,self,2,-0.8910,2.6360,64,2026-06-09T15:10:52
25395,self,dqn,2,-0.7672,2.6113,64,2026-06-09T15:10:54
25396,dqn,pool:gen_002,1,1.5717,-1.8811,64,2026-06-09T15:10:57
25397,pool:gen_002,dqn,2,-0.7920,2.4380,64,2026-06-09T15:10:59
25398,dqn,pool:prev_best:run_pts_004,2,-0.7672,2.6113,64,2026-06-09T15:11:01
25399,pool:gen_001,dqn,1,1.6954,-1.5717,64,2026-06-09T15:11:03
25400,dqn,self,1,2.0791,-2.1162,64,2026-06-09T15:11:05
25401,pool:prev_best:run_pts_004,dqn,1,1.7573,-1.6583,64,2026-06-09T15:33:14
25402,dqn,pool:prev_best:run_pts_004,2,-0.8043,2.5741,64,2026-06-09T15:33:16
25403,heuristic,dqn,2,0.0001,3.1558,64,2026-06-09T15:33:18
25404,dqn,pool:gen_001,2,-0.8043,2.4999,64,2026-06-09T15:33:20
25405,self,dqn,1,1.6831,-1.7697,64,2026-06-09T15:33:22
25406,dqn,pool:gen_002,1,1.5593,-1.7449,64,2026-06-09T15:33:24
25407,self,dqn,2,-0.6682,2.4133,64,2026-06-09T15:33:26
25408,dqn,heuristic,1,2.2524,-1.4603,64,2026-06-09T15:33:28
25409,pool:prev_best:run_pts_004,dqn,1,2.2895,-2.0543,64,2026-06-09T15:33:30
25410,dqn,pool:prev_best:run_pts_004,2,-0.8910,3.0073,64,2026-06-09T15:33:32
25411,pool:gen_001,dqn,2,-0.4578,2.6608,64,2026-06-09T15:33:34
25412,dqn,pool:prev_best:run_pts_004,2,-1.0395,3.1187,64,2026-06-09T15:33:36
25413,pool:gen_001,dqn,1,1.7697,-1.5345,64,2026-06-09T15:33:38
25414,dqn,self,2,-0.6682,2.4875,64,2026-06-09T15:33:40
25415,self,dqn,1,1.5222,-1.7821,64,2026-06-09T15:33:42
25416,dqn,pool:gen_001,2,-0.8662,3.0692,64,2026-06-09T15:33:44
25417,pool:gen_001,dqn,1,2.0667,-1.9058,64,2026-06-09T15:33:46
25418,dqn,pool:gen_001,2,-0.5692,2.4751,64,2026-06-09T15:33:48
25419,self,dqn,1,1.8811,-1.9058,64,2026-06-09T15:33:50
25420,dqn,pool:gen_002,1,1.6583,-1.9058,64,2026-06-09T15:33:53
25421,heuristic,dqn,2,-0.7424,3.3415,64,2026-06-09T15:33:54
25422,dqn,self,2,-0.7425,2.4875,64,2026-06-09T15:33:56
25423,self,dqn,2,-0.8910,2.5246,64,2026-06-09T15:33:59
25424,dqn,self,1,1.6336,-1.5964,64,2026-06-09T15:34:01
25425,pool:gen_002,dqn,2,-0.8167,2.4875,64,2026-06-09T15:34:03
25426,dqn,pool:gen_002,1,1.5840,-1.7573,64,2026-06-09T15:34:05
25427,self,dqn,1,2.1904,-2.3390,64,2026-06-09T15:34:08
25428,dqn,heuristic,1,2.1905,-1.4108,64,2026-06-09T15:34:09
25429,self,dqn,2,-0.7053,2.5989,64,2026-06-09T15:34:11
25430,dqn,self,2,-0.5816,2.3514,64,2026-06-09T15:34:14
25431,pool:gen_001,dqn,1,1.7944,-1.8811,64,2026-06-09T15:34:16
25432,dqn,pool:gen_002,1,1.6088,-1.7697,64,2026-06-09T15:34:18
25433,pool:gen_002,dqn,2,-0.8167,2.4875,64,2026-06-09T15:34:20
25434,dqn,heuristic,1,2.5617,-1.6707,64,2026-06-09T15:34:22
25435,self,dqn,2,-0.6063,2.5123,64,2026-06-09T15:34:24
25436,dqn,pool:gen_001,2,-0.5445,2.4628,64,2026-06-09T15:34:26
25437,pool:gen_002,dqn,2,-0.6435,2.5123,64,2026-06-09T15:34:28
25438,dqn,self,1,1.7944,-1.5098,64,2026-06-09T15:34:30
25439,pool:gen_002,dqn,2,-0.8291,2.5494,64,2026-06-09T15:34:33
25440,dqn,self,2,-0.5445,2.5370,64,2026-06-09T15:34:35
25441,pool:prev_best:run_pts_004,dqn,1,1.7326,-1.8316,64,2026-06-09T15:34:37
25442,dqn,self,1,1.8192,-1.7821,64,2026-06-09T15:34:39
25443,self,dqn,1,2.1409,-2.1657,64,2026-06-09T15:34:41
25444,dqn,pool:gen_002,1,1.7202,-1.8068,64,2026-06-09T15:34:43
25445,self,dqn,2,-0.4826,2.2648,64,2026-06-09T15:34:45
25446,dqn,heuristic,1,2.1286,-1.4727,64,2026-06-09T15:34:48
25447,pool:gen_002,dqn,2,-0.8538,2.6732,64,2026-06-09T15:34:50
25448,dqn,pool:gen_002,1,1.7449,-1.9677,64,2026-06-09T15:34:53
25449,pool:gen_002,dqn,2,-0.8415,2.6113,64,2026-06-09T15:34:55
25450,dqn,pool:gen_001,2,-0.8786,2.9083,64,2026-06-09T15:34:57
25451,self,dqn,1,2.2400,-2.2152,64,2026-06-09T15:35:00
25452,dqn,pool:prev_best:run_pts_004,2,-0.5197,2.5618,64,2026-06-09T15:35:02
25453,pool:gen_001,dqn,1,1.5841,-1.5717,64,2026-06-09T15:35:04
25454,dqn,pool:gen_001,2,-0.4826,2.5247,64,2026-06-09T15:35:06
25455,pool:gen_001,dqn,1,1.8068,-1.6831,64,2026-06-09T15:35:08
25456,dqn,self,1,1.5345,-1.5841,64,2026-06-09T15:35:10
25457,pool:gen_001,dqn,2,-0.5197,2.4875,64,2026-06-09T15:35:12
25458,dqn,self,1,1.6459,-1.5098,64,2026-06-09T15:35:14
25459,self,dqn,1,1.7944,-1.9182,64,2026-06-09T15:35:17
25460,dqn,self,1,2.0419,-1.9306,64,2026-06-09T15:35:19
25461,self,dqn,2,-0.5816,2.4256,64,2026-06-09T15:35:21
25462,dqn,self,2,-0.6806,2.8093,64,2026-06-09T15:35:24
25463,self,dqn,2,-0.4950,2.2524,64,2026-06-09T15:35:26
25464,dqn,pool:gen_001,2,-0.9776,2.9578,64,2026-06-09T15:35:28
25465,self,dqn,1,1.5222,-1.8563,64,2026-06-09T15:35:30
25466,dqn,pool:gen_002,1,1.6583,-1.8316,64,2026-06-09T15:35:32
25467,self,dqn,2,-0.7796,2.7474,64,2026-06-09T15:35:34
25468,dqn,pool:gen_002,1,1.6954,-1.8687,64,2026-06-09T15:35:37
25469,self,dqn,2,-0.5321,2.0667,64,2026-06-09T15:35:39
25470,dqn,pool:gen_001,2,-0.7053,2.8588,64,2026-06-09T15:35:41
25471,self,dqn,2,-0.9652,2.6731,64,2026-06-09T15:35:43
25472,dqn,pool:gen_001,2,-0.5321,2.5123,64,2026-06-09T15:35:45
25473,heuristic,dqn,2,-0.6187,3.1682,64,2026-06-09T15:35:47
25474,dqn,pool:gen_001,2,-0.5321,2.5123,64,2026-06-09T15:35:49
25475,self,dqn,1,1.8811,-1.9058,64,2026-06-09T15:35:51
25476,dqn,self,2,-0.6063,2.4009,64,2026-06-09T15:35:53
25477,self,dqn,1,1.5964,-1.7449,64,2026-06-09T15:35:56
25478,dqn,self,1,1.7944,-1.9924,64,2026-06-09T15:35:58
25479,self,dqn,2,-0.7672,2.6484,64,2026-06-09T15:36:00
25480,dqn,self,2,-1.0518,2.8464,64,2026-06-09T15:36:02
25481,pool:gen_002,dqn,2,-0.9033,2.6979,64,2026-06-09T15:36:04
25482,dqn,pool:gen_001,1,1.5593,-1.6707,64,2026-06-09T15:36:06
25483,self,dqn,1,1.5469,-1.9430,64,2026-06-09T15:36:08
25484,dqn,pool:gen_002,1,1.6954,-1.6831,64,2026-06-09T15:36:11
25485,pool:gen_001,dqn,1,1.6088,-1.8439,64,2026-06-09T15:36:13
25486,dqn,pool:prev_best:run_pts_004,2,-0.7425,2.7845,64,2026-06-09T15:36:15
25487,pool:prev_best:run_pts_004,dqn,1,1.6459,-1.8068,64,2026-06-09T15:36:17
25488,dqn,pool:gen_002,1,1.5593,-1.5964,64,2026-06-09T15:36:19
25489,pool:gen_002,dqn,2,-0.5940,2.3019,64,2026-06-09T15:36:21
25490,dqn,self,2,-1.0023,3.0815,64,2026-06-09T15:36:23
25491,pool:gen_002,dqn,2,-0.7301,2.4256,64,2026-06-09T15:36:25
25492,dqn,self,2,-0.2351,2.2895,64,2026-06-09T15:36:28
25493,pool:prev_best:run_pts_004,dqn,1,1.6707,-1.7821,64,2026-06-09T15:36:30
25494,dqn,pool:gen_002,1,1.8316,-1.9553,64,2026-06-09T15:36:32
25495,pool:gen_001,dqn,2,-0.6435,2.2524,64,2026-06-09T15:36:34
25496,dqn,pool:prev_best:run_pts_004,1,1.3860,-1.7326,64,2026-06-09T15:36:37
25497,self,dqn,1,1.9429,-2.0296,64,2026-06-09T15:36:39
25498,dqn,pool:gen_001,1,1.4603,-1.6954,64,2026-06-09T15:36:41
25499,self,dqn,2,-0.5444,2.6855,64,2026-06-09T15:36:44
25500,dqn,self,2,-0.7177,2.8835,64,2026-06-09T15:36:46
25501,pool:gen_001,dqn,2,-0.4083,2.2648,64,2026-06-09T15:58:52
25502,dqn,pool:prev_best:run_pts_004,1,1.6583,-1.8316,64,2026-06-09T15:58:54
25503,pool:prev_best:run_pts_004,dqn,2,-0.6435,2.3638,64,2026-06-09T15:58:56
25504,dqn,pool:gen_001,1,1.7078,-1.7449,64,2026-06-09T15:58:58
25505,self,dqn,1,2.4503,-2.0791,64,2026-06-09T15:59:01
25506,dqn,pool:gen_002,1,1.5222,-1.7449,64,2026-06-09T15:59:03
25507,self,dqn,1,1.3984,-1.9058,64,2026-06-09T15:59:05
25508,dqn,self,2,-0.5816,2.6855,64,2026-06-09T15:59:07
25509,pool:gen_002,dqn,2,-0.9034,2.5494,64,2026-06-09T15:59:09
25510,dqn,self,2,-1.0395,2.8217,64,2026-06-09T15:59:11
25511,self,dqn,2,-0.9281,2.7474,64,2026-06-09T15:59:13
25512,dqn,pool:gen_002,1,2.0914,-2.2152,64,2026-06-09T15:59:16
25513,pool:gen_002,dqn,2,-0.9405,2.7350,64,2026-06-09T15:59:18
25514,dqn,pool:gen_002,1,2.0172,-2.1781,64,2026-06-09T15:59:20
25515,self,dqn,1,1.5964,-1.7449,64,2026-06-09T15:59:22
25516,dqn,pool:gen_002,1,2.0419,-2.1162,64,2026-06-09T15:59:25
25517,heuristic,dqn,2,-0.6187,3.1311,64,2026-06-09T15:59:27
25518,dqn,self,1,1.9306,-2.0048,64,2026-06-09T15:59:29
25519,pool:gen_001,dqn,2,-0.6063,2.2524,64,2026-06-09T15:59:31
25520,dqn,self,1,2.0667,-2.0543,64,2026-06-09T15:59:33
25521,pool:gen_002,dqn,1,1.6088,-1.8811,64,2026-06-09T15:59:35
25522,dqn,self,2,-1.1014,2.9454,64,2026-06-09T15:59:37
25523,pool:gen_002,dqn,2,-0.8167,2.4875,64,2026-06-09T15:59:40
25524,dqn,self,2,-1.0890,3.3291,64,2026-06-09T15:59:42
25525,pool:gen_002,dqn,2,-0.6063,2.4751,64,2026-06-09T15:59:44
25526,dqn,pool:gen_001,1,1.5717,-1.4727,64,2026-06-09T15:59:46
25527,pool:gen_002,dqn,2,-0.6558,2.4628,64,2026-06-09T15:59:49
25528,dqn,self,2,-0.4950,2.4752,64,2026-06-09T15:59:51
25529,self,dqn,1,1.5964,-1.8563,64,2026-06-09T15:59:53
25530,dqn,pool:gen_002,1,1.5840,-1.8316,64,2026-06-09T15:59:56
25531,self,dqn,1,1.8439,-1.9801,64,2026-06-09T15:59:58
25532,dqn,pool:gen_001,2,-0.6682,2.6732,64,2026-06-09T16:00:01
25533,pool:prev_best:run_pts_004,dqn,1,1.9429,-1.8811,64,2026-06-09T16:00:03
25534,dqn,self,2,-0.7301,2.3143,64,2026-06-09T16:00:05
25535,self,dqn,2,-0.8167,2.6732,64,2026-06-09T16:00:07
25536,dqn,self,2,-0.8662,2.4380,64,2026-06-09T16:00:09
25537,pool:gen_002,dqn,2,-0.7177,2.3638,64,2026-06-09T16:00:11
25538,dqn,heuristic,1,2.2028,-1.6212,64,2026-06-09T16:00:14
25539,pool:gen_002,dqn,2,-0.8662,2.4751,64,2026-06-09T16:00:16
25540,dqn,pool:gen_002,1,1.4479,-1.7078,64,2026-06-09T16:00:18
25541,pool:gen_001,dqn,1,2.0048,-1.8563,64,2026-06-09T16:00:20
25542,dqn,self,1,1.4974,-1.7697,64,2026-06-09T16:00:22
25543,pool:gen_001,dqn,1,1.9306,-1.7821,64,2026-06-09T16:00:24
25544,dqn,self,2,-0.6806,2.4380,64,2026-06-09T16:00:27
25545,self,dqn,1,1.7325,-1.9801,64,2026-06-09T16:00:29
25546,dqn,pool:gen_001,2,-0.4702,2.6113,64,2026-06-09T16:00:31
25547,pool:gen_001,dqn,1,1.6583,-1.4603,64,2026-06-09T16:00:33
25548,dqn,self,1,1.9058,-2.0296,64,2026-06-09T16:00:35
25549,pool:prev_best:run_pts_004,dqn,1,1.7202,-1.5098,64,2026-06-09T16:00:37
25550,dqn,pool:gen_002,1,1.5717,-1.8439,64,2026-06-09T16:00:39
25551,pool:prev_best:run_pts_004,dqn,1,2.1905,-1.9677,64,2026-06-09T16:00:41
25552,dqn,pool:gen_002,2,-1.0023,2.8217,64,2026-06-09T16:00:44
25553,self,dqn,2,-0.8786,2.4628,64,2026-06-09T16:00:46
25554,dqn,pool:gen_001,2,-0.3341,2.7846,64,2026-06-09T16:00:48
25555,self,dqn,1,1.8687,-1.8068,64,2026-06-09T16:00:50
25556,dqn,self,1,2.2895,-2.0914,64,2026-06-09T16:00:53
25557,pool:gen_001,dqn,1,2.2028,-1.9182,64,2026-06-09T16:00:55
25558,dqn,heuristic,1,2.2647,-1.4479,64,2026-06-09T16:00:56
25559,self,dqn,1,1.8811,-1.9058,64,2026-06-09T16:00:59
25560,dqn,pool:gen_001,2,-0.7177,2.8464,64,2026-06-09T16:01:01
25561,pool:gen_002,dqn,1,1.5964,-1.7449,64,2026-06-09T16:01:03
25562,dqn,pool:gen_001,2,-0.6063,3.0321,64,2026-06-09T16:01:05
25563,pool:gen_002,dqn,1,1.5098,-1.6459,64,2026-06-09T16:01:08
25564,dqn,heuristic,1,2.2771,-1.6583,64,2026-06-09T16:01:10
25565,self,dqn,2,-0.6435,2.3638,64,2026-06-09T16:01:12
25566,dqn,self,2,-0.6187,2.6484,64,2026-06-09T16:01:14
25567,self,dqn,1,2.1904,-2.2276,64,2026-06-09T16:01:17
25568,dqn,self,2,-0.5197,2.6360,64,2026-06-09T16:01:19
25569,pool:gen_001,dqn,1,1.9306,-1.5593,64,2026-06-09T16:01:20
25570,dqn,pool:gen_002,1,2.0296,-2.2400,64,2026-06-09T16:01:23
25571,pool:gen_001,dqn,1,1.9429,-1.7697,64,2026-06-09T16:01:25
25572,dqn,pool:gen_001,1,1.4850,-1.5593,64,2026-06-09T16:01:27
25573,self,dqn,1,1.6831,-1.4727,64,2026-06-09T16:01:29
25574,dqn,pool:gen_002,2,-0.5940,2.3761,64,2026-06-09T16:01:31
25575,self,dqn,2,-0.8662,2.9207,64,2026-06-09T16:01:34
25576,dqn,heuristic,2,-0.5444,3.1311,64,2026-06-09T16:01:36
25577,heuristic,dqn,2,-0.3712,3.0816,64,2026-06-09T16:01:38
25578,dqn,pool:gen_001,1,1.8934,-1.8192,64,2026-06-09T16:01:40
25579,pool:prev_best:run_pts_004,dqn,1,1.5469,-1.5717,64,2026-06-09T16:01:42
25580,dqn,self,1,1.5840,-1.7573,64,2026-06-09T16:01:44
25581,self,dqn,1,1.6212,-1.9430,64,2026-06-09T16:01:46
25582,dqn,pool:gen_001,2,-0.4207,2.3638,64,2026-06-09T16:01:48
25583,pool:gen_002,dqn,2,-0.9900,2.7227,64,2026-06-09T16:01:50
25584,dqn,pool:prev_best:run_pts_004,2,-0.4949,2.5123,64,2026-06-09T16:01:52
25585,self,dqn,1,1.6954,-1.7202,64,2026-06-09T16:01:54
25586,dqn,pool:gen_002,1,1.4974,-1.6954,64,2026-06-09T16:01:57
25587,self,dqn,2,-0.6435,2.5494,64,2026-06-09T16:01:59
25588,dqn,pool:gen_001,2,-0.5321,2.6608,64,2026-06-09T16:02:01
25589,self,dqn,2,-0.6187,2.2771,64,2026-06-09T16:02:05
25590,dqn,heuristic,1,2.0667,-1.2746,64,2026-06-09T16:02:07
25591,heuristic,dqn,2,-0.4454,3.0444,64,2026-06-09T16:02:09
25592,dqn,self,2,-0.7301,2.3885,64,2026-06-09T16:02:11
25593,self,dqn,1,1.7078,-1.9306,64,2026-06-09T16:02:14
25594,dqn,self,2,-0.8662,2.6236,64,2026-06-09T16:02:16
25595,self,dqn,2,-1.2498,3.2796,64,2026-06-09T16:02:18
25596,dqn,self,2,-0.9652,2.7474,64,2026-06-09T16:02:20
25597,self,dqn,2,-0.8291,2.4380,64,2026-06-09T16:02:23
25598,dqn,self,2,-0.6187,2.4256,64,2026-06-09T16:02:25
25599,pool:gen_002,dqn,2,-1.1137,2.7845,64,2026-06-09T16:02:27
25600,dqn,pool:gen_001,2,-0.7053,2.4504,64,2026-06-09T16:02:29
25601,pool:gen_002,dqn,2,-0.9652,2.7103,64,2026-06-09T16:22:59
25602,dqn,pool:gen_002,1,1.9058,-2.1038,64,2026-06-09T16:23:02
25603,pool:gen_002,dqn,2,-0.9157,2.6113,64,2026-06-09T16:23:04
25604,dqn,heuristic,1,2.4256,-1.6212,64,2026-06-09T16:23:06
25605,self,dqn,1,1.4974,-1.6212,64,2026-06-09T16:23:08
25606,dqn,self,2,-1.0518,3.1063,64,2026-06-09T16:23:10
25607,self,dqn,1,1.7821,-1.8934,64,2026-06-09T16:23:12
25608,dqn,self,2,-0.9900,2.7969,64,2026-06-09T16:23:15
25609,self,dqn,1,1.5098,-1.7944,64,2026-06-09T16:23:17
25610,dqn,pool:gen_001,2,-0.5321,2.5123,64,2026-06-09T16:23:19
25611,pool:gen_001,dqn,1,1.6707,-1.6707,64,2026-06-09T16:23:21
25612,dqn,self,2,-1.1014,2.6855,64,2026-06-09T16:23:23
25613,pool:gen_001,dqn,2,-0.4207,2.3266,64,2026-06-09T16:23:26
25614,dqn,self,1,1.8439,-2.0172,64,2026-06-09T16:23:28
25615,self,dqn,2,-1.1385,3.0568,64,2026-06-09T16:23:30
25616,dqn,pool:gen_002,1,1.8068,-2.0543,64,2026-06-09T16:23:33
25617,pool:gen_002,dqn,2,-1.0890,2.8464,64,2026-06-09T16:23:35
25618,dqn,pool:gen_002,1,1.7202,-1.9925,64,2026-06-09T16:23:37
25619,pool:gen_002,dqn,2,-0.9157,2.6113,64,2026-06-09T16:23:39
25620,dqn,pool:gen_001,1,1.4108,-1.6336,64,2026-06-09T16:23:42
25621,pool:gen_001,dqn,1,1.4479,-1.7449,64,2026-06-09T16:23:44
25622,dqn,pool:gen_001,1,1.6954,-1.8316,64,2026-06-09T16:23:46
25623,pool:gen_001,dqn,1,1.4850,-1.7449,64,2026-06-09T16:23:48
25624,dqn,pool:gen_001,2,-0.6435,2.3266,64,2026-06-09T16:23:50
25625,pool:gen_001,dqn,1,1.4479,-1.7449,64,2026-06-09T16:23:52
25626,dqn,pool:gen_002,1,1.9058,-2.1038,64,2026-06-09T16:23:55
25627,heuristic,dqn,2,-0.2227,2.5989,64,2026-06-09T16:23:57
25628,dqn,self,1,1.5717,-1.6954,64,2026-06-09T16:23:59
25629,self,dqn,1,1.4974,-1.7697,64,2026-06-09T16:24:01
25630,dqn,heuristic,1,2.6484,-1.5840,64,2026-06-09T16:24:03
25631,heuristic,dqn,2,-0.1608,2.8093,64,2026-06-09T16:24:05
25632,dqn,self,1,1.7573,-1.8811,64,2026-06-09T16:24:08
25633,pool:gen_002,dqn,2,-0.6063,2.4009,64,2026-06-09T16:24:10
25634,dqn,pool:gen_002,2,-0.5197,2.4133,64,2026-06-09T16:24:13
25635,self,dqn,1,1.9182,-2.0172,64,2026-06-09T16:24:15
25636,dqn,self,1,1.4727,-1.7944,64,2026-06-09T16:24:17
25637,pool:gen_002,dqn,1,1.5222,-1.6707,64,2026-06-09T16:24:19
25638,dqn,self,1,2.2894,-2.3885,64,2026-06-09T16:24:22
25639,self,dqn,2,-0.6682,2.5989,64,2026-06-09T16:24:24
25640,dqn,self,2,-0.5444,2.5742,64,2026-06-09T16:24:26
25641,self,dqn,2,-0.7672,2.3143,64,2026-06-09T16:24:29
25642,dqn,pool:gen_001,1,1.4850,-1.5593,64,2026-06-09T16:24:31
25643,self,dqn,1,1.6212,-1.7944,64,2026-06-09T16:24:33
25644,dqn,pool:gen_002,1,1.5593,-1.5964,64,2026-06-09T16:24:35
25645,pool:gen_002,dqn,1,1.4850,-1.7078,64,2026-06-09T16:24:38
25646,dqn,pool:gen_002,2,-0.5445,2.4628,64,2026-06-09T16:24:40
25647,pool:gen_001,dqn,1,1.7821,-1.7449,64,2026-06-09T16:24:42
25648,dqn,pool:gen_002,1,1.6459,-2.0296,64,2026-06-09T16:24:45
25649,pool:gen_002,dqn,1,1.6954,-1.8316,64,2026-06-09T16:24:47
25650,dqn,self,2,-0.5568,2.3761,64,2026-06-09T16:24:50
25651,pool:prev_best:run_pts_004,dqn,1,1.5345,-1.7326,64,2026-06-09T16:24:52
25652,dqn,pool:gen_002,1,1.4974,-1.6212,64,2026-06-09T16:24:54
25653,self,dqn,1,2.0296,-1.7202,64,2026-06-09T16:24:56
25654,dqn,self,1,1.5717,-1.6583,64,2026-06-09T16:24:59
25655,pool:gen_001,dqn,1,1.7449,-1.8192,64,2026-06-09T16:25:01
25656,dqn,pool:gen_002,2,-0.6435,2.5865,64,2026-06-09T16:25:03
25657,pool:gen_002,dqn,1,1.6954,-1.8687,64,2026-06-09T16:25:06
25658,dqn,heuristic,1,2.0667,-1.4974,64,2026-06-09T16:25:08
25659,pool:gen_001,dqn,1,2.0914,-2.0296,64,2026-06-09T16:25:10
25660,dqn,self,2,-0.9405,2.6979,64,2026-06-09T16:25:12
25661,pool:gen_001,dqn,1,2.0543,-1.6954,64,2026-06-09T16:25:14
25662,dqn,self,1,2.1657,-2.2152,64,2026-06-09T16:25:16
25663,self,dqn,1,1.6336,-1.6336,64,2026-06-09T16:25:19
25664,dqn,pool:gen_001,1,1.6088,-1.7326,64,2026-06-09T16:25:21
25665,self,dqn,2,-0.5197,2.3761,64,2026-06-09T16:25:23
25666,dqn,pool:gen_001,2,-0.5445,2.5742,64,2026-06-09T16:25:25
25667,pool:gen_002,dqn,1,1.6088,-1.6954,64,2026-06-09T16:25:28
25668,dqn,pool:gen_001,1,1.5222,-1.4850,64,2026-06-09T16:25:30
25669,pool:gen_002,dqn,1,1.4850,-1.7449,64,2026-06-09T16:25:32
25670,dqn,self,1,1.7944,-1.7697,64,2026-06-09T16:25:35
25671,self,dqn,2,-0.7177,2.4380,64,2026-06-09T16:25:37
25672,dqn,pool:gen_001,2,-0.5692,2.5123,64,2026-06-09T16:25:40
25673,pool:gen_001,dqn,1,1.5717,-1.6212,64,2026-06-09T16:25:42
25674,dqn,self,2,-0.5692,2.2895,64,2026-06-09T16:25:44
25675,pool:gen_001,dqn,1,1.6459,-1.5841,64,2026-06-09T16:25:46
25676,dqn,pool:prev_best:run_pts_004,1,1.4850,-1.5964,64,2026-06-09T16:25:48
25677,self,dqn,1,1.6336,-1.6707,64,2026-06-09T16:25:51
25678,dqn,pool:gen_002,1,1.9306,-2.1533,64,2026-06-09T16:25:53
25679,pool:gen_001,dqn,1,1.9801,-1.8068,64,2026-06-09T16:25:55
25680,dqn,pool:gen_001,2,-0.8043,2.7598,64,2026-06-09T16:25:57
25681,self,dqn,1,1.7944,-1.8439,64,2026-06-09T16:25:59
25682,dqn,pool:gen_002,1,1.8068,-2.0172,64,2026-06-09T16:26:02
25683,heuristic,dqn,2,-0.4207,2.9207,64,2026-06-09T16:26:04
25684,dqn,self,2,-0.9652,2.6731,64,2026-06-09T16:26:06
25685,pool:gen_001,dqn,1,1.6336,-1.5593,64,2026-06-09T16:26:08
25686,dqn,self,2,-0.6682,2.3390,64,2026-06-09T16:26:11
25687,self,dqn,2,-1.0890,2.9578,64,2026-06-09T16:26:13
25688,dqn,self,2,-1.2622,2.9702,64,2026-06-09T16:26:15
25689,self,dqn,2,-0.6929,2.9083,64,2026-06-09T16:26:18
25690,dqn,pool:gen_002,1,1.8934,-2.1533,64,2026-06-09T16:26:20
25691,pool:gen_001,dqn,1,1.8316,-1.9553,64,2026-06-09T16:26:22
25692,dqn,self,1,1.4727,-1.5717,64,2026-06-09T16:26:24
25693,self,dqn,2,-0.5445,2.3514,64,2026-06-09T16:26:26
25694,dqn,pool:gen_002,1,1.8687,-2.1410,64,2026-06-09T16:26:29
25695,pool:gen_002,dqn,2,-0.9157,2.7227,64,2026-06-09T16:26:31
25696,dqn,pool:gen_001,2,-0.7672,2.4999,64,2026-06-09T16:26:33
25697,self,dqn,1,1.9058,-1.9182,64,2026-06-09T16:26:35
25698,dqn,self,2,-0.6435,2.4380,64,2026-06-09T16:26:38
25699,pool:gen_001,dqn,1,1.5964,-1.8563,64,2026-06-09T16:26:40
25700,dqn,self,1,2.0419,-1.9677,64,2026-06-09T16:26:42
25701,pool:gen_002,dqn,2,-0.9528,2.6484,64,2026-06-09T16:48:19
25702,dqn,pool:gen_001,1,1.4108,-1.6336,64,2026-06-09T16:48:21
25703,pool:gen_002,dqn,2,-0.9652,2.6360,64,2026-06-09T16:48:23
25704,dqn,self,2,-0.5445,2.3885,64,2026-06-09T16:48:25
25705,pool:gen_002,dqn,2,-0.9652,2.6360,64,2026-06-09T16:48:27
25706,dqn,self,2,-0.5692,2.5123,64,2026-06-09T16:48:29
25707,pool:prev_best:run_pts_004,dqn,1,1.8192,-1.7821,64,2026-06-09T16:48:31
25708,dqn,pool:gen_002,1,1.7697,-2.0172,64,2026-06-09T16:48:34
25709,pool:gen_001,dqn,1,1.6831,-1.8811,64,2026-06-09T16:48:36
25710,dqn,self,2,-0.8786,2.4999,64,2026-06-09T16:48:38
25711,pool:gen_001,dqn,1,1.9306,-2.0419,64,2026-06-09T16:48:40
25712,dqn,pool:gen_001,2,-0.8291,2.7722,64,2026-06-09T16:48:42
25713,pool:gen_002,dqn,2,-0.9652,2.6360,64,2026-06-09T16:48:44
25714,dqn,pool:gen_002,1,1.7697,-2.0172,64,2026-06-09T16:48:46
25715,self,dqn,1,1.6459,-1.5469,64,2026-06-09T16:48:48
25716,dqn,pool:gen_002,1,1.7325,-2.0172,64,2026-06-09T16:48:50
25717,pool:gen_002,dqn,2,-0.9529,2.6113,64,2026-06-09T16:48:53
25718,dqn,self,2,-0.9776,2.9207,64,2026-06-09T16:48:54
25719,self,dqn,2,-0.7301,2.2029,64,2026-06-09T16:48:57
25720,dqn,self,1,2.2276,-1.9306,64,2026-06-09T16:48:59
25721,self,dqn,1,1.5717,-1.9182,64,2026-06-09T16:49:01
25722,dqn,pool:gen_001,2,-0.7548,2.4751,64,2026-06-09T16:49:03
25723,pool:gen_002,dqn,2,-0.9652,2.6360,64,2026-06-09T16:49:05
25724,dqn,pool:gen_002,1,1.8563,-2.1533,64,2026-06-09T16:49:07
25725,pool:gen_001,dqn,1,1.8811,-1.9801,64,2026-06-09T16:49:10
25726,dqn,self,2,-0.5321,2.5494,64,2026-06-09T16:49:12
25727,pool:gen_002,dqn,2,-1.0147,2.6979,64,2026-06-09T16:49:14
25728,dqn,pool:gen_001,1,1.3242,-1.6831,64,2026-06-09T16:49:16
25729,self,dqn,2,-0.7920,2.4380,64,2026-06-09T16:49:18
25730,dqn,self,2,-1.0766,2.6360,64,2026-06-09T16:49:20
25731,pool:gen_002,dqn,1,1.6212,-1.7944,64,2026-06-09T16:49:22
25732,dqn,self,2,-0.6930,2.4628,64,2026-06-09T16:49:25
25733,self,dqn,1,1.5222,-1.6707,64,2026-06-09T16:49:27
25734,dqn,pool:gen_001,2,-0.5940,2.5247,64,2026-06-09T16:49:29
25735,self,dqn,1,1.3984,-1.5717,64,2026-06-09T16:49:31
25736,dqn,self,1,1.5222,-1.7449,64,2026-06-09T16:49:33
25737,pool:gen_002,dqn,2,-0.6930,2.3885,64,2026-06-09T16:49:35
25738,dqn,pool:gen_002,1,2.0172,-2.1038,64,2026-06-09T16:49:37
25739,pool:gen_002,dqn,2,-0.9652,2.6360,64,2026-06-09T16:49:39
25740,dqn,pool:gen_002,1,1.8316,-2.0667,64,2026-06-09T16:49:41
25741,self,dqn,1,1.9924,-1.8687,64,2026-06-09T16:49:44
25742,dqn,self,2,-0.6187,2.4256,64,2026-06-09T16:49:46
25743,heuristic,dqn,2,-0.3217,2.5742,64,2026-06-09T16:49:47
25744,dqn,self,2,-0.5445,2.3514,64,2026-06-09T16:49:50
25745,pool:gen_002,dqn,2,-0.9157,2.6855,64,2026-06-09T16:49:52
25746,dqn,self,2,-0.6187,2.5370,64,2026-06-09T16:49:54
25747,self,dqn,2,-0.8662,2.8464,64,2026-06-09T16:49:56
25748,dqn,pool:gen_002,1,1.6212,-1.8687,64,2026-06-09T16:49:58
25749,pool:gen_001,dqn,1,1.6583,-1.6831,64,2026-06-09T16:50:00
25750,dqn,self,1,1.8811,-1.9801,64,2026-06-09T16:50:02
25751,pool:gen_001,dqn,1,1.4850,-1.7078,64,2026-06-09T16:50:04
25752,dqn,pool:gen_001,2,-0.5568,2.5618,64,2026-06-09T16:50:06
25753,pool:gen_002,dqn,2,-0.8538,2.6732,64,2026-06-09T16:50:08
25754,dqn,pool:prev_best:run_pts_004,2,-0.6558,2.7598,64,2026-06-09T16:50:10
25755,self,dqn,2,-0.6558,2.7227,64,2026-06-09T16:50:12
25756,dqn,pool:gen_002,1,1.8068,-1.9058,64,2026-06-09T16:50:14
25757,heuristic,dqn,2,-0.5321,2.9207,64,2026-06-09T16:50:16
25758,dqn,pool:gen_001,2,-0.7301,2.6113,64,2026-06-09T16:50:18
25759,pool:gen_002,dqn,1,1.6831,-1.6583,64,2026-06-09T16:50:21
25760,dqn,self,1,1.5717,-1.8811,64,2026-06-09T16:50:23
25761,pool:gen_001,dqn,1,1.7573,-1.7326,64,2026-06-09T16:50:25
25762,dqn,self,2,-0.8910,2.6731,64,2026-06-09T16:50:27
25763,pool:gen_001,dqn,1,1.7078,-1.8192,64,2026-06-09T16:50:29
25764,dqn,pool:gen_001,2,-0.5073,2.4999,64,2026-06-09T16:50:32
25765,self,dqn,1,1.6954,-1.6088,64,2026-06-09T16:50:34
25766,dqn,self,1,1.4727,-1.8316,64,2026-06-09T16:50:36
25767,pool:gen_001,dqn,1,1.9801,-1.8068,64,2026-06-09T16:50:39
25768,dqn,self,1,1.5222,-1.5222,64,2026-06-09T16:50:41
25769,self,dqn,1,1.4974,-1.6954,64,2026-06-09T16:50:43
25770,dqn,self,2,-1.0147,3.0320,64,2026-06-09T16:50:45
25771,pool:gen_001,dqn,1,1.7697,-1.7573,64,2026-06-09T16:50:48
25772,dqn,self,2,-0.6435,2.6608,64,2026-06-09T16:50:50
25773,pool:gen_001,dqn,1,2.0667,-1.5717,64,2026-06-09T16:50:52
25774,dqn,self,1,1.3860,-1.7697,64,2026-06-09T16:50:54
25775,self,dqn,2,-0.8415,2.3885,64,2026-06-09T16:50:56
25776,dqn,pool:gen_002,1,1.8687,-2.0296,64,2026-06-09T16:50:58
25777,pool:prev_best:run_pts_004,dqn,1,1.9306,-1.7821,64,2026-06-09T16:51:00
25778,dqn,self,2,-0.6558,2.4256,64,2026-06-09T16:51:03
25779,pool:gen_001,dqn,1,1.8316,-1.7326,64,2026-06-09T16:51:05
25780,dqn,pool:gen_001,1,1.5841,-1.5345,64,2026-06-09T16:51:07
25781,pool:gen_002,dqn,2,-0.9652,2.6731,64,2026-06-09T16:51:09
25782,dqn,heuristic,1,2.1781,-1.4231,64,2026-06-09T16:51:11
25783,pool:gen_001,dqn,1,2.2028,-1.9924,64,2026-06-09T16:51:13
25784,dqn,pool:gen_001,2,-0.7920,2.7722,64,2026-06-09T16:51:15
25785,pool:gen_001,dqn,1,2.3266,-2.2028,64,2026-06-09T16:51:17
25786,dqn,self,2,-0.6311,2.4875,64,2026-06-09T16:51:19
25787,heuristic,dqn,2,-0.4454,3.0816,64,2026-06-09T16:51:20
25788,dqn,self,2,-0.7796,2.6732,64,2026-06-09T16:51:23
25789,pool:prev_best:run_pts_004,dqn,1,2.0667,-1.7573,64,2026-06-09T16:51:25
25790,dqn,pool:gen_002,1,2.0419,-2.1162,64,2026-06-09T16:51:27
25791,self,dqn,1,1.3613,-1.8316,64,2026-06-09T16:51:29
25792,dqn,heuristic,1,2.1905,-1.5222,64,2026-06-09T16:51:31
25793,self,dqn,2,-0.7425,2.5989,64,2026-06-09T16:51:33
25794,dqn,pool:gen_002,1,1.8439,-1.9058,64,2026-06-09T16:51:35
25795,self,dqn,1,1.5222,-1.7449,64,2026-06-09T16:51:37
25796,dqn,pool:gen_001,2,-0.5444,2.7227,64,2026-06-09T16:51:39
25797,pool:gen_001,dqn,1,2.2400,-1.9924,64,2026-06-09T16:51:41
25798,dqn,pool:gen_001,2,-0.6063,2.8835,64,2026-06-09T16:51:43
25799,pool:gen_002,dqn,2,-0.9157,2.9083,64,2026-06-09T16:51:45
25800,dqn,self,2,-0.8910,2.7845,64,2026-06-09T16:51:47
25801,self,dqn,1,1.5964,-1.7449,64,2026-06-09T17:13:23
25802,dqn,self,2,-0.5321,2.4751,64,2026-06-09T17:13:25
25803,pool:gen_002,dqn,2,-0.7548,2.7722,64,2026-06-09T17:13:27
25804,dqn,pool:gen_001,2,-0.5197,2.7103,64,2026-06-09T17:13:29
25805,self,dqn,1,1.6212,-1.8316,64,2026-06-09T17:13:31
25806,dqn,pool:prev_best:run_pts_004,1,1.7944,-1.5840,64,2026-06-09T17:13:33
25807,pool:gen_001,dqn,1,1.9553,-1.7202,64,2026-06-09T17:13:35
25808,dqn,self,2,-0.9033,2.6979,64,2026-06-09T17:13:38
25809,pool:gen_002,dqn,2,-0.9157,2.9083,64,2026-06-09T17:13:40
25810,dqn,self,1,1.5717,-1.5098,64,2026-06-09T17:13:42
25811,self,dqn,2,-0.6063,2.5865,64,2026-06-09T17:13:45
25812,dqn,heuristic,1,2.0048,-1.5593,64,2026-06-09T17:13:47
25813,self,dqn,1,1.4479,-1.7821,64,2026-06-09T17:13:49
25814,dqn,self,1,1.4108,-1.9677,64,2026-06-09T17:13:51
25815,pool:gen_001,dqn,1,1.7449,-1.3737,64,2026-06-09T17:13:54
25816,dqn,pool:gen_002,1,1.9801,-1.9182,64,2026-06-09T17:13:56
25817,pool:gen_002,dqn,2,-0.7053,2.7103,64,2026-06-09T17:13:58
25818,dqn,pool:gen_001,1,1.4479,-1.7821,64,2026-06-09T17:14:00
25819,self,dqn,1,1.6212,-1.8316,64,2026-06-09T17:14:03
25820,dqn,self,1,2.1657,-2.4008,64,2026-06-09T17:14:05
25821,self,dqn,1,1.4974,-1.6583,64,2026-06-09T17:14:08
25822,dqn,pool:gen_002,1,2.1409,-2.2400,64,2026-06-09T17:14:10
25823,pool:prev_best:run_pts_004,dqn,1,1.9182,-1.9801,64,2026-06-09T17:14:13
25824,dqn,heuristic,1,2.1286,-1.5098,64,2026-06-09T17:14:15
25825,self,dqn,2,-1.0024,2.6731,64,2026-06-09T17:14:17
25826,dqn,pool:gen_001,2,-0.7920,2.5494,64,2026-06-09T17:14:19
25827,self,dqn,2,-0.7920,2.5865,64,2026-06-09T17:14:22
25828,dqn,pool:prev_best:run_pts_004,1,1.6336,-1.5964,64,2026-06-09T17:14:24
25829,self,dqn,2,-0.6558,2.6113,64,2026-06-09T17:14:26
25830,dqn,pool:gen_002,1,1.9677,-2.0048,64,2026-06-09T17:14:29
25831,self,dqn,2,-0.5321,2.4380,64,2026-06-09T17:14:31
25832,dqn,self,1,1.4355,-1.7202,64,2026-06-09T17:14:33
25833,pool:gen_001,dqn,1,1.7449,-1.4479,64,2026-06-09T17:14:35
25834,dqn,pool:gen_001,1,1.6954,-1.5717,64,2026-06-09T17:14:37
25835,self,dqn,1,1.7202,-1.5840,64,2026-06-09T17:14:39
25836,dqn,self,1,1.2623,-1.7078,64,2026-06-09T17:14:42
25837,heuristic,dqn,2,-0.5816,3.0939,64,2026-06-09T17:14:44
25838,dqn,self,1,1.4850,-1.8192,64,2026-06-09T17:14:46
25839,heuristic,dqn,2,-0.5321,2.6608,64,2026-06-09T17:14:48
25840,dqn,self,1,1.3489,-1.7326,64,2026-06-09T17:14:51
25841,heuristic,dqn,2,-0.4949,3.1434,64,2026-06-09T17:14:52
25842,dqn,pool:gen_002,1,2.0296,-2.0172,64,2026-06-09T17:14:55
25843,self,dqn,1,1.5840,-1.7202,64,2026-06-09T17:14:57
25844,dqn,pool:gen_001,1,1.7697,-1.6088,64,2026-06-09T17:14:59
25845,self,dqn,2,-0.7053,2.7103,64,2026-06-09T17:15:01
25846,dqn,self,2,-0.3588,2.3143,64,2026-06-09T17:15:03
25847,pool:gen_002,dqn,2,-0.8662,2.6979,64,2026-06-09T17:15:06
25848,dqn,pool:gen_002,1,1.7697,-1.9801,64,2026-06-09T17:15:08
25849,self,dqn,2,-0.7053,2.6732,64,2026-06-09T17:15:11
25850,dqn,self,2,-1.1261,2.8464,64,2026-06-09T17:15:13
25851,pool:gen_001,dqn,1,1.7078,-1.5222,64,2026-06-09T17:15:15
25852,dqn,pool:prev_best:run_pts_004,1,1.8811,-1.7202,64,2026-06-09T17:15:17
25853,pool:gen_002,dqn,2,-0.8043,2.4628,64,2026-06-09T17:15:19
25854,dqn,pool:prev_best:run_pts_004,1,1.5345,-1.6212,64,2026-06-09T17:15:21
25855,pool:gen_001,dqn,1,1.7573,-1.5840,64,2026-06-09T17:15:23
25856,dqn,self,1,1.4355,-1.7202,64,2026-06-09T17:15:26
25857,pool:gen_001,dqn,1,1.7326,-1.5345,64,2026-06-09T17:15:27
25858,dqn,pool:gen_001,1,1.6954,-1.6831,64,2026-06-09T17:15:30
25859,pool:gen_002,dqn,1,1.6831,-1.6583,64,2026-06-09T17:15:32
25860,dqn,self,2,-0.6435,2.5494,64,2026-06-09T17:15:35
25861,heuristic,dqn,2,-0.3835,3.2548,64,2026-06-09T17:15:37
25862,dqn,pool:gen_001,2,-0.4578,2.5123,64,2026-06-09T17:15:39
25863,self,dqn,1,1.7078,-1.9306,64,2026-06-09T17:15:41
25864,dqn,self,2,-0.9900,2.7226,64,2026-06-09T17:15:44
25865,self,dqn,2,-0.9652,2.8588,64,2026-06-09T17:15:46
25866,dqn,pool:gen_001,1,1.5964,-1.5222,64,2026-06-09T17:15:48
25867,pool:gen_001,dqn,2,-0.2227,2.3390,64,2026-06-09T17:15:50
25868,dqn,pool:gen_002,1,1.8192,-1.7449,64,2026-06-09T17:15:53
25869,pool:gen_001,dqn,1,1.5964,-1.5964,64,2026-06-09T17:15:55
25870,dqn,self,2,-0.7053,2.4133,64,2026-06-09T17:15:57
25871,self,dqn,1,1.5840,-1.7202,64,2026-06-09T17:15:59
25872,dqn,pool:gen_001,1,1.7078,-1.7821,64,2026-06-09T17:16:02
25873,self,dqn,1,1.6088,-1.8068,64,2026-06-09T17:16:04
25874,dqn,self,2,-0.6930,2.2771,64,2026-06-09T17:16:06
25875,pool:gen_001,dqn,2,-0.3836,2.6979,64,2026-06-09T17:16:08
25876,dqn,pool:gen_001,1,1.6583,-1.6831,64,2026-06-09T17:16:11
25877,self,dqn,1,1.6954,-1.9429,64,2026-06-09T17:16:13
25878,dqn,heuristic,1,3.5394,-2.2523,64,2026-06-09T17:16:15
25879,pool:gen_001,dqn,1,1.6088,-1.6583,64,2026-06-09T17:16:17
25880,dqn,pool:prev_best:run_pts_004,1,1.6583,-1.6459,64,2026-06-09T17:16:19
25881,pool:prev_best:run_pts_004,dqn,2,-0.5816,2.6113,64,2026-06-09T17:16:21
25882,dqn,pool:gen_001,2,-0.4949,2.5123,64,2026-06-09T17:16:23
25883,pool:gen_002,dqn,2,-0.6806,2.3638,64,2026-06-09T17:16:25
25884,dqn,pool:gen_001,2,-0.4949,2.5123,64,2026-06-09T17:16:27
25885,pool:gen_002,dqn,2,-0.5445,2.3143,64,2026-06-09T17:16:30
25886,dqn,pool:prev_best:run_pts_004,1,1.6583,-1.4603,64,2026-06-09T17:16:32
25887,pool:gen_002,dqn,2,-0.5445,2.3143,64,2026-06-09T17:16:34
25888,dqn,self,1,1.6459,-1.6583,64,2026-06-09T17:16:36
25889,pool:gen_001,dqn,1,1.5841,-1.6459,64,2026-06-09T17:16:38
25890,dqn,pool:gen_002,2,-0.7796,2.3390,64,2026-06-09T17:16:40
25891,pool:gen_001,dqn,2,-0.5816,2.3885,64,2026-06-09T17:16:42
25892,dqn,pool:prev_best:run_pts_004,1,1.5964,-1.4850,64,2026-06-09T17:16:44
25893,pool:gen_002,dqn,2,-0.5692,2.3638,64,2026-06-09T17:16:47
25894,dqn,self,2,-1.2127,2.9083,64,2026-06-09T17:16:49
25895,pool:gen_002,dqn,2,-0.5940,2.5246,64,2026-06-09T17:16:51
25896,dqn,self,1,1.8811,-1.6459,64,2026-06-09T17:16:54
25897,self,dqn,2,-0.6311,2.5618,64,2026-06-09T17:16:56
25898,dqn,self,2,-0.5692,2.4380,64,2026-06-09T17:16:58
25899,pool:gen_001,dqn,1,1.7326,-1.7202,64,2026-06-09T17:17:01
25900,dqn,self,1,1.6707,-1.7078,64,2026-06-09T17:17:03
25901,self,dqn,1,1.5469,-1.8687,64,2026-06-09T17:39:36
25902,dqn,self,2,-0.6187,2.2400,64,2026-06-09T17:39:38
25903,pool:prev_best:run_pts_004,dqn,1,1.5593,-1.7449,64,2026-06-09T17:39:40
25904,dqn,pool:gen_002,1,1.5098,-1.9058,64,2026-06-09T17:39:43
25905,pool:gen_002,dqn,2,-0.3712,2.4504,64,2026-06-09T17:39:45
25906,dqn,pool:gen_001,2,-0.7177,2.6979,64,2026-06-09T17:39:47
25907,pool:gen_002,dqn,2,-0.6435,2.5123,64,2026-06-09T17:39:50
25908,dqn,pool:gen_002,1,1.3365,-1.7078,64,2026-06-09T17:39:52
25909,self,dqn,1,1.4850,-1.8192,64,2026-06-09T17:39:55
25910,dqn,pool:gen_001,2,-0.5940,2.4875,64,2026-06-09T17:39:57
25911,pool:gen_002,dqn,1,1.3613,-1.7944,64,2026-06-09T17:39:59
25912,dqn,self,1,1.4108,-1.6336,64,2026-06-09T17:40:02
25913,self,dqn,1,1.6212,-1.6459,64,2026-06-09T17:40:04
25914,dqn,pool:gen_001,1,1.5222,-1.7078,64,2026-06-09T17:40:06
25915,self,dqn,2,-0.6187,2.3885,64,2026-06-09T17:40:09
25916,dqn,self,1,1.4603,-1.8439,64,2026-06-09T17:40:12
25917,pool:gen_001,dqn,1,1.9058,-1.9553,64,2026-06-09T17:40:14
25918,dqn,self,1,1.7573,-2.1038,64,2026-06-09T17:40:16
25919,pool:prev_best:run_pts_004,dqn,1,1.9306,-2.0419,64,2026-06-09T17:40:18
25920,dqn,self,1,1.6335,-1.8192,64,2026-06-09T17:40:21
25921,self,dqn,1,1.9306,-1.7078,64,2026-06-09T17:40:23
25922,dqn,self,2,-0.6682,2.6360,64,2026-06-09T17:40:25
25923,heuristic,dqn,1,1.8687,-1.4727,64,2026-06-09T17:40:28
25924,dqn,self,2,-0.5692,2.2895,64,2026-06-09T17:40:30
25925,pool:prev_best:run_pts_004,dqn,1,1.4355,-1.7202,64,2026-06-09T17:40:32
25926,dqn,pool:gen_001,2,-0.4826,2.4875,64,2026-06-09T17:40:35
25927,pool:gen_002,dqn,2,-1.0024,2.5618,64,2026-06-09T17:40:37
25928,dqn,self,1,1.7326,-1.9801,64,2026-06-09T17:40:40
25929,pool:gen_002,dqn,2,-0.7425,2.5618,64,2026-06-09T17:40:42
25930,dqn,pool:gen_001,1,1.6336,-1.5593,64,2026-06-09T17:40:44
25931,pool:prev_best:run_pts_004,dqn,1,1.7821,-1.8934,64,2026-06-09T17:40:46
25932,dqn,pool:prev_best:run_pts_004,2,-0.5444,2.5742,64,2026-06-09T17:40:49
25933,pool:gen_002,dqn,2,-0.9900,2.6855,64,2026-06-09T17:40:51
25934,dqn,pool:gen_002,1,1.9429,-2.1410,64,2026-06-09T17:40:54
25935,heuristic,dqn,1,1.7202,-1.6212,64,2026-06-09T17:40:56
25936,dqn,pool:gen_001,2,-0.5816,2.6484,64,2026-06-09T17:40:59
25937,pool:gen_001,dqn,1,1.7821,-1.8934,64,2026-06-09T17:41:01
25938,dqn,pool:gen_001,2,-0.6806,2.6237,64,2026-06-09T17:41:05
25939,self,dqn,2,-0.7053,2.6360,64,2026-06-09T17:41:08
25940,dqn,pool:gen_002,1,1.7202,-2.0667,64,2026-06-09T17:41:11
25941,heuristic,dqn,1,1.8439,-1.5717,64,2026-06-09T17:41:14
25942,dqn,pool:gen_001,1,1.5222,-1.5593,64,2026-06-09T17:41:17
25943,self,dqn,1,1.6212,-1.6088,64,2026-06-09T17:41:19
25944,dqn,pool:gen_001,1,1.5222,-1.5593,64,2026-06-09T17:41:22
25945,self,dqn,2,-0.5321,2.2895,64,2026-06-09T17:41:26
25946,dqn,pool:gen_002,1,1.6335,-1.8563,64,2026-06-09T17:41:28
25947,self,dqn,2,-1.0271,2.6484,64,2026-06-09T17:41:31
25948,dqn,self,1,1.6335,-1.8192,64,2026-06-09T17:41:34
25949,self,dqn,2,-0.8043,2.6855,64,2026-06-09T17:41:37
25950,dqn,pool:gen_001,2,-0.5940,2.5247,64,2026-06-09T17:41:39
25951,self,dqn,1,2.1409,-2.2028,64,2026-06-09T17:41:41
25952,dqn,self,2,-0.6682,2.9702,64,2026-06-09T17:41:44
25953,self,dqn,2,-0.9281,2.4504,64,2026-06-09T17:41:47
25954,dqn,self,2,-0.7672,2.3143,64,2026-06-09T17:41:50
25955,heuristic,dqn,2,-0.4454,2.8217,64,2026-06-09T17:41:52
25956,dqn,pool:gen_002,1,1.8316,-2.1038,64,2026-06-09T17:41:54
25957,pool:gen_001,dqn,1,1.8811,-1.9429,64,2026-06-09T17:41:56
25958,dqn,self,1,1.3860,-1.6954,64,2026-06-09T17:41:59
25959,pool:gen_001,dqn,1,1.7449,-1.9677,64,2026-06-09T17:42:02
25960,dqn,self,2,-0.6806,2.5494,64,2026-06-09T17:42:04
25961,pool:gen_002,dqn,2,-0.9529,2.5370,64,2026-06-09T17:42:06
25962,dqn,self,1,1.4603,-1.8068,64,2026-06-09T17:42:09
25963,self,dqn,1,1.7944,-2.0296,64,2026-06-09T17:42:12
25964,dqn,pool:gen_002,1,1.8316,-2.1038,64,2026-06-09T17:42:14
25965,pool:gen_001,dqn,1,1.7944,-2.1410,64,2026-06-09T17:42:16
25966,dqn,pool:gen_002,1,1.8934,-2.1905,64,2026-06-09T17:42:19
25967,self,dqn,2,-1.0023,2.9330,64,2026-06-09T17:42:21
25968,dqn,pool:gen_002,1,1.8316,-2.1038,64,2026-06-09T17:42:24
25969,pool:gen_002,dqn,2,-1.0519,2.6979,64,2026-06-09T17:42:26
25970,dqn,pool:prev_best:run_pts_004,2,-0.6930,2.3143,64,2026-06-09T17:42:28
25971,pool:gen_002,dqn,2,-0.9157,2.5370,64,2026-06-09T17:42:30
25972,dqn,pool:gen_002,1,1.8316,-2.1038,64,2026-06-09T17:42:33
25973,self,dqn,1,1.5469,-1.8687,64,2026-06-09T17:42:35
25974,dqn,self,1,2.1533,-2.2276,64,2026-06-09T17:42:38
25975,self,dqn,2,-0.4702,2.1286,64,2026-06-09T17:42:40
25976,dqn,self,2,-0.5816,2.3143,64,2026-06-09T17:42:43
25977,self,dqn,2,-1.1880,3.0815,64,2026-06-09T17:42:45
25978,dqn,self,2,-0.7177,2.6237,64,2026-06-09T17:42:47
25979,pool:prev_best:run_pts_004,dqn,1,1.3860,-1.8068,64,2026-06-09T17:42:49
25980,dqn,self,1,1.9306,-1.7078,64,2026-06-09T17:42:52
25981,self,dqn,2,-1.0890,2.8835,64,2026-06-09T17:42:55
25982,dqn,self,1,1.8934,-2.2276,64,2026-06-09T17:42:57
25983,pool:gen_001,dqn,2,-0.6558,2.4999,64,2026-06-09T17:42:59
25984,dqn,pool:gen_002,1,2.0296,-2.2028,64,2026-06-09T17:43:02
25985,pool:gen_002,dqn,2,-1.2251,3.1187,64,2026-06-09T17:43:04
25986,dqn,pool:gen_001,1,1.6088,-1.6583,64,2026-06-09T17:43:06
25987,pool:gen_002,dqn,2,-0.7920,2.6237,64,2026-06-09T17:43:09
25988,dqn,pool:gen_002,1,1.8439,-1.8316,64,2026-06-09T17:43:11
25989,pool:gen_001,dqn,2,-0.5816,2.3514,64,2026-06-09T17:43:13
25990,dqn,pool:gen_002,1,1.7573,-1.6583,64,2026-06-09T17:43:15
25991,pool:gen_002,dqn,2,-0.6930,2.6113,64,2026-06-09T17:43:18
25992,dqn,heuristic,1,1.8192,-1.4479,64,2026-06-09T17:43:20
25993,self,dqn,2,-1.0024,2.7474,64,2026-06-09T17:43:22
25994,dqn,self,1,1.9801,-1.8811,64,2026-06-09T17:43:24
25995,self,dqn,2,-0.7548,2.4380,64,2026-06-09T17:43:27
25996,dqn,self,1,1.5222,-1.6707,64,2026-06-09T17:43:29
25997,pool:gen_002,dqn,2,-1.0519,2.7722,64,2026-06-09T17:43:32
25998,dqn,pool:gen_002,1,1.8811,-1.9801,64,2026-06-09T17:43:34
25999,heuristic,dqn,2,-0.3341,2.8217,64,2026-06-09T17:43:36
26000,dqn,pool:gen_001,1,1.8687,-1.7697,64,2026-06-09T17:43:38
26001,self,dqn,2,-0.9405,2.7722,64,2026-06-09T18:07:05
26002,dqn,self,1,1.6831,-1.8811,64,2026-06-09T18:07:07
26003,self,dqn,1,1.7078,-1.5964,64,2026-06-09T18:07:09
26004,dqn,pool:gen_002,1,1.7449,-2.1162,64,2026-06-09T18:07:11
26005,self,dqn,1,1.5964,-1.5222,64,2026-06-09T18:07:13
26006,dqn,pool:gen_001,1,1.7326,-1.5717,64,2026-06-09T18:07:16
26007,pool:gen_001,dqn,2,-0.6682,2.5989,64,2026-06-09T18:07:18
26008,dqn,heuristic,1,1.7326,-1.4974,64,2026-06-09T18:07:19
26009,self,dqn,1,2.3885,-2.1409,64,2026-06-09T18:07:22
26010,dqn,pool:gen_001,1,1.9801,-2.0296,64,2026-06-09T18:07:23
26011,pool:gen_002,dqn,2,-1.0271,2.7226,64,2026-06-09T18:07:26
26012,dqn,self,1,1.4727,-1.7573,64,2026-06-09T18:07:28
26013,self,dqn,1,1.9429,-1.9924,64,2026-06-09T18:07:30
26014,dqn,pool:gen_001,1,1.7326,-1.7944,64,2026-06-09T18:07:32
26015,pool:gen_003,dqn,1,2.1533,-2.2647,64,2026-06-09T18:07:34
26016,dqn,heuristic,1,1.5841,-1.4232,64,2026-06-09T18:07:36
26017,self,dqn,2,-0.4331,2.3885,64,2026-06-09T18:07:38
26018,dqn,pool:gen_003,2,-0.4826,2.8217,64,2026-06-09T18:07:40
26019,pool:gen_003,dqn,1,2.0543,-2.1781,64,2026-06-09T18:07:42
26020,dqn,pool:gen_002,1,1.8811,-2.0915,64,2026-06-09T18:07:44
26021,self,dqn,1,1.3613,-1.8316,64,2026-06-09T18:07:46
26022,dqn,pool:gen_001,1,1.4603,-1.6954,64,2026-06-09T18:07:49
26023,self,dqn,1,1.4232,-1.8440,64,2026-06-09T18:07:51
26024,dqn,self,1,1.7325,-2.0172,64,2026-06-09T18:07:53
26025,heuristic,dqn,2,-0.4083,2.5247,64,2026-06-09T18:07:55
26026,dqn,pool:gen_001,2,-0.7177,2.5123,64,2026-06-09T18:07:57
26027,pool:prev_best:run_pts_004,dqn,1,1.6583,-1.7573,64,2026-06-09T18:07:59
26028,dqn,pool:gen_003,2,-0.9281,2.8959,64,2026-06-09T18:08:01
26029,heuristic,dqn,1,1.6088,-1.6212,64,2026-06-09T18:08:03
26030,dqn,pool:gen_003,2,-1.0890,3.0320,64,2026-06-09T18:08:05
26031,pool:gen_003,dqn,2,-0.5445,2.4628,64,2026-06-09T18:08:07
26032,dqn,self,2,-0.8415,2.6855,64,2026-06-09T18:08:09
26033,pool:gen_001,dqn,2,-0.5940,2.2648,64,2026-06-09T18:08:11
26034,dqn,pool:gen_001,1,1.4479,-1.7078,64,2026-06-09T18:08:13
26035,self,dqn,1,2.2647,-2.0048,64,2026-06-09T18:08:15
26036,dqn,heuristic,1,1.8687,-1.4727,64,2026-06-09T18:08:17
26037,pool:gen_003,dqn,1,1.7821,-2.0048,64,2026-06-09T18:08:18
26038,dqn,pool:gen_001,1,1.6583,-1.8316,64,2026-06-09T18:08:20
26039,pool:gen_002,dqn,2,-1.0147,2.6979,64,2026-06-09T18:08:23
26040,dqn,pool:gen_003,1,1.5469,-1.7202,64,2026-06-09T18:08:25
26041,self,dqn,1,1.7944,-1.6212,64,2026-06-09T18:08:27
26042,dqn,pool:gen_001,1,1.7078,-1.8563,64,2026-06-09T18:08:28
26043,self,dqn,2,-0.7548,2.5123,64,2026-06-09T18:08:31
26044,dqn,pool:prev_best:run_pts_004,1,1.7697,-1.9058,64,2026-06-09T18:08:32
26045,self,dqn,1,1.6583,-1.8687,64,2026-06-09T18:08:35
26046,dqn,self,1,1.5469,-1.8316,64,2026-06-09T18:08:37
26047,self,dqn,2,-0.5940,2.3390,64,2026-06-09T18:08:40
26048,dqn,pool:gen_003,2,-1.2994,3.2300,64,2026-06-09T18:08:42
26049,self,dqn,2,-0.8786,2.6484,64,2026-06-09T18:08:44
26050,dqn,self,2,-0.7425,2.7103,64,2026-06-09T18:08:46
26051,pool:gen_001,dqn,1,1.6212,-1.7944,64,2026-06-09T18:08:48
26052,dqn,pool:prev_best:run_pts_004,1,1.4850,-1.5222,64,2026-06-09T18:08:50
26053,heuristic,dqn,2,-0.2722,2.8836,64,2026-06-09T18:08:52
26054,dqn,self,1,1.8192,-2.0048,64,2026-06-09T18:08:54
26055,self,dqn,2,-0.8043,2.6113,64,2026-06-09T18:08:57
26056,dqn,self,2,-0.9776,2.7722,64,2026-06-09T18:08:59
26057,self,dqn,1,2.2523,-2.3885,64,2026-06-09T18:09:01
26058,dqn,pool:gen_003,2,-1.0766,2.9702,64,2026-06-09T18:09:03
26059,self,dqn,2,-0.8538,2.7474,64,2026-06-09T18:09:05
26060,dqn,self,1,1.6088,-1.7697,64,2026-06-09T18:09:07
26061,self,dqn,1,2.0914,-2.2152,64,2026-06-09T18:09:09
26062,dqn,heuristic,1,2.0915,-1.7697,64,2026-06-09T18:09:12
26063,self,dqn,2,-0.6558,2.5742,64,2026-06-09T18:09:14
26064,dqn,pool:prev_best:run_pts_004,2,-0.8538,2.5246,64,2026-06-09T18:09:16
26065,self,dqn,1,1.5469,-1.8687,64,2026-06-09T18:09:18
26066,dqn,self,1,2.0172,-2.1038,64,2026-06-09T18:09:21
26067,self,dqn,2,-0.6682,2.4875,64,2026-06-09T18:09:23
26068,dqn,pool:gen_001,2,-0.4207,2.4752,64,2026-06-09T18:09:25
26069,self,dqn,2,-0.5197,2.5247,64,2026-06-09T18:09:27
26070,dqn,pool:gen_002,1,1.6707,-1.9306,64,2026-06-09T18:09:29
26071,self,dqn,1,1.6583,-1.8687,64,2026-06-09T18:09:31
26072,dqn,heuristic,1,2.1657,-1.5098,64,2026-06-09T18:09:33
26073,pool:gen_002,dqn,2,-0.9157,2.6113,64,2026-06-09T18:09:35
26074,dqn,pool:gen_002,1,2.1657,-2.1409,64,2026-06-09T18:09:37
26075,pool:prev_best:run_pts_004,dqn,2,-0.7177,2.5494,64,2026-06-09T18:09:40
26076,dqn,pool:gen_001,1,1.6459,-1.6212,64,2026-06-09T18:09:42
26077,self,dqn,1,1.6831,-1.6583,64,2026-06-09T18:09:44
26078,dqn,pool:gen_002,1,1.9677,-2.0419,64,2026-06-09T18:09:46
26079,self,dqn,1,1.8811,-2.0915,64,2026-06-09T18:09:48
26080,dqn,pool:gen_002,1,1.8316,-2.1038,64,2026-06-09T18:09:51
26081,pool:gen_003,dqn,1,2.0419,-2.2647,64,2026-06-09T18:09:53
26082,dqn,self,1,2.0048,-2.2647,64,2026-06-09T18:09:55
26083,pool:gen_002,dqn,2,-1.0271,2.7598,64,2026-06-09T18:09:57
26084,dqn,pool:gen_003,2,-1.3117,3.2177,64,2026-06-09T18:09:59
26085,self,dqn,2,-0.4702,2.2771,64,2026-06-09T18:10:01
26086,dqn,pool:prev_best:run_pts_004,1,1.5469,-1.6459,64,2026-06-09T18:10:03
26087,pool:gen_001,dqn,2,-0.7177,2.5494,64,2026-06-09T18:10:06
26088,dqn,self,1,1.5098,-1.7202,64,2026-06-09T18:10:08
26089,pool:prev_best:run_pts_004,dqn,2,-0.5692,2.6237,64,2026-06-09T18:10:10
26090,dqn,self,1,1.6212,-1.6831,64,2026-06-09T18:10:12
26091,pool:gen_003,dqn,1,1.8687,-1.9924,64,2026-06-09T18:10:14
26092,dqn,pool:gen_003,2,-1.0395,2.8959,64,2026-06-09T18:10:16
26093,self,dqn,2,-0.9405,2.5865,64,2026-06-09T18:10:18
26094,dqn,pool:gen_002,1,2.0048,-2.1533,64,2026-06-09T18:10:21
26095,pool:gen_003,dqn,1,2.0791,-2.1905,64,2026-06-09T18:10:23
26096,dqn,pool:gen_002,1,1.9801,-2.1781,64,2026-06-09T18:10:25
26097,pool:gen_003,dqn,1,1.9924,-2.2400,64,2026-06-09T18:10:27
26098,dqn,self,2,-0.8662,2.6608,64,2026-06-09T18:10:29
26099,pool:gen_001,dqn,1,1.6583,-1.6459,64,2026-06-09T18:10:31
26100,dqn,pool:gen_001,1,1.6583,-1.7573,64,2026-06-09T18:10:33
26101,pool:gen_001,dqn,2,-0.6682,2.5618,64,2026-06-09T18:42:01
26102,dqn,self,2,-0.9776,2.7722,64,2026-06-09T18:42:06
26103,self,dqn,1,1.4850,-1.8192,64,2026-06-09T18:42:09
26104,dqn,pool:gen_003,2,-1.0890,2.9207,64,2026-06-09T18:42:13
26105,pool:gen_003,dqn,1,1.9058,-2.3266,64,2026-06-09T18:42:16
26106,dqn,self,2,-0.6558,2.4256,64,2026-06-09T18:42:19
26107,self,dqn,2,-0.8415,3.0197,64,2026-06-09T18:42:23
26108,dqn,pool:gen_003,2,-1.0023,2.9702,64,2026-06-09T18:42:26
26109,self,dqn,1,1.9182,-2.0915,64,2026-06-09T18:42:29
26110,dqn,pool:gen_001,2,-0.5816,2.4999,64,2026-06-09T18:42:32
26111,pool:prev_best:run_pts_004,dqn,1,1.5345,-1.7326,64,2026-06-09T18:42:34
26112,dqn,self,1,1.8439,-1.7573,64,2026-06-09T18:42:38
26113,pool:gen_003,dqn,1,2.0296,-1.9429,64,2026-06-09T18:42:41
26114,dqn,pool:gen_001,2,-0.6063,2.4009,64,2026-06-09T18:42:44
26115,pool:gen_001,dqn,1,1.5964,-1.5964,64,2026-06-09T18:42:46
26116,dqn,self,1,1.4232,-1.7326,64,2026-06-09T18:42:50
26117,pool:gen_003,dqn,1,2.1904,-2.2647,64,2026-06-09T18:42:53
26118,dqn,self,1,1.7078,-1.6336,64,2026-06-09T18:42:56
26119,self,dqn,1,1.7821,-2.0048,64,2026-06-09T18:42:59
26120,dqn,pool:gen_001,2,-0.5940,2.5989,64,2026-06-09T18:43:02
26121,self,dqn,2,-0.6435,2.1781,64,2026-06-09T18:43:05
26122,dqn,pool:gen_003,2,-1.0271,3.0568,64,2026-06-09T18:43:08
26123,self,dqn,1,1.6831,-1.6954,64,2026-06-09T18:43:11
26124,dqn,pool:gen_003,2,-1.1014,2.9454,64,2026-06-09T18:43:14
26125,self,dqn,2,-0.8910,2.5989,64,2026-06-09T18:43:17
26126,dqn,self,2,-0.6063,2.2895,64,2026-06-09T18:43:20
26127,pool:gen_002,dqn,2,-0.9776,2.8464,64,2026-06-09T18:43:23
26128,dqn,pool:gen_002,1,1.5345,-1.8811,64,2026-06-09T18:43:26
26129,pool:gen_001,dqn,1,1.6212,-1.7202,64,2026-06-09T18:43:28
26130,dqn,pool:prev_best:run_pts_004,2,-0.5445,2.4256,64,2026-06-09T18:43:30
26131,self,dqn,1,1.8811,-2.0915,64,2026-06-09T18:43:33
26132,dqn,pool:gen_001,2,-0.5321,2.5494,64,2026-06-09T18:43:36
26133,pool:gen_001,dqn,1,1.5964,-1.5964,64,2026-06-09T18:43:39
26134,dqn,pool:gen_002,1,1.9306,-1.7821,64,2026-06-09T18:43:42
26135,self,dqn,1,2.0419,-2.1162,64,2026-06-09T18:43:45
26136,dqn,self,2,-1.0766,2.8588,64,2026-06-09T18:43:47
26137,self,dqn,1,1.7697,-1.9429,64,2026-06-09T18:43:50
26138,dqn,pool:gen_001,2,-0.5321,2.5494,64,2026-06-09T18:43:52
26139,self,dqn,1,1.6335,-1.9306,64,2026-06-09T18:43:55
26140,dqn,self,1,1.5345,-1.9182,64,2026-06-09T18:43:58
26141,pool:gen_003,dqn,1,1.9182,-1.9801,64,2026-06-09T18:44:01
26142,dqn,self,2,-0.7672,2.4999,64,2026-06-09T18:44:03
26143,pool:gen_001,dqn,2,-0.7053,2.6360,64,2026-06-09T18:44:06
26144,dqn,pool:gen_001,1,1.5593,-1.4850,64,2026-06-09T18:44:09
26145,self,dqn,2,-0.5073,2.3143,64,2026-06-09T18:44:12
26146,dqn,self,2,-0.6435,2.2153,64,2026-06-09T18:44:15
26147,heuristic,dqn,2,-0.5197,3.0444,64,2026-06-09T18:44:18
26148,dqn,pool:gen_002,1,2.0791,-2.0791,64,2026-06-09T18:44:21
26149,self,dqn,2,-0.5940,2.4875,64,2026-06-09T18:44:24
26150,dqn,pool:gen_001,1,1.5841,-1.5345,64,2026-06-09T18:44:28
26151,pool:gen_002,dqn,2,-0.7672,2.6484,64,2026-06-09T18:44:31
26152,dqn,self,2,-0.8291,2.5865,64,2026-06-09T18:44:34
26153,self,dqn,2,-0.8415,2.4999,64,2026-06-09T18:44:37
26154,dqn,self,2,-0.4950,2.2895,64,2026-06-09T18:44:40
26155,self,dqn,1,1.8934,-1.8934,64,2026-06-09T18:44:43
26156,dqn,self,1,1.6088,-1.8811,64,2026-06-09T18:44:46
26157,pool:prev_best:run_pts_004,dqn,1,1.5346,-1.5469,64,2026-06-09T18:44:48
26158,dqn,heuristic,1,2.2152,-1.6459,64,2026-06-09T18:44:51
26159,pool:gen_002,dqn,2,-0.6311,2.3019,64,2026-06-09T18:44:54
26160,dqn,self,1,2.0667,-1.9801,64,2026-06-09T18:44:57
26161,pool:gen_002,dqn,2,-0.7548,2.4380,64,2026-06-09T18:45:00
26162,dqn,self,2,-0.3836,2.7350,64,2026-06-09T18:45:03
26163,self,dqn,1,2.0419,-1.9677,64,2026-06-09T18:45:06
26164,dqn,heuristic,1,2.3142,-1.6954,64,2026-06-09T18:45:09
26165,self,dqn,2,-0.7796,2.5246,64,2026-06-09T18:45:12
26166,dqn,pool:gen_002,1,1.6707,-1.6707,64,2026-06-09T18:45:15
26167,pool:gen_001,dqn,1,1.6707,-1.7078,64,2026-06-09T18:45:18
26168,dqn,self,1,1.4974,-1.8811,64,2026-06-09T18:45:21
26169,pool:gen_002,dqn,2,-0.6558,2.3885,64,2026-06-09T18:45:24
26170,dqn,self,1,2.1038,-1.7944,64,2026-06-09T18:45:27
26171,self,dqn,2,-0.4455,2.3390,64,2026-06-09T18:45:30
26172,dqn,pool:gen_001,2,-0.6435,2.6237,64,2026-06-09T18:45:32
26173,self,dqn,1,1.3489,-1.7326,64,2026-06-09T18:45:35
26174,dqn,pool:gen_002,1,1.7821,-1.7078,64,2026-06-09T18:45:39
26175,heuristic,dqn,2,-0.6187,3.1311,64,2026-06-09T18:45:41
26176,dqn,pool:gen_003,2,-0.9033,2.6979,64,2026-06-09T18:45:45
26177,self,dqn,1,1.8316,-1.8068,64,2026-06-09T18:45:48
26178,dqn,pool:gen_001,2,-0.5816,2.4999,64,2026-06-09T18:45:50
26179,pool:gen_001,dqn,1,1.6583,-1.6831,64,2026-06-09T18:45:53
26180,dqn,pool:gen_002,1,1.7202,-1.8439,64,2026-06-09T18:45:56
26181,pool:gen_001,dqn,1,1.6212,-1.6088,64,2026-06-09T18:45:59
26182,dqn,pool:gen_001,2,-0.6558,2.6484,64,2026-06-09T18:46:02
26183,pool:gen_003,dqn,1,2.0543,-2.1781,64,2026-06-09T18:46:06
26184,dqn,pool:gen_002,2,-0.5321,2.4009,64,2026-06-09T18:46:09
26185,self,dqn,2,-0.8291,2.6979,64,2026-06-09T18:46:12
26186,dqn,pool:gen_003,2,-0.9900,2.9083,64,2026-06-09T18:46:15
26187,self,dqn,1,1.9058,-2.1781,64,2026-06-09T18:46:19
26188,dqn,pool:gen_003,2,-1.0023,2.7845,64,2026-06-09T18:46:22
26189,self,dqn,1,1.4850,-1.7078,64,2026-06-09T18:46:25
26190,dqn,pool:gen_003,2,-0.8786,2.6484,64,2026-06-09T18:46:29
26191,pool:gen_003,dqn,1,1.8563,-2.0791,64,2026-06-09T18:46:32
26192,dqn,self,1,2.3637,-1.9801,64,2026-06-09T18:46:35
26193,self,dqn,1,1.9553,-1.9801,64,2026-06-09T18:46:38
26194,dqn,self,1,1.4603,-1.6583,64,2026-06-09T18:46:41
26195,pool:gen_003,dqn,1,1.8687,-2.0667,64,2026-06-09T18:46:45
26196,dqn,pool:prev_best:run_pts_004,2,-0.5445,2.4256,64,2026-06-09T18:46:47
26197,pool:gen_002,dqn,2,-0.6930,2.3885,64,2026-06-09T18:46:51
26198,dqn,self,1,1.9429,-2.1410,64,2026-06-09T18:46:54
26199,pool:gen_003,dqn,1,1.9058,-2.0667,64,2026-06-09T18:46:57
26200,dqn,pool:gen_003,2,-1.1137,3.0073,64,2026-06-09T18:47:00
26201,self,dqn,2,-0.5197,2.4504,64,2026-06-09T19:21:13
26202,dqn,pool:gen_002,1,1.9429,-1.8439,64,2026-06-09T19:21:15
26203,pool:gen_001,dqn,1,1.6212,-1.6459,64,2026-06-09T19:21:17
26204,dqn,pool:gen_003,2,-1.0395,2.8959,64,2026-06-09T19:21:19
26205,self,dqn,2,-0.8539,2.3390,64,2026-06-09T19:21:22
26206,dqn,heuristic,1,2.4627,-1.2499,64,2026-06-09T19:21:24
26207,pool:gen_002,dqn,1,2.0048,-1.5964,64,2026-06-09T19:21:26
26208,dqn,self,1,1.8192,-1.8192,64,2026-06-09T19:21:29
26209,pool:gen_001,dqn,1,1.6336,-1.7078,64,2026-06-09T19:21:31
26210,dqn,pool:gen_003,2,-0.5321,2.4380,64,2026-06-09T19:21:34
26211,self,dqn,2,-0.5073,2.3514,64,2026-06-09T19:21:36
26212,dqn,self,1,1.8934,-1.9677,64,2026-06-09T19:21:39
26213,self,dqn,2,-0.6311,2.6360,64,2026-06-09T19:21:41
26214,dqn,pool:gen_003,2,-0.6311,2.5618,64,2026-06-09T19:21:43
26215,pool:gen_001,dqn,1,1.6459,-1.6954,64,2026-06-09T19:21:45
26216,dqn,self,1,1.7078,-1.9306,64,2026-06-09T19:21:47
26217,self,dqn,1,1.9182,-1.9429,64,2026-06-09T19:21:49
26218,dqn,pool:gen_003,2,-0.6311,2.5989,64,2026-06-09T19:21:51
26219,self,dqn,1,1.8687,-1.9182,64,2026-06-09T19:21:53
26220,dqn,self,2,-0.4454,2.6732,64,2026-06-09T19:21:56
26221,self,dqn,1,1.7573,-1.9182,64,2026-06-09T19:21:58
26222,dqn,self,1,2.0419,-1.9306,64,2026-06-09T19:22:00
26223,pool:gen_001,dqn,1,1.6459,-1.6954,64,2026-06-09T19:22:02
26224,dqn,pool:gen_001,2,-0.6558,2.6484,64,2026-06-09T19:22:04
26225,pool:gen_002,dqn,2,-0.7425,2.7103,64,2026-06-09T19:22:06
26226,dqn,self,2,-0.3959,2.8341,64,2026-06-09T19:22:09
26227,pool:gen_002,dqn,2,-0.7053,3.0073,64,2026-06-09T19:22:11
26228,dqn,pool:gen_001,2,-0.6063,2.5123,64,2026-06-09T19:22:14
26229,pool:gen_001,dqn,1,1.5964,-1.7449,64,2026-06-09T19:22:16
26230,dqn,pool:gen_003,2,-0.6558,2.4999,64,2026-06-09T19:22:18
26231,self,dqn,1,1.5593,-1.7821,64,2026-06-09T19:22:20
26232,dqn,pool:prev_best:run_pts_004,2,-0.5073,2.3885,64,2026-06-09T19:22:22
26233,pool:gen_002,dqn,2,-0.9776,2.6608,64,2026-06-09T19:22:25
26234,dqn,self,1,2.1038,-2.2771,64,2026-06-09T19:22:27
26235,pool:gen_003,dqn,1,2.2028,-2.1409,64,2026-06-09T19:22:29
26236,dqn,pool:gen_001,2,-0.5568,2.5989,64,2026-06-09T19:22:31
26237,pool:gen_003,dqn,1,2.2028,-2.1409,64,2026-06-09T19:22:33
26238,dqn,self,1,1.7449,-1.6707,64,2026-06-09T19:22:36
26239,heuristic,dqn,1,1.9677,-1.7821,64,2026-06-09T19:22:38
26240,dqn,pool:gen_003,2,-0.8538,2.8588,64,2026-06-09T19:22:40
26241,pool:gen_001,dqn,1,1.7078,-1.5964,64,2026-06-09T19:22:42
26242,dqn,pool:gen_003,2,-0.9528,2.9825,64,2026-06-09T19:22:44
26243,self,dqn,1,2.3885,-2.1038,64,2026-06-09T19:22:46
26244,dqn,pool:gen_003,2,-0.8538,2.8588,64,2026-06-09T19:22:49
26245,self,dqn,1,2.1162,-2.0419,64,2026-06-09T19:22:51
26246,dqn,self,1,1.5840,-1.6831,64,2026-06-09T19:22:53
26247,self,dqn,1,1.3613,-1.7202,64,2026-06-09T19:22:55
26248,dqn,self,1,1.5469,-1.5717,64,2026-06-09T19:22:58
26249,pool:gen_001,dqn,1,1.7078,-1.6336,64,2026-06-09T19:23:00
26250,dqn,pool:gen_003,2,-0.8538,2.8217,64,2026-06-09T19:23:02
26251,self,dqn,2,-0.8167,2.7103,64,2026-06-09T19:23:04
26252,dqn,pool:gen_001,2,-0.5568,2.4504,64,2026-06-09T19:23:07
26253,pool:gen_003,dqn,1,2.1533,-1.9306,64,2026-06-09T19:23:09
26254,dqn,pool:gen_001,1,1.6088,-1.6954,64,2026-06-09T19:23:11
26255,pool:gen_001,dqn,2,-0.3959,2.4257,64,2026-06-09T19:23:13
26256,dqn,pool:gen_002,1,1.9182,-2.1286,64,2026-06-09T19:23:16
26257,pool:prev_best:run_pts_004,dqn,2,-0.5445,2.3514,64,2026-06-09T19:23:18
26258,dqn,self,1,1.5964,-1.6707,64,2026-06-09T19:23:20
26259,self,dqn,1,1.6459,-1.8811,64,2026-06-09T19:23:22
26260,dqn,self,1,1.6830,-1.9925,64,2026-06-09T19:23:24
26261,pool:gen_003,dqn,1,2.2400,-1.9924,64,2026-06-09T19:23:27
26262,dqn,pool:gen_002,1,1.7944,-1.7697,64,2026-06-09T19:23:29
26263,pool:gen_003,dqn,1,1.7573,-1.9924,64,2026-06-09T19:23:31
26264,dqn,self,2,-0.1856,2.5618,64,2026-06-09T19:23:33
26265,self,dqn,1,2.0791,-2.0419,64,2026-06-09T19:23:36
26266,dqn,pool:gen_003,2,-0.7796,2.8588,64,2026-06-09T19:23:38
26267,pool:gen_002,dqn,2,-0.7301,2.7227,64,2026-06-09T19:23:40
26268,dqn,heuristic,1,2.3761,-1.4479,64,2026-06-09T19:23:42
26269,self,dqn,1,1.8934,-1.7449,64,2026-06-09T19:23:44
26270,dqn,self,2,-0.8043,2.4999,64,2026-06-09T19:23:46
26271,pool:gen_003,dqn,1,2.2523,-2.0914,64,2026-06-09T19:23:48
26272,dqn,self,1,1.4727,-1.6459,64,2026-06-09T19:23:51
26273,pool:gen_003,dqn,1,2.0419,-1.9306,64,2026-06-09T19:23:53
26274,dqn,self,2,-0.4454,2.5618,64,2026-06-09T19:23:55
26275,pool:gen_003,dqn,1,2.3513,-1.9553,64,2026-06-09T19:23:58
26276,dqn,pool:gen_002,1,2.2028,-1.9553,64,2026-06-09T19:24:00
26277,self,dqn,2,-0.5445,2.2029,64,2026-06-09T19:24:02
26278,dqn,self,1,1.4727,-1.6831,64,2026-06-09T19:24:05
26279,pool:gen_003,dqn,1,2.1781,-1.9801,64,2026-06-09T19:24:07
26280,dqn,self,1,2.0667,-1.9801,64,2026-06-09T19:24:09
26281,pool:prev_best:run_pts_004,dqn,1,1.6707,-1.6707,64,2026-06-09T19:24:11
26282,dqn,pool:gen_003,2,-0.7796,2.6732,64,2026-06-09T19:24:13
26283,self,dqn,1,1.8068,-1.6459,64,2026-06-09T19:24:15
26284,dqn,self,1,1.5469,-1.6088,64,2026-06-09T19:24:18
26285,pool:prev_best:run_pts_004,dqn,2,-0.6187,2.4999,64,2026-06-09T19:24:19
26286,dqn,pool:gen_002,1,1.9677,-2.0791,64,2026-06-09T19:24:21
26287,self,dqn,1,1.7202,-1.5840,64,2026-06-09T19:24:24
26288,dqn,self,1,1.5098,-1.7202,64,2026-06-09T19:24:26
26289,pool:gen_001,dqn,2,-0.7920,2.8093,64,2026-06-09T19:24:28
26290,dqn,pool:gen_001,1,1.8439,-1.8316,64,2026-06-09T19:24:31
26291,pool:gen_003,dqn,2,-0.5197,2.4875,64,2026-06-09T19:24:33
26292,dqn,pool:prev_best:run_pts_004,1,1.7821,-1.6707,64,2026-06-09T19:24:35
26293,self,dqn,2,-0.7425,2.5989,64,2026-06-09T19:24:37
26294,dqn,pool:gen_003,2,-0.6311,2.6360,64,2026-06-09T19:24:39
26295,self,dqn,1,1.7202,-1.8811,64,2026-06-09T19:24:41
26296,dqn,self,1,1.3737,-1.7821,64,2026-06-09T19:24:43
26297,self,dqn,1,2.1162,-1.7820,64,2026-06-09T19:24:46
26298,dqn,self,1,1.5098,-1.7573,64,2026-06-09T19:24:48
26299,pool:gen_001,dqn,2,-0.6063,2.6237,64,2026-06-09T19:24:50
26300,dqn,self,2,-0.6930,2.6113,64,2026-06-09T19:24:52
26301,heuristic,dqn,2,-0.0865,2.6608,64,2026-06-09T20:04:53
26302,dqn,pool:gen_002,1,1.8687,-2.0667,64,2026-06-09T20:05:00
26303,self,dqn,1,1.5593,-1.7449,64,2026-06-09T20:05:06
26304,dqn,pool:gen_003,1,1.5964,-1.4108,64,2026-06-09T20:05:12
26305,pool:gen_002,dqn,2,-1.2251,2.9330,64,2026-06-09T20:05:17
26306,dqn,pool:gen_001,1,1.6088,-1.6583,64,2026-06-09T20:05:24
26307,pool:gen_002,dqn,2,-1.1261,2.7721,64,2026-06-09T20:05:31
26308,dqn,pool:gen_001,2,-0.4578,2.4752,64,2026-06-09T20:05:37
26309,self,dqn,1,1.3984,-1.7944,64,2026-06-09T20:05:43
26310,dqn,self,1,1.6707,-1.7821,64,2026-06-09T20:05:50
26311,pool:gen_001,dqn,2,-0.7177,2.6979,64,2026-06-09T20:05:55
26312,dqn,pool:prev_best:run_pts_004,1,1.8811,-1.8316,64,2026-06-09T20:06:01
26313,pool:gen_001,dqn,2,-0.5568,2.5618,64,2026-06-09T20:06:07
26314,dqn,pool:gen_002,1,1.9429,-2.2152,64,2026-06-09T20:06:13
26315,pool:gen_003,dqn,1,1.7449,-1.5964,64,2026-06-09T20:06:18
26316,dqn,pool:gen_003,1,2.1410,-1.8316,64,2026-06-09T20:06:25
26317,heuristic,dqn,2,-0.2227,2.8959,64,2026-06-09T20:06:31
26318,dqn,self,2,-0.6434,2.7722,64,2026-06-09T20:06:36
26319,self,dqn,2,-0.7301,2.6855,64,2026-06-09T20:06:42
26320,dqn,heuristic,1,1.7573,-1.6583,64,2026-06-09T20:06:48
26321,pool:gen_002,dqn,2,-1.0642,2.9083,64,2026-06-09T20:06:53
26322,dqn,self,2,-1.2127,2.9083,64,2026-06-09T20:07:00
26323,pool:gen_002,dqn,2,-0.8662,2.5494,64,2026-06-09T20:07:07
26324,dqn,pool:gen_003,2,-0.4702,2.6484,64,2026-06-09T20:07:12
26325,pool:gen_001,dqn,2,-0.7301,2.6113,64,2026-06-09T20:07:18
26326,dqn,self,1,1.8811,-1.6831,64,2026-06-09T20:07:25
26327,self,dqn,1,2.1657,-2.1409,64,2026-06-09T20:07:31
26328,dqn,pool:gen_003,1,1.8192,-1.6335,64,2026-06-09T20:07:37
26329,self,dqn,2,-0.3959,2.6113,64,2026-06-09T20:07:43
26330,dqn,self,1,1.5222,-1.7078,64,2026-06-09T20:07:50
26331,pool:gen_002,dqn,2,-0.4454,2.6360,64,2026-06-09T20:07:55
26332,dqn,pool:gen_003,1,1.6212,-1.6088,64,2026-06-09T20:08:01
26333,pool:gen_001,dqn,2,-0.4454,2.5247,64,2026-06-09T20:08:07
26334,dqn,self,1,1.6088,-1.8439,64,2026-06-09T20:08:13
26335,self,dqn,1,1.8439,-2.0543,64,2026-06-09T20:08:19
26336,dqn,self,2,-0.6806,2.5494,64,2026-06-09T20:08:26
26337,pool:gen_002,dqn,2,-0.6311,2.5618,64,2026-06-09T20:08:32
26338,dqn,self,1,1.8316,-1.8068,64,2026-06-09T20:08:38
26339,self,dqn,1,2.4503,-2.1533,64,2026-06-09T20:08:44
26340,dqn,pool:gen_003,2,-0.7053,2.8959,64,2026-06-09T20:08:51
26341,self,dqn,2,-0.5816,2.3885,64,2026-06-09T20:08:57
26342,dqn,pool:gen_003,2,-0.8415,2.9454,64,2026-06-09T20:09:02
26343,heuristic,dqn,1,1.8440,-1.3860,64,2026-06-09T20:09:08
26344,dqn,self,1,2.1286,-2.2895,64,2026-06-09T20:09:14
26345,heuristic,dqn,2,-0.3341,2.7474,64,2026-06-09T20:09:19
26346,dqn,self,1,2.0048,-2.0419,64,2026-06-09T20:09:25
26347,self,dqn,2,-0.9405,2.6236,64,2026-06-09T20:09:32
26348,dqn,pool:gen_001,1,1.6336,-1.6707,64,2026-06-09T20:09:37
26349,self,dqn,1,1.6707,-1.8192,64,2026-06-09T20:09:43
26350,dqn,self,2,-0.6558,2.2400,64,2026-06-09T20:09:50
26351,self,dqn,1,1.9058,-1.6583,64,2026-06-09T20:09:55
26352,dqn,self,1,2.2771,-2.4008,64,2026-06-09T20:10:01
26353,pool:gen_002,dqn,2,-0.6187,2.7598,64,2026-06-09T20:10:07
26354,dqn,self,2,-0.6311,2.4875,64,2026-06-09T20:10:12
26355,self,dqn,2,-0.8786,2.5741,64,2026-06-09T20:10:19
26356,dqn,self,2,-0.9281,2.5618,64,2026-06-09T20:10:25
26357,self,dqn,1,2.0914,-2.0667,64,2026-06-09T20:10:31
26358,dqn,self,1,1.5717,-1.6583,64,2026-06-09T20:10:37
26359,pool:gen_003,dqn,1,1.5840,-1.7944,64,2026-06-09T20:10:43
26360,dqn,self,1,1.5222,-1.7078,64,2026-06-09T20:10:50
26361,self,dqn,1,1.9677,-2.1905,64,2026-06-09T20:10:55
26362,dqn,pool:gen_001,2,-0.3093,2.5494,64,2026-06-09T20:11:01
26363,self,dqn,1,1.6335,-1.9677,64,2026-06-09T20:11:08
26364,dqn,self,2,-0.5692,2.3638,64,2026-06-09T20:11:13
26365,self,dqn,1,2.0172,-1.9924,64,2026-06-09T20:11:20
26366,dqn,pool:gen_002,1,1.8687,-1.7326,64,2026-06-09T20:11:26
26367,pool:gen_003,dqn,1,1.8316,-1.9924,64,2026-06-09T20:11:33
26368,dqn,pool:gen_002,1,1.5346,-1.4727,64,2026-06-09T20:11:39
26369,self,dqn,1,1.8316,-1.8439,64,2026-06-09T20:11:46
26370,dqn,self,1,1.8811,-2.0172,64,2026-06-09T20:11:53
26371,self,dqn,1,1.9058,-2.1038,64,2026-06-09T20:11:59
26372,dqn,self,1,1.5840,-1.9058,64,2026-06-09T20:12:05
26373,self,dqn,2,-0.3959,2.5370,64,2026-06-09T20:12:11
26374,dqn,pool:gen_003,2,-0.8291,2.8835,64,2026-06-09T20:12:18
26375,pool:prev_best:run_pts_004,dqn,2,-0.3959,2.6855,64,2026-06-09T20:12:24
26376,dqn,self,1,1.6583,-1.7944,64,2026-06-09T20:12:29
26377,pool:gen_002,dqn,2,-1.0023,2.8588,64,2026-06-09T20:12:36
26378,dqn,self,1,2.0543,-1.6954,64,2026-06-09T20:12:42
26379,pool:gen_003,dqn,1,1.9553,-2.1286,64,2026-06-09T20:12:48
26380,dqn,pool:gen_001,2,-0.2969,2.5618,64,2026-06-09T20:12:54
26381,self,dqn,1,1.7944,-1.7697,64,2026-06-09T20:13:01
26382,dqn,pool:gen_003,2,-0.8910,2.8588,64,2026-06-09T20:13:06
26383,self,dqn,1,1.9924,-1.8687,64,2026-06-09T20:13:12
26384,dqn,self,1,2.2152,-2.0172,64,2026-06-09T20:13:18
26385,self,dqn,2,-0.8167,2.7103,64,2026-06-09T20:13:25
26386,dqn,self,2,-0.6682,2.4504,64,2026-06-09T20:13:30
26387,pool:prev_best:run_pts_004,dqn,2,-0.3464,2.6608,64,2026-06-09T20:13:37
26388,dqn,pool:gen_003,2,-1.0271,2.7226,64,2026-06-09T20:13:43
26389,pool:gen_003,dqn,1,2.0667,-2.2028,64,2026-06-09T20:13:48
26390,dqn,pool:gen_001,1,1.6336,-1.6336,64,2026-06-09T20:13:55
26391,self,dqn,1,1.6212,-1.8687,64,2026-06-09T20:14:01
26392,dqn,self,2,-0.4331,2.7598,64,2026-06-09T20:14:07
26393,self,dqn,2,-0.5321,2.4009,64,2026-06-09T20:14:13
26394,dqn,self,2,-0.9033,3.0320,64,2026-06-09T20:14:19
26395,self,dqn,1,1.9553,-1.8687,64,2026-06-09T20:14:25
26396,dqn,self,2,-0.8043,2.6113,64,2026-06-09T20:14:31
26397,self,dqn,2,-1.0271,2.7969,64,2026-06-09T20:14:38
26398,dqn,heuristic,2,-0.2474,2.8341,64,2026-06-09T20:14:43
26399,pool:gen_002,dqn,1,1.4974,-1.7697,64,2026-06-09T20:14:49
26400,dqn,pool:gen_001,2,-0.7425,2.5989,64,2026-06-09T20:14:55
26401,pool:gen_001,dqn,2,-0.3836,2.3638,64,2026-06-09T20:41:51
26402,dqn,pool:gen_001,2,-0.4702,2.5742,64,2026-06-09T20:41:58
26403,self,dqn,1,1.7697,-1.7944,64,2026-06-09T20:42:04
26404,dqn,pool:gen_001,2,-0.5321,2.5494,64,2026-06-09T20:42:10
26405,self,dqn,1,1.6212,-1.7202,64,2026-06-09T20:42:16
26406,dqn,self,2,-0.7548,2.3638,64,2026-06-09T20:42:23
26407,self,dqn,2,-0.4454,2.7103,64,2026-06-09T20:42:28
26408,dqn,self,2,-0.4455,2.3390,64,2026-06-09T20:42:34
26409,self,dqn,1,1.5964,-1.7078,64,2026-06-09T20:42:41
26410,dqn,self,1,1.7573,-1.4355,64,2026-06-09T20:42:46
26411,self,dqn,1,1.6336,-1.6707,64,2026-06-09T20:42:52
26412,dqn,pool:gen_001,1,1.5964,-1.5222,64,2026-06-09T20:42:58
26413,pool:gen_003,dqn,1,2.3142,-2.4008,64,2026-06-09T20:43:04
26414,dqn,heuristic,1,2.0543,-1.4355,64,2026-06-09T20:43:09
26415,self,dqn,2,-0.5197,2.8588,64,2026-06-09T20:43:16
26416,dqn,pool:gen_001,2,-0.5816,2.4628,64,2026-06-09T20:43:22
26417,self,dqn,2,-0.3464,2.5865,64,2026-06-09T20:43:27
26418,dqn,self,1,1.4479,-1.7078,64,2026-06-09T20:43:34
26419,self,dqn,2,-0.8167,2.7474,64,2026-06-09T20:43:40
26420,dqn,self,2,-1.0395,3.0073,64,2026-06-09T20:43:48
26421,self,dqn,2,-0.5692,2.2524,64,2026-06-09T20:43:54
26422,dqn,self,1,1.7078,-1.7078,64,2026-06-09T20:44:00
26423,self,dqn,2,-0.6682,2.3390,64,2026-06-09T20:44:08
26424,dqn,self,2,-0.7177,2.4751,64,2026-06-09T20:44:14
26425,self,dqn,1,1.7078,-1.8934,64,2026-06-09T20:44:20
26426,dqn,heuristic,1,1.8192,-1.7449,64,2026-06-09T20:44:26
26427,self,dqn,2,-0.7920,2.5865,64,2026-06-09T20:44:32
26428,dqn,self,1,1.6954,-2.1286,64,2026-06-09T20:44:39
26429,self,dqn,2,-1.0890,2.6979,64,2026-06-09T20:44:44
26430,dqn,self,1,1.9429,-1.8439,64,2026-06-09T20:44:50
26431,pool:gen_003,dqn,1,2.3390,-1.8934,64,2026-06-09T20:44:56
26432,dqn,pool:gen_002,1,1.4108,-1.7078,64,2026-06-09T20:45:01
26433,self,dqn,1,2.0048,-2.3390,64,2026-06-09T20:45:08
26434,dqn,pool:prev_best:run_pts_004,2,-0.8167,2.7474,64,2026-06-09T20:45:14
26435,pool:prev_best:run_pts_004,dqn,1,1.7697,-1.9801,64,2026-06-09T20:45:19
26436,dqn,self,2,-1.0147,2.7722,64,2026-06-09T20:45:25
26437,pool:gen_002,dqn,2,-0.5445,2.2771,64,2026-06-09T20:45:32
26438,dqn,self,1,1.5964,-1.6336,64,2026-06-09T20:45:37
26439,self,dqn,2,-0.9652,3.1558,64,2026-06-09T20:45:43
26440,dqn,heuristic,2,-0.3341,2.8588,64,2026-06-09T20:45:50
26441,self,dqn,1,1.8563,-2.1533,64,2026-06-09T20:45:56
26442,dqn,pool:gen_002,2,-0.7177,2.3638,64,2026-06-09T20:46:01
26443,self,dqn,1,1.8439,-1.8316,64,2026-06-09T20:46:08
26444,dqn,pool:gen_002,1,1.4355,-1.7573,64,2026-06-09T20:46:14
26445,pool:gen_003,dqn,1,1.9306,-2.0048,64,2026-06-09T20:46:19
26446,dqn,pool:gen_003,2,-0.9776,2.9578,64,2026-06-09T20:46:25
26447,self,dqn,1,1.8192,-1.5964,64,2026-06-09T20:46:31
26448,dqn,self,1,1.6212,-1.7202,64,2026-06-09T20:46:37
26449,self,dqn,1,1.6336,-1.6336,64,2026-06-09T20:46:43
26450,dqn,self,1,1.5098,-1.7944,64,2026-06-09T20:46:50
26451,pool:gen_003,dqn,1,2.2152,-2.1657,64,2026-06-09T20:46:55
26452,dqn,self,1,2.0543,-2.1410,64,2026-06-09T20:47:01
26453,pool:gen_002,dqn,1,1.3489,-1.7326,64,2026-06-09T20:47:09
26454,dqn,pool:gen_003,2,-1.0890,3.1434,64,2026-06-09T20:47:15
26455,self,dqn,1,1.6088,-1.8068,64,2026-06-09T20:47:21
26456,dqn,pool:prev_best:run_pts_004,1,1.5098,-1.4974,64,2026-06-09T20:47:27
26457,self,dqn,2,-0.7301,2.8340,64,2026-06-09T20:47:34
26458,dqn,self,2,-0.7920,2.4380,64,2026-06-09T20:47:40
26459,self,dqn,1,2.1286,-1.8439,64,2026-06-09T20:47:45
26460,dqn,pool:gen_002,2,-0.6682,2.3019,64,2026-06-09T20:47:52
26461,self,dqn,1,1.6831,-1.8811,64,2026-06-09T20:47:58
26462,dqn,self,2,-0.8538,2.7845,64,2026-06-09T20:48:04
26463,pool:gen_002,dqn,2,-0.6311,2.4133,64,2026-06-09T20:48:10
26464,dqn,pool:gen_003,2,-0.6558,2.8712,64,2026-06-09T20:48:16
26465,heuristic,dqn,2,-0.0494,3.3291,64,2026-06-09T20:48:22
26466,dqn,pool:gen_003,2,-1.0642,3.0568,64,2026-06-09T20:48:28
26467,self,dqn,1,2.3761,-2.1904,64,2026-06-09T20:48:34
26468,dqn,self,1,1.8192,-1.8563,64,2026-06-09T20:48:40
26469,self,dqn,1,1.5964,-1.8563,64,2026-06-09T20:48:47
26470,dqn,pool:gen_003,2,-1.0518,2.9949,64,2026-06-09T20:48:52
26471,pool:gen_003,dqn,1,1.7202,-1.9925,64,2026-06-09T20:48:59
26472,dqn,pool:gen_001,1,1.5346,-1.5098,64,2026-06-09T20:49:05
26473,pool:gen_003,dqn,1,2.1409,-2.1657,64,2026-06-09T20:49:10
26474,dqn,pool:gen_001,1,1.7078,-1.7449,64,2026-06-09T20:49:17
26475,pool:gen_002,dqn,1,1.3489,-1.7326,64,2026-06-09T20:49:23
26476,dqn,pool:gen_003,2,-1.2127,3.0568,64,2026-06-09T20:49:28
26477,heuristic,dqn,2,0.0125,3.1682,64,2026-06-09T20:49:34
26478,dqn,self,2,-0.6930,2.4628,64,2026-06-09T20:49:40
26479,self,dqn,2,-0.5940,2.4133,64,2026-06-09T20:49:45
26480,dqn,pool:prev_best:run_pts_004,1,1.6336,-1.7449,64,2026-06-09T20:49:51
26481,pool:gen_003,dqn,1,2.2399,-2.2895,64,2026-06-09T20:49:57
26482,dqn,pool:gen_003,2,-1.1632,3.1806,64,2026-06-09T20:50:02
26483,pool:gen_001,dqn,1,1.5840,-1.7202,64,2026-06-09T20:50:09
26484,dqn,self,1,1.7573,-1.5098,64,2026-06-09T20:50:15
26485,self,dqn,1,1.7449,-1.8192,64,2026-06-09T20:50:21
26486,dqn,pool:gen_002,2,-0.6682,2.3019,64,2026-06-09T20:50:26
26487,pool:gen_001,dqn,2,-0.6311,2.4875,64,2026-06-09T20:50:33
26488,dqn,pool:gen_003,2,-1.1632,3.1063,64,2026-06-09T20:50:38
26489,pool:gen_003,dqn,1,2.0048,-2.1905,64,2026-06-09T20:50:44
26490,dqn,pool:gen_001,2,-0.5692,2.5865,64,2026-06-09T20:50:51
26491,pool:gen_002,dqn,2,-0.6682,2.3390,64,2026-06-09T20:50:56
26492,dqn,pool:prev_best:run_pts_004,1,1.4727,-1.6088,64,2026-06-09T20:51:02
26493,pool:gen_002,dqn,1,1.3489,-1.7326,64,2026-06-09T20:51:08
26494,dqn,self,2,-0.4207,2.5123,64,2026-06-09T20:51:14
26495,heuristic,dqn,2,-0.2722,2.6237,64,2026-06-09T20:51:19
26496,dqn,heuristic,1,2.3019,-1.1880,64,2026-06-09T20:51:25
26497,self,dqn,2,-0.8786,2.6484,64,2026-06-09T20:51:31
26498,dqn,self,2,-0.9528,3.0197,64,2026-06-09T20:51:37
26499,pool:gen_001,dqn,1,1.4974,-1.6583,64,2026-06-09T20:51:43
26500,dqn,pool:gen_002,1,1.3984,-1.7202,64,2026-06-09T20:51:49
26501,pool:prev_best:run_pts_004,dqn,1,1.7821,-2.0420,64,2026-06-09T21:18:23
26502,dqn,self,1,1.8192,-2.0791,64,2026-06-09T21:18:28
26503,pool:gen_003,dqn,1,2.0296,-2.2028,64,2026-06-09T21:18:33
26504,dqn,pool:gen_001,1,1.5098,-1.6831,64,2026-06-09T21:18:39
26505,pool:prev_best:run_pts_004,dqn,1,1.7078,-1.8192,64,2026-06-09T21:18:43
26506,dqn,self,2,-0.8415,2.7227,64,2026-06-09T21:18:49
26507,self,dqn,2,-0.6682,2.3761,64,2026-06-09T21:18:55
26508,dqn,self,1,1.7449,-1.7449,64,2026-06-09T21:19:00
26509,pool:gen_003,dqn,1,1.9677,-2.1533,64,2026-06-09T21:19:06
26510,dqn,heuristic,2,-0.3959,2.8341,64,2026-06-09T21:19:10
26511,self,dqn,1,1.5593,-1.8192,64,2026-06-09T21:19:15
26512,dqn,self,2,-0.5568,2.4133,64,2026-06-09T21:19:21
26513,heuristic,dqn,2,-0.0123,2.8093,64,2026-06-09T21:19:25
26514,dqn,pool:gen_003,2,-1.0642,2.9454,64,2026-06-09T21:19:31
26515,self,dqn,1,2.0419,-1.8934,64,2026-06-09T21:19:35
26516,dqn,self,1,1.6335,-1.8563,64,2026-06-09T21:19:41
26517,pool:gen_002,dqn,1,1.7449,-2.0420,64,2026-06-09T21:19:46
26518,dqn,heuristic,1,1.7697,-1.4603,64,2026-06-09T21:19:50
26519,self,dqn,2,-0.6929,2.9454,64,2026-06-09T21:19:56
26520,dqn,pool:prev_best:run_pts_004,1,1.4727,-1.7944,64,2026-06-09T21:20:01
26521,pool:gen_002,dqn,1,1.7449,-2.0420,64,2026-06-09T21:20:06
26522,dqn,pool:gen_003,2,-1.0395,2.6360,64,2026-06-09T21:20:11
26523,self,dqn,2,-0.6311,2.6732,64,2026-06-09T21:20:16
26524,dqn,pool:gen_003,2,-1.2003,3.1805,64,2026-06-09T21:20:22
26525,self,dqn,1,1.5345,-1.6583,64,2026-06-09T21:20:27
26526,dqn,pool:gen_003,2,-1.0642,2.7598,64,2026-06-09T21:20:33
26527,self,dqn,2,-0.4702,2.3514,64,2026-06-09T21:20:39
26528,dqn,self,1,1.6088,-1.8439,64,2026-06-09T21:20:44
26529,pool:prev_best:run_pts_004,dqn,1,1.7697,-1.9429,64,2026-06-09T21:20:49
26530,dqn,self,2,-0.5940,2.4133,64,2026-06-09T21:20:54
26531,self,dqn,2,-0.4578,2.6237,64,2026-06-09T21:20:59
26532,dqn,pool:gen_002,2,-0.8538,2.6360,64,2026-06-09T21:21:05
26533,self,dqn,1,1.7821,-1.9306,64,2026-06-09T21:21:09
26534,dqn,pool:gen_001,1,1.4108,-1.5964,64,2026-06-09T21:21:15
26535,pool:gen_002,dqn,1,1.7820,-2.0791,64,2026-06-09T21:21:20
26536,dqn,heuristic,2,-0.6558,2.6484,64,2026-06-09T21:21:25
26537,pool:gen_003,dqn,1,2.0914,-2.2523,64,2026-06-09T21:21:31
26538,dqn,self,2,-0.6311,2.4504,64,2026-06-09T21:21:35
26539,pool:prev_best:run_pts_004,dqn,1,1.5098,-1.6831,64,2026-06-09T21:21:41
26540,dqn,self,2,-0.2969,2.2648,64,2026-06-09T21:21:46
26541,self,dqn,2,-0.6682,2.5989,64,2026-06-09T21:21:51
26542,dqn,pool:gen_003,2,-1.2622,3.1187,64,2026-06-09T21:21:57
26543,self,dqn,1,1.5345,-1.8068,64,2026-06-09T21:22:01
26544,dqn,self,2,-0.5197,2.2276,64,2026-06-09T21:22:07
26545,pool:gen_002,dqn,1,1.4479,-1.7078,64,2026-06-09T21:22:13
26546,dqn,pool:gen_002,2,-0.6806,2.4751,64,2026-06-09T21:22:18
26547,self,dqn,2,-0.7053,3.0816,64,2026-06-09T21:22:23
26548,dqn,pool:gen_003,2,-0.9033,2.6979,64,2026-06-09T21:22:30
26549,self,dqn,2,-0.7796,2.7474,64,2026-06-09T21:22:35
26550,dqn,self,1,1.7449,-2.0048,64,2026-06-09T21:22:41
26551,pool:gen_002,dqn,1,1.7944,-2.0296,64,2026-06-09T21:22:46
26552,dqn,pool:gen_003,2,-1.2622,3.1187,64,2026-06-09T21:22:51
26553,pool:gen_002,dqn,1,1.7944,-2.0296,64,2026-06-09T21:22:56
26554,dqn,self,2,-0.4826,2.4133,64,2026-06-09T21:23:01
26555,pool:gen_001,dqn,1,2.2771,-2.0667,64,2026-06-09T21:23:06
26556,dqn,self,1,1.5222,-1.5593,64,2026-06-09T21:23:12
26557,self,dqn,1,1.8316,-2.0296,64,2026-06-09T21:23:16
26558,dqn,pool:gen_002,2,-0.7548,2.6237,64,2026-06-09T21:23:23
26559,self,dqn,2,-0.7672,2.3143,64,2026-06-09T21:23:28
26560,dqn,pool:gen_001,2,-0.5444,2.7969,64,2026-06-09T21:23:33
26561,pool:gen_003,dqn,1,2.1657,-2.3637,64,2026-06-09T21:23:39
26562,dqn,self,1,1.6954,-1.8687,64,2026-06-09T21:23:44
26563,pool:gen_003,dqn,1,2.3513,-2.3266,64,2026-06-09T21:23:49
26564,dqn,pool:gen_003,2,-0.9900,2.7969,64,2026-06-09T21:23:55
26565,pool:gen_003,dqn,1,1.9182,-2.2400,64,2026-06-09T21:24:00
26566,dqn,self,1,2.2400,-2.2523,64,2026-06-09T21:24:05
26567,pool:gen_002,dqn,2,-0.7672,2.5741,64,2026-06-09T21:24:11
26568,dqn,heuristic,1,2.0172,-1.1014,64,2026-06-09T21:24:15
26569,self,dqn,2,-0.5940,2.4875,64,2026-06-09T21:24:20
26570,dqn,pool:gen_003,2,-1.0395,2.7845,64,2026-06-09T21:24:25
26571,self,dqn,2,-0.6682,2.7474,64,2026-06-09T21:24:31
26572,dqn,pool:gen_003,2,-1.2870,3.0568,64,2026-06-09T21:24:36
26573,self,dqn,1,1.6088,-1.8811,64,2026-06-09T21:24:41
26574,dqn,pool:gen_002,2,-0.6435,2.3638,64,2026-06-09T21:24:46
26575,self,dqn,2,-0.9405,3.1806,64,2026-06-09T21:24:51
26576,dqn,pool:gen_001,2,-0.5816,2.6855,64,2026-06-09T21:24:56
26577,heuristic,dqn,2,-0.1113,2.6360,64,2026-06-09T21:25:01
26578,dqn,pool:prev_best:run_pts_004,2,-0.7548,2.7350,64,2026-06-09T21:25:06
26579,self,dqn,1,1.6954,-1.9429,64,2026-06-09T21:25:11
26580,dqn,self,1,1.4727,-1.7202,64,2026-06-09T21:25:16
26581,pool:gen_001,dqn,2,-0.4454,2.4875,64,2026-06-09T21:25:21
26582,dqn,self,1,2.2771,-2.1409,64,2026-06-09T21:25:26
26583,pool:gen_001,dqn,1,1.8068,-1.9058,64,2026-06-09T21:25:32
26584,dqn,self,2,-0.8538,2.5989,64,2026-06-09T21:25:37
26585,self,dqn,1,2.3637,-2.2028,64,2026-06-09T21:25:42
26586,dqn,self,1,1.6459,-1.8068,64,2026-06-09T21:25:47
26587,self,dqn,1,1.9058,-1.7326,64,2026-06-09T21:25:52
26588,dqn,self,1,1.6212,-1.5717,64,2026-06-09T21:25:58
26589,pool:gen_002,dqn,2,-0.7796,2.5246,64,2026-06-09T21:26:03
26590,dqn,pool:gen_003,2,-1.2375,2.9949,64,2026-06-09T21:26:08
26591,heuristic,dqn,1,2.2276,-1.2623,64,2026-06-09T21:26:13
26592,dqn,pool:gen_001,2,-0.4949,2.5123,64,2026-06-09T21:26:18
26593,self,dqn,1,1.6954,-1.9801,64,2026-06-09T21:26:23
26594,dqn,self,2,-0.5816,2.3885,64,2026-06-09T21:26:28
26595,self,dqn,2,-0.7301,2.6113,64,2026-06-09T21:26:33
26596,dqn,self,1,1.6088,-1.4727,64,2026-06-09T21:26:39
26597,self,dqn,1,1.6830,-2.1038,64,2026-06-09T21:26:44
26598,dqn,heuristic,1,2.1781,-0.9776,64,2026-06-09T21:26:48
26599,self,dqn,1,1.7697,-1.7944,64,2026-06-09T21:26:53
26600,dqn,pool:gen_001,2,-0.5816,2.5742,64,2026-06-09T21:26:58
26601,pool:gen_003,dqn,1,2.2399,-2.3266,64,2026-06-09T21:53:24
26602,dqn,self,1,2.2523,-2.0172,64,2026-06-09T21:53:28
26603,self,dqn,1,1.9925,-1.7202,64,2026-06-09T21:53:34
26604,dqn,self,2,-0.6187,2.6484,64,2026-06-09T21:53:39
26605,pool:gen_003,dqn,1,2.0667,-2.1657,64,2026-06-09T21:53:44
26606,dqn,self,2,-0.3836,2.4380,64,2026-06-09T21:53:49
26607,self,dqn,1,1.9058,-1.6583,64,2026-06-09T21:53:54
26608,dqn,pool:prev_best:run_pts_004,2,-0.6311,2.4875,64,2026-06-09T21:54:00
26609,self,dqn,2,-0.5321,2.9207,64,2026-06-09T21:54:05
26610,dqn,pool:gen_002,1,1.6583,-1.8316,64,2026-06-09T21:54:10
26611,self,dqn,2,-0.5073,2.0544,64,2026-06-09T21:54:15
26612,dqn,pool:gen_003,2,-0.9652,2.4133,64,2026-06-09T21:54:20
26613,pool:gen_003,dqn,1,2.4751,-2.4627,64,2026-06-09T21:54:26
26614,dqn,pool:gen_001,2,-0.6806,2.6237,64,2026-06-09T21:54:31
26615,self,dqn,1,2.4503,-2.3389,64,2026-06-09T21:54:36
26616,dqn,self,2,-0.7177,2.5494,64,2026-06-09T21:54:41
26617,self,dqn,2,-0.8167,2.8217,64,2026-06-09T21:54:46
26618,dqn,pool:gen_002,1,1.6707,-1.8192,64,2026-06-09T21:54:51
26619,pool:gen_003,dqn,1,1.7697,-1.9801,64,2026-06-09T21:54:57
26620,dqn,self,1,2.0296,-2.2028,64,2026-06-09T21:55:01
26621,self,dqn,1,1.4974,-1.9182,64,2026-06-09T21:55:07
26622,dqn,self,1,1.5593,-1.8935,64,2026-06-09T21:55:12
26623,self,dqn,2,-0.9157,2.6855,64,2026-06-09T21:55:17
26624,dqn,pool:gen_001,2,-0.6311,2.6732,64,2026-06-09T21:55:22
26625,self,dqn,2,-0.8291,2.5123,64,2026-06-09T21:55:27
26626,dqn,pool:gen_003,2,-1.0395,2.7103,64,2026-06-09T21:55:33
26627,self,dqn,1,1.9801,-1.9924,64,2026-06-09T21:55:38
26628,dqn,self,1,1.5593,-1.7078,64,2026-06-09T21:55:43
26629,self,dqn,2,-0.8662,2.6979,64,2026-06-09T21:55:49
26630,dqn,self,2,-0.5073,2.4628,64,2026-06-09T21:55:54
26631,pool:gen_003,dqn,1,2.1904,-2.3761,64,2026-06-09T21:55:59
26632,dqn,pool:gen_002,1,1.6583,-1.8316,64,2026-06-09T21:56:04
26633,self,dqn,1,1.7326,-1.8687,64,2026-06-09T21:56:09
26634,dqn,self,2,-0.6930,2.3514,64,2026-06-09T21:56:14
26635,pool:gen_003,dqn,1,1.7821,-2.0048,64,2026-06-09T21:56:20
26636,dqn,self,1,1.4232,-1.7326,64,2026-06-09T21:56:25
26637,pool:gen_001,dqn,1,1.9553,-1.8316,64,2026-06-09T21:56:30
26638,dqn,pool:gen_003,2,-0.9033,2.6236,64,2026-06-09T21:56:35
26639,self,dqn,2,-0.7177,2.6608,64,2026-06-09T21:56:40
26640,dqn,self,2,-0.5692,2.5865,64,2026-06-09T21:56:46
26641,self,dqn,1,1.7821,-1.8934,64,2026-06-09T21:56:51
26642,dqn,pool:gen_003,2,-0.7920,2.5494,64,2026-06-09T21:56:56
26643,self,dqn,1,1.5717,-2.0296,64,2026-06-09T21:57:02
26644,dqn,self,1,1.7449,-1.8192,64,2026-06-09T21:57:07
26645,pool:gen_001,dqn,1,2.2276,-1.8563,64,2026-06-09T21:57:12
26646,dqn,self,1,1.6831,-1.7697,64,2026-06-09T21:57:17
26647,pool:gen_003,dqn,1,1.7697,-2.0915,64,2026-06-09T21:57:23
26648,dqn,pool:prev_best:run_pts_004,2,-0.4454,2.4875,64,2026-06-09T21:57:28
26649,pool:gen_002,dqn,2,-0.8415,2.6484,64,2026-06-09T21:57:33
26650,dqn,self,1,1.6583,-1.9801,64,2026-06-09T21:57:38
26651,heuristic,dqn,2,-0.0742,2.6732,64,2026-06-09T21:57:43
26652,dqn,self,1,2.2276,-1.4479,64,2026-06-09T21:57:48
26653,pool:gen_001,dqn,1,2.0420,-1.4850,64,2026-06-09T21:57:54
26654,dqn,pool:gen_003,2,-0.9528,2.6484,64,2026-06-09T21:57:59
26655,pool:gen_002,dqn,2,-0.8167,2.4133,64,2026-06-09T21:58:05
26656,dqn,self,1,1.4727,-1.8687,64,2026-06-09T21:58:10
26657,self,dqn,1,1.5098,-1.7944,64,2026-06-09T21:58:15
26658,dqn,pool:prev_best:run_pts_004,2,-0.5073,2.6484,64,2026-06-09T21:58:20
26659,heuristic,dqn,2,-0.1360,2.9454,64,2026-06-09T21:58:24
26660,dqn,pool:gen_001,2,-0.6311,2.7845,64,2026-06-09T21:58:30
26661,self,dqn,1,2.3885,-1.8439,64,2026-06-09T21:58:35
26662,dqn,pool:gen_001,2,-0.6311,2.7845,64,2026-06-09T21:58:40
26663,heuristic,dqn,2,-0.3217,2.9826,64,2026-06-09T21:58:45
26664,dqn,self,1,1.2251,-1.7821,64,2026-06-09T21:58:50
26665,self,dqn,2,-0.6930,2.3514,64,2026-06-09T21:58:55
26666,dqn,pool:gen_002,1,1.5469,-1.7202,64,2026-06-09T21:59:00
26667,self,dqn,1,1.6831,-1.7326,64,2026-06-09T21:59:05
26668,dqn,pool:gen_002,1,1.6954,-1.9058,64,2026-06-09T21:59:11
26669,pool:gen_002,dqn,2,-0.8043,2.5741,64,2026-06-09T21:59:15
26670,dqn,self,1,1.8068,-1.4974,64,2026-06-09T21:59:20
26671,self,dqn,2,-0.6187,2.5742,64,2026-06-09T21:59:26
26672,dqn,self,1,1.7326,-1.9429,64,2026-06-09T21:59:30
26673,self,dqn,2,-0.7177,2.4009,64,2026-06-09T21:59:36
26674,dqn,pool:prev_best:run_pts_004,2,-0.6558,2.6484,64,2026-06-09T21:59:41
26675,pool:gen_001,dqn,1,2.0915,-1.6583,64,2026-06-09T21:59:45
26676,dqn,pool:gen_002,1,1.6459,-1.8439,64,2026-06-09T21:59:51
26677,self,dqn,1,1.8563,-1.9306,64,2026-06-09T21:59:56
26678,dqn,pool:gen_003,2,-1.1385,2.7226,64,2026-06-09T22:00:02
26679,self,dqn,1,2.0914,-2.0667,64,2026-06-09T22:00:07
26680,dqn,pool:gen_003,2,-1.0642,2.7226,64,2026-06-09T22:00:12
26681,pool:gen_002,dqn,2,-0.7053,2.5246,64,2026-06-09T22:00:17
26682,dqn,heuristic,2,-0.0989,2.9083,64,2026-06-09T22:00:22
26683,pool:gen_001,dqn,1,2.3266,-1.9429,64,2026-06-09T22:00:27
26684,dqn,pool:prev_best:run_pts_004,2,-0.6806,2.7722,64,2026-06-09T22:00:32
26685,pool:prev_best:run_pts_004,dqn,1,2.2400,-1.6583,64,2026-06-09T22:00:37
26686,dqn,self,1,1.8192,-1.8563,64,2026-06-09T22:00:42
26687,pool:gen_001,dqn,1,2.4627,-2.1781,64,2026-06-09T22:00:47
26688,dqn,self,1,2.3142,-2.1781,64,2026-06-09T22:00:52
26689,self,dqn,2,-0.5816,2.5370,64,2026-06-09T22:00:58
26690,dqn,self,2,-0.6435,2.2895,64,2026-06-09T22:01:03
26691,pool:gen_003,dqn,1,1.6583,-1.9058,64,2026-06-09T22:01:08
26692,dqn,self,1,1.7202,-1.9925,64,2026-06-09T22:01:13
26693,pool:gen_003,dqn,1,1.6954,-2.0915,64,2026-06-09T22:01:18
26694,dqn,pool:prev_best:run_pts_004,2,-0.6806,2.7722,64,2026-06-09T22:01:24
26695,self,dqn,1,2.2647,-1.8563,64,2026-06-09T22:01:29
26696,dqn,pool:gen_003,2,-1.0890,2.5123,64,2026-06-09T22:01:34
26697,self,dqn,1,1.5345,-1.7326,64,2026-06-09T22:01:39
26698,dqn,pool:gen_003,2,-0.9033,2.5494,64,2026-06-09T22:01:44
26699,self,dqn,1,1.6583,-1.6459,64,2026-06-09T22:01:50
26700,dqn,pool:gen_001,2,-0.6806,2.7722,64,2026-06-09T22:01:55
26701,self,dqn,1,1.7202,-1.7326,64,2026-06-09T22:27:37
26702,dqn,pool:gen_003,2,-0.8910,2.5989,64,2026-06-09T22:27:43
26703,pool:gen_001,dqn,1,1.9553,-1.6459,64,2026-06-09T22:27:48
26704,dqn,pool:gen_001,2,-0.6806,2.7722,64,2026-06-09T22:27:53
26705,self,dqn,1,1.9553,-2.1286,64,2026-06-09T22:27:58
26706,dqn,self,2,-0.7177,2.4380,64,2026-06-09T22:28:03
26707,pool:gen_002,dqn,2,-0.6806,2.4380,64,2026-06-09T22:28:09
26708,dqn,self,1,1.6583,-1.8687,64,2026-06-09T22:28:14
26709,self,dqn,1,1.4974,-1.9925,64,2026-06-09T22:28:19
26710,dqn,pool:gen_001,2,-0.8662,2.9207,64,2026-06-09T22:28:24
26711,pool:gen_001,dqn,1,2.0915,-1.7325,64,2026-06-09T22:28:30
26712,dqn,self,1,1.6335,-1.9677,64,2026-06-09T22:28:36
26713,pool:gen_002,dqn,2,-0.7548,2.5494,64,2026-06-09T22:28:40
26714,dqn,self,1,1.4603,-1.6212,64,2026-06-09T22:28:46
26715,pool:gen_001,dqn,1,1.9553,-1.6459,64,2026-06-09T22:28:51
26716,dqn,pool:gen_003,2,-1.0890,2.6608,64,2026-06-09T22:28:56
26717,pool:gen_002,dqn,2,-0.8043,2.5741,64,2026-06-09T22:29:02
26718,dqn,pool:gen_001,2,-0.6806,2.7722,64,2026-06-09T22:29:07
26719,pool:gen_003,dqn,1,1.5222,-1.8935,64,2026-06-09T22:29:12
26720,dqn,pool:gen_001,2,-0.5939,2.7845,64,2026-06-09T22:29:17
26721,pool:gen_002,dqn,2,-0.8043,2.5741,64,2026-06-09T22:29:23
26722,dqn,self,2,-0.9528,2.7969,64,2026-06-09T22:29:28
26723,self,dqn,2,-0.7177,2.6979,64,2026-06-09T22:29:33
26724,dqn,self,1,1.7078,-1.7821,64,2026-06-09T22:29:39
26725,pool:gen_003,dqn,1,1.6335,-2.1533,64,2026-06-09T22:29:44
26726,dqn,self,1,1.9924,-2.1657,64,2026-06-09T22:29:50
26727,self,dqn,2,-0.7177,2.4009,64,2026-06-09T22:29:55
26728,dqn,pool:gen_003,2,-1.1385,2.6855,64,2026-06-09T22:30:00
26729,pool:prev_best:run_pts_004,dqn,1,2.2400,-2.0296,64,2026-06-09T22:30:06
26730,dqn,pool:gen_003,2,-0.9776,2.7722,64,2026-06-09T22:30:11
26731,self,dqn,1,1.6830,-1.8811,64,2026-06-09T22:30:17
26732,dqn,heuristic,1,2.4256,-1.5469,64,2026-06-09T22:30:21
26733,self,dqn,2,-0.6682,2.7845,64,2026-06-09T22:30:27
26734,dqn,pool:gen_001,2,-0.5321,2.7350,64,2026-06-09T22:30:32
26735,heuristic,dqn,2,0.0991,3.0321,64,2026-06-09T22:30:36
26736,dqn,pool:gen_001,2,-0.6929,3.2424,64,2026-06-09T22:30:41
26737,pool:gen_002,dqn,1,1.3613,-1.6831,64,2026-06-09T22:30:47
26738,dqn,pool:gen_003,2,-0.8415,2.5370,64,2026-06-09T22:30:52
26739,heuristic,dqn,2,-0.0742,2.7846,64,2026-06-09T22:30:56
26740,dqn,pool:gen_002,2,-0.8538,2.4875,64,2026-06-09T22:31:02
26741,pool:gen_003,dqn,1,1.6212,-1.9430,64,2026-06-09T22:31:07
26742,dqn,self,1,1.9677,-1.8934,64,2026-06-09T22:31:13
26743,self,dqn,1,1.5098,-1.7202,64,2026-06-09T22:31:18
26744,dqn,pool:gen_003,2,-0.8538,2.5989,64,2026-06-09T22:31:23
26745,pool:gen_003,dqn,1,1.8316,-2.0296,64,2026-06-09T22:31:29
26746,dqn,pool:gen_001,2,-0.4949,2.7722,64,2026-06-09T22:31:34
26747,pool:gen_001,dqn,1,2.2647,-1.5593,64,2026-06-09T22:31:39
26748,dqn,pool:gen_001,2,-0.4331,2.6855,64,2026-06-09T22:31:44
26749,self,dqn,2,-0.7548,2.6979,64,2026-06-09T22:31:49
26750,dqn,self,2,-0.5692,2.5865,64,2026-06-09T22:31:55
26751,self,dqn,1,1.8811,-2.0543,64,2026-06-09T22:32:00
26752,dqn,pool:gen_002,1,1.4355,-1.6459,64,2026-06-09T22:32:06
26753,self,dqn,2,-0.9157,2.5370,64,2026-06-09T22:32:11
26754,dqn,self,2,-0.6682,2.5618,64,2026-06-09T22:32:16
26755,self,dqn,1,1.6336,-1.6336,64,2026-06-09T22:32:22
26756,dqn,pool:gen_001,2,-0.7424,3.2672,64,2026-06-09T22:32:26
26757,self,dqn,2,-1.0642,2.9083,64,2026-06-09T22:32:32
26758,dqn,pool:gen_002,1,1.4479,-1.6707,64,2026-06-09T22:32:37
26759,pool:gen_001,dqn,1,1.7697,-1.6831,64,2026-06-09T22:32:43
26760,dqn,self,2,-0.7920,2.4751,64,2026-06-09T22:32:48
26761,pool:gen_003,dqn,1,1.7325,-2.1657,64,2026-06-09T22:32:53
26762,dqn,pool:gen_003,2,-0.8415,2.4628,64,2026-06-09T22:32:59
26763,self,dqn,1,1.7449,-2.0048,64,2026-06-09T22:33:04
26764,dqn,pool:gen_001,2,-0.5692,2.7350,64,2026-06-09T22:33:09
26765,pool:gen_002,dqn,1,1.4850,-1.7078,64,2026-06-09T22:33:14
26766,dqn,pool:gen_003,2,-0.9776,2.7350,64,2026-06-09T22:33:20
26767,pool:gen_003,dqn,1,1.5964,-1.9306,64,2026-06-09T22:33:26
26768,dqn,self,2,-0.7672,2.6855,64,2026-06-09T22:33:31
26769,self,dqn,2,-0.7672,2.9083,64,2026-06-09T22:33:36
26770,dqn,pool:gen_002,2,-0.9528,2.7598,64,2026-06-09T22:33:42
26771,self,dqn,1,1.7078,-1.6707,64,2026-06-09T22:33:47
26772,dqn,heuristic,1,2.3142,-1.0642,64,2026-06-09T22:33:51
26773,self,dqn,2,-1.1385,3.0568,64,2026-06-09T22:33:56
26774,dqn,self,1,1.4603,-1.7697,64,2026-06-09T22:34:02
26775,pool:gen_001,dqn,1,1.8440,-1.3860,64,2026-06-09T22:34:07
26776,dqn,self,1,2.0667,-1.9429,64,2026-06-09T22:34:12
26777,self,dqn,1,1.7573,-1.4355,64,2026-06-09T22:34:17
26778,dqn,pool:gen_002,2,-0.7796,2.4875,64,2026-06-09T22:34:22
26779,self,dqn,2,-0.4083,2.4504,64,2026-06-09T22:34:28
26780,dqn,pool:prev_best:run_pts_004,2,-0.5816,2.7227,64,2026-06-09T22:34:33
26781,pool:gen_003,dqn,1,1.7697,-2.0915,64,2026-06-09T22:34:38
26782,dqn,pool:gen_003,2,-0.7920,2.2895,64,2026-06-09T22:34:43
26783,pool:prev_best:run_pts_004,dqn,1,2.1162,-1.4850,64,2026-06-09T22:34:48
26784,dqn,self,2,-0.5445,2.3143,64,2026-06-09T22:34:53
26785,self,dqn,1,2.2647,-1.8934,64,2026-06-09T22:34:58
26786,dqn,pool:gen_002,2,-0.7053,2.4875,64,2026-06-09T22:35:04
26787,self,dqn,1,1.4727,-1.7202,64,2026-06-09T22:35:09
26788,dqn,self,2,-0.7301,2.2400,64,2026-06-09T22:35:14
26789,self,dqn,2,-0.7425,2.4133,64,2026-06-09T22:35:19
26790,dqn,pool:gen_003,2,-0.8415,2.5370,64,2026-06-09T22:35:25
26791,pool:gen_001,dqn,1,2.2523,-1.8315,64,2026-06-09T22:35:29
26792,dqn,self,2,-0.5568,2.4875,64,2026-06-09T22:35:35
26793,pool:gen_003,dqn,1,1.4603,-1.8811,64,2026-06-09T22:35:40
26794,dqn,self,1,1.5964,-1.8934,64,2026-06-09T22:35:45
26795,self,dqn,1,1.6212,-1.8687,64,2026-06-09T22:35:51
26796,dqn,pool:gen_001,2,-0.6682,2.7103,64,2026-06-09T22:35:55
26797,self,dqn,1,1.8439,-2.0172,64,2026-06-09T22:36:01
26798,dqn,self,2,-0.6806,2.3266,64,2026-06-09T22:36:06
26799,pool:gen_001,dqn,1,2.3637,-1.8315,64,2026-06-09T22:36:11
26800,dqn,pool:gen_003,2,-0.9405,2.5865,64,2026-06-09T22:36:16
26801,self,dqn,2,-0.6558,2.4256,64,2026-06-10T03:52:21
26802,dqn,self,2,-0.4826,2.6732,64,2026-06-10T03:52:27
26803,self,dqn,2,-0.7548,2.5865,64,2026-06-10T03:52:33
26804,dqn,pool:gen_002,1,1.4355,-1.6459,64,2026-06-10T03:52:39
26805,pool:gen_003,dqn,1,1.8192,-2.1905,64,2026-06-10T03:52:45
26806,dqn,pool:gen_001,2,-0.6187,2.7227,64,2026-06-10T03:52:50
26807,self,dqn,1,2.0667,-2.2771,64,2026-06-10T03:52:57
26808,dqn,pool:gen_003,2,-0.7672,2.5741,64,2026-06-10T03:53:03
26809,pool:gen_002,dqn,2,-0.6558,2.2771,64,2026-06-10T03:53:07
26810,dqn,self,1,2.1657,-1.9553,64,2026-06-10T03:53:14
26811,self,dqn,1,1.9429,-2.0296,64,2026-06-10T03:53:20
26812,dqn,self,1,2.0296,-2.2028,64,2026-06-10T03:53:26
26813,self,dqn,2,-0.7053,2.3390,64,2026-06-10T03:53:33
26814,dqn,heuristic,1,2.4504,-1.4479,64,2026-06-10T03:53:39
26815,self,dqn,2,-0.6682,2.2648,64,2026-06-10T03:53:44
26816,dqn,self,1,1.9306,-2.0419,64,2026-06-10T03:53:50
26817,pool:gen_001,dqn,1,2.3637,-1.7944,64,2026-06-10T03:53:56
26818,dqn,self,2,-0.6187,2.4628,64,2026-06-10T03:54:01
26819,pool:gen_001,dqn,1,2.3885,-1.8439,64,2026-06-10T03:54:06
26820,dqn,self,1,2.2028,-2.0667,64,2026-06-10T03:54:12
26821,self,dqn,1,1.6583,-1.6088,64,2026-06-10T03:54:17
26822,dqn,pool:gen_002,2,-0.6558,2.4999,64,2026-06-10T03:54:23
26823,heuristic,dqn,2,-0.4330,3.1311,64,2026-06-10T03:54:28
26824,dqn,pool:gen_001,2,-0.6930,2.7598,64,2026-06-10T03:54:34
26825,self,dqn,2,-0.8043,2.4999,64,2026-06-10T03:54:40
26826,dqn,pool:gen_003,2,-0.7796,2.5246,64,2026-06-10T03:54:46
26827,self,dqn,1,2.3266,-1.8315,64,2026-06-10T03:54:51
26828,dqn,self,1,1.6459,-1.7697,64,2026-06-10T03:54:58
26829,self,dqn,2,-0.6187,2.4628,64,2026-06-10T03:55:05
26830,dqn,pool:gen_002,2,-0.7796,2.4504,64,2026-06-10T03:55:10
26831,pool:gen_002,dqn,2,-0.6558,2.4256,64,2026-06-10T03:55:16
26832,dqn,self,1,1.5098,-1.8687,64,2026-06-10T03:55:23
26833,self,dqn,1,1.4355,-1.6459,64,2026-06-10T03:55:29
26834,dqn,self,2,-0.9528,2.7969,64,2026-06-10T03:55:40
26835,pool:gen_003,dqn,1,1.8563,-2.1533,64,2026-06-10T03:55:48
26836,dqn,pool:gen_001,2,-0.6187,2.7227,64,2026-06-10T03:55:56
26837,pool:gen_003,dqn,1,1.8687,-2.1410,64,2026-06-10T03:56:00
26838,dqn,self,1,1.7078,-2.0048,64,2026-06-10T03:56:01
26839,pool:prev_best:run_pts_004,dqn,1,2.1657,-1.8439,64,2026-06-10T03:56:03
26840,dqn,pool:gen_002,2,-0.8043,2.4999,64,2026-06-10T03:56:05
26841,pool:gen_001,dqn,1,2.2400,-1.8811,64,2026-06-10T03:56:07
26842,dqn,heuristic,1,2.5122,-1.4974,64,2026-06-10T03:56:09
26843,self,dqn,1,1.4850,-1.7078,64,2026-06-10T03:56:11
26844,dqn,self,2,-0.6682,2.6360,64,2026-06-10T03:56:13
26845,pool:gen_001,dqn,1,1.8687,-1.5840,64,2026-06-10T03:56:19
26846,dqn,self,1,1.5840,-1.9058,64,2026-06-10T03:56:25
26847,pool:prev_best:run_pts_004,dqn,1,1.8192,-1.8192,64,2026-06-10T03:56:31
26848,dqn,self,1,1.6459,-1.8068,64,2026-06-10T03:56:37
26849,self,dqn,2,-0.2969,2.7103,64,2026-06-10T03:56:45
26850,dqn,self,1,1.4974,-1.7697,64,2026-06-10T03:56:51
26851,pool:gen_003,dqn,1,1.6830,-1.9182,64,2026-06-10T03:56:57
26852,dqn,self,1,1.3613,-1.7202,64,2026-06-10T03:57:04
26853,self,dqn,2,-0.6682,2.3390,64,2026-06-10T03:57:12
26854,dqn,heuristic,1,1.7945,-1.2870,64,2026-06-10T03:57:16
26855,heuristic,dqn,2,-0.2103,2.8712,64,2026-06-10T03:57:22
26856,dqn,self,2,-0.5568,2.4133,64,2026-06-10T03:57:24
26857,pool:prev_best:run_pts_004,dqn,1,1.7944,-1.6583,64,2026-06-10T03:57:29
26858,dqn,pool:gen_001,1,1.6831,-1.4727,64,2026-06-10T03:57:35
26859,pool:gen_002,dqn,1,1.4479,-1.8935,64,2026-06-10T03:57:37
26860,dqn,pool:gen_003,2,-0.7796,2.7103,64,2026-06-10T03:57:39
26861,pool:gen_002,dqn,1,1.6335,-1.9677,64,2026-06-10T03:57:41
26862,dqn,self,1,1.8563,-2.0419,64,2026-06-10T03:57:43
26863,pool:gen_003,dqn,1,1.7944,-1.9924,64,2026-06-10T03:57:46
26864,dqn,pool:gen_003,2,-0.9281,2.7474,64,2026-06-10T03:57:48
26865,pool:gen_001,dqn,1,1.7697,-1.6831,64,2026-06-10T03:57:50
26866,dqn,pool:gen_003,2,-0.6063,2.8093,64,2026-06-10T03:57:55
26867,self,dqn,1,1.5469,-1.9430,64,2026-06-10T03:57:57
26868,dqn,self,1,1.4850,-1.5593,64,2026-06-10T03:58:00
26869,self,dqn,2,-0.7301,2.5741,64,2026-06-10T03:58:03
26870,dqn,self,1,1.7697,-1.3860,64,2026-06-10T03:58:10
26871,heuristic,dqn,2,0.0744,3.1930,64,2026-06-10T03:58:14
26872,dqn,pool:gen_003,2,-1.0271,2.6855,64,2026-06-10T03:58:22
26873,pool:gen_003,dqn,1,1.9058,-2.0667,64,2026-06-10T03:58:28
26874,dqn,self,1,2.0296,-1.6459,64,2026-06-10T03:58:35
26875,pool:gen_003,dqn,1,1.8192,-1.9306,64,2026-06-10T03:58:41
26876,dqn,pool:gen_002,2,-0.9900,2.8340,64,2026-06-10T03:58:50
26877,self,dqn,1,2.0048,-1.9677,64,2026-06-10T03:58:57
26878,dqn,pool:gen_002,2,-1.0518,2.9578,64,2026-06-10T03:59:04
26879,self,dqn,2,-0.8415,2.3885,64,2026-06-10T03:59:09
26880,dqn,self,2,-0.5197,2.4504,64,2026-06-10T03:59:17
26881,self,dqn,2,-0.8662,2.8093,64,2026-06-10T03:59:24
26882,dqn,pool:prev_best:run_pts_004,2,-0.6930,2.6855,64,2026-06-10T03:59:32
26883,pool:gen_003,dqn,1,1.9306,-2.0048,64,2026-06-10T03:59:39
26884,dqn,self,2,-0.7053,2.7103,64,2026-06-10T03:59:46
26885,self,dqn,1,1.8811,-1.9058,64,2026-06-10T03:59:54
26886,dqn,self,1,2.3142,-2.3266,64,2026-06-10T04:00:01
26887,self,dqn,2,-1.1385,2.8340,64,2026-06-10T04:00:09
26888,dqn,pool:gen_001,2,-0.8167,2.7474,64,2026-06-10T04:00:17
26889,self,dqn,1,1.4974,-1.6212,64,2026-06-10T04:00:26
26890,dqn,pool:gen_003,2,-1.0023,3.0444,64,2026-06-10T04:00:37
26891,heuristic,dqn,1,1.9677,-1.4850,64,2026-06-10T04:00:45
26892,dqn,self,2,-1.0890,3.2548,64,2026-06-10T04:00:52
26893,pool:gen_002,dqn,1,1.9553,-2.1657,64,2026-06-10T04:01:00
26894,dqn,pool:gen_002,2,-0.9652,2.6731,64,2026-06-10T04:01:07
26895,pool:gen_001,dqn,1,1.6583,-1.6088,64,2026-06-10T04:01:14
26896,dqn,pool:gen_001,2,-0.5568,2.7103,64,2026-06-10T04:01:22
26897,pool:gen_002,dqn,1,1.9677,-2.1905,64,2026-06-10T04:01:31
26898,dqn,pool:gen_001,2,-0.5568,2.5618,64,2026-06-10T04:01:40
26899,self,dqn,2,-1.0271,2.7598,64,2026-06-10T04:01:48
26900,dqn,pool:gen_003,2,-0.8415,2.7969,64,2026-06-10T04:01:56
26901,self,dqn,2,-0.9033,3.0692,64,2026-06-10T04:29:44
26902,dqn,pool:gen_001,2,-0.6063,2.6608,64,2026-06-10T04:29:50
26903,pool:prev_best:run_pts_004,dqn,1,1.5469,-1.5346,64,2026-06-10T04:29:55
26904,dqn,pool:gen_003,2,-0.9652,2.7474,64,2026-06-10T04:30:01
26905,pool:gen_002,dqn,1,1.7325,-2.0543,64,2026-06-10T04:30:06
26906,dqn,pool:gen_001,2,-0.7425,2.6732,64,2026-06-10T04:30:12
26907,pool:gen_002,dqn,1,1.7449,-2.0791,64,2026-06-10T04:30:20
26908,dqn,self,1,1.6583,-1.9801,64,2026-06-10T04:30:26
26909,pool:gen_001,dqn,2,-0.3588,2.3514,64,2026-06-10T04:30:31
26910,dqn,pool:gen_002,2,-1.0519,2.7722,64,2026-06-10T04:30:37
26911,pool:prev_best:run_pts_004,dqn,2,-0.7053,2.6732,64,2026-06-10T04:30:42
26912,dqn,pool:gen_002,2,-1.0395,2.8588,64,2026-06-10T04:30:47
26913,self,dqn,2,-0.7425,2.3761,64,2026-06-10T04:30:53
26914,dqn,pool:gen_003,2,-0.8538,2.7845,64,2026-06-10T04:30:58
26915,pool:gen_002,dqn,1,1.9553,-2.2028,64,2026-06-10T04:31:03
26916,dqn,self,1,1.6954,-1.7573,64,2026-06-10T04:31:09
26917,self,dqn,1,1.4850,-1.5964,64,2026-06-10T04:31:15
26918,dqn,self,1,1.4603,-1.6212,64,2026-06-10T04:31:20
26919,pool:gen_002,dqn,1,1.7820,-2.0791,64,2026-06-10T04:31:26
26920,dqn,self,1,1.8316,-2.0667,64,2026-06-10T04:31:31
26921,pool:gen_003,dqn,1,1.9677,-2.0419,64,2026-06-10T04:31:37
26922,dqn,pool:gen_001,2,-0.5321,2.5123,64,2026-06-10T04:31:43
26923,self,dqn,1,2.1286,-1.9553,64,2026-06-10T04:31:48
26924,dqn,self,2,-0.3959,2.4999,64,2026-06-10T04:31:54
26925,self,dqn,2,-0.6435,2.3638,64,2026-06-10T04:32:01
26926,dqn,pool:gen_001,2,-0.5568,2.5247,64,2026-06-10T04:32:07
26927,pool:gen_003,dqn,1,1.6459,-1.8439,64,2026-06-10T04:32:12
26928,dqn,self,1,1.5222,-1.7449,64,2026-06-10T04:32:18
26929,self,dqn,1,1.8811,-1.9801,64,2026-06-10T04:32:23
26930,dqn,pool:gen_002,2,-0.7548,2.6237,64,2026-06-10T04:32:29
26931,self,dqn,2,-0.7796,2.4875,64,2026-06-10T04:32:34
26932,dqn,self,2,-0.6311,2.7103,64,2026-06-10T04:32:39
26933,self,dqn,1,1.7326,-1.4974,64,2026-06-10T04:32:44
26934,dqn,pool:gen_003,1,1.8192,-1.7821,64,2026-06-10T04:32:50
26935,self,dqn,2,-0.5197,2.5247,64,2026-06-10T04:32:55
26936,dqn,pool:gen_001,2,-0.7425,2.7103,64,2026-06-10T04:33:01
26937,self,dqn,2,-0.6063,2.6979,64,2026-06-10T04:33:06
26938,dqn,self,1,1.6954,-1.8687,64,2026-06-10T04:33:12
26939,self,dqn,1,1.4232,-1.5469,64,2026-06-10T04:33:18
26940,dqn,self,1,1.4355,-1.8687,64,2026-06-10T04:33:23
26941,self,dqn,1,1.7821,-1.7821,64,2026-06-10T04:33:29
26942,dqn,pool:gen_003,1,1.7078,-1.8192,64,2026-06-10T04:33:34
26943,self,dqn,1,1.9553,-1.6459,64,2026-06-10T04:33:39
26944,dqn,self,draw,0.2847,0.2847,64,2026-06-10T04:33:45
26945,pool:gen_003,dqn,2,-0.6435,2.4751,64,2026-06-10T04:33:51
26946,dqn,self,1,1.2994,-1.9306,64,2026-06-10T04:33:56
26947,self,dqn,2,-1.0518,3.4033,64,2026-06-10T04:34:01
26948,dqn,pool:prev_best:run_pts_004,2,-0.7301,2.7227,64,2026-06-10T04:34:07
26949,pool:gen_003,dqn,2,-0.5073,2.4628,64,2026-06-10T04:34:12
26950,dqn,self,1,1.3860,-1.7697,64,2026-06-10T04:34:18
26951,self,dqn,1,1.7326,-1.9058,64,2026-06-10T04:34:23
26952,dqn,pool:gen_003,2,-0.5692,2.4751,64,2026-06-10T04:34:28
26953,pool:gen_001,dqn,1,1.9553,-1.9058,64,2026-06-10T04:34:33
26954,dqn,pool:gen_001,2,-0.9405,2.6608,64,2026-06-10T04:34:38
26955,heuristic,dqn,2,-0.5568,3.4900,64,2026-06-10T04:34:43
26956,dqn,pool:gen_001,2,-0.7425,2.7103,64,2026-06-10T04:34:48
26957,self,dqn,2,-0.8910,2.6732,64,2026-06-10T04:34:55
26958,dqn,self,2,-0.6187,2.4999,64,2026-06-10T04:35:01
26959,self,dqn,1,2.1162,-2.1533,64,2026-06-10T04:35:06
26960,dqn,pool:gen_003,2,-0.4578,2.4380,64,2026-06-10T04:35:13
26961,pool:gen_001,dqn,1,1.8192,-1.8934,64,2026-06-10T04:35:19
26962,dqn,self,2,-0.8043,2.5370,64,2026-06-10T04:35:24
26963,self,dqn,2,-0.7548,2.5865,64,2026-06-10T04:35:29
26964,dqn,pool:gen_001,2,-0.5445,2.4628,64,2026-06-10T04:35:35
26965,pool:gen_002,dqn,1,1.7573,-1.9182,64,2026-06-10T04:35:40
26966,dqn,self,1,2.2399,-2.2895,64,2026-06-10T04:35:46
26967,self,dqn,1,1.8316,-1.7326,64,2026-06-10T04:35:52
26968,dqn,pool:gen_003,1,1.6707,-1.7078,64,2026-06-10T04:35:56
26969,self,dqn,2,-0.6682,2.2276,64,2026-06-10T04:36:02
26970,dqn,heuristic,1,2.2647,-1.6335,64,2026-06-10T04:36:07
26971,pool:gen_003,dqn,1,2.0296,-2.2400,64,2026-06-10T04:36:12
26972,dqn,self,1,2.0915,-1.8068,64,2026-06-10T04:36:18
26973,pool:gen_002,dqn,1,1.6088,-1.9925,64,2026-06-10T04:36:23
26974,dqn,pool:gen_003,2,-1.1509,2.8959,64,2026-06-10T04:36:29
26975,pool:gen_001,dqn,2,-0.5073,2.7227,64,2026-06-10T04:36:34
26976,dqn,pool:gen_001,1,1.6088,-1.5841,64,2026-06-10T04:36:39
26977,pool:prev_best:run_pts_004,dqn,1,1.6583,-1.6831,64,2026-06-10T04:36:44
26978,dqn,self,1,1.7944,-1.5098,64,2026-06-10T04:36:50
26979,self,dqn,2,-0.3588,2.3143,64,2026-06-10T04:36:55
26980,dqn,pool:gen_001,2,-0.4578,2.5494,64,2026-06-10T04:37:01
26981,pool:gen_002,dqn,2,-0.7177,2.2895,64,2026-06-10T04:37:06
26982,dqn,pool:gen_001,2,-0.5321,2.6237,64,2026-06-10T04:37:12
26983,self,dqn,2,-0.6063,2.2895,64,2026-06-10T04:37:18
26984,dqn,self,1,1.6459,-1.7326,64,2026-06-10T04:37:22
26985,pool:gen_003,dqn,1,1.5840,-1.8316,64,2026-06-10T04:37:28
26986,dqn,pool:gen_001,2,-0.4949,2.6237,64,2026-06-10T04:37:33
26987,pool:prev_best:run_pts_004,dqn,1,1.9924,-1.9429,64,2026-06-10T04:37:38
26988,dqn,self,1,1.6212,-2.0172,64,2026-06-10T04:37:44
26989,self,dqn,2,-0.4207,2.4752,64,2026-06-10T04:37:49
26990,dqn,self,1,1.5098,-1.6459,64,2026-06-10T04:37:54
26991,heuristic,dqn,2,-0.6063,3.5518,64,2026-06-10T04:37:58
26992,dqn,pool:prev_best:run_pts_004,1,1.6088,-1.5841,64,2026-06-10T04:38:04
26993,self,dqn,1,1.5469,-1.6831,64,2026-06-10T04:38:09
26994,dqn,pool:gen_001,2,-0.5321,2.6237,64,2026-06-10T04:38:14
26995,self,dqn,2,-0.8662,2.4380,64,2026-06-10T04:38:20
26996,dqn,self,2,-0.6558,2.3143,64,2026-06-10T04:38:25
26997,self,dqn,1,1.4232,-1.6954,64,2026-06-10T04:38:31
26998,dqn,pool:gen_003,2,-1.2375,3.0692,64,2026-06-10T04:38:36
26999,heuristic,dqn,2,-0.1732,2.7227,64,2026-06-10T04:38:41
27000,dqn,self,2,-1.0518,2.8835,64,2026-06-10T04:38:46
27001,pool:gen_001,dqn,1,1.6459,-1.6583,64,2026-06-10T05:07:27
27002,dqn,pool:gen_003,2,-1.2746,3.0692,64,2026-06-10T05:07:33
27003,pool:gen_003,dqn,1,2.1038,-2.3142,64,2026-06-10T05:07:38
27004,dqn,self,1,1.6583,-1.8316,64,2026-06-10T05:07:44
27005,self,dqn,2,-0.7548,2.5123,64,2026-06-10T05:07:49
27006,dqn,pool:gen_004,1,2.0667,-2.0543,64,2026-06-10T05:07:56
27007,heuristic,dqn,2,-0.5692,3.1434,64,2026-06-10T05:08:00
27008,dqn,pool:prev_best:run_pts_004,1,1.5469,-1.7944,64,2026-06-10T05:08:05
27009,self,dqn,1,1.9553,-1.6459,64,2026-06-10T05:08:11
27010,dqn,pool:gen_002,2,-0.7053,2.2648,64,2026-06-10T05:08:17
27011,pool:gen_003,dqn,1,1.6212,-1.8316,64,2026-06-10T05:08:24
27012,dqn,pool:gen_001,1,1.6831,-1.5469,64,2026-06-10T05:08:32
27013,pool:gen_001,dqn,1,1.6459,-1.6583,64,2026-06-10T05:08:40
27014,dqn,pool:gen_004,1,2.1286,-1.7697,64,2026-06-10T05:08:48
27015,self,dqn,1,1.7202,-1.6212,64,2026-06-10T05:08:55
27016,dqn,self,1,1.6831,-1.6212,64,2026-06-10T05:09:01
27017,self,dqn,1,1.4479,-1.7078,64,2026-06-10T05:09:08
27018,dqn,self,1,1.4603,-1.8439,64,2026-06-10T05:09:15
27019,self,dqn,1,2.1162,-2.1905,64,2026-06-10T05:09:21
27020,dqn,self,1,1.5840,-1.9430,64,2026-06-10T05:09:26
27021,pool:gen_001,dqn,1,1.6459,-1.6583,64,2026-06-10T05:09:32
27022,dqn,pool:gen_002,2,-0.5692,2.4751,64,2026-06-10T05:09:37
27023,self,dqn,2,-0.5321,2.6979,64,2026-06-10T05:09:43
27024,dqn,pool:gen_001,2,-0.6063,2.4751,64,2026-06-10T05:09:49
27025,self,dqn,2,-0.6311,2.4504,64,2026-06-10T05:09:54
27026,dqn,pool:gen_004,1,1.5717,-1.9925,64,2026-06-10T05:10:02
27027,self,dqn,1,1.9553,-2.1657,64,2026-06-10T05:10:08
27028,dqn,pool:gen_003,2,-0.7672,2.2771,64,2026-06-10T05:10:14
27029,pool:gen_001,dqn,1,1.9801,-1.9924,64,2026-06-10T05:10:20
27030,dqn,pool:gen_003,2,-1.0766,2.7474,64,2026-06-10T05:10:26
27031,self,dqn,2,-0.4949,2.6237,64,2026-06-10T05:10:32
27032,dqn,self,1,1.5345,-1.7697,64,2026-06-10T05:10:37
27033,self,dqn,2,-0.7177,2.4009,64,2026-06-10T05:10:45
27034,dqn,pool:gen_001,1,1.5222,-1.7449,64,2026-06-10T05:10:53
27035,pool:gen_001,dqn,2,-0.4454,2.4133,64,2026-06-10T05:10:59
27036,dqn,self,2,-0.5568,2.2648,64,2026-06-10T05:11:06
27037,pool:gen_002,dqn,2,-0.9157,2.6113,64,2026-06-10T05:11:11
27038,dqn,pool:gen_002,1,1.4232,-1.6954,64,2026-06-10T05:11:19
27039,self,dqn,2,-0.3217,2.7227,64,2026-06-10T05:11:28
27040,dqn,self,2,-0.7672,2.6484,64,2026-06-10T05:11:35
27041,self,dqn,1,1.4479,-1.6707,64,2026-06-10T05:11:43
27042,dqn,pool:gen_004,1,1.9677,-2.0791,64,2026-06-10T05:11:50
27043,self,dqn,2,-0.6435,2.4009,64,2026-06-10T05:11:56
27044,dqn,self,1,1.4727,-1.9430,64,2026-06-10T05:12:03
27045,self,dqn,2,-0.4702,2.4628,64,2026-06-10T05:12:09
27046,dqn,pool:gen_001,2,-0.6682,2.6732,64,2026-06-10T05:12:16
27047,self,dqn,1,1.4355,-1.9430,64,2026-06-10T05:12:22
27048,dqn,self,1,1.6212,-1.9058,64,2026-06-10T05:12:29
27049,self,dqn,1,1.5345,-1.7697,64,2026-06-10T05:12:33
27050,dqn,self,1,1.6583,-1.6088,64,2026-06-10T05:12:40
27051,self,dqn,1,1.8316,-1.9924,64,2026-06-10T05:12:46
27052,dqn,self,1,1.7326,-1.8316,64,2026-06-10T05:12:54
27053,pool:gen_004,dqn,2,-0.6806,2.6237,64,2026-06-10T05:13:00
27054,dqn,pool:gen_001,2,-0.4454,2.5618,64,2026-06-10T05:13:07
27055,self,dqn,1,1.5469,-1.7573,64,2026-06-10T05:13:14
27056,dqn,self,2,-0.5939,2.6732,64,2026-06-10T05:13:20
27057,self,dqn,1,1.6831,-1.5840,64,2026-06-10T05:13:28
27058,dqn,pool:gen_002,1,1.3984,-1.7573,64,2026-06-10T05:13:35
27059,pool:gen_002,dqn,2,-0.7920,2.5123,64,2026-06-10T05:13:43
27060,dqn,self,1,1.8811,-1.7573,64,2026-06-10T05:13:49
27061,self,dqn,1,1.7944,-1.8439,64,2026-06-10T05:13:54
27062,dqn,self,2,-0.5445,2.3143,64,2026-06-10T05:14:02
27063,pool:gen_001,dqn,1,1.8687,-1.8811,64,2026-06-10T05:14:09
27064,dqn,self,2,-0.7053,2.5618,64,2026-06-10T05:14:17
27065,pool:prev_best:run_pts_004,dqn,1,1.6336,-1.7449,64,2026-06-10T05:14:24
27066,dqn,pool:gen_001,1,1.6459,-1.8068,64,2026-06-10T05:14:30
27067,self,dqn,2,-0.8043,2.4999,64,2026-06-10T05:14:37
27068,dqn,pool:gen_002,1,1.6088,-1.7697,64,2026-06-10T05:14:44
27069,self,dqn,2,-0.6311,2.4504,64,2026-06-10T05:14:51
27070,dqn,pool:gen_004,1,2.0419,-2.0791,64,2026-06-10T05:14:58
27071,pool:gen_003,dqn,1,1.8192,-1.8934,64,2026-06-10T05:15:05
27072,dqn,self,1,1.6831,-1.7326,64,2026-06-10T05:15:11
27073,pool:gen_003,dqn,2,-0.5445,2.4999,64,2026-06-10T05:15:19
27074,dqn,pool:prev_best:run_pts_004,2,-0.6930,2.5370,64,2026-06-10T05:15:25
27075,self,dqn,1,1.6583,-1.7202,64,2026-06-10T05:15:32
27076,dqn,pool:gen_002,1,1.4850,-1.5964,64,2026-06-10T05:15:39
27077,pool:gen_002,dqn,2,-0.8662,2.5865,64,2026-06-10T05:15:45
27078,dqn,pool:gen_001,1,1.7078,-1.8934,64,2026-06-10T05:15:51
27079,self,dqn,2,-0.8044,2.3514,64,2026-06-10T05:15:57
27080,dqn,self,1,1.5717,-1.7326,64,2026-06-10T05:16:02
27081,pool:gen_003,dqn,2,-0.9652,2.7103,64,2026-06-10T05:16:07
27082,dqn,pool:gen_003,1,1.6831,-1.8439,64,2026-06-10T05:16:13
27083,self,dqn,1,1.5098,-1.8687,64,2026-06-10T05:16:19
27084,dqn,self,1,1.7202,-1.6954,64,2026-06-10T05:16:25
27085,pool:gen_002,dqn,2,-0.8043,2.5370,64,2026-06-10T05:16:30
27086,dqn,self,2,-0.9033,2.6608,64,2026-06-10T05:16:36
27087,self,dqn,2,-0.7425,2.4133,64,2026-06-10T05:16:43
27088,dqn,pool:gen_004,1,2.0048,-1.7821,64,2026-06-10T05:16:51
27089,heuristic,dqn,2,-0.2846,2.6484,64,2026-06-10T05:16:57
27090,dqn,heuristic,1,2.8711,-1.9182,64,2026-06-10T05:17:02
27091,pool:gen_003,dqn,2,-0.5940,2.2276,64,2026-06-10T05:17:07
27092,dqn,self,1,1.5840,-1.7573,64,2026-06-10T05:17:13
27093,self,dqn,2,-0.9529,2.6484,64,2026-06-10T05:17:18
27094,dqn,pool:gen_004,1,2.2523,-1.9429,64,2026-06-10T05:17:24
27095,pool:gen_002,dqn,2,-0.8415,2.6484,64,2026-06-10T05:17:30
27096,dqn,pool:gen_004,1,2.1657,-1.8439,64,2026-06-10T05:17:35
27097,self,dqn,2,-0.3959,2.5742,64,2026-06-10T05:17:41
27098,dqn,self,2,-0.6187,2.3514,64,2026-06-10T05:17:46
27099,self,dqn,1,1.8316,-1.9182,64,2026-06-10T05:17:52
27100,dqn,pool:gen_002,1,1.8316,-1.8439,64,2026-06-10T05:17:59
27101,self,dqn,1,1.8439,-2.0172,64,2026-06-10T05:40:36
27102,dqn,self,1,1.6831,-1.8068,64,2026-06-10T05:40:38
27103,pool:prev_best:run_pts_004,dqn,2,-0.3341,2.3390,64,2026-06-10T05:40:40
27104,dqn,self,1,2.1286,-1.8068,64,2026-06-10T05:40:42
27105,self,dqn,1,2.4256,-2.3266,64,2026-06-10T05:40:45
27106,dqn,pool:gen_002,1,1.5098,-1.5717,64,2026-06-10T05:40:47
27107,self,dqn,2,-0.3464,2.3266,64,2026-06-10T05:40:49
27108,dqn,pool:gen_002,1,1.7697,-1.8316,64,2026-06-10T05:40:51
27109,heuristic,dqn,2,-0.5197,3.0073,64,2026-06-10T05:40:53
27110,dqn,self,1,1.7449,-1.8563,64,2026-06-10T05:40:55
27111,pool:gen_002,dqn,2,-0.6558,2.4999,64,2026-06-10T05:40:58
27112,dqn,pool:gen_001,2,-0.4950,2.4380,64,2026-06-10T05:41:00
27113,pool:gen_004,dqn,2,-0.9405,3.0320,64,2026-06-10T05:41:01
27114,dqn,pool:gen_003,1,1.9429,-1.8068,64,2026-06-10T05:41:03
27115,pool:gen_004,dqn,2,-0.9776,3.2919,64,2026-06-10T05:41:05
27116,dqn,pool:gen_002,1,1.7944,-1.7697,64,2026-06-10T05:41:07
27117,self,dqn,1,1.7821,-1.5593,64,2026-06-10T05:41:09
27118,dqn,pool:gen_002,1,1.8316,-1.8439,64,2026-06-10T05:41:11
27119,pool:gen_001,dqn,2,-1.0024,2.5989,64,2026-06-10T05:41:13
27120,dqn,self,1,2.2895,-2.2399,64,2026-06-10T05:41:15
27121,self,dqn,1,1.7202,-1.6583,64,2026-06-10T05:41:17
27122,dqn,self,1,1.9677,-2.0791,64,2026-06-10T05:41:20
27123,pool:gen_001,dqn,2,-1.0519,2.6979,64,2026-06-10T05:41:22
27124,dqn,self,1,1.8316,-1.7697,64,2026-06-10T05:41:24
27125,self,dqn,1,2.0667,-2.0543,64,2026-06-10T05:41:26
27126,dqn,heuristic,1,2.2276,-1.8192,64,2026-06-10T05:41:28
27127,pool:gen_001,dqn,2,-1.0024,2.5989,64,2026-06-10T05:41:30
27128,dqn,pool:gen_001,2,-0.7301,2.4628,64,2026-06-10T05:41:33
27129,pool:gen_003,dqn,2,-0.7920,2.6237,64,2026-06-10T05:41:35
27130,dqn,self,1,2.2647,-1.7078,64,2026-06-10T05:41:37
27131,heuristic,dqn,2,-0.1855,3.2301,64,2026-06-10T05:41:39
27132,dqn,self,2,-0.8786,3.0197,64,2026-06-10T05:41:41
27133,pool:gen_003,dqn,2,-0.7920,2.6237,64,2026-06-10T05:41:43
27134,dqn,self,2,-0.7301,2.4999,64,2026-06-10T05:41:45
27135,pool:gen_002,dqn,2,-0.7177,2.6979,64,2026-06-10T05:41:47
27136,dqn,pool:gen_002,1,1.7821,-1.9306,64,2026-06-10T05:41:49
27137,self,dqn,1,1.9058,-1.8068,64,2026-06-10T05:41:52
27138,dqn,self,2,-0.8415,2.3143,64,2026-06-10T05:41:54
27139,pool:gen_002,dqn,2,-0.7548,2.5123,64,2026-06-10T05:41:56
27140,dqn,pool:gen_002,1,1.8316,-2.0296,64,2026-06-10T05:41:58
27141,pool:gen_003,dqn,2,-0.6435,2.7722,64,2026-06-10T05:42:00
27142,dqn,self,2,-0.6558,2.7227,64,2026-06-10T05:42:02
27143,pool:gen_003,dqn,1,1.6831,-1.8068,64,2026-06-10T05:42:04
27144,dqn,pool:gen_004,1,1.3984,-1.7202,64,2026-06-10T05:42:07
27145,pool:gen_001,dqn,2,-1.0024,2.5989,64,2026-06-10T05:42:09
27146,dqn,pool:gen_001,2,-0.8786,2.6855,64,2026-06-10T05:42:11
27147,pool:gen_003,dqn,2,-0.7672,2.6855,64,2026-06-10T05:42:13
27148,dqn,pool:gen_002,1,1.6831,-1.8811,64,2026-06-10T05:42:15
27149,self,dqn,2,-0.6558,2.5742,64,2026-06-10T05:42:17
27150,dqn,pool:gen_004,2,-0.5940,2.3390,64,2026-06-10T05:42:19
27151,pool:gen_001,dqn,2,-0.6558,2.3143,64,2026-06-10T05:42:21
27152,dqn,self,2,-0.5444,2.5742,64,2026-06-10T05:42:24
27153,self,dqn,2,-0.6187,2.4628,64,2026-06-10T05:42:26
27154,dqn,pool:gen_003,1,1.7326,-1.7202,64,2026-06-10T05:42:28
27155,pool:gen_001,dqn,1,1.6459,-1.8811,64,2026-06-10T05:42:30
27156,dqn,pool:gen_002,1,1.4974,-1.6954,64,2026-06-10T05:42:32
27157,pool:gen_003,dqn,2,-0.7177,2.5865,64,2026-06-10T05:42:34
27158,dqn,pool:gen_003,1,1.6954,-1.7573,64,2026-06-10T05:42:36
27159,self,dqn,2,-0.6806,2.4751,64,2026-06-10T05:42:39
27160,dqn,self,2,-0.9033,2.8093,64,2026-06-10T05:42:41
27161,pool:gen_002,dqn,2,-0.9281,2.7103,64,2026-06-10T05:42:43
27162,dqn,pool:gen_003,2,-0.4950,2.4380,64,2026-06-10T05:42:45
27163,pool:gen_003,dqn,2,-0.6930,2.5741,64,2026-06-10T05:42:47
27164,dqn,self,1,1.8563,-2.0419,64,2026-06-10T05:42:49
27165,pool:prev_best:run_pts_004,dqn,2,-0.6558,2.3885,64,2026-06-10T05:42:51
27166,dqn,self,2,-0.8538,2.7103,64,2026-06-10T05:42:54
27167,self,dqn,2,-1.0147,2.9578,64,2026-06-10T05:42:56
27168,dqn,pool:gen_001,1,1.4232,-1.7697,64,2026-06-10T05:42:58
27169,pool:gen_001,dqn,2,-0.6558,2.5370,64,2026-06-10T05:43:00
27170,dqn,heuristic,1,2.6855,-2.0295,64,2026-06-10T05:43:02
27171,pool:gen_002,dqn,2,-0.6682,2.3019,64,2026-06-10T05:43:05
27172,dqn,pool:gen_002,1,1.6212,-1.8687,64,2026-06-10T05:43:07
27173,pool:prev_best:run_pts_004,dqn,2,-0.7548,2.3638,64,2026-06-10T05:43:09
27174,dqn,pool:gen_001,2,-0.6311,2.5246,64,2026-06-10T05:43:11
27175,pool:gen_002,dqn,2,-0.7548,2.5123,64,2026-06-10T05:43:14
27176,dqn,self,2,-0.9529,2.6113,64,2026-06-10T05:43:16
27177,pool:gen_004,dqn,2,-0.5197,2.4504,64,2026-06-10T05:43:18
27178,dqn,pool:gen_001,1,1.5840,-1.7202,64,2026-06-10T05:43:20
27179,self,dqn,1,1.5345,-1.7697,64,2026-06-10T05:43:22
27180,dqn,self,1,2.0172,-2.0667,64,2026-06-10T05:43:24
27181,pool:gen_001,dqn,1,1.5593,-1.7449,64,2026-06-10T05:43:26
27182,dqn,pool:gen_003,1,1.8316,-1.8068,64,2026-06-10T05:43:28
27183,pool:gen_001,dqn,1,1.4974,-1.6212,64,2026-06-10T05:43:30
27184,dqn,pool:gen_001,2,-0.9900,2.7598,64,2026-06-10T05:43:32
27185,self,dqn,1,1.7202,-1.7326,64,2026-06-10T05:43:34
27186,dqn,pool:gen_003,2,-0.4331,2.3885,64,2026-06-10T05:43:37
27187,self,dqn,1,1.8316,-1.8811,64,2026-06-10T05:43:39
27188,dqn,self,1,1.3984,-1.5717,64,2026-06-10T05:43:41
27189,pool:gen_002,dqn,2,-0.7796,2.5618,64,2026-06-10T05:43:43
27190,dqn,pool:gen_001,2,-0.6435,2.4380,64,2026-06-10T05:43:45
27191,pool:gen_002,dqn,2,-0.7796,2.5618,64,2026-06-10T05:43:47
27192,dqn,self,1,1.6212,-1.7944,64,2026-06-10T05:43:49
27193,pool:gen_002,dqn,2,-0.6930,2.4999,64,2026-06-10T05:43:51
27194,dqn,pool:gen_004,1,1.6707,-1.7449,64,2026-06-10T05:43:53
27195,self,dqn,1,1.7449,-1.8563,64,2026-06-10T05:43:55
27196,dqn,pool:gen_003,2,-0.9776,2.5865,64,2026-06-10T05:43:57
27197,pool:gen_003,dqn,2,-0.6435,2.6608,64,2026-06-10T05:43:59
27198,dqn,self,1,2.2523,-2.1286,64,2026-06-10T05:44:01
27199,pool:gen_002,dqn,2,-0.7796,2.5618,64,2026-06-10T05:44:03
27200,dqn,self,2,-0.7425,2.3390,64,2026-06-10T05:44:05
27201,pool:gen_003,dqn,1,1.3860,-1.8068,64,2026-06-10T06:05:38
27202,dqn,self,1,1.7449,-1.8563,64,2026-06-10T06:05:40
27203,self,dqn,1,1.9306,-2.0419,64,2026-06-10T06:05:42
27204,dqn,pool:gen_001,2,-0.6187,2.3885,64,2026-06-10T06:05:44
27205,heuristic,dqn,2,-0.5444,3.2796,64,2026-06-10T06:05:46
27206,dqn,pool:gen_001,1,1.5593,-1.8192,64,2026-06-10T06:05:48
27207,pool:gen_002,dqn,2,-0.6435,2.4751,64,2026-06-10T06:05:50
27208,dqn,self,1,2.0420,-1.5964,64,2026-06-10T06:05:52
27209,pool:gen_001,dqn,2,-0.7053,2.5618,64,2026-06-10T06:05:55
27210,dqn,self,2,-0.7301,2.7227,64,2026-06-10T06:05:57
27211,pool:gen_004,dqn,1,1.6583,-1.9058,64,2026-06-10T06:05:58
27212,dqn,pool:prev_best:run_pts_004,1,1.5345,-1.6954,64,2026-06-10T06:06:01
27213,pool:gen_002,dqn,2,-0.8291,2.5123,64,2026-06-10T06:06:03
27214,dqn,pool:gen_002,1,1.3242,-1.6459,64,2026-06-10T06:06:05
27215,self,dqn,1,1.4974,-1.7697,64,2026-06-10T06:06:07
27216,dqn,pool:gen_002,1,1.7944,-1.9182,64,2026-06-10T06:06:09
27217,self,dqn,1,1.8316,-1.5840,64,2026-06-10T06:06:11
27218,dqn,self,2,-0.9157,2.7598,64,2026-06-10T06:06:13
27219,self,dqn,1,1.8687,-2.1781,64,2026-06-10T06:06:16
27220,dqn,pool:gen_001,2,-0.5692,2.4009,64,2026-06-10T06:06:18
27221,pool:gen_003,dqn,1,1.7573,-2.1038,64,2026-06-10T06:06:20
27222,dqn,pool:gen_001,1,1.4974,-1.6583,64,2026-06-10T06:06:22
27223,pool:gen_002,dqn,2,-0.7920,2.4009,64,2026-06-10T06:06:24
27224,dqn,pool:gen_002,1,1.7449,-2.0791,64,2026-06-10T06:06:27
27225,pool:gen_003,dqn,1,1.7944,-2.0667,64,2026-06-10T06:06:29
27226,dqn,pool:gen_004,1,1.9924,-2.0543,64,2026-06-10T06:06:31
27227,self,dqn,1,1.9924,-2.0914,64,2026-06-10T06:06:33
27228,dqn,pool:gen_003,2,-0.6311,2.3390,64,2026-06-10T06:06:35
27229,self,dqn,1,1.5717,-1.5841,64,2026-06-10T06:06:37
27230,dqn,pool:gen_002,1,1.5222,-1.8192,64,2026-06-10T06:06:38
27231,pool:gen_004,dqn,2,-1.0395,2.5618,64,2026-06-10T06:06:41
27232,dqn,self,1,1.5717,-1.5469,64,2026-06-10T06:06:43
27233,self,dqn,1,2.0667,-2.1286,64,2026-06-10T06:06:45
27234,dqn,self,2,-0.8043,2.5370,64,2026-06-10T06:06:48
27235,pool:gen_002,dqn,1,1.3489,-1.7326,64,2026-06-10T06:06:51
27236,dqn,self,1,1.8563,-1.9306,64,2026-06-10T06:06:53
27237,self,dqn,2,-0.6558,2.4256,64,2026-06-10T06:06:56
27238,dqn,self,2,-0.8538,2.7845,64,2026-06-10T06:06:58
27239,pool:gen_003,dqn,2,-0.6063,2.4009,64,2026-06-10T06:07:00
27240,dqn,pool:gen_002,1,1.6335,-1.8563,64,2026-06-10T06:07:02
27241,pool:gen_004,dqn,2,-1.1509,2.7103,64,2026-06-10T06:07:05
27242,dqn,heuristic,1,1.9677,-1.5222,64,2026-06-10T06:07:07
27243,self,dqn,1,1.9677,-1.9677,64,2026-06-10T06:07:09
27244,dqn,pool:gen_003,1,1.5345,-1.6954,64,2026-06-10T06:07:12
27245,self,dqn,1,1.8563,-2.0048,64,2026-06-10T06:07:14
27246,dqn,self,1,1.8316,-1.5840,64,2026-06-10T06:07:17
27247,self,dqn,1,1.4974,-1.6583,64,2026-06-10T06:07:19
27248,dqn,pool:gen_004,1,2.0172,-2.1781,64,2026-06-10T06:07:22
27249,pool:gen_002,dqn,2,-0.7177,2.4380,64,2026-06-10T06:07:24
27250,dqn,pool:gen_003,2,-0.5692,2.4380,64,2026-06-10T06:07:27
27251,pool:gen_003,dqn,2,-0.6063,2.4009,64,2026-06-10T06:07:30
27252,dqn,self,1,1.9429,-1.8439,64,2026-06-10T06:07:33
27253,self,dqn,1,1.5717,-1.6583,64,2026-06-10T06:07:35
27254,dqn,pool:gen_003,2,-0.6558,2.4628,64,2026-06-10T06:07:38
27255,pool:gen_002,dqn,2,-0.7548,2.5123,64,2026-06-10T06:07:40
27256,dqn,self,2,-0.6558,2.7227,64,2026-06-10T06:07:43
27257,pool:gen_001,dqn,1,1.7202,-1.8811,64,2026-06-10T06:07:45
27258,dqn,self,1,1.9306,-1.9306,64,2026-06-10T06:07:49
27259,pool:gen_002,dqn,2,-0.5816,2.2400,64,2026-06-10T06:07:51
27260,dqn,pool:gen_004,1,1.6583,-2.0915,64,2026-06-10T06:07:54
27261,self,dqn,2,-0.7672,2.2400,64,2026-06-10T06:07:57
27262,dqn,self,1,1.6088,-1.7326,64,2026-06-10T06:07:59
27263,pool:gen_001,dqn,1,1.7202,-1.8811,64,2026-06-10T06:08:02
27264,dqn,self,2,-0.5073,2.5370,64,2026-06-10T06:08:04
27265,pool:gen_003,dqn,2,-0.7053,2.4504,64,2026-06-10T06:08:06
27266,dqn,self,1,2.3390,-2.3390,64,2026-06-10T06:08:09
27267,pool:gen_003,dqn,2,-0.6311,2.4875,64,2026-06-10T06:08:11
27268,dqn,self,2,-0.9652,2.9702,64,2026-06-10T06:08:13
27269,pool:prev_best:run_pts_004,dqn,1,1.7202,-1.8811,64,2026-06-10T06:08:15
27270,dqn,self,1,1.5840,-1.7573,64,2026-06-10T06:08:18
27271,pool:gen_003,dqn,2,-0.4578,2.3266,64,2026-06-10T06:08:20
27272,dqn,heuristic,1,2.8340,-1.7325,64,2026-06-10T06:08:22
27273,pool:gen_004,dqn,2,-0.7425,2.5246,64,2026-06-10T06:08:24
27274,dqn,pool:gen_003,1,2.1038,-2.1286,64,2026-06-10T06:08:26
27275,pool:gen_004,dqn,1,1.4479,-1.7078,64,2026-06-10T06:08:28
27276,dqn,self,2,-0.7301,2.4999,64,2026-06-10T06:08:30
27277,pool:gen_003,dqn,2,-0.5321,2.4009,64,2026-06-10T06:08:32
27278,dqn,pool:gen_001,2,-0.6187,2.4628,64,2026-06-10T06:08:34
27279,pool:gen_004,dqn,2,-0.5197,2.3390,64,2026-06-10T06:08:37
27280,dqn,pool:gen_004,1,1.7573,-1.5469,64,2026-06-10T06:08:39
27281,pool:gen_003,dqn,1,1.7573,-2.0667,64,2026-06-10T06:08:42
27282,dqn,self,2,-0.6558,2.6855,64,2026-06-10T06:08:44
27283,pool:prev_best:run_pts_004,dqn,1,1.5964,-1.7078,64,2026-06-10T06:08:46
27284,dqn,self,1,1.9801,-1.8811,64,2026-06-10T06:08:48
27285,self,dqn,1,1.7944,-1.7326,64,2026-06-10T06:08:50
27286,dqn,self,1,1.4479,-1.6336,64,2026-06-10T06:08:53
27287,pool:gen_003,dqn,1,1.5717,-1.6583,64,2026-06-10T06:08:55
27288,dqn,self,1,1.5222,-1.4850,64,2026-06-10T06:08:57
27289,self,dqn,1,2.3390,-2.3018,64,2026-06-10T06:09:00
27290,dqn,pool:gen_004,1,1.7078,-1.8192,64,2026-06-10T06:09:03
27291,self,dqn,1,1.6212,-2.0172,64,2026-06-10T06:09:05
27292,dqn,self,1,2.1038,-2.0914,64,2026-06-10T06:09:07
27293,pool:gen_003,dqn,1,1.5717,-1.6583,64,2026-06-10T06:09:10
27294,dqn,self,1,1.9306,-2.1905,64,2026-06-10T06:09:12
27295,self,dqn,2,-0.3960,2.2029,64,2026-06-10T06:09:15
27296,dqn,self,1,1.5841,-1.6459,64,2026-06-10T06:09:17
27297,pool:prev_best:run_pts_004,dqn,1,1.5964,-1.7078,64,2026-06-10T06:09:20
27298,dqn,pool:gen_001,2,-0.5816,2.5742,64,2026-06-10T06:09:22
27299,self,dqn,1,1.4850,-1.9306,64,2026-06-10T06:09:24
27300,dqn,pool:gen_004,1,1.6583,-1.9058,64,2026-06-10T06:09:26
27301,self,dqn,1,1.6212,-1.6831,64,2026-06-10T06:31:37
27302,dqn,self,1,1.6212,-1.4974,64,2026-06-10T06:31:40
27303,pool:gen_004,dqn,2,-0.9033,2.8093,64,2026-06-10T06:31:42
27304,dqn,pool:gen_003,1,2.1781,-2.1286,64,2026-06-10T06:31:45
27305,self,dqn,1,1.6088,-2.0296,64,2026-06-10T06:31:47
27306,dqn,self,2,-0.6063,2.3638,64,2026-06-10T06:31:49
27307,self,dqn,1,1.8934,-2.0048,64,2026-06-10T06:31:52
27308,dqn,self,1,1.5717,-1.7697,64,2026-06-10T06:31:54
27309,self,dqn,1,1.9058,-2.0667,64,2026-06-10T06:31:57
27310,dqn,self,1,1.6088,-1.9182,64,2026-06-10T06:31:59
27311,pool:gen_003,dqn,1,1.7573,-1.6954,64,2026-06-10T06:32:02
27312,dqn,pool:gen_004,1,1.6459,-2.1410,64,2026-06-10T06:32:04
27313,self,dqn,1,1.4850,-1.8192,64,2026-06-10T06:32:07
27314,dqn,self,1,1.8811,-1.9801,64,2026-06-10T06:32:09
27315,self,dqn,1,1.5593,-1.8563,64,2026-06-10T06:32:11
27316,dqn,self,2,-0.7177,2.2153,64,2026-06-10T06:32:14
27317,self,dqn,1,2.3390,-2.2276,64,2026-06-10T06:32:16
27318,dqn,pool:gen_001,2,-0.6682,2.5618,64,2026-06-10T06:32:18
27319,self,dqn,1,1.2623,-1.8192,64,2026-06-10T06:32:20
27320,dqn,pool:gen_003,1,1.4850,-1.5964,64,2026-06-10T06:32:22
27321,self,dqn,1,1.5717,-1.7326,64,2026-06-10T06:32:25
27322,dqn,pool:gen_001,2,-0.5197,2.6732,64,2026-06-10T06:32:27
27323,self,dqn,1,2.0296,-1.9058,64,2026-06-10T06:32:29
27324,dqn,pool:gen_003,1,2.0048,-1.9306,64,2026-06-10T06:32:31
27325,pool:gen_003,dqn,2,-0.4702,2.3514,64,2026-06-10T06:32:33
27326,dqn,self,2,-0.6435,2.4751,64,2026-06-10T06:32:36
27327,self,dqn,2,-0.3093,2.1039,64,2026-06-10T06:32:38
27328,dqn,pool:gen_001,1,1.6459,-1.5098,64,2026-06-10T06:32:40
27329,pool:gen_002,dqn,2,-0.8043,2.5370,64,2026-06-10T06:32:42
27330,dqn,pool:gen_003,1,1.8439,-1.6459,64,2026-06-10T06:32:44
27331,self,dqn,2,-0.5568,2.3019,64,2026-06-10T06:32:46
27332,dqn,self,2,-0.7177,2.4751,64,2026-06-10T06:32:49
27333,pool:prev_best:run_pts_004,dqn,2,-0.5692,2.4751,64,2026-06-10T06:32:51
27334,dqn,pool:gen_004,1,1.8934,-2.1533,64,2026-06-10T06:32:53
27335,self,dqn,2,-0.7177,2.5494,64,2026-06-10T06:32:55
27336,dqn,self,2,-0.5321,2.3638,64,2026-06-10T06:32:58
27337,self,dqn,2,-0.6063,2.4009,64,2026-06-10T06:33:00
27338,dqn,pool:gen_001,1,1.5098,-1.5717,64,2026-06-10T06:33:02
27339,self,dqn,1,1.6212,-1.5717,64,2026-06-10T06:33:04
27340,dqn,pool:gen_001,1,1.5717,-1.5098,64,2026-06-10T06:33:06
27341,pool:gen_001,dqn,2,-0.4331,2.3885,64,2026-06-10T06:33:09
27342,dqn,pool:gen_003,1,1.8192,-1.4850,64,2026-06-10T06:33:11
27343,pool:gen_004,dqn,2,-0.6930,2.3514,64,2026-06-10T06:33:13
27344,dqn,pool:gen_001,2,-0.7053,2.4875,64,2026-06-10T06:33:15
27345,pool:gen_003,dqn,2,-0.4083,2.4133,64,2026-06-10T06:33:17
27346,dqn,pool:gen_001,1,1.5717,-1.5098,64,2026-06-10T06:33:20
27347,pool:gen_003,dqn,2,-0.5197,2.6732,64,2026-06-10T06:33:22
27348,dqn,pool:gen_002,2,-0.6311,2.4875,64,2026-06-10T06:33:24
27349,self,dqn,1,2.0543,-1.6954,64,2026-06-10T06:33:26
27350,dqn,pool:gen_002,1,1.4974,-1.6212,64,2026-06-10T06:33:28
27351,pool:gen_003,dqn,2,-0.5197,2.5618,64,2026-06-10T06:33:31
27352,dqn,self,1,1.8811,-2.0915,64,2026-06-10T06:33:33
27353,pool:gen_003,dqn,1,1.6831,-1.7697,64,2026-06-10T06:33:35
27354,dqn,self,2,-0.4949,2.4752,64,2026-06-10T06:33:38
27355,self,dqn,1,1.7449,-1.8563,64,2026-06-10T06:33:40
27356,dqn,pool:gen_003,1,1.8316,-1.6954,64,2026-06-10T06:33:43
27357,heuristic,dqn,2,-0.1979,3.2920,64,2026-06-10T06:33:45
27358,dqn,self,1,1.7697,-1.7944,64,2026-06-10T06:33:47
27359,self,dqn,1,1.4974,-1.6954,64,2026-06-10T06:33:50
27360,dqn,self,1,1.9058,-2.0667,64,2026-06-10T06:33:52
27361,self,dqn,1,1.8563,-1.6707,64,2026-06-10T06:33:55
27362,dqn,pool:gen_001,1,1.5593,-1.6336,64,2026-06-10T06:33:57
27363,pool:gen_003,dqn,2,-0.4331,2.3885,64,2026-06-10T06:34:00
27364,dqn,pool:gen_003,1,1.9553,-1.8316,64,2026-06-10T06:34:02
27365,pool:gen_003,dqn,2,-0.4207,2.4009,64,2026-06-10T06:34:05
27366,dqn,self,2,-0.9034,2.5494,64,2026-06-10T06:34:08
27367,pool:gen_004,dqn,2,-0.5940,2.3390,64,2026-06-10T06:34:10
27368,dqn,self,2,-0.7920,2.5865,64,2026-06-10T06:34:13
27369,pool:gen_002,dqn,2,-0.5568,2.3019,64,2026-06-10T06:34:15
27370,dqn,self,2,-0.5445,2.2029,64,2026-06-10T06:34:17
27371,pool:gen_002,dqn,2,-0.5568,2.3019,64,2026-06-10T06:34:19
27372,dqn,self,1,1.9801,-2.1038,64,2026-06-10T06:34:22
27373,pool:gen_003,dqn,2,-0.1979,2.2895,64,2026-06-10T06:34:24
27374,dqn,pool:gen_001,2,-0.4950,2.4752,64,2026-06-10T06:34:26
27375,pool:gen_004,dqn,2,-0.6930,2.3514,64,2026-06-10T06:34:29
27376,dqn,pool:gen_001,1,1.5717,-1.6212,64,2026-06-10T06:34:31
27377,pool:gen_002,dqn,2,-0.5568,2.3019,64,2026-06-10T06:34:34
27378,dqn,self,1,1.5717,-1.6583,64,2026-06-10T06:34:36
27379,self,dqn,1,1.7697,-1.8316,64,2026-06-10T06:34:39
27380,dqn,pool:gen_001,2,-0.5692,2.4380,64,2026-06-10T06:34:41
27381,self,dqn,2,-0.5816,2.4628,64,2026-06-10T06:34:43
27382,dqn,pool:gen_001,2,-0.5568,2.5989,64,2026-06-10T06:34:46
27383,self,dqn,1,1.5469,-1.8316,64,2026-06-10T06:34:48
27384,dqn,self,2,-0.6930,2.3885,64,2026-06-10T06:34:51
27385,self,dqn,1,1.5593,-1.7449,64,2026-06-10T06:34:53
27386,dqn,self,2,-0.9652,2.7103,64,2026-06-10T06:34:55
27387,pool:gen_004,dqn,2,-0.7177,2.3266,64,2026-06-10T06:34:58
27388,dqn,self,2,-0.5816,2.4256,64,2026-06-10T06:35:00
27389,pool:gen_001,dqn,1,1.4603,-1.6212,64,2026-06-10T06:35:02
27390,dqn,self,2,-0.5321,2.5865,64,2026-06-10T06:35:04
27391,pool:prev_best:run_pts_004,dqn,2,-0.7177,2.5123,64,2026-06-10T06:35:07
27392,dqn,self,2,-0.7920,2.7350,64,2026-06-10T06:35:09
27393,pool:gen_002,dqn,2,-0.5073,2.3143,64,2026-06-10T06:35:11
27394,dqn,heuristic,1,2.5494,-1.4603,64,2026-06-10T06:35:13
27395,pool:gen_004,dqn,1,1.3984,-1.8316,64,2026-06-10T06:35:16
27396,dqn,self,1,1.8439,-1.7202,64,2026-06-10T06:35:18
27397,self,dqn,2,-0.4578,2.4380,64,2026-06-10T06:35:20
27398,dqn,pool:gen_003,1,2.0543,-1.9924,64,2026-06-10T06:35:23
27399,self,dqn,2,-0.3464,2.6979,64,2026-06-10T06:35:25
27400,dqn,pool:gen_004,2,-0.7796,2.3761,64,2026-06-10T06:35:27
27401,pool:gen_003,dqn,1,1.7325,-2.0915,64,2026-06-10T06:57:19
27402,dqn,self,2,-0.7301,2.4256,64,2026-06-10T06:57:21
27403,pool:gen_004,dqn,2,-0.6930,2.3514,64,2026-06-10T06:57:23
27404,dqn,pool:gen_004,1,1.5222,-1.8935,64,2026-06-10T06:57:25
27405,self,dqn,2,-1.0519,2.8093,64,2026-06-10T06:57:28
27406,dqn,self,2,-0.7425,2.5989,64,2026-06-10T06:57:30
27407,pool:prev_best:run_pts_004,dqn,2,-0.7177,2.6608,64,2026-06-10T06:57:32
27408,dqn,self,2,-0.7301,2.6484,64,2026-06-10T06:57:34
27409,self,dqn,2,-0.7425,2.6732,64,2026-06-10T06:57:36
27410,dqn,self,2,-0.8662,2.9578,64,2026-06-10T06:57:38
27411,self,dqn,2,-0.7425,2.6732,64,2026-06-10T06:57:40
27412,dqn,pool:gen_003,1,1.5345,-1.6954,64,2026-06-10T06:57:43
27413,self,dqn,1,1.9429,-1.7326,64,2026-06-10T06:57:45
27414,dqn,pool:gen_001,1,1.5345,-1.7326,64,2026-06-10T06:57:47
27415,pool:gen_002,dqn,2,-0.7425,2.5246,64,2026-06-10T06:57:49
27416,dqn,self,2,-0.5197,2.5247,64,2026-06-10T06:57:51
27417,pool:gen_003,dqn,2,-0.7920,2.7350,64,2026-06-10T06:57:54
27418,dqn,self,2,-0.8538,2.7103,64,2026-06-10T06:57:56
27419,pool:gen_004,dqn,1,1.7078,-1.8192,64,2026-06-10T06:57:58
27420,dqn,self,1,1.8068,-1.9429,64,2026-06-10T06:58:00
27421,pool:gen_004,dqn,1,1.9553,-2.0172,64,2026-06-10T06:58:02
27422,dqn,pool:gen_004,1,1.5964,-1.8563,64,2026-06-10T06:58:05
27423,pool:gen_002,dqn,2,-0.7548,2.7350,64,2026-06-10T06:58:07
27424,dqn,self,1,2.4998,-2.2523,64,2026-06-10T06:58:09
27425,self,dqn,1,1.6831,-1.6583,64,2026-06-10T06:58:10
27426,dqn,self,1,1.5469,-1.5717,64,2026-06-10T06:58:13
27427,pool:gen_004,dqn,1,1.7202,-1.7697,64,2026-06-10T06:58:15
27428,dqn,self,2,-0.3836,2.6237,64,2026-06-10T06:58:17
27429,pool:gen_001,dqn,1,1.8439,-1.9801,64,2026-06-10T06:58:19
27430,dqn,self,2,-0.7425,2.4875,64,2026-06-10T06:58:21
27431,pool:gen_001,dqn,1,1.4603,-1.6212,64,2026-06-10T06:58:24
27432,dqn,pool:gen_001,1,1.5098,-1.5717,64,2026-06-10T06:58:26
27433,pool:gen_003,dqn,2,-0.6435,2.6608,64,2026-06-10T06:58:28
27434,dqn,pool:gen_002,1,1.5469,-1.7202,64,2026-06-10T06:58:30
27435,pool:gen_001,dqn,2,-0.5692,2.4751,64,2026-06-10T06:58:32
27436,dqn,self,2,-0.5692,2.5494,64,2026-06-10T06:58:34
27437,self,dqn,1,1.4850,-1.6707,64,2026-06-10T06:58:36
27438,dqn,pool:prev_best:run_pts_004,1,1.5098,-1.5717,64,2026-06-10T06:58:38
27439,self,dqn,1,1.8068,-1.6088,64,2026-06-10T06:58:40
27440,dqn,self,1,1.4850,-1.6336,64,2026-06-10T06:58:43
27441,pool:gen_001,dqn,2,-0.7177,2.7350,64,2026-06-10T06:58:45
27442,dqn,pool:prev_best:run_pts_004,1,1.5222,-1.6707,64,2026-06-10T06:58:47
27443,pool:gen_002,dqn,2,-0.6558,2.5742,64,2026-06-10T06:58:49
27444,dqn,pool:gen_003,1,1.9182,-1.8687,64,2026-06-10T06:58:51
27445,heuristic,dqn,2,-0.4330,3.2053,64,2026-06-10T06:58:53
27446,dqn,self,2,-0.5816,2.4256,64,2026-06-10T06:58:55
27447,self,dqn,1,1.4603,-1.5098,64,2026-06-10T06:58:57
27448,dqn,pool:gen_003,1,2.0172,-2.0667,64,2026-06-10T06:58:59
27449,pool:gen_004,dqn,1,1.4850,-1.9677,64,2026-06-10T06:59:02
27450,dqn,self,1,1.8687,-1.9553,64,2026-06-10T06:59:04
27451,self,dqn,2,-0.5197,2.6360,64,2026-06-10T06:59:06
27452,dqn,self,1,1.8192,-1.9677,64,2026-06-10T06:59:08
27453,self,dqn,1,1.6088,-1.6212,64,2026-06-10T06:59:10
27454,dqn,self,2,-0.7301,2.5741,64,2026-06-10T06:59:13
27455,self,dqn,1,1.7944,-2.1038,64,2026-06-10T06:59:16
27456,dqn,pool:gen_004,2,-0.6435,2.3638,64,2026-06-10T06:59:18
27457,self,dqn,1,1.4355,-1.6831,64,2026-06-10T06:59:20
27458,dqn,pool:gen_004,2,-0.5816,2.5742,64,2026-06-10T06:59:23
27459,self,dqn,1,1.5964,-1.6707,64,2026-06-10T06:59:25
27460,dqn,pool:gen_003,1,1.9553,-1.9058,64,2026-06-10T06:59:27
27461,pool:gen_001,dqn,2,-0.6187,2.4999,64,2026-06-10T06:59:29
27462,dqn,self,1,1.4232,-1.6583,64,2026-06-10T06:59:31
27463,self,dqn,1,1.8316,-2.1038,64,2026-06-10T06:59:33
27464,dqn,pool:prev_best:run_pts_004,1,1.7078,-1.7449,64,2026-06-10T06:59:35
27465,pool:gen_003,dqn,2,-0.6063,2.4380,64,2026-06-10T06:59:37
27466,dqn,self,2,-0.8538,2.6732,64,2026-06-10T06:59:39
27467,pool:gen_003,dqn,2,-0.4578,2.2895,64,2026-06-10T06:59:41
27468,dqn,pool:gen_004,2,-0.7920,2.7722,64,2026-06-10T06:59:44
27469,self,dqn,1,1.9553,-2.0172,64,2026-06-10T06:59:46
27470,dqn,self,2,-0.5692,2.7722,64,2026-06-10T06:59:48
27471,self,dqn,1,1.8068,-1.7202,64,2026-06-10T06:59:50
27472,dqn,self,1,2.1905,-2.0419,64,2026-06-10T06:59:52
27473,pool:gen_004,dqn,1,1.5840,-1.7202,64,2026-06-10T06:59:54
27474,dqn,self,1,1.5964,-1.7449,64,2026-06-10T06:59:56
27475,pool:gen_004,dqn,1,1.4850,-1.7078,64,2026-06-10T06:59:58
27476,dqn,self,2,-0.4331,2.4256,64,2026-06-10T07:00:01
27477,self,dqn,1,1.7821,-1.7449,64,2026-06-10T07:00:02
27478,dqn,pool:gen_004,1,1.3984,-1.7573,64,2026-06-10T07:00:05
27479,pool:gen_001,dqn,2,-0.7672,2.6113,64,2026-06-10T07:00:08
27480,dqn,self,1,1.7573,-1.9182,64,2026-06-10T07:00:10
27481,pool:gen_001,dqn,2,-0.8662,2.5494,64,2026-06-10T07:00:12
27482,dqn,pool:gen_002,2,-0.7301,2.3514,64,2026-06-10T07:00:14
27483,pool:gen_004,dqn,2,-0.6682,2.2648,64,2026-06-10T07:00:16
27484,dqn,self,1,1.7944,-1.8439,64,2026-06-10T07:00:18
27485,self,dqn,1,1.4974,-1.5841,64,2026-06-10T07:00:20
27486,dqn,pool:gen_003,1,2.0296,-1.9058,64,2026-06-10T07:00:22
27487,pool:gen_002,dqn,2,-0.8167,2.4133,64,2026-06-10T07:00:24
27488,dqn,pool:gen_004,2,-0.5692,2.3266,64,2026-06-10T07:00:26
27489,self,dqn,1,1.5346,-1.5469,64,2026-06-10T07:00:28
27490,dqn,self,1,1.7821,-1.6335,64,2026-06-10T07:00:30
27491,self,dqn,1,1.5098,-1.6831,64,2026-06-10T07:00:32
27492,dqn,pool:prev_best:run_pts_004,1,1.9553,-1.8687,64,2026-06-10T07:00:34
27493,pool:gen_001,dqn,2,-0.7053,2.5989,64,2026-06-10T07:00:36
27494,dqn,self,2,-0.5816,2.3143,64,2026-06-10T07:00:38
27495,pool:gen_002,dqn,2,-0.8415,2.4256,64,2026-06-10T07:00:40
27496,dqn,self,2,-0.9034,2.5123,64,2026-06-10T07:00:42
27497,pool:gen_004,dqn,1,1.9553,-2.0543,64,2026-06-10T07:00:45
27498,dqn,self,2,-0.5073,2.3514,64,2026-06-10T07:00:48
27499,self,dqn,1,1.6336,-1.6336,64,2026-06-10T07:00:51
27500,dqn,pool:gen_003,1,2.0296,-1.9058,64,2026-06-10T07:00:55
27501,self,dqn,2,-0.6930,2.6855,64,2026-06-10T07:25:19
27502,dqn,pool:gen_001,1,1.8687,-1.8811,64,2026-06-10T07:25:25
27503,heuristic,dqn,2,-0.4578,3.6632,64,2026-06-10T07:25:31
27504,dqn,pool:gen_004,2,-0.6435,2.2153,64,2026-06-10T07:25:37
27505,self,dqn,2,-0.4702,2.4999,64,2026-06-10T07:25:43
27506,dqn,pool:gen_001,1,1.5841,-1.5717,64,2026-06-10T07:25:49
27507,self,dqn,1,1.3860,-1.6212,64,2026-06-10T07:25:54
27508,dqn,self,2,-0.8538,2.5989,64,2026-06-10T07:25:59
27509,pool:gen_003,dqn,1,1.5717,-1.6212,64,2026-06-10T07:26:06
27510,dqn,self,2,-1.0271,2.7226,64,2026-06-10T07:26:12
27511,self,dqn,2,-0.8786,2.6113,64,2026-06-10T07:26:18
27512,dqn,self,1,1.6336,-1.7821,64,2026-06-10T07:26:23
27513,self,dqn,2,-1.2251,2.8959,64,2026-06-10T07:26:29
27514,dqn,self,2,-1.1509,2.9330,64,2026-06-10T07:26:36
27515,pool:gen_002,dqn,2,-0.5445,2.2771,64,2026-06-10T07:26:42
27516,dqn,self,1,1.5345,-1.7326,64,2026-06-10T07:26:47
27517,self,dqn,2,-0.6311,2.3019,64,2026-06-10T07:26:52
27518,dqn,self,1,1.5840,-1.7944,64,2026-06-10T07:27:00
27519,self,dqn,2,-1.0890,3.0692,64,2026-06-10T07:27:05
27520,dqn,self,1,1.5345,-1.7697,64,2026-06-10T07:27:10
27521,pool:gen_001,dqn,1,1.8687,-1.6583,64,2026-06-10T07:27:16
27522,dqn,pool:gen_003,1,2.4751,-2.1286,64,2026-06-10T07:27:21
27523,self,dqn,2,-0.6558,2.4628,64,2026-06-10T07:27:26
27524,dqn,pool:gen_003,1,2.0296,-1.9058,64,2026-06-10T07:27:32
27525,pool:gen_001,dqn,1,1.7078,-1.6336,64,2026-06-10T07:27:37
27526,dqn,pool:gen_003,1,1.7326,-1.6459,64,2026-06-10T07:27:43
27527,self,dqn,2,-1.0518,3.0320,64,2026-06-10T07:27:50
27528,dqn,pool:prev_best:run_pts_004,1,1.4603,-1.6954,64,2026-06-10T07:27:55
27529,heuristic,dqn,2,-0.4083,3.4157,64,2026-06-10T07:28:00
27530,dqn,self,2,-0.8786,2.5370,64,2026-06-10T07:28:06
27531,self,dqn,2,-0.8786,2.7227,64,2026-06-10T07:28:11
27532,dqn,pool:gen_004,1,1.5717,-1.8068,64,2026-06-10T07:28:17
27533,heuristic,dqn,2,-0.3835,3.5147,64,2026-06-10T07:28:21
27534,dqn,pool:gen_003,2,-0.4949,2.5123,64,2026-06-10T07:28:27
27535,pool:gen_001,dqn,1,1.6088,-1.7326,64,2026-06-10T07:28:32
27536,dqn,self,1,1.7697,-1.9801,64,2026-06-10T07:28:37
27537,pool:gen_004,dqn,1,1.5469,-1.7944,64,2026-06-10T07:28:43
27538,dqn,pool:gen_001,2,-0.6930,2.6855,64,2026-06-10T07:28:48
27539,self,dqn,2,-0.5568,2.4504,64,2026-06-10T07:28:54
27540,dqn,pool:prev_best:run_pts_004,2,-0.5692,2.5123,64,2026-06-10T07:29:00
27541,self,dqn,1,1.4108,-1.7078,64,2026-06-10T07:29:06
27542,dqn,pool:gen_004,2,-0.9405,2.6236,64,2026-06-10T07:29:11
27543,pool:gen_003,dqn,2,-0.6930,2.6484,64,2026-06-10T07:29:17
27544,dqn,self,1,1.4108,-1.7821,64,2026-06-10T07:29:22
27545,pool:prev_best:run_pts_004,dqn,1,1.7326,-1.7944,64,2026-06-10T07:29:27
27546,dqn,self,2,-0.9157,2.6113,64,2026-06-10T07:29:33
27547,pool:gen_004,dqn,2,-0.6806,2.3638,64,2026-06-10T07:29:39
27548,dqn,pool:gen_004,2,-0.6682,2.6360,64,2026-06-10T07:29:46
27549,self,dqn,2,-0.5816,2.5370,64,2026-06-10T07:29:52
27550,dqn,pool:gen_003,1,2.0543,-1.9553,64,2026-06-10T07:29:57
27551,pool:gen_004,dqn,1,1.8316,-1.9182,64,2026-06-10T07:30:03
27552,dqn,self,2,-0.6930,2.5742,64,2026-06-10T07:30:09
27553,self,dqn,2,-1.1014,2.8712,64,2026-06-10T07:30:14
27554,dqn,self,1,1.5222,-1.7449,64,2026-06-10T07:30:20
27555,self,dqn,2,-0.5816,2.5742,64,2026-06-10T07:30:26
27556,dqn,self,2,-0.7177,2.2524,64,2026-06-10T07:30:31
27557,self,dqn,2,-0.7301,2.5741,64,2026-06-10T07:30:37
27558,dqn,self,2,-0.5568,2.5618,64,2026-06-10T07:30:44
27559,self,dqn,2,-0.5197,2.5618,64,2026-06-10T07:30:49
27560,dqn,self,2,-0.7920,2.5123,64,2026-06-10T07:30:56
27561,self,dqn,1,1.4355,-1.9058,64,2026-06-10T07:31:02
27562,dqn,pool:gen_002,1,1.4603,-1.7697,64,2026-06-10T07:31:07
27563,pool:gen_003,dqn,2,-0.6930,2.6484,64,2026-06-10T07:31:12
27564,dqn,pool:gen_003,1,1.7078,-1.4108,64,2026-06-10T07:31:17
27565,pool:gen_001,dqn,1,1.5964,-1.6707,64,2026-06-10T07:31:22
27566,dqn,pool:gen_002,2,-0.6435,2.4009,64,2026-06-10T07:31:28
27567,pool:gen_002,dqn,2,-0.7920,2.3266,64,2026-06-10T07:31:33
27568,dqn,self,2,-0.9033,2.8093,64,2026-06-10T07:31:39
27569,self,dqn,1,1.4355,-1.6459,64,2026-06-10T07:31:45
27570,dqn,self,2,-0.4331,2.6113,64,2026-06-10T07:31:51
27571,self,dqn,1,1.7944,-1.6583,64,2026-06-10T07:31:56
27572,dqn,heuristic,1,2.9454,-1.5840,64,2026-06-10T07:32:02
27573,pool:gen_003,dqn,2,-0.9157,2.9083,64,2026-06-10T07:32:07
27574,dqn,self,2,-0.7301,2.4999,64,2026-06-10T07:32:13
27575,pool:gen_004,dqn,2,-0.6187,2.4256,64,2026-06-10T07:32:18
27576,dqn,self,1,1.6335,-1.9306,64,2026-06-10T07:32:23
27577,pool:gen_004,dqn,2,-0.6806,2.5865,64,2026-06-10T07:32:29
27578,dqn,pool:gen_001,2,-0.6682,2.4875,64,2026-06-10T07:32:34
27579,self,dqn,2,-0.9405,2.8093,64,2026-06-10T07:32:39
27580,dqn,self,2,-0.6187,2.5370,64,2026-06-10T07:32:45
27581,heuristic,dqn,2,-0.7795,4.0469,64,2026-06-10T07:32:50
27582,dqn,self,2,-0.6187,2.4999,64,2026-06-10T07:32:55
27583,pool:gen_003,dqn,2,-0.4578,2.4752,64,2026-06-10T07:33:00
27584,dqn,self,2,-0.8415,2.8340,64,2026-06-10T07:33:06
27585,self,dqn,2,-0.4949,2.5123,64,2026-06-10T07:33:12
27586,dqn,pool:gen_004,2,-0.5321,2.6608,64,2026-06-10T07:33:17
27587,pool:gen_003,dqn,2,-0.6311,2.5989,64,2026-06-10T07:33:22
27588,dqn,pool:gen_001,2,-0.7672,2.5370,64,2026-06-10T07:33:27
27589,pool:prev_best:run_pts_004,dqn,1,1.6831,-1.6212,64,2026-06-10T07:33:32
27590,dqn,self,2,-0.5568,2.7103,64,2026-06-10T07:33:38
27591,self,dqn,2,-1.1632,2.8093,64,2026-06-10T07:33:43
27592,dqn,pool:gen_001,2,-0.6806,2.5123,64,2026-06-10T07:33:49
27593,pool:gen_004,dqn,2,-0.3217,2.2771,64,2026-06-10T07:33:55
27594,dqn,pool:gen_002,1,1.5840,-1.7944,64,2026-06-10T07:33:59
27595,heuristic,dqn,2,-0.7053,4.3068,64,2026-06-10T07:34:05
27596,dqn,self,1,1.5345,-1.7326,64,2026-06-10T07:34:09
27597,self,dqn,2,-0.8043,2.3514,64,2026-06-10T07:34:16
27598,dqn,heuristic,1,2.8464,-1.4603,64,2026-06-10T07:34:22
27599,self,dqn,1,2.0419,-2.1905,64,2026-06-10T07:34:29
27600,dqn,pool:gen_002,1,1.8439,-2.1286,64,2026-06-10T07:34:34
27601,self,dqn,1,1.6954,-1.9801,64,2026-06-10T07:55:53
27602,dqn,self,2,-0.7177,2.4380,64,2026-06-10T07:55:58
27603,self,dqn,2,-0.6311,2.2648,64,2026-06-10T07:56:04
27604,dqn,self,2,-0.7672,2.6484,64,2026-06-10T07:56:10
27605,pool:gen_003,dqn,2,-0.8415,2.7969,64,2026-06-10T07:56:14
27606,dqn,pool:gen_003,1,2.0543,-1.9924,64,2026-06-10T07:56:20
27607,self,dqn,2,-0.5568,2.4504,64,2026-06-10T07:56:24
27608,dqn,pool:gen_004,1,1.5098,-1.6459,64,2026-06-10T07:56:30
27609,self,dqn,2,-0.5692,2.3266,64,2026-06-10T07:56:35
27610,dqn,pool:gen_001,1,1.5717,-1.4727,64,2026-06-10T07:56:40
27611,pool:gen_004,dqn,2,-0.6063,2.5865,64,2026-06-10T07:56:46
27612,dqn,self,1,1.5469,-1.7202,64,2026-06-10T07:56:52
27613,pool:gen_004,dqn,2,-0.6187,2.4256,64,2026-06-10T07:56:57
27614,dqn,self,1,2.0419,-2.1162,64,2026-06-10T07:57:02
27615,self,dqn,1,1.7078,-1.9306,64,2026-06-10T07:57:07
27616,dqn,pool:gen_003,1,1.6212,-1.4974,64,2026-06-10T07:57:12
27617,self,dqn,1,1.5345,-1.6954,64,2026-06-10T07:57:18
27618,dqn,pool:gen_002,1,1.4727,-1.7573,64,2026-06-10T07:57:23
27619,self,dqn,2,-0.9652,3.0816,64,2026-06-10T07:57:29
27620,dqn,pool:gen_004,2,-0.5073,2.5742,64,2026-06-10T07:57:33
27621,self,dqn,2,-1.0766,3.0073,64,2026-06-10T07:57:39
27622,dqn,pool:prev_best:run_pts_004,1,1.4727,-1.6831,64,2026-06-10T07:57:44
27623,pool:gen_002,dqn,2,-0.7177,2.5123,64,2026-06-10T07:57:49
27624,dqn,self,2,-1.0271,2.6855,64,2026-06-10T07:57:55
27625,self,dqn,1,1.4850,-1.6336,64,2026-06-10T07:58:01
27626,dqn,pool:prev_best:run_pts_004,1,1.6707,-1.8934,64,2026-06-10T07:58:06
27627,pool:gen_001,dqn,1,1.6336,-1.7821,64,2026-06-10T07:58:11
27628,dqn,pool:gen_001,1,1.7078,-1.8934,64,2026-06-10T07:58:16
27629,pool:prev_best:run_pts_004,dqn,1,1.6831,-1.6212,64,2026-06-10T07:58:22
27630,dqn,pool:gen_003,1,1.7573,-1.5098,64,2026-06-10T07:58:27
27631,heuristic,dqn,2,-1.2127,4.5790,64,2026-06-10T07:58:31
27632,dqn,pool:gen_003,1,2.0667,-1.9429,64,2026-06-10T07:58:37
27633,pool:gen_001,dqn,1,1.6831,-1.6212,64,2026-06-10T07:58:41
27634,dqn,pool:gen_002,1,1.5840,-1.7944,64,2026-06-10T07:58:47
27635,heuristic,dqn,2,-0.2845,3.1682,64,2026-06-10T07:58:52
27636,dqn,self,2,-0.8662,2.5865,64,2026-06-10T07:58:58
27637,pool:gen_003,dqn,2,-0.7053,2.7845,64,2026-06-10T07:59:03
27638,dqn,self,2,-0.7796,2.4875,64,2026-06-10T07:59:08
27639,self,dqn,1,1.3613,-1.7573,64,2026-06-10T07:59:14
27640,dqn,self,2,-0.5940,2.5618,64,2026-06-10T07:59:20
27641,self,dqn,2,-0.6187,2.4999,64,2026-06-10T07:59:24
27642,dqn,pool:gen_001,1,1.6707,-1.8934,64,2026-06-10T07:59:30
27643,pool:gen_004,dqn,2,-0.6435,2.5123,64,2026-06-10T07:59:35
27644,dqn,self,2,-0.8415,2.6855,64,2026-06-10T07:59:40
27645,self,dqn,1,2.0667,-2.2028,64,2026-06-10T07:59:47
27646,dqn,pool:prev_best:run_pts_004,1,1.4232,-1.6583,64,2026-06-10T07:59:52
27647,self,dqn,2,-0.7796,2.6732,64,2026-06-10T07:59:57
27648,dqn,pool:gen_001,1,1.7449,-1.7821,64,2026-06-10T08:00:02
27649,heuristic,dqn,2,-0.5073,3.6509,64,2026-06-10T08:00:07
27650,dqn,pool:gen_001,1,1.7697,-2.0172,64,2026-06-10T08:00:12
27651,pool:gen_002,dqn,2,-0.7425,2.4504,64,2026-06-10T08:00:17
27652,dqn,self,1,2.4380,-2.4256,64,2026-06-10T08:00:22
27653,self,dqn,2,-0.8538,2.6360,64,2026-06-10T08:00:27
27654,dqn,self,2,-0.9281,3.0444,64,2026-06-10T08:00:33
27655,pool:gen_001,dqn,1,1.7326,-1.7573,64,2026-06-10T08:00:37
27656,dqn,pool:gen_001,2,-0.5940,2.4875,64,2026-06-10T08:00:42
27657,self,dqn,1,1.5222,-1.8563,64,2026-06-10T08:00:48
27658,dqn,pool:gen_001,2,-0.6187,2.4999,64,2026-06-10T08:00:53
27659,pool:gen_002,dqn,2,-0.7177,2.5123,64,2026-06-10T08:00:58
27660,dqn,self,2,-0.5568,2.6360,64,2026-06-10T08:01:04
27661,pool:gen_002,dqn,2,-0.7177,2.5123,64,2026-06-10T08:01:08
27662,dqn,pool:prev_best:run_pts_004,2,-0.5444,2.6484,64,2026-06-10T08:01:14
27663,pool:gen_004,dqn,1,1.5841,-1.6459,64,2026-06-10T08:01:19
27664,dqn,pool:gen_002,1,1.6459,-1.8439,64,2026-06-10T08:01:24
27665,pool:gen_003,dqn,2,-0.3217,2.5742,64,2026-06-10T08:01:30
27666,dqn,self,1,1.3489,-1.8068,64,2026-06-10T08:01:34
27667,pool:prev_best:run_pts_004,dqn,1,1.6336,-1.7449,64,2026-06-10T08:01:39
27668,dqn,pool:gen_001,1,1.5222,-1.6707,64,2026-06-10T08:01:44
27669,self,dqn,2,-0.7301,2.6484,64,2026-06-10T08:01:50
27670,dqn,heuristic,1,3.0815,-1.5964,64,2026-06-10T08:01:55
27671,pool:gen_003,dqn,1,1.6583,-1.8316,64,2026-06-10T08:02:00
27672,dqn,self,1,1.8934,-1.8563,64,2026-06-10T08:02:06
27673,pool:prev_best:run_pts_004,dqn,1,1.6831,-1.6212,64,2026-06-10T08:02:11
27674,dqn,self,1,1.5717,-1.6954,64,2026-06-10T08:02:17
27675,pool:prev_best:run_pts_004,dqn,1,1.7573,-1.8811,64,2026-06-10T08:02:23
27676,dqn,self,2,-0.9405,2.6608,64,2026-06-10T08:02:27
27677,self,dqn,2,-0.8043,2.4256,64,2026-06-10T08:02:33
27678,dqn,self,1,1.4727,-1.8687,64,2026-06-10T08:02:38
27679,self,dqn,2,-0.5321,2.4380,64,2026-06-10T08:02:43
27680,dqn,pool:gen_004,1,1.5098,-1.6459,64,2026-06-10T08:02:51
27681,self,dqn,1,1.6831,-1.5469,64,2026-06-10T08:02:58
27682,dqn,pool:gen_002,1,1.6335,-1.8192,64,2026-06-10T08:03:02
27683,self,dqn,1,1.6088,-1.6954,64,2026-06-10T08:03:08
27684,dqn,pool:gen_002,1,1.4603,-1.7697,64,2026-06-10T08:03:13
27685,self,dqn,2,-0.5568,2.4504,64,2026-06-10T08:03:18
27686,dqn,pool:gen_004,1,1.5098,-1.6459,64,2026-06-10T08:03:24
27687,self,dqn,1,1.5964,-1.3737,64,2026-06-10T08:03:28
27688,dqn,pool:gen_004,1,1.5098,-1.6459,64,2026-06-10T08:03:34
27689,pool:gen_002,dqn,2,-0.7177,2.5123,64,2026-06-10T08:03:39
27690,dqn,pool:gen_003,1,2.0791,-1.8934,64,2026-06-10T08:03:45
27691,pool:gen_004,dqn,1,2.1038,-2.2400,64,2026-06-10T08:03:52
27692,dqn,pool:prev_best:run_pts_004,2,-0.6311,2.3390,64,2026-06-10T08:03:56
27693,self,dqn,2,-0.5692,2.3638,64,2026-06-10T08:04:03
27694,dqn,pool:prev_best:run_pts_004,1,1.4108,-1.5964,64,2026-06-10T08:04:09
27695,pool:gen_002,dqn,2,-0.7177,2.5123,64,2026-06-10T08:04:16
27696,dqn,self,1,1.6088,-1.6212,64,2026-06-10T08:04:23
27697,pool:gen_004,dqn,1,1.6583,-1.9058,64,2026-06-10T08:04:29
27698,dqn,heuristic,1,3.5889,-1.9058,64,2026-06-10T08:04:36
27699,self,dqn,1,1.5345,-1.6583,64,2026-06-10T08:04:43
27700,dqn,self,1,1.8811,-1.7202,64,2026-06-10T08:04:54
27701,self,dqn,1,2.1038,-1.8687,64,2026-06-10T08:31:28
27702,dqn,pool:gen_003,1,1.9429,-1.9553,64,2026-06-10T08:31:34
27703,self,dqn,1,1.6088,-1.6583,64,2026-06-10T08:31:39
27704,dqn,self,1,1.7944,-1.8811,64,2026-06-10T08:31:45
27705,self,dqn,2,-0.8291,2.6236,64,2026-06-10T08:31:51
27706,dqn,pool:gen_003,1,1.7697,-1.4603,64,2026-06-10T08:31:55
27707,heuristic,dqn,2,-0.3464,3.4405,64,2026-06-10T08:32:01
27708,dqn,pool:gen_003,1,1.9182,-1.7202,64,2026-06-10T08:32:07
27709,self,dqn,1,1.5840,-1.8316,64,2026-06-10T08:32:12
27710,dqn,self,2,-0.8167,2.8588,64,2026-06-10T08:32:17
27711,heuristic,dqn,2,-0.7796,3.6013,64,2026-06-10T08:32:22
27712,dqn,self,1,1.7078,-1.7821,64,2026-06-10T08:32:28
27713,pool:prev_best:run_pts_004,dqn,1,1.7078,-1.7078,64,2026-06-10T08:32:33
27714,dqn,pool:gen_003,1,1.7821,-1.4850,64,2026-06-10T08:32:38
27715,self,dqn,2,-0.9776,2.5865,64,2026-06-10T08:32:45
27716,dqn,heuristic,1,2.9207,-1.3489,64,2026-06-10T08:32:52
27717,self,dqn,2,-0.5692,2.5123,64,2026-06-10T08:32:58
27718,dqn,pool:gen_002,1,1.6707,-2.0420,64,2026-06-10T08:33:07
27719,pool:gen_001,dqn,1,1.7326,-1.7944,64,2026-06-10T08:33:12
27720,dqn,pool:gen_004,1,1.5098,-1.6459,64,2026-06-10T08:33:18
27721,self,dqn,2,-0.6311,2.3019,64,2026-06-10T08:33:24
27722,dqn,self,1,1.2994,-1.6707,64,2026-06-10T08:33:31
27723,pool:gen_001,dqn,1,1.6831,-1.6212,64,2026-06-10T08:33:37
27724,dqn,self,2,-0.6930,2.3514,64,2026-06-10T08:33:42
27725,pool:gen_001,dqn,1,1.6831,-1.6212,64,2026-06-10T08:33:48
27726,dqn,pool:gen_004,1,1.6954,-1.7573,64,2026-06-10T08:33:54
27727,self,dqn,1,1.7202,-1.8439,64,2026-06-10T08:34:03
27728,dqn,pool:gen_003,1,1.7697,-1.4603,64,2026-06-10T08:34:08
27729,pool:gen_002,dqn,2,-0.7177,2.5123,64,2026-06-10T08:34:15
27730,dqn,self,2,-1.0766,2.8959,64,2026-06-10T08:34:21
27731,self,dqn,1,1.5717,-1.8068,64,2026-06-10T08:34:26
27732,dqn,pool:gen_003,1,1.9925,-1.7202,64,2026-06-10T08:34:32
27733,self,dqn,2,-0.5445,2.4999,64,2026-06-10T08:34:37
27734,dqn,pool:gen_003,1,2.0915,-1.9553,64,2026-06-10T08:34:42
27735,self,dqn,1,1.3737,-1.9306,64,2026-06-10T08:34:49
27736,dqn,pool:gen_002,1,1.8687,-2.0296,64,2026-06-10T08:34:54
27737,self,dqn,1,1.8316,-1.9553,64,2026-06-10T08:35:00
27738,dqn,pool:gen_001,2,-0.7425,2.4504,64,2026-06-10T08:35:05
27739,pool:gen_001,dqn,1,1.8068,-1.8687,64,2026-06-10T08:35:10
27740,dqn,self,1,1.4603,-1.8068,64,2026-06-10T08:35:16
27741,pool:gen_001,dqn,1,1.6459,-1.6583,64,2026-06-10T08:35:21
27742,dqn,pool:gen_002,1,1.5840,-1.7944,64,2026-06-10T08:35:26
27743,pool:gen_004,dqn,2,-0.4578,2.3266,64,2026-06-10T08:35:32
27744,dqn,pool:gen_003,1,1.7697,-1.4603,64,2026-06-10T08:35:36
27745,self,dqn,1,2.0419,-1.9677,64,2026-06-10T08:35:43
27746,dqn,pool:gen_001,2,-0.6063,2.4009,64,2026-06-10T08:35:49
27747,self,dqn,1,1.7078,-1.7821,64,2026-06-10T08:35:57
27748,dqn,pool:gen_004,1,1.5098,-1.6459,64,2026-06-10T08:36:02
27749,pool:gen_004,dqn,2,-0.6187,2.4256,64,2026-06-10T08:36:08
27750,dqn,self,1,1.5469,-1.7944,64,2026-06-10T08:36:14
27751,pool:gen_004,dqn,2,-0.6187,2.4256,64,2026-06-10T08:36:19
27752,dqn,self,1,1.6212,-1.6831,64,2026-06-10T08:36:25
27753,self,dqn,1,1.4355,-1.5717,64,2026-06-10T08:36:31
27754,dqn,self,2,-0.7796,2.5989,64,2026-06-10T08:36:37
27755,self,dqn,1,1.9306,-2.0791,64,2026-06-10T08:36:43
27756,dqn,pool:gen_004,1,1.5098,-1.6459,64,2026-06-10T08:36:49
27757,pool:gen_002,dqn,2,-0.6682,2.4504,64,2026-06-10T08:36:54
27758,dqn,self,2,-0.8786,3.0197,64,2026-06-10T08:37:00
27759,pool:gen_003,dqn,2,-0.7177,3.1063,64,2026-06-10T08:37:05
27760,dqn,self,2,-1.1756,3.2424,64,2026-06-10T08:37:13
27761,pool:gen_004,dqn,1,1.9058,-1.9553,64,2026-06-10T08:37:19
27762,dqn,pool:gen_001,1,1.6212,-1.6459,64,2026-06-10T08:37:24
27763,self,dqn,2,-0.8786,2.7227,64,2026-06-10T08:37:30
27764,dqn,pool:prev_best:run_pts_004,2,-0.6435,2.3638,64,2026-06-10T08:37:35
27765,pool:gen_003,dqn,1,1.9553,-1.8316,64,2026-06-10T08:37:41
27766,dqn,self,2,-0.6311,2.4504,64,2026-06-10T08:37:47
27767,pool:gen_002,dqn,2,-0.7053,2.4875,64,2026-06-10T08:37:52
27768,dqn,pool:gen_003,1,1.8192,-1.5964,64,2026-06-10T08:37:57
27769,pool:gen_002,dqn,2,-0.7177,2.5123,64,2026-06-10T08:38:03
27770,dqn,pool:gen_001,1,1.5717,-1.7326,64,2026-06-10T08:38:09
27771,self,dqn,2,-1.0024,2.6360,64,2026-06-10T08:38:15
27772,dqn,pool:prev_best:run_pts_004,1,1.5840,-1.8316,64,2026-06-10T08:38:21
27773,self,dqn,1,1.9306,-2.0791,64,2026-06-10T08:38:28
27774,dqn,self,2,-0.9652,2.7103,64,2026-06-10T08:38:33
27775,pool:gen_004,dqn,2,-0.6682,2.5246,64,2026-06-10T08:38:39
27776,dqn,self,2,-0.7920,2.5865,64,2026-06-10T08:38:46
27777,pool:gen_001,dqn,1,1.6831,-1.6212,64,2026-06-10T08:38:54
27778,dqn,pool:gen_002,1,1.3737,-1.7449,64,2026-06-10T08:39:01
27779,self,dqn,1,1.4850,-1.7821,64,2026-06-10T08:39:07
27780,dqn,pool:gen_004,1,1.7449,-1.8192,64,2026-06-10T08:39:12
27781,pool:prev_best:run_pts_004,dqn,1,1.7697,-1.7573,64,2026-06-10T08:39:17
27782,dqn,self,2,-0.9157,2.5370,64,2026-06-10T08:39:24
27783,self,dqn,1,1.5222,-1.8192,64,2026-06-10T08:39:30
27784,dqn,self,2,-1.1509,3.0073,64,2026-06-10T08:39:36
27785,pool:gen_001,dqn,1,1.6459,-1.5469,64,2026-06-10T08:39:43
27786,dqn,self,2,-0.9776,2.9949,64,2026-06-10T08:39:50
27787,pool:gen_002,dqn,2,-0.6682,2.4133,64,2026-06-10T08:39:57
27788,dqn,self,2,-0.4454,2.4504,64,2026-06-10T08:40:02
27789,pool:gen_002,dqn,1,1.4603,-1.7326,64,2026-06-10T08:40:09
27790,dqn,self,2,-0.5445,2.3514,64,2026-06-10T08:40:15
27791,self,dqn,2,-0.5445,2.3514,64,2026-06-10T08:40:21
27792,dqn,pool:gen_001,2,-0.5073,2.3885,64,2026-06-10T08:40:26
27793,self,dqn,2,-1.0395,2.8217,64,2026-06-10T08:40:33
27794,dqn,pool:gen_001,1,1.4479,-1.5964,64,2026-06-10T08:40:39
27795,self,dqn,1,1.5222,-1.7821,64,2026-06-10T08:40:46
27796,dqn,heuristic,1,2.4999,-1.3613,64,2026-06-10T08:40:52
27797,pool:gen_001,dqn,1,1.5098,-1.6088,64,2026-06-10T08:40:58
27798,dqn,self,2,-0.9033,2.5494,64,2026-06-10T08:41:04
27799,pool:gen_001,dqn,2,-0.5321,2.2895,64,2026-06-10T08:41:10
27800,dqn,pool:gen_002,1,1.7326,-1.9058,64,2026-06-10T08:41:17
27801,pool:gen_004,dqn,1,1.5593,-1.7078,64,2026-06-10T09:03:48
27802,dqn,self,1,1.5593,-1.7449,64,2026-06-10T09:03:50
27803,self,dqn,2,-0.9405,2.5494,64,2026-06-10T09:03:52
27804,dqn,self,2,-0.9405,2.7350,64,2026-06-10T09:03:54
27805,pool:gen_001,dqn,1,1.6212,-1.6831,64,2026-06-10T09:03:56
27806,dqn,pool:gen_003,1,1.6583,-1.6088,64,2026-06-10T09:03:58
27807,pool:gen_003,dqn,1,1.8934,-1.9677,64,2026-06-10T09:04:00
27808,dqn,self,1,1.7821,-1.8563,64,2026-06-10T09:04:02
27809,self,dqn,1,1.8068,-2.0543,64,2026-06-10T09:04:04
27810,dqn,pool:gen_003,1,1.6212,-1.5717,64,2026-06-10T09:04:06
27811,pool:gen_002,dqn,2,-0.7548,2.5123,64,2026-06-10T09:04:08
27812,dqn,pool:gen_003,1,1.6212,-1.5717,64,2026-06-10T09:04:10
27813,pool:gen_004,dqn,2,-0.7053,2.5246,64,2026-06-10T09:04:12
27814,dqn,pool:gen_001,2,-0.6558,2.4628,64,2026-06-10T09:04:14
27815,self,dqn,1,1.5222,-1.7821,64,2026-06-10T09:04:16
27816,dqn,pool:gen_002,1,1.3860,-1.6954,64,2026-06-10T09:04:19
27817,self,dqn,2,-0.5568,2.3019,64,2026-06-10T09:04:21
27818,dqn,self,1,1.6954,-1.9801,64,2026-06-10T09:04:23
27819,self,dqn,2,-0.3464,2.5865,64,2026-06-10T09:04:25
27820,dqn,self,1,1.7697,-2.0915,64,2026-06-10T09:04:27
27821,pool:gen_003,dqn,2,-0.6558,2.6484,64,2026-06-10T09:04:29
27822,dqn,self,1,2.0667,-2.0172,64,2026-06-10T09:04:31
27823,self,dqn,1,1.8687,-1.8811,64,2026-06-10T09:04:33
27824,dqn,pool:gen_001,1,1.4479,-1.5964,64,2026-06-10T09:04:35
27825,pool:gen_004,dqn,1,1.5345,-1.6954,64,2026-06-10T09:04:37
27826,dqn,self,1,1.3613,-1.7202,64,2026-06-10T09:04:39
27827,heuristic,dqn,2,-0.3217,3.0939,64,2026-06-10T09:04:41
27828,dqn,pool:gen_002,1,1.7944,-2.1038,64,2026-06-10T09:04:43
27829,pool:gen_003,dqn,2,-0.6187,2.6484,64,2026-06-10T09:04:45
27830,dqn,pool:gen_003,1,1.6583,-1.6088,64,2026-06-10T09:04:47
27831,pool:gen_001,dqn,1,1.5098,-1.4974,64,2026-06-10T09:04:49
27832,dqn,self,1,1.7697,-1.9429,64,2026-06-10T09:04:51
27833,pool:gen_002,dqn,2,-0.7796,2.3761,64,2026-06-10T09:04:53
27834,dqn,pool:gen_001,2,-0.5444,2.6113,64,2026-06-10T09:04:55
27835,pool:gen_001,dqn,1,1.6954,-1.7202,64,2026-06-10T09:04:57
27836,dqn,pool:prev_best:run_pts_004,1,1.4479,-1.5964,64,2026-06-10T09:04:59
27837,self,dqn,2,-0.2227,2.5989,64,2026-06-10T09:05:01
27838,dqn,pool:prev_best:run_pts_004,1,1.5841,-1.5717,64,2026-06-10T09:05:03
27839,pool:gen_003,dqn,2,-0.6558,2.6484,64,2026-06-10T09:05:05
27840,dqn,pool:gen_003,1,1.9182,-1.8687,64,2026-06-10T09:05:07
27841,self,dqn,1,1.4355,-1.6088,64,2026-06-10T09:05:09
27842,dqn,pool:gen_001,1,1.5469,-1.6831,64,2026-06-10T09:05:11
27843,pool:gen_003,dqn,2,-0.6187,2.6484,64,2026-06-10T09:05:13
27844,dqn,pool:gen_003,1,1.9058,-1.8068,64,2026-06-10T09:05:15
27845,pool:gen_003,dqn,2,-0.6558,2.6484,64,2026-06-10T09:05:17
27846,dqn,pool:gen_003,1,1.9182,-2.0172,64,2026-06-10T09:05:19
27847,pool:prev_best:run_pts_004,dqn,1,1.7326,-1.6831,64,2026-06-10T09:05:20
27848,dqn,self,1,1.6459,-1.7697,64,2026-06-10T09:05:24
27849,self,dqn,1,1.4727,-1.7202,64,2026-06-10T09:05:26
27850,dqn,self,1,1.5593,-1.6707,64,2026-06-10T09:05:28
27851,pool:gen_003,dqn,1,1.6707,-1.7078,64,2026-06-10T09:05:30
27852,dqn,self,2,-0.8415,2.3514,64,2026-06-10T09:05:32
27853,pool:gen_002,dqn,2,-0.8291,2.3638,64,2026-06-10T09:05:34
27854,dqn,pool:gen_003,1,2.0914,-2.1781,64,2026-06-10T09:05:36
27855,pool:gen_004,dqn,2,-0.7548,2.5494,64,2026-06-10T09:05:38
27856,dqn,pool:gen_001,2,-0.7053,2.6360,64,2026-06-10T09:05:40
27857,self,dqn,2,-0.5816,2.5370,64,2026-06-10T09:05:42
27858,dqn,pool:gen_002,1,1.6335,-1.8563,64,2026-06-10T09:05:44
27859,pool:gen_003,dqn,2,-0.6558,2.6484,64,2026-06-10T09:05:46
27860,dqn,pool:prev_best:run_pts_004,2,-0.5321,2.2524,64,2026-06-10T09:05:48
27861,pool:gen_004,dqn,2,-0.7548,2.5494,64,2026-06-10T09:05:50
27862,dqn,self,1,1.5222,-1.7078,64,2026-06-10T09:05:52
27863,self,dqn,2,-0.3093,2.9578,64,2026-06-10T09:05:54
27864,dqn,pool:gen_002,1,1.7944,-2.1038,64,2026-06-10T09:05:56
27865,pool:gen_004,dqn,2,-0.7548,2.4751,64,2026-06-10T09:05:59
27866,dqn,self,2,-0.9281,2.9330,64,2026-06-10T09:06:01
27867,pool:gen_004,dqn,2,-0.7548,2.5494,64,2026-06-10T09:06:03
27868,dqn,pool:gen_002,1,1.5469,-1.7944,64,2026-06-10T09:06:05
27869,self,dqn,1,1.6212,-1.7202,64,2026-06-10T09:06:07
27870,dqn,pool:gen_002,1,1.9306,-2.1905,64,2026-06-10T09:06:09
27871,self,dqn,1,1.7078,-1.6336,64,2026-06-10T09:06:11
27872,dqn,self,2,-0.6311,2.3390,64,2026-06-10T09:06:14
27873,self,dqn,2,-0.5197,2.5247,64,2026-06-10T09:06:16
27874,dqn,self,1,1.8192,-1.9306,64,2026-06-10T09:06:19
27875,pool:gen_004,dqn,2,-0.5568,2.3019,64,2026-06-10T09:06:22
27876,dqn,self,1,1.8934,-1.8934,64,2026-06-10T09:06:24
27877,pool:gen_002,dqn,2,-0.8291,2.4380,64,2026-06-10T09:06:26
27878,dqn,self,2,-0.9157,2.6484,64,2026-06-10T09:06:29
27879,self,dqn,2,-0.3217,2.6113,64,2026-06-10T09:06:31
27880,dqn,pool:gen_002,1,1.8687,-2.1410,64,2026-06-10T09:06:33
27881,self,dqn,1,1.9429,-1.8811,64,2026-06-10T09:06:36
27882,dqn,self,2,-0.5568,2.3019,64,2026-06-10T09:06:37
27883,pool:gen_001,dqn,1,1.6088,-1.6583,64,2026-06-10T09:06:39
27884,dqn,self,2,-0.7177,2.5494,64,2026-06-10T09:06:41
27885,self,dqn,2,-0.5321,2.3266,64,2026-06-10T09:06:43
27886,dqn,pool:gen_004,1,1.5098,-1.6088,64,2026-06-10T09:06:45
27887,self,dqn,2,-0.9157,2.7227,64,2026-06-10T09:06:47
27888,dqn,pool:gen_004,2,-0.5197,2.4504,64,2026-06-10T09:06:49
27889,pool:gen_004,dqn,2,-0.8662,2.6236,64,2026-06-10T09:06:51
27890,dqn,pool:gen_002,1,1.5840,-1.7944,64,2026-06-10T09:06:53
27891,self,dqn,1,1.7697,-2.0172,64,2026-06-10T09:06:54
27892,dqn,self,2,-0.9529,2.4256,64,2026-06-10T09:06:56
27893,pool:gen_002,dqn,2,-0.6558,2.5370,64,2026-06-10T09:06:58
27894,dqn,self,1,1.7449,-1.6336,64,2026-06-10T09:07:00
27895,pool:gen_001,dqn,1,1.7326,-1.7944,64,2026-06-10T09:07:02
27896,dqn,self,2,-0.8786,2.8340,64,2026-06-10T09:07:04
27897,pool:gen_004,dqn,2,-0.7548,2.5494,64,2026-06-10T09:07:05
27898,dqn,pool:gen_001,1,1.4727,-1.6831,64,2026-06-10T09:07:07
27899,pool:gen_004,dqn,1,1.5840,-1.7944,64,2026-06-10T09:07:10
27900,dqn,self,1,1.7202,-1.6583,64,2026-06-10T09:07:11
27901,pool:gen_001,dqn,1,1.6954,-1.7202,64,2026-06-10T09:28:42
27902,dqn,self,2,-0.6682,2.7103,64,2026-06-10T09:28:44
27903,pool:gen_002,dqn,2,-0.7920,2.5123,64,2026-06-10T09:28:47
27904,dqn,self,2,-0.8415,2.4999,64,2026-06-10T09:28:49
27905,self,dqn,2,-0.3836,2.5494,64,2026-06-10T09:28:51
27906,dqn,pool:gen_004,1,1.5098,-1.6459,64,2026-06-10T09:28:53
27907,self,dqn,2,-0.8662,2.4751,64,2026-06-10T09:28:55
27908,dqn,pool:gen_004,2,-0.7301,2.2400,64,2026-06-10T09:28:57
27909,pool:gen_001,dqn,1,1.6088,-1.6212,64,2026-06-10T09:28:59
27910,dqn,pool:gen_001,1,1.5469,-1.6831,64,2026-06-10T09:29:01
27911,self,dqn,2,-0.5692,2.5123,64,2026-06-10T09:29:03
27912,dqn,pool:gen_003,1,1.6459,-1.5469,64,2026-06-10T09:29:05
27913,pool:prev_best:run_pts_004,dqn,1,1.6088,-1.7326,64,2026-06-10T09:29:07
27914,dqn,self,2,-0.6806,2.6608,64,2026-06-10T09:29:10
27915,pool:gen_002,dqn,2,-0.6187,2.3143,64,2026-06-10T09:29:12
27916,dqn,heuristic,1,2.9330,-1.7078,64,2026-06-10T09:29:14
27917,pool:gen_004,dqn,1,1.6088,-1.8439,64,2026-06-10T09:29:16
27918,dqn,self,2,-0.8167,2.4504,64,2026-06-10T09:29:18
27919,self,dqn,2,-1.1880,3.2672,64,2026-06-10T09:29:20
27920,dqn,self,2,-0.7672,2.5741,64,2026-06-10T09:29:23
27921,self,dqn,1,1.4727,-1.7202,64,2026-06-10T09:29:25
27922,dqn,self,2,-0.7301,2.3143,64,2026-06-10T09:29:27
27923,self,dqn,1,1.6954,-1.7944,64,2026-06-10T09:29:29
27924,dqn,self,1,1.5469,-1.8316,64,2026-06-10T09:29:31
27925,pool:gen_003,dqn,2,-0.6558,2.6484,64,2026-06-10T09:29:33
27926,dqn,self,1,1.7697,-1.6831,64,2026-06-10T09:29:35
27927,pool:gen_004,dqn,2,-0.7548,2.5494,64,2026-06-10T09:29:37
27928,dqn,self,1,1.9924,-1.7944,64,2026-06-10T09:29:40
27929,self,dqn,1,1.8192,-1.4850,64,2026-06-10T09:29:42
27930,dqn,pool:gen_002,1,1.4355,-1.7202,64,2026-06-10T09:29:44
27931,self,dqn,1,1.9677,-1.8563,64,2026-06-10T09:29:46
27932,dqn,pool:gen_002,1,1.4108,-1.7449,64,2026-06-10T09:29:48
27933,pool:gen_004,dqn,2,-0.7548,2.5494,64,2026-06-10T09:29:50
27934,dqn,self,1,1.9182,-1.8687,64,2026-06-10T09:29:52
27935,pool:gen_004,dqn,1,1.5840,-1.8687,64,2026-06-10T09:29:54
27936,dqn,self,1,1.4232,-1.5841,64,2026-06-10T09:29:56
27937,self,dqn,2,-0.7796,2.4133,64,2026-06-10T09:29:58
27938,dqn,self,1,1.9801,-1.8439,64,2026-06-10T09:30:01
27939,pool:gen_001,dqn,1,1.6954,-1.8687,64,2026-06-10T09:30:03
27940,dqn,pool:gen_001,1,1.5098,-1.8687,64,2026-06-10T09:30:05
27941,self,dqn,2,-0.9405,2.7350,64,2026-06-10T09:30:07
27942,dqn,pool:gen_004,2,-0.5321,2.5494,64,2026-06-10T09:30:09
27943,pool:gen_003,dqn,2,-0.2969,2.7474,64,2026-06-10T09:30:11
27944,dqn,heuristic,1,3.2548,-1.8315,64,2026-06-10T09:30:13
27945,pool:gen_002,dqn,2,-0.5692,2.1781,64,2026-06-10T09:30:15
27946,dqn,self,1,1.8192,-1.8563,64,2026-06-10T09:30:18
27947,self,dqn,1,1.9924,-2.1286,64,2026-06-10T09:30:20
27948,dqn,self,1,1.9182,-1.9429,64,2026-06-10T09:30:23
27949,pool:gen_002,dqn,2,-0.7920,2.5123,64,2026-06-10T09:30:26
27950,dqn,self,1,1.8068,-2.0543,64,2026-06-10T09:30:28
27951,pool:gen_004,dqn,1,1.7821,-1.9677,64,2026-06-10T09:30:31
27952,dqn,heuristic,1,3.3662,-1.5345,64,2026-06-10T09:30:33
27953,pool:gen_004,dqn,1,1.5345,-1.6954,64,2026-06-10T09:30:37
27954,dqn,pool:gen_004,2,-0.6930,2.5370,64,2026-06-10T09:30:40
27955,pool:gen_001,dqn,1,1.6954,-1.7202,64,2026-06-10T09:30:42
27956,dqn,pool:gen_002,1,1.5098,-1.7573,64,2026-06-10T09:30:44
27957,pool:gen_002,dqn,2,-0.8538,2.4504,64,2026-06-10T09:30:47
27958,dqn,pool:gen_002,1,1.3489,-1.6212,64,2026-06-10T09:30:49
27959,pool:gen_001,dqn,2,-0.4578,2.5494,64,2026-06-10T09:30:51
27960,dqn,self,2,-0.8291,2.7722,64,2026-06-10T09:30:53
27961,self,dqn,1,1.6830,-1.9553,64,2026-06-10T09:30:55
27962,dqn,self,1,1.4603,-1.6212,64,2026-06-10T09:30:57
27963,pool:gen_001,dqn,1,1.6954,-1.7202,64,2026-06-10T09:30:59
27964,dqn,pool:gen_003,1,2.3142,-1.8810,64,2026-06-10T09:31:01
27965,pool:gen_002,dqn,2,-0.5568,2.3390,64,2026-06-10T09:31:03
27966,dqn,pool:gen_003,1,2.0543,-1.7697,64,2026-06-10T09:31:05
27967,self,dqn,1,1.7202,-1.9553,64,2026-06-10T09:31:07
27968,dqn,heuristic,1,2.5741,-1.4726,64,2026-06-10T09:31:10
27969,self,dqn,2,-0.4702,2.2771,64,2026-06-10T09:31:12
27970,dqn,self,2,-1.1632,2.9207,64,2026-06-10T09:31:14
27971,self,dqn,1,1.8687,-1.6212,64,2026-06-10T09:31:16
27972,dqn,self,1,1.9182,-1.9801,64,2026-06-10T09:31:19
27973,self,dqn,2,-0.6187,2.5370,64,2026-06-10T09:31:21
27974,dqn,pool:gen_003,1,2.0543,-1.7697,64,2026-06-10T09:31:23
27975,self,dqn,2,-0.8415,2.4256,64,2026-06-10T09:31:26
27976,dqn,pool:gen_003,1,1.9801,-1.8811,64,2026-06-10T09:31:28
27977,pool:gen_002,dqn,2,-0.7920,2.5123,64,2026-06-10T09:31:30
27978,dqn,pool:gen_001,2,-0.6930,2.3885,64,2026-06-10T09:31:32
27979,pool:gen_001,dqn,2,-0.6558,2.4256,64,2026-06-10T09:31:34
27980,dqn,pool:gen_003,1,2.0172,-2.0667,64,2026-06-10T09:31:36
27981,self,dqn,1,1.9058,-1.9924,64,2026-06-10T09:31:38
27982,dqn,heuristic,1,2.4998,-2.0667,64,2026-06-10T09:31:40
27983,pool:gen_003,dqn,2,-0.7053,2.7474,64,2026-06-10T09:31:42
27984,dqn,self,1,1.5593,-1.7449,64,2026-06-10T09:31:44
27985,self,dqn,1,2.1409,-2.3142,64,2026-06-10T09:31:46
27986,dqn,pool:gen_003,2,-0.6311,2.5618,64,2026-06-10T09:31:48
27987,heuristic,dqn,2,-0.4206,4.0716,64,2026-06-10T09:31:50
27988,dqn,self,2,-0.7177,2.3266,64,2026-06-10T09:31:52
27989,pool:gen_004,dqn,2,-0.5568,2.4133,64,2026-06-10T09:31:55
27990,dqn,pool:gen_002,1,1.4727,-1.7573,64,2026-06-10T09:31:57
27991,self,dqn,1,1.3737,-1.7078,64,2026-06-10T09:31:59
27992,dqn,self,2,-0.7177,2.4751,64,2026-06-10T09:32:01
27993,self,dqn,1,1.6088,-1.8068,64,2026-06-10T09:32:03
27994,dqn,pool:gen_004,1,1.5717,-1.7326,64,2026-06-10T09:32:06
27995,self,dqn,1,1.4727,-1.7573,64,2026-06-10T09:32:08
27996,dqn,pool:gen_001,1,1.3860,-1.5841,64,2026-06-10T09:32:10
27997,pool:gen_003,dqn,2,-0.4578,2.5494,64,2026-06-10T09:32:12
27998,dqn,pool:gen_001,2,-0.5321,2.3266,64,2026-06-10T09:32:14
27999,self,dqn,1,1.8068,-1.7944,64,2026-06-10T09:32:16
28000,dqn,heuristic,1,2.7845,-1.6335,64,2026-06-10T09:32:18
28001,self,dqn,1,1.7573,-1.6212,64,2026-06-10T09:59:22
28002,dqn,pool:gen_005,1,1.8439,-2.0543,64,2026-06-10T09:59:30
28003,self,dqn,1,1.3860,-1.6583,64,2026-06-10T09:59:36
28004,dqn,pool:gen_002,1,1.4727,-1.7573,64,2026-06-10T09:59:42
28005,self,dqn,1,1.5840,-1.7944,64,2026-06-10T09:59:47
28006,dqn,heuristic,1,3.1682,-1.6954,64,2026-06-10T09:59:53
28007,pool:gen_003,dqn,2,-0.3836,2.4380,64,2026-06-10T09:59:58
28008,dqn,self,1,1.6212,-1.7944,64,2026-06-10T10:00:04
28009,self,dqn,1,1.5593,-1.8192,64,2026-06-10T10:00:11
28010,dqn,pool:gen_003,1,1.5964,-1.4850,64,2026-06-10T10:00:18
28011,self,dqn,1,1.8316,-1.7697,64,2026-06-10T10:00:23
28012,dqn,self,1,1.9553,-1.9429,64,2026-06-10T10:00:29
28013,pool:gen_002,dqn,2,-0.7548,2.4380,64,2026-06-10T10:00:35
28014,dqn,self,2,-0.6063,2.4380,64,2026-06-10T10:00:41
28015,self,dqn,1,2.0296,-1.9801,64,2026-06-10T10:00:46
28016,dqn,self,1,1.5593,-1.8192,64,2026-06-10T10:00:53
28017,pool:prev_best:run_pts_004,dqn,2,-0.7672,2.4256,64,2026-06-10T10:01:01
28018,dqn,pool:gen_003,1,1.7078,-1.6336,64,2026-06-10T10:01:08
28019,self,dqn,1,1.7821,-1.7821,64,2026-06-10T10:01:14
28020,dqn,self,2,-0.3712,2.2648,64,2026-06-10T10:01:20
28021,self,dqn,1,1.7078,-1.7449,64,2026-06-10T10:01:26
28022,dqn,self,1,1.7449,-1.7821,64,2026-06-10T10:01:32
28023,pool:gen_005,dqn,1,1.5964,-1.5222,64,2026-06-10T10:01:38
28024,dqn,pool:gen_002,1,1.4727,-1.7573,64,2026-06-10T10:01:44
28025,pool:gen_004,dqn,2,-0.6682,2.5246,64,2026-06-10T10:01:49
28026,dqn,heuristic,1,2.9701,-1.5964,64,2026-06-10T10:01:55
28027,self,dqn,2,-0.4826,2.4504,64,2026-06-10T10:02:01
28028,dqn,pool:gen_004,2,-0.6311,2.5246,64,2026-06-10T10:02:08
28029,pool:gen_004,dqn,1,1.6336,-1.7078,64,2026-06-10T10:02:16
28030,dqn,pool:gen_004,1,1.5222,-1.7449,64,2026-06-10T10:02:26
28031,pool:gen_004,dqn,2,-0.5073,2.3885,64,2026-06-10T10:02:34
28032,dqn,self,2,-0.4207,2.2153,64,2026-06-10T10:02:41
28033,self,dqn,1,1.8687,-2.0296,64,2026-06-10T10:02:47
28034,dqn,self,1,1.9306,-1.7821,64,2026-06-10T10:02:55
28035,pool:gen_001,dqn,2,-0.7301,2.4256,64,2026-06-10T10:03:01
28036,dqn,self,2,-0.5321,2.4751,64,2026-06-10T10:03:07
28037,pool:prev_best:run_pts_004,dqn,2,-0.7672,2.4999,64,2026-06-10T10:03:14
28038,dqn,self,1,2.4751,-2.3513,64,2026-06-10T10:03:23
28039,pool:gen_001,dqn,2,-0.7672,2.4999,64,2026-06-10T10:03:31
28040,dqn,heuristic,1,2.7845,-1.8192,64,2026-06-10T10:03:39
28041,pool:gen_002,dqn,2,-0.5816,2.3514,64,2026-06-10T10:03:46
28042,dqn,pool:gen_003,1,1.5964,-1.4850,64,2026-06-10T10:03:53
28043,heuristic,dqn,2,-0.3217,3.4652,64,2026-06-10T10:03:59
28044,dqn,self,2,-0.6930,2.5741,64,2026-06-10T10:04:07
28045,self,dqn,2,-0.7672,2.3143,64,2026-06-10T10:04:14
28046,dqn,pool:gen_004,2,-0.7301,2.6113,64,2026-06-10T10:04:22
28047,pool:gen_002,dqn,2,-0.5321,2.3638,64,2026-06-10T10:04:29
28048,dqn,pool:gen_001,1,1.4479,-1.5964,64,2026-06-10T10:04:36
28049,pool:gen_003,dqn,2,-0.5816,2.6855,64,2026-06-10T10:04:42
28050,dqn,pool:gen_003,2,-0.7425,2.8588,64,2026-06-10T10:04:50
28051,pool:gen_004,dqn,1,1.5593,-1.6707,64,2026-06-10T10:04:59
28052,dqn,pool:gen_002,1,1.9677,-2.0791,64,2026-06-10T10:05:05
28053,pool:prev_best:run_pts_004,dqn,2,-0.5321,2.3638,64,2026-06-10T10:05:11
28054,dqn,self,1,1.9058,-1.8439,64,2026-06-10T10:05:18
28055,pool:gen_004,dqn,1,1.5593,-1.6707,64,2026-06-10T10:05:25
28056,dqn,self,2,-0.7301,2.5741,64,2026-06-10T10:05:33
28057,pool:gen_004,dqn,1,1.5840,-1.8316,64,2026-06-10T10:05:39
28058,dqn,heuristic,1,3.4899,-1.8191,64,2026-06-10T10:05:45
28059,self,dqn,1,1.6831,-1.4355,64,2026-06-10T10:05:53
28060,dqn,heuristic,1,2.9082,-2.1780,64,2026-06-10T10:06:00
28061,pool:gen_003,dqn,1,1.8934,-1.8563,64,2026-06-10T10:06:07
28062,dqn,pool:gen_005,1,2.2028,-1.9924,64,2026-06-10T10:06:14
28063,pool:gen_004,dqn,1,1.6212,-1.7944,64,2026-06-10T10:06:22
28064,dqn,pool:gen_005,1,2.0419,-2.0791,64,2026-06-10T10:06:30
28065,heuristic,dqn,2,-0.7424,4.3810,64,2026-06-10T10:06:36
28066,dqn,pool:prev_best:run_pts_004,2,-0.7796,2.4875,64,2026-06-10T10:06:42
28067,pool:gen_002,dqn,2,-0.8662,2.4751,64,2026-06-10T10:06:48
28068,dqn,self,2,-0.7425,2.8217,64,2026-06-10T10:06:54
28069,self,dqn,1,2.1409,-2.1286,64,2026-06-10T10:07:01
28070,dqn,pool:prev_best:run_pts_004,1,1.6088,-1.8811,64,2026-06-10T10:07:07
28071,self,dqn,1,2.0048,-2.0048,64,2026-06-10T10:07:14
28072,dqn,heuristic,1,2.8959,-1.4479,64,2026-06-10T10:07:22
28073,self,dqn,1,1.9677,-1.8563,64,2026-06-10T10:07:30
28074,dqn,pool:gen_005,1,2.0543,-2.2523,64,2026-06-10T10:07:38
28075,self,dqn,2,-0.5692,2.6237,64,2026-06-10T10:07:45
28076,dqn,self,2,-0.8043,2.6855,64,2026-06-10T10:07:54
28077,self,dqn,1,1.9801,-1.9553,64,2026-06-10T10:08:00
28078,dqn,pool:gen_001,2,-0.6930,2.3143,64,2026-06-10T10:08:06
28079,self,dqn,2,-0.8291,2.6236,64,2026-06-10T10:08:13
28080,dqn,self,1,1.6088,-1.7697,64,2026-06-10T10:08:23
28081,self,dqn,1,1.6583,-1.7202,64,2026-06-10T10:08:33
28082,dqn,pool:gen_003,1,1.6459,-1.4727,64,2026-06-10T10:08:43
28083,pool:prev_best:run_pts_004,dqn,1,1.9058,-1.9182,64,2026-06-10T10:08:51
28084,dqn,pool:prev_best:run_pts_004,2,-0.7920,2.4751,64,2026-06-10T10:08:59
28085,pool:gen_003,dqn,2,-0.8662,2.8464,64,2026-06-10T10:09:07
28086,dqn,self,2,-0.6063,2.3638,64,2026-06-10T10:09:13
28087,pool:gen_004,dqn,2,-0.7920,2.7350,64,2026-06-10T10:09:19
28088,dqn,pool:gen_004,2,-0.4083,2.3761,64,2026-06-10T10:09:28
28089,pool:gen_004,dqn,1,1.8316,-1.6583,64,2026-06-10T10:09:37
28090,dqn,self,2,-0.9776,2.6236,64,2026-06-10T10:09:44
28091,self,dqn,1,1.5593,-1.6707,64,2026-06-10T10:09:51
28092,dqn,self,1,1.6088,-1.7326,64,2026-06-10T10:09:58
28093,heuristic,dqn,2,-0.3093,3.4776,64,2026-06-10T10:10:03
28094,dqn,self,2,-0.7425,2.6360,64,2026-06-10T10:10:10
28095,self,dqn,1,1.4850,-1.7821,64,2026-06-10T10:10:17
28096,dqn,self,1,2.0048,-1.9306,64,2026-06-10T10:10:23
28097,self,dqn,1,1.5345,-1.6583,64,2026-06-10T10:10:30
28098,dqn,self,2,-0.8662,2.8464,64,2026-06-10T10:10:37
28099,pool:gen_002,dqn,2,-0.8043,2.5370,64,2026-06-10T10:10:43
28100,dqn,pool:gen_003,2,-0.4702,2.4256,64,2026-06-10T10:10:48
28101,self,dqn,1,1.5964,-1.7821,64,2026-06-10T10:38:09
28102,dqn,self,2,-0.3959,2.3143,64,2026-06-10T10:38:13
28103,self,dqn,1,1.9058,-1.9924,64,2026-06-10T10:38:16
28104,dqn,self,1,1.7944,-1.9182,64,2026-06-10T10:38:19
28105,pool:prev_best:run_pts_004,dqn,1,1.6088,-1.8068,64,2026-06-10T10:38:22
28106,dqn,self,1,1.9058,-1.8811,64,2026-06-10T10:38:25
28107,pool:gen_004,dqn,2,-0.5692,2.4380,64,2026-06-10T10:38:28
28108,dqn,pool:gen_004,2,-0.5321,2.4751,64,2026-06-10T10:38:31
28109,pool:gen_001,dqn,1,1.6088,-1.8068,64,2026-06-10T10:38:34
28110,dqn,pool:gen_004,2,-0.6063,2.5865,64,2026-06-10T10:38:37
28111,pool:gen_001,dqn,1,1.4974,-1.6583,64,2026-06-10T10:38:40
28112,dqn,pool:gen_005,1,1.9553,-2.0543,64,2026-06-10T10:38:43
28113,pool:gen_005,dqn,2,-0.7796,2.5246,64,2026-06-10T10:38:46
28114,dqn,pool:prev_best:run_pts_004,2,-0.6435,2.4380,64,2026-06-10T10:38:48
28115,pool:prev_best:run_pts_004,dqn,2,-0.6187,2.3514,64,2026-06-10T10:38:51
28116,dqn,self,1,1.6707,-1.3365,64,2026-06-10T10:38:54
28117,self,dqn,2,-0.5816,2.6855,64,2026-06-10T10:38:57
28118,dqn,self,1,1.7944,-1.6212,64,2026-06-10T10:39:00
28119,self,dqn,2,-0.4702,2.5370,64,2026-06-10T10:39:03
28120,dqn,self,2,-0.9405,2.6608,64,2026-06-10T10:39:06
28121,self,dqn,1,1.6336,-1.6336,64,2026-06-10T10:39:09
28122,dqn,pool:gen_005,1,2.0543,-2.1410,64,2026-06-10T10:39:12
28123,heuristic,dqn,2,-0.4207,2.9949,64,2026-06-10T10:39:15
28124,dqn,self,1,1.9801,-2.1781,64,2026-06-10T10:39:18
28125,self,dqn,1,1.7821,-1.8934,64,2026-06-10T10:39:21
28126,dqn,heuristic,1,2.0296,-1.1261,64,2026-06-10T10:39:23
28127,pool:gen_001,dqn,1,1.5098,-1.7573,64,2026-06-10T10:39:26
28128,dqn,pool:prev_best:run_pts_004,2,-0.6930,2.4628,64,2026-06-10T10:39:29
28129,heuristic,dqn,2,-1.2127,4.3563,64,2026-06-10T10:39:31
28130,dqn,pool:prev_best:run_pts_004,2,-0.8167,2.4875,64,2026-06-10T10:39:34
28131,pool:gen_001,dqn,1,1.5593,-1.7078,64,2026-06-10T10:39:39
28132,dqn,self,1,1.5345,-1.7326,64,2026-06-10T10:39:42
28133,self,dqn,1,2.0667,-1.9058,64,2026-06-10T10:39:45
28134,dqn,pool:gen_005,1,2.2523,-2.3142,64,2026-06-10T10:39:48
28135,pool:prev_best:run_pts_004,dqn,1,1.5717,-1.7326,64,2026-06-10T10:39:51
28136,dqn,self,2,-0.2474,2.5370,64,2026-06-10T10:39:54
28137,pool:gen_002,dqn,2,-0.8043,2.5741,64,2026-06-10T10:39:59
28138,dqn,self,2,-0.4826,2.4133,64,2026-06-10T10:40:07
28139,self,dqn,1,1.6954,-1.9801,64,2026-06-10T10:40:23
28140,dqn,pool:gen_004,1,1.5964,-1.5593,64,2026-06-10T10:40:34
28141,self,dqn,1,1.4850,-1.5222,64,2026-06-10T10:40:50
28142,dqn,pool:gen_003,1,2.2771,-2.1781,64,2026-06-10T10:41:05
28143,pool:gen_001,dqn,1,1.5717,-1.7326,64,2026-06-10T10:41:24
28144,dqn,pool:gen_001,1,1.4479,-1.5964,64,2026-06-10T10:41:35
28145,self,dqn,1,1.5469,-1.7573,64,2026-06-10T10:41:49
28146,dqn,pool:gen_001,2,-0.5568,2.3390,64,2026-06-10T10:41:58
28147,self,dqn,1,1.3860,-1.8811,64,2026-06-10T10:42:08
28148,dqn,pool:gen_005,1,1.7326,-1.9801,64,2026-06-10T10:42:18
28149,self,dqn,1,1.8192,-1.7449,64,2026-06-10T10:42:27
28150,dqn,pool:gen_005,1,2.0172,-1.9924,64,2026-06-10T10:42:37
28151,self,dqn,1,1.9058,-1.8439,64,2026-06-10T10:42:47
28152,dqn,pool:gen_004,2,-0.4950,2.4009,64,2026-06-10T10:42:56
28153,pool:gen_004,dqn,2,-0.4331,2.7598,64,2026-06-10T10:43:09
28154,dqn,pool:gen_004,2,-0.6682,2.7103,64,2026-06-10T10:43:18
28155,pool:gen_005,dqn,2,-0.7301,2.3885,64,2026-06-10T10:43:26
28156,dqn,self,2,-0.8291,2.4380,64,2026-06-10T10:43:39
28157,self,dqn,1,1.6459,-1.6583,64,2026-06-10T10:43:49
28158,dqn,self,1,1.7449,-1.4108,64,2026-06-10T10:44:00
28159,self,dqn,1,1.5469,-1.7573,64,2026-06-10T10:44:11
28160,dqn,pool:gen_005,1,1.9429,-2.0296,64,2026-06-10T10:44:21
28161,self,dqn,1,1.5840,-1.9058,64,2026-06-10T10:44:33
28162,dqn,pool:gen_003,1,2.2771,-2.0296,64,2026-06-10T10:44:49
28163,self,dqn,2,-0.4702,2.7598,64,2026-06-10T10:45:01
28164,dqn,self,2,-0.9157,2.5741,64,2026-06-10T10:45:11
28165,self,dqn,1,1.6088,-1.9182,64,2026-06-10T10:45:21
28166,dqn,self,1,1.9058,-2.0296,64,2026-06-10T10:45:30
28167,pool:gen_004,dqn,2,-0.6435,2.6237,64,2026-06-10T10:45:39
28168,dqn,pool:gen_005,1,1.7449,-2.0420,64,2026-06-10T10:45:48
28169,pool:gen_002,dqn,2,-0.8043,2.5741,64,2026-06-10T10:45:53
28170,dqn,pool:gen_005,1,1.7449,-1.6707,64,2026-06-10T10:45:56
28171,self,dqn,1,1.5469,-1.8687,64,2026-06-10T10:45:59
28172,dqn,self,1,1.5717,-1.6583,64,2026-06-10T10:46:02
28173,heuristic,dqn,2,-0.3588,3.0939,64,2026-06-10T10:46:04
28174,dqn,pool:gen_002,1,1.6335,-1.9306,64,2026-06-10T10:46:07
28175,pool:gen_002,dqn,2,-0.6187,2.4628,64,2026-06-10T10:46:09
28176,dqn,self,2,-0.6930,2.5370,64,2026-06-10T10:46:12
28177,pool:gen_005,dqn,2,-0.7053,2.3390,64,2026-06-10T10:46:15
28178,dqn,heuristic,1,3.2177,-1.9429,64,2026-06-10T10:46:19
28179,heuristic,dqn,2,-0.5321,3.1063,64,2026-06-10T10:46:27
28180,dqn,pool:gen_003,1,2.2771,-2.0667,64,2026-06-10T10:46:38
28181,pool:gen_002,dqn,2,-0.3712,2.1905,64,2026-06-10T10:46:47
28182,dqn,pool:gen_003,1,2.0419,-2.0048,64,2026-06-10T10:46:57
28183,pool:gen_002,dqn,2,-0.6187,2.4256,64,2026-06-10T10:47:08
28184,dqn,self,1,1.7449,-1.9306,64,2026-06-10T10:47:21
28185,self,dqn,1,1.7449,-1.8934,64,2026-06-10T10:47:33
28186,dqn,pool:gen_005,1,1.9677,-2.1905,64,2026-06-10T10:47:44
28187,self,dqn,2,-0.6187,2.3514,64,2026-06-10T10:47:48
28188,dqn,pool:prev_best:run_pts_004,1,1.5098,-1.8687,64,2026-06-10T10:47:54
28189,heuristic,dqn,2,-0.4207,3.1806,64,2026-06-10T10:47:59
28190,dqn,self,2,-0.5073,2.3885,64,2026-06-10T10:48:02
28191,self,dqn,1,1.8316,-1.7697,64,2026-06-10T10:48:04
28192,dqn,pool:gen_002,1,1.5469,-1.6459,64,2026-06-10T10:48:07
28193,pool:prev_best:run_pts_004,dqn,2,-0.5940,2.4504,64,2026-06-10T10:48:09
28194,dqn,self,1,1.7697,-1.7573,64,2026-06-10T10:48:12
28195,self,dqn,1,1.3984,-1.9430,64,2026-06-10T10:48:15
28196,dqn,pool:gen_004,1,1.5841,-1.6459,64,2026-06-10T10:48:17
28197,self,dqn,1,1.7821,-1.8192,64,2026-06-10T10:48:22
28198,dqn,self,2,-0.8415,2.6484,64,2026-06-10T10:48:28
28199,heuristic,dqn,2,-0.5197,4.0098,64,2026-06-10T10:48:39
28200,dqn,pool:gen_005,1,1.4974,-1.8439,64,2026-06-10T10:48:49
28201,pool:gen_004,dqn,1,1.6583,-1.6088,64,2026-06-10T11:50:49
28202,dqn,pool:gen_003,1,1.6459,-1.5841,64,2026-06-10T11:50:52
28203,self,dqn,1,1.6088,-1.8439,64,2026-06-10T11:50:55
28204,dqn,self,2,-0.9281,2.7103,64,2026-06-10T11:50:58
28205,pool:prev_best:run_pts_004,dqn,2,-0.5940,2.4504,64,2026-06-10T11:51:01
28206,dqn,self,1,1.3365,-1.7078,64,2026-06-10T11:51:04
28207,self,dqn,2,-0.6187,2.4256,64,2026-06-10T11:51:07
28208,dqn,pool:gen_005,1,1.9677,-2.0048,64,2026-06-10T11:51:10
28209,pool:gen_001,dqn,2,-0.6435,2.4751,64,2026-06-10T11:51:13
28210,dqn,self,2,-0.5445,2.3514,64,2026-06-10T11:51:15
28211,self,dqn,1,1.5964,-1.7078,64,2026-06-10T11:51:18
28212,dqn,self,1,1.5098,-1.7944,64,2026-06-10T11:51:21
28213,pool:prev_best:run_pts_004,dqn,2,-0.5940,2.4504,64,2026-06-10T11:51:23
28214,dqn,pool:gen_004,1,1.9182,-1.7573,64,2026-06-10T11:51:26
28215,pool:prev_best:run_pts_004,dqn,2,-0.5692,2.4380,64,2026-06-10T11:51:29
28216,dqn,self,2,-0.7053,2.5618,64,2026-06-10T11:51:31
28217,self,dqn,2,-0.6187,2.5370,64,2026-06-10T11:51:34
28218,dqn,self,2,-0.5568,2.6732,64,2026-06-10T11:51:37
28219,self,dqn,2,-0.7796,2.6360,64,2026-06-10T11:51:39
28220,dqn,self,1,1.6212,-1.9430,64,2026-06-10T11:51:42
28221,self,dqn,1,1.5222,-1.8192,64,2026-06-10T11:51:45
28222,dqn,self,1,1.5593,-1.4850,64,2026-06-10T11:51:48
28223,pool:gen_004,dqn,2,-0.4454,2.4875,64,2026-06-10T11:51:50
28224,dqn,pool:gen_002,1,1.5717,-1.7697,64,2026-06-10T11:51:52
28225,self,dqn,1,1.8934,-1.7449,64,2026-06-10T11:51:55
28226,dqn,self,1,1.8068,-1.9058,64,2026-06-10T11:51:58
28227,self,dqn,1,2.0048,-1.7821,64,2026-06-10T11:52:00
28228,dqn,pool:gen_002,1,1.4479,-1.7449,64,2026-06-10T11:52:03
28229,pool:gen_003,dqn,2,-0.3093,2.2524,64,2026-06-10T11:52:06
28230,dqn,heuristic,1,2.7845,-1.6706,64,2026-06-10T11:52:08
28231,pool:gen_004,dqn,2,-0.5197,2.6360,64,2026-06-10T11:52:10
28232,dqn,pool:gen_001,1,1.4479,-1.5964,64,2026-06-10T11:52:13
28233,self,dqn,2,-0.7177,2.2524,64,2026-06-10T11:52:15
28234,dqn,self,2,-0.5321,2.4380,64,2026-06-10T11:52:18
28235,self,dqn,2,-0.8291,2.4009,64,2026-06-10T11:52:20
28236,dqn,pool:gen_005,1,2.0048,-2.0791,64,2026-06-10T11:52:23
28237,heuristic,dqn,2,-0.1855,3.0073,64,2026-06-10T11:52:25
28238,dqn,self,2,-0.5445,2.3514,64,2026-06-10T11:52:27
28239,pool:prev_best:run_pts_004,dqn,2,-0.9281,2.7474,64,2026-06-10T11:52:30
28240,dqn,pool:gen_002,1,1.5345,-1.8068,64,2026-06-10T11:52:32
28241,self,dqn,1,1.6583,-1.5717,64,2026-06-10T11:52:34
28242,dqn,self,1,1.7202,-1.7697,64,2026-06-10T11:52:37
28243,self,dqn,2,-0.6682,2.5246,64,2026-06-10T11:52:39
28244,dqn,pool:gen_002,1,1.5717,-1.7697,64,2026-06-10T11:52:41
28245,pool:gen_004,dqn,2,-0.6558,2.7598,64,2026-06-10T11:52:43
28246,dqn,self,1,1.7449,-1.8192,64,2026-06-10T11:52:45
28247,self,dqn,2,-0.4702,2.2029,64,2026-06-10T11:52:47
28248,dqn,self,2,-0.6682,2.5989,64,2026-06-10T11:52:49
28249,self,dqn,1,1.5964,-1.6336,64,2026-06-10T11:52:51
28250,dqn,self,1,1.5345,-1.9553,64,2026-06-10T11:52:53
28251,pool:gen_003,dqn,2,-0.6187,2.6113,64,2026-06-10T11:52:55
28252,dqn,pool:gen_003,2,-0.5073,2.4999,64,2026-06-10T11:52:57
28253,pool:gen_001,dqn,2,-0.5940,2.4504,64,2026-06-10T11:52:58
28254,dqn,self,2,-0.5816,2.3885,64,2026-06-10T11:53:00
28255,pool:gen_002,dqn,2,-0.7301,2.6113,64,2026-06-10T11:53:02
28256,dqn,pool:prev_best:run_pts_004,1,1.5469,-1.6459,64,2026-06-10T11:53:04
28257,self,dqn,1,2.1410,-1.9058,64,2026-06-10T11:53:05
28258,dqn,pool:gen_002,1,1.6830,-1.9182,64,2026-06-10T11:53:07
28259,pool:prev_best:run_pts_004,dqn,2,-0.5940,2.4504,64,2026-06-10T11:53:09
28260,dqn,pool:prev_best:run_pts_004,2,-0.5692,2.3266,64,2026-06-10T11:53:11
28261,self,dqn,1,1.8811,-2.0172,64,2026-06-10T11:53:13
28262,dqn,self,1,1.6088,-1.6954,64,2026-06-10T11:53:14
28263,pool:prev_best:run_pts_004,dqn,2,-0.4949,2.4752,64,2026-06-10T11:53:16
28264,dqn,heuristic,1,2.9206,-1.8687,64,2026-06-10T11:53:18
28265,pool:gen_002,dqn,2,-0.3836,2.3266,64,2026-06-10T11:53:20
28266,dqn,pool:prev_best:run_pts_004,2,-0.6930,2.3885,64,2026-06-10T11:53:22
28267,pool:prev_best:run_pts_004,dqn,1,1.6088,-1.5841,64,2026-06-10T11:53:24
28268,dqn,pool:gen_001,1,1.5098,-1.6459,64,2026-06-10T11:53:25
28269,pool:gen_001,dqn,2,-0.7301,2.7227,64,2026-06-10T11:53:27
28270,dqn,self,1,1.8316,-1.9553,64,2026-06-10T11:53:29
28271,self,dqn,1,1.7821,-1.8563,64,2026-06-10T11:53:31
28272,dqn,self,1,1.5222,-1.8563,64,2026-06-10T11:53:33
28273,self,dqn,1,1.6583,-1.8687,64,2026-06-10T11:53:35
28274,dqn,pool:gen_004,1,2.1905,-1.9677,64,2026-06-10T11:53:37
28275,self,dqn,1,1.5222,-1.7821,64,2026-06-10T11:53:39
28276,dqn,pool:gen_002,1,1.7821,-1.8934,64,2026-06-10T11:53:41
28277,pool:gen_005,dqn,1,1.5345,-1.8068,64,2026-06-10T11:53:43
28278,dqn,pool:gen_002,2,-0.7301,2.3885,64,2026-06-10T11:53:45
28279,self,dqn,1,1.9429,-2.0296,64,2026-06-10T11:53:47
28280,dqn,pool:prev_best:run_pts_004,1,1.9553,-1.8687,64,2026-06-10T11:53:49
28281,pool:gen_005,dqn,1,1.6212,-1.8316,64,2026-06-10T11:53:52
28282,dqn,self,2,-0.5321,2.6237,64,2026-06-10T11:53:54
28283,pool:gen_004,dqn,2,-0.7548,2.7350,64,2026-06-10T11:53:56
28284,dqn,self,2,-0.5940,2.3019,64,2026-06-10T11:53:58
28285,self,dqn,1,1.8811,-1.4974,64,2026-06-10T11:54:00
28286,dqn,heuristic,1,3.4528,-1.8934,64,2026-06-10T11:54:02
28287,pool:gen_004,dqn,2,-0.7548,2.7350,64,2026-06-10T11:54:04
28288,dqn,self,2,-1.0271,2.9083,64,2026-06-10T11:54:06
28289,pool:gen_003,dqn,2,-0.6682,2.6360,64,2026-06-10T11:54:08
28290,dqn,pool:gen_003,1,1.6707,-1.8563,64,2026-06-10T11:54:11
28291,pool:gen_001,dqn,2,-0.6063,2.4380,64,2026-06-10T11:54:13
28292,dqn,self,2,-0.5568,2.4133,64,2026-06-10T11:54:15
28293,self,dqn,2,-0.4083,2.5989,64,2026-06-10T11:54:17
28294,dqn,pool:prev_best:run_pts_004,1,1.4479,-1.5593,64,2026-06-10T11:54:18
28295,pool:gen_003,dqn,2,-0.7301,2.5741,64,2026-06-10T11:54:20
28296,dqn,heuristic,1,3.5642,-1.8191,64,2026-06-10T11:54:22
28297,self,dqn,1,1.6831,-1.8811,64,2026-06-10T11:54:24
28298,dqn,self,2,-1.0518,2.8464,64,2026-06-10T11:54:26
28299,self,dqn,2,-0.4702,2.4256,64,2026-06-10T11:54:28
28300,dqn,pool:gen_005,2,-0.6558,2.4628,64,2026-06-10T11:54:30
28301,self,dqn,1,1.8563,-1.9677,64,2026-06-10T12:15:28
28302,dqn,self,1,1.8439,-1.8687,64,2026-06-10T12:15:30
28303,pool:gen_002,dqn,2,-0.7672,2.5741,64,2026-06-10T12:15:32
28304,dqn,self,1,1.9801,-1.9924,64,2026-06-10T12:15:34
28305,self,dqn,1,1.7449,-1.8192,64,2026-06-10T12:15:36
28306,dqn,pool:prev_best:run_pts_004,1,1.5841,-1.6088,64,2026-06-10T12:15:38
28307,self,dqn,1,1.6583,-1.7944,64,2026-06-10T12:15:40
28308,dqn,pool:gen_003,1,1.5964,-1.7821,64,2026-06-10T12:15:42
28309,pool:gen_004,dqn,2,-0.7548,2.7350,64,2026-06-10T12:15:45
28310,dqn,pool:prev_best:run_pts_004,1,1.8811,-1.8316,64,2026-06-10T12:15:47
28311,pool:gen_005,dqn,1,1.6583,-1.9801,64,2026-06-10T12:15:49
28312,dqn,pool:prev_best:run_pts_004,1,1.6583,-1.7202,64,2026-06-10T12:15:51
28313,pool:gen_001,dqn,2,-0.7301,2.7227,64,2026-06-10T12:15:53
28314,dqn,pool:gen_001,1,1.6088,-1.6212,64,2026-06-10T12:15:55
28315,pool:gen_004,dqn,2,-0.7548,2.7350,64,2026-06-10T12:15:57
28316,dqn,self,2,-0.6930,2.7227,64,2026-06-10T12:16:00
28317,self,dqn,1,1.5717,-1.7697,64,2026-06-10T12:16:02
28318,dqn,pool:gen_005,1,1.8934,-2.1533,64,2026-06-10T12:16:04
28319,self,dqn,1,1.8439,-1.7573,64,2026-06-10T12:16:06
28320,dqn,pool:gen_001,1,1.4355,-1.5346,64,2026-06-10T12:16:08
28321,self,dqn,1,1.9058,-1.3984,64,2026-06-10T12:16:10
28322,dqn,self,1,1.5345,-1.8811,64,2026-06-10T12:16:12
28323,self,dqn,2,-0.7672,2.7227,64,2026-06-10T12:16:15
28324,dqn,self,1,1.6088,-1.9553,64,2026-06-10T12:16:17
28325,self,dqn,1,2.1533,-1.7820,64,2026-06-10T12:16:19
28326,dqn,self,2,-1.0023,3.0444,64,2026-06-10T12:16:21
28327,pool:gen_004,dqn,2,-0.7548,2.7350,64,2026-06-10T12:16:23
28328,dqn,pool:gen_003,1,1.7449,-1.7078,64,2026-06-10T12:16:25
28329,pool:gen_003,dqn,2,-0.5197,2.7845,64,2026-06-10T12:16:27
28330,dqn,pool:gen_001,1,1.4974,-1.6954,64,2026-06-10T12:16:30
28331,self,dqn,1,1.7449,-1.6336,64,2026-06-10T12:16:32
28332,dqn,self,1,1.6583,-1.7944,64,2026-06-10T12:16:34
28333,pool:gen_005,dqn,1,1.5840,-1.6831,64,2026-06-10T12:16:36
28334,dqn,self,2,-0.6806,2.4751,64,2026-06-10T12:16:38
28335,self,dqn,1,2.4380,-1.9801,64,2026-06-10T12:16:40
28336,dqn,self,1,2.1533,-1.8934,64,2026-06-10T12:16:43
28337,pool:gen_003,dqn,2,-0.5568,2.3390,64,2026-06-10T12:16:45
28338,dqn,pool:gen_002,1,1.4727,-1.6088,64,2026-06-10T12:16:47
28339,self,dqn,1,2.2895,-2.2771,64,2026-06-10T12:16:49
28340,dqn,pool:gen_004,1,1.9429,-1.9553,64,2026-06-10T12:16:51
28341,pool:gen_003,dqn,2,-0.5197,2.5618,64,2026-06-10T12:16:53
28342,dqn,self,1,1.9182,-1.7202,64,2026-06-10T12:16:55
28343,pool:gen_005,dqn,1,1.4603,-1.6212,64,2026-06-10T12:16:57
28344,dqn,self,1,1.8192,-2.0048,64,2026-06-10T12:16:59
28345,pool:gen_002,dqn,2,-0.5816,2.5370,64,2026-06-10T12:17:01
28346,dqn,self,1,1.8811,-1.7573,64,2026-06-10T12:17:03
28347,heuristic,dqn,2,-0.6434,4.1459,64,2026-06-10T12:17:05
28348,dqn,pool:prev_best:run_pts_004,1,1.5717,-1.6954,64,2026-06-10T12:17:07
28349,self,dqn,1,1.8687,-1.8439,64,2026-06-10T12:17:09
28350,dqn,pool:gen_004,1,1.9429,-1.9553,64,2026-06-10T12:17:11
28351,self,dqn,1,2.2152,-2.3513,64,2026-06-10T12:17:13
28352,dqn,self,1,1.5717,-1.8439,64,2026-06-10T12:17:16
28353,self,dqn,1,1.7202,-2.0296,64,2026-06-10T12:17:18
28354,dqn,self,2,-1.0642,2.9454,64,2026-06-10T12:17:20
28355,pool:gen_002,dqn,1,1.4850,-1.7449,64,2026-06-10T12:17:22
28356,dqn,pool:gen_001,1,1.5841,-1.6088,64,2026-06-10T12:17:24
28357,heuristic,dqn,2,-0.4949,3.9603,64,2026-06-10T12:17:26
28358,dqn,heuristic,1,3.2672,-1.7078,64,2026-06-10T12:17:28
28359,self,dqn,2,-0.8538,2.5618,64,2026-06-10T12:17:31
28360,dqn,self,1,1.9429,-2.0667,64,2026-06-10T12:17:33
28361,self,dqn,1,2.2152,-2.3142,64,2026-06-10T12:17:35
28362,dqn,self,1,1.5469,-1.8316,64,2026-06-10T12:17:37
28363,pool:gen_002,dqn,2,-0.5321,2.3266,64,2026-06-10T12:17:39
28364,dqn,self,1,1.5840,-1.9058,64,2026-06-10T12:17:41
28365,self,dqn,1,1.5840,-1.8687,64,2026-06-10T12:17:44
28366,dqn,pool:gen_005,1,1.5593,-1.7821,64,2026-06-10T12:17:46
28367,self,dqn,1,1.5222,-1.6707,64,2026-06-10T12:17:48
28368,dqn,self,2,-0.7920,2.3266,64,2026-06-10T12:17:50
28369,pool:gen_001,dqn,2,-0.8167,2.6732,64,2026-06-10T12:17:53
28370,dqn,self,2,-0.4454,2.4504,64,2026-06-10T12:17:55
28371,self,dqn,1,1.5098,-1.7944,64,2026-06-10T12:17:57
28372,dqn,pool:prev_best:run_pts_004,1,1.5717,-1.6954,64,2026-06-10T12:17:59
28373,pool:gen_004,dqn,2,-0.6063,2.4009,64,2026-06-10T12:18:01
28374,dqn,pool:gen_004,1,1.8563,-1.8934,64,2026-06-10T12:18:04
28375,pool:gen_001,dqn,2,-0.8786,2.9454,64,2026-06-10T12:18:06
28376,dqn,pool:gen_003,1,1.5098,-1.4974,64,2026-06-10T12:18:08
28377,pool:gen_004,dqn,1,1.5222,-1.7449,64,2026-06-10T12:18:10
28378,dqn,self,1,1.6088,-1.8811,64,2026-06-10T12:18:12
28379,self,dqn,1,1.6459,-1.9182,64,2026-06-10T12:18:15
28380,dqn,self,2,-0.4826,2.4133,64,2026-06-10T12:18:17
28381,pool:gen_005,dqn,2,-0.5692,2.2895,64,2026-06-10T12:18:19
28382,dqn,heuristic,1,2.8340,-1.8439,64,2026-06-10T12:18:22
28383,pool:gen_004,dqn,2,-0.6311,2.4504,64,2026-06-10T12:18:24
28384,dqn,pool:gen_004,1,1.3984,-1.6831,64,2026-06-10T12:18:27
28385,self,dqn,1,1.6336,-1.6336,64,2026-06-10T12:18:29
28386,dqn,pool:gen_002,2,-0.7301,2.3885,64,2026-06-10T12:18:32
28387,self,dqn,1,1.9553,-1.8687,64,2026-06-10T12:18:35
28388,dqn,heuristic,1,3.3538,-1.7325,64,2026-06-10T12:18:37
28389,self,dqn,1,1.8192,-1.9306,64,2026-06-10T12:18:39
28390,dqn,pool:gen_003,1,2.0914,-2.1038,64,2026-06-10T12:18:41
28391,self,dqn,1,1.7449,-1.5222,64,2026-06-10T12:18:43
28392,dqn,self,2,-0.7672,2.4999,64,2026-06-10T12:18:45
28393,pool:prev_best:run_pts_004,dqn,2,-0.7548,2.5494,64,2026-06-10T12:18:47
28394,dqn,pool:gen_005,1,1.5222,-1.7449,64,2026-06-10T12:18:48
28395,pool:gen_005,dqn,2,-0.6311,2.3019,64,2026-06-10T12:18:50
28396,dqn,self,1,1.7573,-1.7697,64,2026-06-10T12:18:52
28397,pool:gen_004,dqn,2,-0.7548,2.5865,64,2026-06-10T12:18:53
28398,dqn,pool:gen_003,1,1.6707,-1.8192,64,2026-06-10T12:18:55
28399,pool:gen_003,dqn,2,-0.7920,2.5865,64,2026-06-10T12:18:57
28400,dqn,pool:gen_004,1,1.4603,-1.7326,64,2026-06-10T12:18:59
28401,pool:gen_004,dqn,2,-0.7796,2.5246,64,2026-06-10T12:39:49
28402,dqn,self,2,-0.6063,2.8093,64,2026-06-10T12:39:52
28403,self,dqn,2,-0.9900,2.7969,64,2026-06-10T12:39:55
28404,dqn,self,2,-0.7425,2.3019,64,2026-06-10T12:39:57
28405,self,dqn,1,1.3365,-1.7449,64,2026-06-10T12:39:59
28406,dqn,pool:gen_005,1,1.6088,-1.9182,64,2026-06-10T12:40:02
28407,self,dqn,1,1.7697,-1.9801,64,2026-06-10T12:40:04
28408,dqn,pool:gen_003,1,1.7326,-1.6831,64,2026-06-10T12:40:06
28409,self,dqn,1,1.6459,-1.8068,64,2026-06-10T12:40:09
28410,dqn,pool:gen_004,1,1.4355,-1.7202,64,2026-06-10T12:40:11
28411,pool:gen_002,dqn,2,-0.6063,2.4380,64,2026-06-10T12:40:13
28412,dqn,self,2,-0.8043,2.7227,64,2026-06-10T12:40:15
28413,pool:gen_002,dqn,2,-0.6435,2.4751,64,2026-06-10T12:40:18
28414,dqn,pool:gen_001,1,1.5345,-1.6212,64,2026-06-10T12:40:20
28415,self,dqn,1,1.7326,-1.7202,64,2026-06-10T12:40:22
28416,dqn,self,1,1.8439,-1.9058,64,2026-06-10T12:40:24
28417,heuristic,dqn,2,-0.7300,4.3191,64,2026-06-10T12:40:26
28418,dqn,pool:gen_002,1,1.4727,-1.6088,64,2026-06-10T12:40:29
28419,self,dqn,1,2.0543,-2.0296,64,2026-06-10T12:40:31
28420,dqn,pool:gen_004,1,1.3984,-1.6831,64,2026-06-10T12:40:33
28421,pool:gen_004,dqn,2,-0.6558,2.5370,64,2026-06-10T12:40:35
28422,dqn,self,1,1.6459,-2.0296,64,2026-06-10T12:40:38
28423,self,dqn,1,1.6954,-1.9429,64,2026-06-10T12:40:40
28424,dqn,self,1,2.5246,-2.4132,64,2026-06-10T12:40:43
28425,self,dqn,1,1.7078,-1.9677,64,2026-06-10T12:40:45
28426,dqn,pool:gen_001,2,-0.7425,2.5989,64,2026-06-10T12:40:48
28427,self,dqn,1,1.4727,-1.7202,64,2026-06-10T12:40:50
28428,dqn,self,1,1.6088,-1.6954,64,2026-06-10T12:40:52
28429,pool:gen_005,dqn,2,-0.6682,2.4504,64,2026-06-10T12:40:54
28430,dqn,pool:gen_001,2,-0.6435,2.4380,64,2026-06-10T12:40:56
28431,pool:gen_004,dqn,1,1.5222,-1.7449,64,2026-06-10T12:40:58
28432,dqn,self,1,1.5717,-1.7326,64,2026-06-10T12:41:01
28433,self,dqn,2,-0.6682,2.3761,64,2026-06-10T12:41:04
28434,dqn,heuristic,1,2.3142,-1.3984,64,2026-06-10T12:41:05
28435,pool:gen_002,dqn,2,-0.4578,2.3638,64,2026-06-10T12:41:08
28436,dqn,self,1,1.8068,-2.1286,64,2026-06-10T12:41:10
28437,self,dqn,1,1.8811,-1.9058,64,2026-06-10T12:41:12
28438,dqn,pool:gen_005,2,-0.7425,2.5246,64,2026-06-10T12:41:14
28439,self,dqn,1,1.7078,-2.0048,64,2026-06-10T12:41:17
28440,dqn,heuristic,1,3.2919,-1.7573,64,2026-06-10T12:41:18
28441,self,dqn,1,1.5964,-1.9306,64,2026-06-10T12:41:20
28442,dqn,pool:gen_005,1,1.6088,-1.7697,64,2026-06-10T12:41:22
28443,self,dqn,1,2.0296,-2.0914,64,2026-06-10T12:41:24
28444,dqn,pool:gen_005,1,1.5469,-1.7202,64,2026-06-10T12:41:26
28445,pool:gen_005,dqn,2,-0.7920,2.5865,64,2026-06-10T12:41:29
28446,dqn,self,1,1.5841,-1.4603,64,2026-06-10T12:41:31
28447,self,dqn,1,1.6088,-1.9182,64,2026-06-10T12:41:33
28448,dqn,pool:gen_003,1,2.0914,-2.1781,64,2026-06-10T12:41:35
28449,self,dqn,2,-0.9776,2.5494,64,2026-06-10T12:41:38
28450,dqn,self,2,-0.8167,2.5246,64,2026-06-10T12:41:40
28451,pool:gen_005,dqn,2,-0.8291,2.5494,64,2026-06-10T12:41:42
28452,dqn,self,1,1.5593,-1.8192,64,2026-06-10T12:41:44
28453,pool:gen_002,dqn,2,-0.5816,2.3885,64,2026-06-10T12:41:46
28454,dqn,pool:prev_best:run_pts_004,1,1.7821,-1.7821,64,2026-06-10T12:41:48
28455,pool:prev_best:run_pts_004,dqn,2,-0.7548,2.6608,64,2026-06-10T12:41:50
28456,dqn,pool:gen_005,1,1.5593,-1.7821,64,2026-06-10T12:41:52
28457,pool:gen_004,dqn,2,-0.8167,2.6732,64,2026-06-10T12:41:54
28458,dqn,self,2,-0.6435,2.6237,64,2026-06-10T12:41:56
28459,pool:gen_001,dqn,2,-0.7177,2.6608,64,2026-06-10T12:41:57
28460,dqn,pool:gen_003,1,1.9553,-2.0172,64,2026-06-10T12:41:59
28461,pool:prev_best:run_pts_004,dqn,2,-0.6806,2.5123,64,2026-06-10T12:42:01
28462,dqn,self,2,-1.0024,2.7103,64,2026-06-10T12:42:03
28463,pool:gen_005,dqn,2,-0.7548,2.4751,64,2026-06-10T12:42:05
28464,dqn,self,2,-0.9528,2.6855,64,2026-06-10T12:42:07
28465,pool:gen_003,dqn,2,-0.9405,2.7722,64,2026-06-10T12:42:09
28466,dqn,pool:gen_003,1,1.7944,-1.8811,64,2026-06-10T12:42:11
28467,self,dqn,1,1.4479,-1.5593,64,2026-06-10T12:42:13
28468,dqn,pool:gen_003,1,1.5345,-1.6583,64,2026-06-10T12:42:15
28469,self,dqn,1,1.5222,-1.9677,64,2026-06-10T12:42:17
28470,dqn,pool:gen_002,1,1.5345,-1.6212,64,2026-06-10T12:42:19
28471,self,dqn,1,1.4355,-1.5717,64,2026-06-10T12:42:21
28472,dqn,pool:gen_001,1,1.5717,-1.6583,64,2026-06-10T12:42:23
28473,pool:gen_004,dqn,2,-0.5816,2.2771,64,2026-06-10T12:42:25
28474,dqn,self,1,1.7449,-2.0048,64,2026-06-10T12:42:27
28475,self,dqn,1,2.2028,-2.0667,64,2026-06-10T12:42:29
28476,dqn,pool:gen_005,1,1.5098,-1.6459,64,2026-06-10T12:42:31
28477,pool:gen_001,dqn,2,-0.5940,2.4504,64,2026-06-10T12:42:33
28478,dqn,pool:prev_best:run_pts_004,1,1.5717,-1.6583,64,2026-06-10T12:42:35
28479,self,dqn,1,1.6583,-1.6831,64,2026-06-10T12:42:37
28480,dqn,self,1,1.4108,-1.6336,64,2026-06-10T12:42:39
28481,self,dqn,1,1.2499,-1.7573,64,2026-06-10T12:42:41
28482,dqn,pool:gen_005,1,1.5098,-1.6831,64,2026-06-10T12:42:43
28483,self,dqn,1,1.9677,-1.9677,64,2026-06-10T12:42:45
28484,dqn,self,2,-0.5445,2.5370,64,2026-06-10T12:42:47
28485,pool:gen_002,dqn,2,-0.5816,2.3885,64,2026-06-10T12:42:49
28486,dqn,pool:gen_005,1,1.6459,-1.8439,64,2026-06-10T12:42:51
28487,self,dqn,2,-0.9405,2.4751,64,2026-06-10T12:42:52
28488,dqn,self,2,-0.6806,2.5494,64,2026-06-10T12:42:55
28489,self,dqn,2,-1.1880,2.8959,64,2026-06-10T12:42:56
28490,dqn,self,2,-0.8043,2.6113,64,2026-06-10T12:42:58
28491,self,dqn,2,-0.5692,2.4380,64,2026-06-10T12:43:00
28492,dqn,self,2,-0.9652,3.1929,64,2026-06-10T12:43:02
28493,pool:gen_003,dqn,2,-0.7425,2.5246,64,2026-06-10T12:43:05
28494,dqn,pool:gen_004,1,1.4727,-1.7573,64,2026-06-10T12:43:06
28495,pool:gen_004,dqn,2,-0.6558,2.5370,64,2026-06-10T12:43:08
28496,dqn,pool:gen_001,1,1.7944,-1.8811,64,2026-06-10T12:43:10
28497,self,dqn,1,1.3984,-1.7202,64,2026-06-10T12:43:12
28498,dqn,self,2,-0.5073,2.4256,64,2026-06-10T12:43:14
28499,self,dqn,2,-0.8043,2.4628,64,2026-06-10T12:43:16
28500,dqn,self,2,-0.6930,2.5370,64,2026-06-10T12:43:19
28501,self,dqn,2,-0.8662,2.8464,64,2026-06-10T13:04:43
28502,dqn,pool:gen_005,1,1.5098,-1.6831,64,2026-06-10T13:04:45
28503,pool:gen_001,dqn,2,-0.7672,2.6855,64,2026-06-10T13:04:48
28504,dqn,pool:gen_001,1,1.5222,-1.7449,64,2026-06-10T13:04:50
28505,pool:gen_002,dqn,2,-0.6558,2.2771,64,2026-06-10T13:04:52
28506,dqn,heuristic,1,2.8835,-1.6459,64,2026-06-10T13:04:54
28507,self,dqn,2,-0.8043,2.4999,64,2026-06-10T13:04:56
28508,dqn,pool:gen_001,1,1.6088,-1.7697,64,2026-06-10T13:04:58
28509,pool:prev_best:run_pts_004,dqn,2,-0.5692,2.4751,64,2026-06-10T13:05:00
28510,dqn,pool:gen_002,2,-0.5692,2.5123,64,2026-06-10T13:05:02
28511,pool:gen_002,dqn,2,-0.7796,2.5246,64,2026-06-10T13:05:04
28512,dqn,pool:prev_best:run_pts_004,1,1.6088,-1.7697,64,2026-06-10T13:05:06
28513,self,dqn,2,-0.4578,2.7350,64,2026-06-10T13:05:08
28514,dqn,self,1,1.6335,-1.8934,64,2026-06-10T13:05:10
28515,self,dqn,2,-0.6558,2.2400,64,2026-06-10T13:05:13
28516,dqn,pool:gen_005,1,1.5098,-1.6831,64,2026-06-10T13:05:15
28517,pool:gen_003,dqn,2,-0.9652,2.9330,64,2026-06-10T13:05:17
28518,dqn,heuristic,1,2.5494,-1.7573,64,2026-06-10T13:05:19
28519,pool:gen_001,dqn,2,-0.5940,2.4504,64,2026-06-10T13:05:21
28520,dqn,pool:gen_003,1,1.9801,-2.2152,64,2026-06-10T13:05:23
28521,self,dqn,1,1.9182,-1.9429,64,2026-06-10T13:05:26
28522,dqn,self,2,-0.6063,2.3266,64,2026-06-10T13:05:28
28523,pool:gen_002,dqn,2,-0.5816,2.3885,64,2026-06-10T13:05:31
28524,dqn,self,2,-0.6682,2.5618,64,2026-06-10T13:05:33
28525,pool:gen_001,dqn,2,-0.8910,2.8217,64,2026-06-10T13:05:35
28526,dqn,heuristic,1,2.7103,-1.2251,64,2026-06-10T13:05:37
28527,pool:gen_003,dqn,2,-0.9405,2.8093,64,2026-06-10T13:05:39
28528,dqn,pool:gen_003,1,1.9182,-1.7573,64,2026-06-10T13:05:41
28529,pool:gen_001,dqn,2,-0.6682,2.4875,64,2026-06-10T13:05:43
28530,dqn,self,2,-0.9033,2.5865,64,2026-06-10T13:05:46
28531,self,dqn,1,1.5717,-1.8439,64,2026-06-10T13:05:48
28532,dqn,pool:gen_004,1,1.9429,-1.9182,64,2026-06-10T13:05:50
28533,self,dqn,2,-0.6558,2.3885,64,2026-06-10T13:05:52
28534,dqn,pool:gen_004,2,-0.7548,2.3638,64,2026-06-10T13:05:55
28535,pool:gen_003,dqn,2,-0.9157,2.8340,64,2026-06-10T13:05:57
28536,dqn,self,2,-0.7920,2.6608,64,2026-06-10T13:05:59
28537,pool:gen_001,dqn,2,-0.8291,2.8464,64,2026-06-10T13:06:02
28538,dqn,pool:gen_005,1,1.6459,-1.7326,64,2026-06-10T13:06:04
28539,self,dqn,1,1.7078,-1.8192,64,2026-06-10T13:06:06
28540,dqn,self,2,-0.7796,2.8217,64,2026-06-10T13:06:09
28541,pool:gen_005,dqn,2,-0.7672,2.5370,64,2026-06-10T13:06:11
28542,dqn,pool:gen_005,1,1.5098,-1.6459,64,2026-06-10T13:06:13
28543,self,dqn,2,-0.9033,2.8835,64,2026-06-10T13:06:16
28544,dqn,self,1,1.3984,-1.6459,64,2026-06-10T13:06:18
28545,pool:gen_003,dqn,2,-0.7053,2.4875,64,2026-06-10T13:06:20
28546,dqn,pool:gen_002,2,-0.7796,2.6360,64,2026-06-10T13:06:22
28547,self,dqn,1,1.9306,-1.8563,64,2026-06-10T13:06:24
28548,dqn,self,2,-0.8538,2.6360,64,2026-06-10T13:06:26
28549,pool:gen_004,dqn,1,1.5964,-1.6707,64,2026-06-10T13:06:29
28550,dqn,pool:gen_002,1,1.6212,-1.7573,64,2026-06-10T13:06:31
28551,pool:gen_004,dqn,2,-0.4826,2.2648,64,2026-06-10T13:06:33
28552,dqn,pool:gen_001,1,1.8439,-1.9429,64,2026-06-10T13:06:35
28553,self,dqn,1,1.2251,-1.8563,64,2026-06-10T13:06:38
28554,dqn,heuristic,1,3.2672,-1.6335,64,2026-06-10T13:06:40
28555,self,dqn,1,1.6954,-1.8316,64,2026-06-10T13:06:43
28556,dqn,self,2,-0.3712,2.0791,64,2026-06-10T13:06:45
28557,pool:gen_004,dqn,1,1.5345,-1.7697,64,2026-06-10T13:06:47
28558,dqn,self,2,-0.8043,2.9083,64,2026-06-10T13:06:50
28559,self,dqn,2,-0.6187,2.3885,64,2026-06-10T13:06:52
28560,dqn,pool:prev_best:run_pts_004,1,1.8563,-1.9306,64,2026-06-10T13:06:54
28561,pool:gen_001,dqn,2,-0.6930,2.5370,64,2026-06-10T13:06:56
28562,dqn,self,1,1.7078,-1.8192,64,2026-06-10T13:06:59
28563,self,dqn,1,2.0791,-1.8934,64,2026-06-10T13:07:01
28564,dqn,heuristic,1,3.6261,-1.8315,64,2026-06-10T13:07:03
28565,self,dqn,2,-0.7425,2.5989,64,2026-06-10T13:07:05
28566,dqn,self,2,-0.6187,2.6855,64,2026-06-10T13:07:07
28567,self,dqn,1,1.4108,-1.5964,64,2026-06-10T13:07:10
28568,dqn,self,2,-1.0147,3.1434,64,2026-06-10T13:07:12
28569,pool:gen_001,dqn,2,-0.8043,2.7598,64,2026-06-10T13:07:14
28570,dqn,pool:gen_001,1,1.7821,-1.8563,64,2026-06-10T13:07:17
28571,self,dqn,2,-0.6435,2.1781,64,2026-06-10T13:07:19
28572,dqn,heuristic,1,3.6137,-1.8810,64,2026-06-10T13:07:20
28573,self,dqn,2,-0.7672,2.5370,64,2026-06-10T13:07:22
28574,dqn,pool:gen_001,1,1.6088,-1.7697,64,2026-06-10T13:07:24
28575,pool:gen_004,dqn,2,-0.6558,2.5370,64,2026-06-10T13:07:26
28576,dqn,pool:gen_003,1,2.2523,-2.1657,64,2026-06-10T13:07:29
28577,self,dqn,2,-0.8415,2.4999,64,2026-06-10T13:07:31
28578,dqn,pool:prev_best:run_pts_004,1,1.5345,-1.7697,64,2026-06-10T13:07:33
28579,pool:gen_005,dqn,2,-0.5940,2.3390,64,2026-06-10T13:07:35
28580,dqn,pool:gen_003,1,1.9801,-1.9924,64,2026-06-10T13:07:37
28581,pool:gen_001,dqn,2,-0.7796,2.7103,64,2026-06-10T13:07:39
28582,dqn,pool:gen_002,1,1.5717,-1.8811,64,2026-06-10T13:07:42
28583,heuristic,dqn,2,-0.8414,4.5048,64,2026-06-10T13:07:43
28584,dqn,self,1,1.7202,-1.3242,64,2026-06-10T13:07:45
28585,pool:gen_005,dqn,1,1.6336,-1.7078,64,2026-06-10T13:07:48
28586,dqn,self,2,-0.5692,2.6979,64,2026-06-10T13:07:50
28587,self,dqn,2,-0.5073,2.1286,64,2026-06-10T13:07:52
28588,dqn,pool:gen_005,1,1.4603,-1.6954,64,2026-06-10T13:07:54
28589,self,dqn,2,-0.4207,2.4752,64,2026-06-10T13:07:56
28590,dqn,self,2,-0.6311,2.6360,64,2026-06-10T13:07:58
28591,pool:gen_003,dqn,2,-0.9652,2.9330,64,2026-06-10T13:08:00
28592,dqn,pool:gen_003,1,2.0296,-2.0914,64,2026-06-10T13:08:02
28593,self,dqn,2,-0.4331,2.5742,64,2026-06-10T13:08:04
28594,dqn,self,2,-0.7796,2.9702,64,2026-06-10T13:08:06
28595,pool:gen_004,dqn,1,1.4479,-1.7449,64,2026-06-10T13:08:08
28596,dqn,pool:gen_005,1,2.0296,-2.3513,64,2026-06-10T13:08:10
28597,pool:prev_best:run_pts_004,dqn,2,-0.7920,2.5865,64,2026-06-10T13:08:12
28598,dqn,self,2,-0.6682,2.8588,64,2026-06-10T13:08:14
28599,heuristic,dqn,2,-0.7424,4.4553,64,2026-06-10T13:08:16
28600,dqn,self,1,1.7078,-2.0791,64,2026-06-10T13:08:18
28601,self,dqn,2,-0.9281,2.7845,64,2026-06-10T13:31:50
28602,dqn,pool:gen_002,1,1.6335,-1.8563,64,2026-06-10T13:31:53
28603,pool:gen_002,dqn,2,-0.8910,2.6732,64,2026-06-10T13:31:57
28604,dqn,pool:gen_001,1,1.6831,-1.8439,64,2026-06-10T13:31:59
28605,self,dqn,1,1.5840,-1.7573,64,2026-06-10T13:32:02
28606,dqn,self,1,1.6088,-1.8439,64,2026-06-10T13:32:06
28607,self,dqn,1,1.5593,-1.8192,64,2026-06-10T13:32:09
28608,dqn,pool:gen_005,1,1.7697,-2.1657,64,2026-06-10T13:32:12
28609,self,dqn,2,-0.5197,2.3761,64,2026-06-10T13:32:15
28610,dqn,pool:gen_001,1,2.0543,-2.0667,64,2026-06-10T13:32:18
28611,pool:gen_005,dqn,1,1.6831,-1.6954,64,2026-06-10T13:32:20
28612,dqn,self,2,-0.7548,2.5494,64,2026-06-10T13:32:24
28613,self,dqn,1,1.4850,-1.5964,64,2026-06-10T13:32:27
28614,dqn,pool:gen_002,1,1.7573,-1.8439,64,2026-06-10T13:32:29
28615,pool:gen_005,dqn,2,-0.6806,2.5123,64,2026-06-10T13:32:32
28616,dqn,self,2,-0.5321,2.4751,64,2026-06-10T13:32:36
28617,pool:gen_003,dqn,2,-0.9157,2.8712,64,2026-06-10T13:32:39
28618,dqn,pool:prev_best:run_pts_004,1,1.4232,-1.5841,64,2026-06-10T13:32:41
28619,pool:gen_002,dqn,2,-0.8291,2.5494,64,2026-06-10T13:32:45
28620,dqn,pool:gen_004,1,1.8687,-1.6954,64,2026-06-10T13:32:47
28621,self,dqn,2,-0.5940,2.6360,64,2026-06-10T13:32:50
28622,dqn,pool:gen_002,1,1.4974,-1.5841,64,2026-06-10T13:32:53
28623,self,dqn,2,-0.6311,2.5246,64,2026-06-10T13:32:56
28624,dqn,self,1,1.6459,-1.5469,64,2026-06-10T13:32:59
28625,pool:gen_004,dqn,2,-0.6682,2.2648,64,2026-06-10T13:33:02
28626,dqn,pool:gen_004,1,1.4355,-1.5717,64,2026-06-10T13:33:05
28627,pool:prev_best:run_pts_004,dqn,1,1.5098,-1.6088,64,2026-06-10T13:33:07
28628,dqn,self,2,-0.9900,2.9083,64,2026-06-10T13:33:10
28629,pool:gen_004,dqn,1,1.6335,-1.8934,64,2026-06-10T13:33:13
28630,dqn,pool:gen_005,1,1.6583,-1.9429,64,2026-06-10T13:33:16
28631,heuristic,dqn,2,-0.6063,4.4800,64,2026-06-10T13:33:19
28632,dqn,self,1,1.9925,-1.6830,64,2026-06-10T13:33:21
28633,self,dqn,1,1.7078,-1.4479,64,2026-06-10T13:33:24
28634,dqn,pool:gen_004,1,1.6212,-2.0172,64,2026-06-10T13:33:27
28635,pool:gen_003,dqn,2,-0.7920,2.6608,64,2026-06-10T13:33:30
28636,dqn,pool:gen_002,1,1.8316,-1.9182,64,2026-06-10T13:33:33
28637,self,dqn,2,-0.4207,2.4752,64,2026-06-10T13:33:36
28638,dqn,pool:gen_005,1,1.7449,-2.0048,64,2026-06-10T13:33:39
28639,self,dqn,1,1.7697,-1.6088,64,2026-06-10T13:33:42
28640,dqn,self,2,-0.7177,2.5865,64,2026-06-10T13:33:45
28641,pool:gen_001,dqn,2,-0.9528,2.7598,64,2026-06-10T13:33:47
28642,dqn,self,1,1.5840,-1.9801,64,2026-06-10T13:33:50
28643,self,dqn,1,1.4232,-1.6583,64,2026-06-10T13:33:54
28644,dqn,self,2,-0.5197,2.5618,64,2026-06-10T13:33:57
28645,pool:gen_004,dqn,1,1.4108,-1.7078,64,2026-06-10T13:34:00
28646,dqn,pool:gen_005,2,-0.5940,2.4504,64,2026-06-10T13:34:03
28647,self,dqn,1,2.0048,-1.9306,64,2026-06-10T13:34:06
28648,dqn,pool:gen_001,1,1.5098,-1.7573,64,2026-06-10T13:34:08
28649,self,dqn,2,-0.4083,2.4504,64,2026-06-10T13:34:11
28650,dqn,pool:gen_001,1,1.9677,-2.0791,64,2026-06-10T13:34:14
28651,self,dqn,2,-0.3959,2.6113,64,2026-06-10T13:34:17
28652,dqn,self,2,-0.9776,2.9949,64,2026-06-10T13:34:19
28653,pool:gen_004,dqn,1,1.4479,-1.7449,64,2026-06-10T13:34:22
28654,dqn,pool:gen_004,1,1.8687,-1.7326,64,2026-06-10T13:34:25
28655,pool:gen_002,dqn,2,-0.9157,2.6113,64,2026-06-10T13:34:28
28656,dqn,pool:gen_003,1,1.6212,-1.7944,64,2026-06-10T13:34:31
28657,self,dqn,2,-0.9281,2.8217,64,2026-06-10T13:34:34
28658,dqn,pool:gen_003,1,1.8687,-2.1038,64,2026-06-10T13:34:37
28659,pool:gen_005,dqn,2,-0.6311,2.4875,64,2026-06-10T13:34:40
28660,dqn,pool:gen_004,1,1.6336,-1.5964,64,2026-06-10T13:34:43
28661,self,dqn,2,-0.7672,2.8340,64,2026-06-10T13:34:46
28662,dqn,pool:gen_003,1,1.5222,-1.6707,64,2026-06-10T13:34:49
28663,pool:gen_003,dqn,2,-0.6063,2.4009,64,2026-06-10T13:34:52
28664,dqn,pool:prev_best:run_pts_004,1,1.7821,-1.8563,64,2026-06-10T13:34:55
28665,self,dqn,2,-0.5073,2.5370,64,2026-06-10T13:34:58
28666,dqn,self,2,-0.6063,2.5123,64,2026-06-10T13:35:01
28667,pool:gen_001,dqn,2,-0.8291,2.8093,64,2026-06-10T13:35:03
28668,dqn,pool:gen_001,2,-0.5568,2.3019,64,2026-06-10T13:35:06
28669,self,dqn,1,1.6831,-1.5840,64,2026-06-10T13:35:09
28670,dqn,pool:gen_003,1,1.7821,-1.9677,64,2026-06-10T13:35:12
28671,pool:gen_005,dqn,1,1.4603,-1.6583,64,2026-06-10T13:35:15
28672,dqn,pool:gen_001,1,1.3489,-1.6212,64,2026-06-10T13:35:18
28673,pool:gen_004,dqn,2,-0.7177,2.3266,64,2026-06-10T13:35:20
28674,dqn,pool:gen_004,1,2.1286,-2.0667,64,2026-06-10T13:35:23
28675,self,dqn,2,-0.5445,2.4999,64,2026-06-10T13:35:26
28676,dqn,pool:gen_002,1,1.7326,-1.8316,64,2026-06-10T13:35:29
28677,pool:prev_best:run_pts_004,dqn,2,-0.5940,2.3019,64,2026-06-10T13:35:32
28678,dqn,self,1,1.8439,-1.8316,64,2026-06-10T13:35:35
28679,self,dqn,1,1.5964,-1.4108,64,2026-06-10T13:35:38
28680,dqn,pool:prev_best:run_pts_004,1,1.5346,-1.5841,64,2026-06-10T13:35:41
28681,self,dqn,1,1.7573,-1.6212,64,2026-06-10T13:35:43
28682,dqn,self,2,-0.8043,2.8340,64,2026-06-10T13:35:45
28683,pool:gen_001,dqn,1,1.5345,-1.6583,64,2026-06-10T13:35:47
28684,dqn,pool:gen_002,1,1.9801,-2.2152,64,2026-06-10T13:35:50
28685,self,dqn,2,-0.7177,2.5865,64,2026-06-10T13:35:52
28686,dqn,pool:gen_005,1,1.5222,-1.7449,64,2026-06-10T13:35:55
28687,pool:gen_005,dqn,2,-0.6311,2.4875,64,2026-06-10T13:35:59
28688,dqn,pool:gen_003,1,1.4974,-1.7326,64,2026-06-10T13:36:14
28689,pool:gen_005,dqn,2,-0.8043,2.6855,64,2026-06-10T13:36:39
